# Generated by align_and_transfer.py
mtllib deca_textured.mtl
usemtl deca_mat
o deca_textured

v  0.072658 -0.010411 -0.082649
v  0.076353 -0.011403 -0.083349
v  0.077039 -0.009978 -0.083268
v  0.073433 -0.009446 -0.082727
v  0.078012 -0.010354 -0.095146
v  0.081018 -0.006967 -0.091590
v  0.081050 -0.004561 -0.090518
v  0.079396 -0.004517 -0.092908
v  0.008863 -0.043841 -0.119882
v  -0.005891 -0.043474 -0.116068
v  -0.004836 -0.054666 -0.114202
v  0.009553 -0.057815 -0.116502
v  0.035406 -0.081489 -0.111200
v  0.028280 -0.073302 -0.112658
v  0.024266 -0.085165 -0.115147
v  0.036825 -0.089090 -0.112072
v  0.097743 0.044137 0.008297
v  0.101053 0.042973 -0.000365
v  0.101680 0.037114 0.003113
v  -0.037394 -0.010609 -0.021579
v  -0.039874 -0.011662 -0.018693
v  -0.040205 -0.010271 -0.018081
v  -0.037726 -0.009588 -0.021094
v  -0.050814 -0.010341 -0.023882
v  -0.049497 -0.007026 -0.019256
v  -0.048596 -0.004677 -0.018628
v  -0.049686 -0.004528 -0.021452
v  0.097896 0.037563 0.010437
v  0.088300 0.012012 -0.110029
v  0.087718 0.009591 -0.111216
v  0.089073 0.007740 -0.110079
v  0.089580 0.009773 -0.108597
v  0.084759 -0.005150 -0.108604
v  0.084750 0.001900 -0.109283
v  0.085638 0.004353 -0.110209
v  0.086066 0.002155 -0.109768
v  0.085436 -0.015369 -0.106569
v  0.084391 -0.014684 -0.105708
v  0.084956 -0.010209 -0.107610
v  0.086149 -0.010624 -0.108860
v  0.085572 -0.035978 -0.080361
v  0.086551 -0.033029 -0.083681
v  0.085943 -0.036115 -0.085150
v  0.082926 -0.037553 -0.081565
v  0.079705 -0.035701 -0.080999
v  0.081176 -0.036283 -0.086908
v  0.080226 -0.032807 -0.087597
v  0.078806 -0.032708 -0.083058
v  0.090901 0.020623 -0.096616
v  0.091620 0.016891 -0.096197
v  0.091665 0.015704 -0.093877
v  0.090905 0.019355 -0.093916
v  0.072125 -0.009023 -0.099314
v  0.071226 -0.015503 -0.097496
v  0.075468 -0.010873 -0.102334
v  0.076030 -0.008155 -0.102517
v  0.087588 0.011087 -0.101472
v  0.086085 0.011820 -0.104064
v  0.085690 0.009884 -0.105437
v  0.086329 0.008576 -0.103299
v  0.085211 0.013648 -0.109351
v  0.084585 0.010889 -0.110663
v  0.084560 -0.026390 -0.078693
v  0.084287 -0.022978 -0.077423
v  0.084012 -0.021495 -0.078669
v  0.083316 -0.022511 -0.080224
v  0.079240 -0.010462 -0.092030
v  0.081814 -0.005996 -0.090338
v  0.084722 -0.026082 -0.101421
v  0.084857 -0.024143 -0.100294
v  0.085366 -0.020012 -0.103849
v  0.084842 -0.021385 -0.105305
v  0.082963 -0.021905 -0.096912
v  0.083466 -0.018985 -0.100709
v  0.083518 -0.018232 -0.102637
v  0.083680 -0.020485 -0.100589
v  0.088102 0.013596 -0.103179
v  0.089504 0.015743 -0.098343
v  0.091308 0.014615 -0.098007
v  0.090582 0.012631 -0.102397
v  0.078614 0.003043 -0.102330
v  0.078591 0.007808 -0.099658
v  0.077545 0.007253 -0.099200
v  0.077377 0.003141 -0.101546
v  0.086148 0.011069 -0.107344
v  0.085820 0.008954 -0.108721
v  0.085253 0.007667 -0.106977
v  0.085973 0.008112 -0.088020
v  0.086461 0.009241 -0.090455
v  0.086086 0.007698 -0.091356
v  0.086154 0.006516 -0.090587
v  0.083796 -0.036830 -0.088032
v  0.073358 -0.024294 -0.091630
v  0.073957 -0.023934 -0.093890
v  0.074955 -0.019749 -0.097533
v  0.073325 -0.018446 -0.096999
v  0.082653 -0.033796 -0.076291
v  0.085360 -0.033640 -0.078052
v  0.085312 -0.034858 -0.079213
v  0.082385 -0.035926 -0.078089
v  0.087178 0.012506 -0.091002
v  0.088081 0.011791 -0.093516
v  0.086808 0.011015 -0.092300
v  0.086405 0.011459 -0.090485
v  0.084418 0.000111 -0.107488
v  0.085509 0.006195 -0.105023
v  0.085556 -0.008923 -0.103423
v  0.084346 -0.008517 -0.105815
v  0.084521 -0.012585 -0.104468
v  -0.038787 -0.044101 -0.092296
v  -0.028192 -0.043553 -0.103148
v  -0.026947 -0.054810 -0.101405
v  -0.036015 -0.058154 -0.090107
v  0.085123 -0.012776 -0.102079
v  0.086249 -0.001171 -0.102954
v  0.084797 -0.000980 -0.105787
v  0.087788 0.006959 -0.107877
v  0.087125 0.001346 -0.109062
v  0.086901 0.007650 -0.108353
v  0.078219 0.010810 -0.096619
v  0.076606 0.014193 -0.100397
v  0.074127 0.008343 -0.101615
v  0.077161 0.008592 -0.098202
v  0.084587 -0.017637 -0.078932
v  0.084932 -0.015431 -0.080526
v  0.082554 -0.017440 -0.081397
v  0.081944 -0.019977 -0.080585
v  0.076233 -0.022019 -0.097000
v  0.075108 -0.025092 -0.093697
v  0.075988 -0.025830 -0.093448
v  0.077442 -0.023754 -0.096103
v  0.088913 0.012478 -0.096080
v  0.088382 0.008460 -0.097493
v  0.087739 0.008402 -0.095653
v  0.083338 -0.021117 -0.088678
v  0.082549 -0.019837 -0.090519
v  0.083078 -0.022533 -0.092338
v  0.083934 -0.024571 -0.090695
v  0.084519 -0.032794 -0.094792
v  0.081758 -0.032889 -0.094228
v  0.081609 -0.034943 -0.090330
v  0.084237 -0.035192 -0.091427
v  0.082826 -0.021112 -0.080551
v  0.084036 -0.020111 -0.078800
v  0.079578 0.003274 -0.104786
v  0.080223 0.008975 -0.101723
v  0.087142 0.007141 -0.101554
v  0.086353 0.005021 -0.103136
v  0.084690 -0.005083 -0.083770
v  0.082405 -0.004616 -0.084432
v  0.082675 -0.005426 -0.084557
v  0.085372 -0.006513 -0.084010
v  0.085409 -0.005493 -0.082521
v  0.085862 -0.007050 -0.082726
v  0.085641 -0.007109 -0.081700
v  0.085448 -0.006291 -0.081344
v  0.081544 -0.004434 -0.084489
v  0.082018 -0.004691 -0.084473
v  0.082161 -0.004192 -0.084569
v  0.079929 -0.001704 -0.095794
v  0.078098 -0.008701 -0.097508
v  0.077764 -0.010063 -0.097299
v  0.080641 -0.004540 -0.095770
v  0.084189 -0.007475 -0.107336
v  0.090814 0.015868 -0.089402
v  0.090160 0.018694 -0.088845
v  0.090247 0.021443 -0.093225
v  0.076741 -0.018159 -0.089502
v  0.080813 -0.018018 -0.089195
v  0.081265 -0.018191 -0.087512
v  0.078078 -0.018355 -0.088231
v  0.082120 -0.013395 -0.084058
v  0.080065 -0.016394 -0.082949
v  0.084088 -0.014997 -0.082889
v  0.085832 0.000094 -0.082146
v  0.083899 -0.003530 -0.084245
v  0.084520 -0.004376 -0.083214
v  0.085177 -0.004086 -0.082093
v  0.084897 -0.016009 -0.107907
v  0.085105 -0.010760 -0.110103
v  0.082949 -0.010770 -0.110612
v  0.082816 -0.016412 -0.108528
v  0.084386 -0.029993 -0.075961
v  0.078554 -0.031713 -0.076709
v  0.083382 -0.026801 -0.075406
v  0.089604 0.018164 -0.104979
v  0.087740 0.020041 -0.104217
v  0.086804 0.018179 -0.106259
v  0.089166 0.016369 -0.107053
v  0.081844 0.001302 -0.088561
v  0.081544 -0.000630 -0.088302
v  0.082708 0.000380 -0.087315
v  0.082583 0.002570 -0.087191
v  0.038336 -0.030506 -0.116624
v  0.054726 -0.031205 -0.104361
v  0.054292 -0.017274 -0.112997
v  0.040243 -0.016899 -0.123234
v  0.085339 -0.029666 -0.094229
v  0.086116 -0.031863 -0.091815
v  0.088155 0.007507 -0.081817
v  0.088039 0.009196 -0.080746
v  0.087926 0.014695 -0.082604
v  0.088666 0.011539 -0.083133
v  0.084184 0.003562 -0.112671
v  0.086882 0.002759 -0.112838
v  0.087468 0.012680 -0.089394
v  0.087936 0.015310 -0.092781
v  0.087279 0.013188 -0.091307
v  0.086893 0.011916 -0.089415
v  0.088532 0.004507 -0.087013
v  0.089130 0.005759 -0.087308
v  0.087460 0.006655 -0.086530
v  0.086480 0.005386 -0.086245
v  0.088134 0.014152 -0.079664
v  0.087587 0.019281 -0.083218
v  0.071801 -0.024527 -0.090303
v  0.089213 0.006349 -0.084317
v  0.089689 0.008928 -0.084953
v  0.089737 0.007465 -0.087463
v  -0.043682 -0.082395 -0.065394
v  -0.041517 -0.074098 -0.072216
v  -0.041689 -0.085851 -0.076935
v  -0.044996 -0.090051 -0.064820
v  0.084456 -0.022164 -0.075226
v  0.084468 -0.020536 -0.077298
v  0.086678 0.011581 -0.089036
v  0.086131 0.010445 -0.088627
v  0.085735 0.006542 -0.086768
v  0.085332 0.005564 -0.089018
v  0.084635 -0.000577 -0.097474
v  0.083991 -0.008547 -0.099460
v  0.064030 -0.017370 -0.102300
v  0.067898 -0.030698 -0.088950
v  0.086338 0.007103 -0.086184
v  0.086420 0.007663 -0.086420
v  0.086022 0.006859 -0.085989
v  0.085383 0.006036 -0.086084
v  0.086417 -0.033795 -0.089226
v  0.086099 0.005311 -0.095341
v  0.084640 0.003339 -0.092339
v  0.086096 0.005205 -0.093035
v  0.086593 -0.006244 -0.108898
v  0.088126 0.001071 -0.109472
v  0.088641 0.001303 -0.111334
v  0.087144 -0.006348 -0.110507
v  0.078898 -0.034396 -0.078881
v  0.080699 -0.001335 -0.089406
v  0.081922 -0.002666 -0.089342
v  0.083858 0.004030 -0.088624
v  0.084616 0.005143 -0.086149
v  0.084901 -0.017616 -0.076819
v  0.086855 0.014444 -0.104389
v  0.086645 0.012930 -0.105905
v  0.086654 0.013257 -0.102905
v  0.087305 0.014282 -0.101510
v  0.087733 0.016476 -0.099861
v  0.087429 0.017208 -0.099117
v  0.087278 0.015884 -0.102630
v  0.085367 0.004697 -0.090492
v  0.086088 0.005654 -0.091736
v  0.084285 -0.022325 -0.087382
v  0.085098 -0.027837 -0.088074
v  0.084297 -0.016093 -0.102269
v  0.084551 -0.015548 -0.099644
v  0.080607 -0.005120 -0.109716
v  0.080924 0.003483 -0.109216
v  0.080328 0.003305 -0.106827
v  0.080125 -0.004903 -0.108043
v  0.076403 -0.002677 -0.102278
v  0.073331 -0.001648 -0.100468
v  0.085439 -0.005465 -0.080722
v  0.086046 -0.001822 -0.078653
v  0.083067 0.003263 -0.087423
v  0.083972 0.004902 -0.086240
v  0.078300 -0.019583 -0.101039
v  0.078911 -0.026688 -0.092969
v  0.079488 -0.021758 -0.099621
v  0.076387 -0.027120 -0.089266
v  0.077380 -0.028157 -0.087197
v  0.078766 -0.028325 -0.089771
v  0.083199 -0.020001 -0.096044
v  0.083779 -0.018636 -0.099121
v  0.081761 -0.004901 -0.085287
v  0.080002 -0.006492 -0.086244
v  0.080260 -0.004924 -0.084218
v  0.086246 -0.001112 -0.100512
v  0.085766 -0.008761 -0.101506
v  0.088523 0.007956 -0.087624
v  0.085980 -0.001317 -0.086076
v  0.087677 0.001954 -0.084691
v  0.090926 0.010852 -0.089195
v  0.089685 0.009457 -0.088926
v  0.089228 0.008588 -0.088341
v  0.090380 0.009071 -0.088035
v  0.075036 -0.013495 -0.083860
v  0.077772 -0.015239 -0.083409
v  0.079609 -0.012312 -0.083595
v  0.088335 0.016306 -0.096754
v  0.088322 0.014562 -0.097974
v  0.081061 0.009502 -0.103791
v  0.086556 0.009512 -0.091497
v  0.085990 0.008182 -0.092496
v  0.082290 0.022025 -0.097111
v  0.084424 0.019248 -0.094110
v  0.084939 0.019402 -0.092792
v  0.084712 0.024146 -0.092995
v  0.078487 -0.031008 -0.084183
v  0.079423 -0.030720 -0.087746
v  0.078880 -0.029412 -0.087971
v  0.078187 -0.029460 -0.085489
v  0.081149 -0.018329 -0.086654
v  0.078602 -0.018572 -0.087354
v  0.083655 -0.014600 -0.104997
v  0.083712 -0.015534 -0.103921
v  0.083966 -0.011550 -0.106055
v  0.083673 -0.010077 -0.106862
v  0.081081 0.002048 -0.091837
v  0.081197 0.001048 -0.090649
v  0.082241 0.014313 -0.094628
v  0.083672 0.016098 -0.096724
v  0.085338 0.018046 -0.094028
v  0.083732 0.016583 -0.093315
v  0.081606 0.010222 -0.106249
v  0.085898 0.006718 -0.092602
v  0.085755 0.006918 -0.093534
v  0.086088 0.007091 -0.091982
v  0.085564 0.004522 -0.086095
v  0.087397 0.003384 -0.087231
v  0.090055 0.011194 -0.090206
v  0.091030 0.014391 -0.093614
v  0.089733 0.015014 -0.094228
v  0.089544 0.012075 -0.090079
v  0.086815 0.009231 -0.087200
v  -0.007695 -0.031184 -0.121777
v  -0.009604 -0.020720 -0.128625
v  0.030600 0.043946 0.046156
v  0.021381 0.042637 0.045013
v  0.024109 0.036857 0.047020
v  0.032352 0.037458 0.046993
v  0.089246 0.018544 -0.087906
v  0.087661 0.020007 -0.090849
v  0.088299 0.020872 -0.091716
v  0.089484 0.019275 -0.088608
v  0.087510 0.013150 -0.101186
v  0.087028 0.010034 -0.107058
v  0.083414 -0.004653 -0.088972
v  0.080793 -0.007364 -0.088434
v  0.072984 -0.007850 -0.082984
v  0.073424 -0.006734 -0.082887
v  0.073480 -0.007043 -0.084118
v  0.073182 -0.007902 -0.084490
v  0.075392 -0.012973 -0.086913
v  0.077537 -0.013778 -0.087390
v  0.077464 -0.015274 -0.085670
v  0.075149 -0.014253 -0.086116
v  0.072275 -0.010453 -0.083237
v  0.072665 -0.009029 -0.083073
v  0.072581 -0.009436 -0.084743
v  0.071863 -0.010900 -0.085189
v  0.088618 0.016858 -0.094981
v  0.088821 0.016675 -0.097668
v  0.089247 0.008664 -0.106979
v  0.088796 0.006722 -0.108212
v  0.088082 0.013642 -0.104292
v  0.087699 0.011923 -0.105672
v  0.085292 -0.012828 -0.080272
v  0.085414 -0.012623 -0.082134
v  0.085080 -0.014177 -0.082081
v  0.090398 0.011172 -0.107215
v  0.088858 0.014110 -0.108524
v  0.085493 -0.029760 -0.078497
v  0.085269 -0.031387 -0.077126
v  0.069422 -0.102442 -0.056319
v  0.070623 -0.096296 -0.071059
v  0.069792 -0.106169 -0.070719
v  0.068325 -0.112070 -0.056411
v  0.090558 0.013979 -0.087656
v  0.089224 0.016813 -0.086939
v  0.072023 -0.012384 -0.083578
v  0.071955 -0.012528 -0.083640
v  0.074316 -0.014244 -0.084789
v  0.077502 -0.008569 -0.083404
v  0.073812 -0.008143 -0.082626
v  0.076171 -0.011599 -0.087068
v  0.076695 -0.006603 -0.085280
v  0.077012 -0.005430 -0.084055
v  0.078388 -0.018087 -0.083305
v  0.078219 -0.019010 -0.085371
v  0.081051 -0.019529 -0.083583
v  0.072087 -0.012973 -0.085541
v  0.082749 0.003460 -0.090580
v  0.078649 -0.011301 -0.088179
v  0.078357 -0.013332 -0.090540
v  0.078034 -0.014975 -0.089583
v  0.077982 -0.012932 -0.087970
v  0.082917 -0.022896 -0.093943
v  0.082797 -0.021125 -0.093884
v  0.075823 -0.017290 -0.091341
v  0.079331 -0.017794 -0.091564
v  0.083557 -0.001940 -0.088934
v  0.086088 0.000844 -0.087621
v  0.082127 -0.004808 -0.086088
v  0.079229 -0.009273 -0.087341
v  0.079373 -0.011492 -0.090241
v  0.077572 -0.007469 -0.083528
v  0.080997 -0.007165 -0.083920
v  0.080668 -0.006134 -0.084000
v  0.077460 -0.006540 -0.083669
v  0.086808 0.008371 -0.094375
v  0.088956 0.014755 -0.084868
v  0.090379 0.011483 -0.086263
v  0.076623 0.027070 -0.107326
v  0.071823 0.019233 -0.110418
v  0.079568 0.019104 -0.099917
v  0.077037 -0.010065 -0.087170
v  0.073655 -0.006227 -0.083064
v  0.074244 -0.006781 -0.083061
v  0.084392 -0.018863 -0.103182
v  0.081598 -0.020300 -0.083535
v  0.084379 0.002671 -0.086029
v  0.080315 -0.010126 -0.108674
v  0.080312 -0.015512 -0.106797
v  0.084019 0.004059 -0.086032
v  0.084238 0.005071 -0.086090
v  0.078433 -0.018962 -0.086612
v  0.081335 -0.018972 -0.085407
v  0.084673 0.005328 -0.086040
v  0.084857 -0.012994 -0.083454
v  0.087892 0.008451 -0.100425
v  0.080220 -0.030145 -0.093767
v  0.080114 -0.031603 -0.090384
v  0.074285 -0.007195 -0.082684
v  0.076784 -0.015116 -0.084464
v  0.076731 -0.008225 -0.085860
v  0.083193 -0.009234 -0.084348
v  0.082897 -0.011362 -0.084040
v  0.085191 -0.010787 -0.083270
v  0.079257 -0.017162 -0.093434
v  0.075470 -0.015152 -0.093300
v  0.075428 -0.014282 -0.095575
v  0.080224 -0.016064 -0.095430
v  0.080292 -0.020576 -0.104334
v  0.080349 -0.025078 -0.100853
v  0.082267 -0.027044 -0.102089
v  0.082739 -0.022115 -0.105899
v  0.073081 0.043466 -0.115075
v  0.080858 0.032392 -0.101614
v  0.079600 0.049346 -0.105362
v  0.083650 0.017660 -0.102000
v  0.082695 0.015481 -0.103235
v  0.086023 0.016071 -0.107890
v  0.086905 0.021885 -0.088207
v  0.085460 0.019350 -0.091381
v  0.087762 0.019200 -0.090639
v  0.083375 -0.005623 -0.111974
v  0.087460 0.003813 -0.081508
v  0.088391 0.003994 -0.084109
v  0.076928 -0.018256 -0.101284
v  0.082514 -0.017992 -0.094110
v  0.083733 -0.017189 -0.096744
v  0.091650 0.017041 -0.098901
v  0.091080 0.014866 -0.095759
v  0.052878 -0.115698 -0.015758
v  0.050339 -0.121805 -0.019061
v  0.079374 -0.013783 0.037743
v  0.079602 -0.013862 0.036260
v  0.077901 -0.012309 0.036037
v  0.077902 -0.012346 0.036688
v  0.079447 -0.021978 0.036948
v  0.078617 -0.020737 0.036669
v  0.079253 -0.020644 0.035317
v  0.080518 -0.021664 0.035526
v  0.076886 -0.012237 0.036869
v  0.077211 -0.014186 0.039503
v  0.078395 -0.014059 0.039551
v  0.077340 -0.012280 0.036915
v  0.091534 0.020201 -0.099692
v  0.082913 -0.021235 0.034984
v  0.081537 -0.019608 0.035067
v  0.082625 -0.019170 0.036304
v  0.084833 -0.020283 0.035832
v  0.079976 -0.020419 0.045195
v  0.080932 -0.018469 0.044661
v  0.079071 -0.019479 0.043370
v  0.078818 -0.021311 0.043069
v  0.082351 -0.018030 0.043087
v  0.084917 -0.018107 0.043723
v  0.085576 -0.018176 0.041357
v  0.082976 -0.018381 0.041016
v  0.077282 -0.017815 0.039540
v  0.078533 -0.019783 0.040063
v  0.078128 -0.017229 0.042399
v  0.081478 -0.017178 0.035404
v  0.080727 -0.018019 0.034626
v  0.079162 -0.014824 0.035303
v  0.079330 -0.014488 0.035114
v  0.073233 -0.086031 -0.056589
v  0.071689 -0.082630 -0.072082
v  0.093668 0.001403 0.008750
v  0.093463 -0.001286 0.010108
v  0.090346 -0.000255 0.012766
v  0.090675 0.002111 0.011400
v  0.085971 -0.008834 -0.082599
v  0.085786 -0.008128 -0.081345
v  0.081908 0.012972 -0.104537
v  0.087355 0.014824 -0.103300
v  0.084910 0.019145 -0.100522
v  0.086816 0.020547 -0.096214
v  0.085938 0.019248 -0.094963
v  0.084076 0.017634 -0.098387
v  0.090881 0.014630 -0.103794
v  0.082560 -0.021720 -0.084010
v  0.086527 0.004613 -0.097809
v  0.087622 0.020936 -0.093830
v  0.090085 0.022120 -0.095714
v  0.085179 -0.005751 -0.107948
v  0.090495 0.013349 -0.105603
v  0.090034 0.011686 -0.104053
v  0.091433 0.012800 -0.090340
v  0.076866 -0.011712 -0.097597
v  0.082838 -0.011912 -0.098687
v  0.081602 -0.014555 -0.097223
v  -0.068899 0.011718 -0.022027
v  -0.069726 0.009291 -0.023098
v  -0.069221 0.007427 -0.021336
v  -0.068249 0.009459 -0.020206
v  -0.065629 -0.005423 -0.024401
v  -0.066352 0.001533 -0.024817
v  -0.067552 0.004032 -0.024620
v  -0.067561 0.001800 -0.023865
v  0.076311 -0.013622 -0.097075
v  0.080979 -0.000075 -0.090221
v  0.085836 -0.017024 -0.074899
v  0.084513 -0.027354 -0.091675
v  -0.064334 -0.015688 -0.022231
v  -0.063192 -0.015079 -0.022815
v  -0.064961 -0.010500 -0.023309
v  -0.066644 -0.010936 -0.022738
v  0.083940 -0.026187 -0.094103
v  0.009087 -0.030855 -0.125033
v  0.009139 -0.019614 -0.132074
v  0.085778 -0.006047 -0.111811
v  0.088400 0.017010 -0.096504
v  0.083605 -0.022136 -0.085982
v  0.084987 -0.027388 -0.084461
v  0.084478 -0.026725 -0.082287
v  0.085772 0.007372 -0.093204
v  0.076295 -0.016796 -0.100785
v  0.075524 -0.014464 -0.101672
v  0.073783 -0.006432 -0.083946
v  0.079849 -0.023316 -0.099953
v  0.079754 -0.028304 -0.093362
v  0.066223 -0.078524 -0.084839
v  0.055512 -0.074657 -0.096623
v  -0.041754 -0.036154 -0.008290
v  -0.045030 -0.033234 -0.009202
v  -0.045927 -0.036148 -0.010432
v  -0.041428 -0.037608 -0.011290
v  0.057218 -0.086341 -0.095880
v  0.066594 -0.091061 -0.084516
v  0.086448 -0.003594 -0.075514
v  0.085558 -0.010353 -0.077904
v  0.085995 -0.011602 -0.076382
v  0.062776 -0.106274 -0.027088
v  0.057538 -0.117313 -0.028985
v  0.087300 -0.016564 -0.071538
v  0.092961 -0.017418 -0.061332
v  0.093932 -0.001864 -0.061535
v  0.088113 -0.006866 -0.070580
v  0.103297 0.027309 -0.023381
v  0.102539 0.028386 -0.028442
v  0.103141 0.018828 -0.028701
v  0.103265 0.019788 -0.024171
v  0.078418 0.082866 0.012562
v  0.071022 0.083760 0.019715
v  0.067875 0.091140 0.014602
v  0.075342 0.089985 0.007104
v  0.008882 -0.011203 -0.136259
v  0.008424 -0.000570 -0.140797
v  -0.012117 -0.003100 -0.137135
v  -0.010734 -0.012970 -0.132526
v  0.064426 0.108066 -0.012037
v  0.056772 0.109501 -0.004379
v  0.051903 0.115016 -0.013022
v  -0.039391 -0.036305 -0.013636
v  -0.044832 -0.036493 -0.015609
v  -0.045007 -0.033211 -0.016819
v  -0.040762 -0.033512 -0.015448
v  0.059888 0.113334 -0.020478
v  0.104661 -0.000966 -0.008550
v  0.106449 -0.006821 -0.009677
v  0.105147 -0.007321 -0.004567
v  0.103411 -0.001375 -0.004295
v  0.086453 -0.031861 -0.082199
v  0.086094 -0.030817 -0.080601
v  -0.058381 0.020095 -0.012697
v  -0.058375 0.016397 -0.012046
v  -0.056312 0.015214 -0.010973
v  -0.055913 0.018833 -0.011388
v  -0.052674 -0.010052 -0.029085
v  -0.050644 -0.016763 -0.028820
v  -0.056865 -0.011904 -0.027819
v  -0.057226 -0.008982 -0.027710
v  0.046212 0.119894 -0.023195
v  0.054629 0.118040 -0.030424
v  0.077194 0.007900 0.025561
v  -0.060342 0.010889 -0.019385
v  -0.062147 0.011550 -0.021644
v  -0.063260 0.009579 -0.022437
v  -0.061527 0.008266 -0.020927
v  -0.066780 0.013302 -0.024313
v  -0.067689 0.010577 -0.025577
v  -0.039994 -0.027574 -0.008070
v  -0.038693 -0.024248 -0.007811
v  -0.039621 -0.022522 -0.008867
v  -0.040800 -0.023430 -0.010000
v  -0.048740 -0.010500 -0.021175
v  -0.048737 -0.006127 -0.017940
v  -0.059136 -0.026090 -0.020169
v  -0.058536 -0.024320 -0.019370
v  -0.061882 -0.020247 -0.020812
v  -0.062687 -0.021536 -0.022109
v  0.076292 0.009788 0.023248
v  0.079031 0.006587 0.020489
v  0.079688 0.004566 0.022399
v  0.074585 0.056448 0.029944
v  0.074248 0.064298 0.027568
v  0.081206 0.064427 0.021773
v  0.081366 0.056694 0.024846
v  0.082735 0.004348 0.017301
v  0.082687 0.002392 0.019008
v  0.064495 0.097762 0.008913
v  0.072006 0.096545 0.001185
v  0.029051 0.126384 -0.073384
v  -0.054944 -0.022194 -0.019278
v  -0.058471 -0.019283 -0.020894
v  -0.060122 -0.018560 -0.021902
v  -0.058475 -0.020809 -0.020650
v  0.033727 0.126218 -0.066270
v  0.023880 0.128835 -0.060938
v  -0.062464 0.013310 -0.019224
v  -0.058994 0.015441 -0.015591
v  -0.059637 0.014261 -0.013664
v  -0.063053 0.012342 -0.016566
v  0.018472 0.128528 -0.072377
v  0.055647 0.001155 -0.121664
v  0.066053 -0.000991 -0.109365
v  0.068235 0.010944 -0.111794
v  0.058398 0.017632 -0.125475
v  0.068075 -0.098783 -0.039927
v  0.063887 -0.110410 -0.041806
v  -0.057915 0.002455 -0.025703
v  -0.055327 0.007260 -0.024340
v  -0.054708 0.006638 -0.024649
v  -0.056935 0.002529 -0.026127
v  -0.065252 0.010763 -0.022898
v  -0.066321 0.008638 -0.023793
v  -0.064407 0.007347 -0.023467
v  -0.048562 0.007790 -0.013445
v  -0.051078 0.008803 -0.014259
v  -0.051468 0.007370 -0.015157
v  -0.050945 0.006144 -0.014632
v  -0.047219 -0.036834 -0.013904
v  -0.046316 -0.025557 -0.024090
v  -0.048472 -0.025025 -0.024819
v  -0.052164 -0.020812 -0.025902
v  -0.051096 -0.019693 -0.026859
v  0.101364 0.049163 -0.013671
v  0.100795 0.054453 -0.017948
v  0.101653 0.047711 -0.023170
v  0.102372 0.043315 -0.018295
v  0.074492 0.043722 0.032729
v  0.080737 0.043950 0.028653
v  0.079085 0.037919 0.029394
v  0.073972 0.037486 0.033168
v  -0.036761 -0.034768 -0.008549
v  -0.039668 -0.034373 -0.007165
v  -0.040666 -0.035317 -0.007902
v  -0.038256 -0.036361 -0.009913
v  0.103674 0.012274 -0.023577
v  0.104323 0.009608 -0.027368
v  0.106106 0.001430 -0.022753
v  0.104669 0.005129 -0.019494
v  0.105170 0.000334 -0.012563
v  -0.051776 0.012119 -0.014052
v  -0.054191 0.011532 -0.014819
v  -0.052577 0.010732 -0.015163
v  -0.050997 0.011071 -0.014390
v  0.107053 -0.005176 -0.014098
v  -0.064554 -0.000260 -0.024111
v  -0.062713 0.005892 -0.022267
v  0.080641 0.073567 0.018052
v  0.073164 0.073952 0.024415
v  0.102032 0.038706 -0.027011
v  0.102873 0.035677 -0.021645
v  0.075935 0.010969 0.028765
v  0.074955 0.012493 0.025697
v  0.073868 0.016814 0.028666
v  -0.061732 -0.009221 -0.020601
v  -0.063019 -0.008822 -0.023092
v  -0.062033 -0.012866 -0.022082
v  -0.060379 -0.013021 -0.020126
v  0.073465 0.016182 0.034991
v  0.072766 0.020305 0.033767
v  0.073893 0.020454 0.029527
v  0.092794 0.056561 0.009870
v  0.092599 0.063666 0.006241
v  0.096220 0.062413 -0.002354
v  0.096562 0.055786 0.001429
v  0.068430 0.102439 -0.005022
v  -0.061575 -0.001539 -0.020017
v  -0.063221 -0.001358 -0.022826
v  0.060845 0.103738 0.002726
v  0.072930 0.029667 0.033059
v  0.075844 0.030051 0.029410
v  0.074591 0.026332 0.029196
v  -0.066679 0.006682 -0.021500
v  -0.067488 0.001024 -0.022435
v  -0.066624 0.007373 -0.022573
v  -0.052395 0.010110 -0.022525
v  -0.054655 0.013430 -0.025502
v  -0.055190 0.007635 -0.028036
v  -0.053531 0.007920 -0.024103
v  0.072745 0.026319 0.032941
v  0.086423 0.000845 0.015845
v  0.086661 0.002990 0.014479
v  0.075662 -0.030648 -0.082404
v  0.077762 -0.032023 -0.082060
v  0.090002 0.014173 -0.073487
v  0.088881 0.003619 -0.071352
v  0.094512 0.011322 -0.062562
v  0.094472 0.024080 -0.064859
v  0.094862 0.036061 -0.068845
v  0.092907 0.044655 -0.073553
v  0.090243 0.028938 -0.080532
v  0.090923 0.023206 -0.076564
v  0.046723 -0.083025 -0.104980
v  0.042896 -0.072650 -0.106033
v  0.074886 0.013079 0.037203
v  0.076125 0.010117 0.039340
v  -0.014735 0.039228 -0.146562
v  -0.039990 -0.018454 -0.009037
v  -0.041636 -0.016174 -0.009672
v  -0.041151 -0.018084 -0.012085
v  -0.040303 -0.020720 -0.011898
v  -0.014635 0.025645 -0.145085
v  0.007275 0.029302 -0.147843
v  0.007166 0.042236 -0.148822
v  0.054496 -0.009518 -0.117110
v  -0.052163 -0.022936 -0.024566
v  -0.048679 -0.026065 -0.023836
v  -0.048785 -0.026746 -0.023043
v  -0.051851 -0.024612 -0.023188
v  0.064759 -0.009696 -0.106062
v  0.081541 -0.016469 0.037257
v  0.077385 -0.012191 0.035531
v  0.078422 -0.015135 0.036075
v  0.077507 -0.012294 0.035546
v  0.083190 -0.018773 0.038659
v  0.085933 -0.018755 0.038581
v  0.078458 -0.018952 0.035237
v  0.077785 -0.018979 0.036072
v  0.077924 -0.014917 0.036593
v  0.077729 -0.012182 0.035501
v  0.078702 -0.021845 0.048373
v  0.080612 -0.020414 0.050519
v  0.083340 -0.019157 0.047775
v  0.081056 -0.020621 0.046818
v  0.077014 -0.012205 0.036761
v  0.076948 -0.014733 0.038348
v  0.079481 -0.016585 0.043199
v  0.079019 -0.013857 0.038919
v  0.077657 -0.012302 0.036848
v  0.080687 -0.016205 0.041557
v  0.078674 -0.021725 0.040414
v  0.081262 -0.016225 0.039552
v  -0.056421 0.012324 -0.015715
v  -0.057538 0.008212 -0.016569
v  -0.055774 0.008158 -0.016164
v  -0.048215 -0.021492 -0.014546
v  -0.049545 -0.020151 -0.016087
v  -0.051102 -0.022819 -0.016725
v  -0.049956 -0.024880 -0.015214
v  0.082053 -0.018898 -0.092231
v  0.075962 -0.065202 -0.067697
v  0.074814 -0.049893 -0.074753
v  0.071356 -0.050394 -0.079190
v  -0.053141 -0.032637 -0.016935
v  -0.051572 -0.033174 -0.019059
v  -0.048235 -0.035298 -0.017037
v  -0.050248 -0.035116 -0.015389
v  -0.040895 -0.021937 -0.010790
v  -0.039652 -0.021038 -0.009150
v  -0.060333 0.002766 -0.026485
v  -0.058089 0.008444 -0.024219
v  0.071611 -0.066161 -0.075701
v  0.086427 0.006936 -0.094972
v  0.100163 0.054797 -0.043204
v  0.096401 0.066552 -0.051444
v  0.095030 0.055804 -0.064320
v  -0.060274 0.006827 -0.019436
v  -0.061374 0.004690 -0.020584
v  0.097504 0.045229 -0.059972
v  0.092900 0.076651 -0.058545
v  0.091889 0.066768 -0.070626
v  0.089595 0.055396 -0.080818
v  0.084426 0.035498 -0.094018
v  0.098248 0.013082 0.001048
v  0.098521 0.012920 0.001077
v  0.097831 0.012626 0.002969
v  -0.044559 -0.005557 -0.011803
v  -0.043995 -0.005026 -0.014177
v  -0.044222 -0.005837 -0.013961
v  -0.045083 -0.007024 -0.011265
v  0.097766 0.012764 0.002726
v  0.097513 0.013327 0.000787
v  0.096854 0.012907 0.002514
v  -0.043853 -0.006099 -0.010456
v  -0.044241 -0.007659 -0.010131
v  -0.043252 -0.007762 -0.009748
v  -0.042861 -0.006972 -0.009742
v  0.097874 0.013647 -0.000574
v  0.098567 0.013383 -0.000385
v  0.098876 0.013173 -0.000392
v  0.084719 0.014032 0.012799
v  0.085227 0.014386 0.011881
v  0.087639 0.013465 0.010667
v  0.087322 0.013372 0.011994
v  0.084796 0.013722 0.013303
v  0.087671 0.013019 0.012349
v  -0.043636 -0.004736 -0.015015
v  -0.043843 -0.005052 -0.014558
v  -0.044016 -0.004549 -0.014509
v  -0.052523 -0.001568 -0.023086
v  -0.053438 -0.008859 -0.024790
v  -0.052725 -0.010146 -0.025076
v  -0.052608 -0.004558 -0.022248
v  0.085178 0.016161 0.005845
v  0.084558 0.016451 0.006036
v  -0.064185 -0.007759 -0.024167
v  0.086062 0.015795 0.005487
v  0.082072 0.015806 0.011460
v  0.082154 0.016837 0.011554
v  -0.052109 0.015231 -0.009104
v  -0.051276 0.017961 -0.009150
v  -0.055151 0.020752 -0.011313
v  0.084287 0.017280 0.006298
v  0.084178 0.016659 0.006161
v  0.082585 0.015506 0.011412
v  -0.045552 -0.018546 -0.021145
v  -0.047496 -0.018417 -0.017151
v  -0.046062 -0.018564 -0.015992
v  -0.045185 -0.018760 -0.019196
v  -0.043344 -0.013903 -0.013934
v  -0.041297 -0.016919 -0.015067
v  -0.043300 -0.015618 -0.011602
v  -0.043613 -0.000448 -0.010088
v  -0.044465 -0.003890 -0.012886
v  -0.044009 -0.004911 -0.011651
v  -0.043378 -0.004721 -0.010443
v  -0.065142 -0.016299 -0.023443
v  -0.067202 -0.011087 -0.024420
v  -0.066796 -0.011211 -0.026727
v  -0.064839 -0.016854 -0.025691
v  0.081209 0.015113 0.012570
v  0.080098 0.015325 0.012753
v  -0.037322 -0.031198 -0.006797
v  -0.035034 -0.033117 -0.012215
v  -0.036543 -0.028380 -0.007247
v  -0.065072 0.017713 -0.018145
v  -0.063445 0.019497 -0.019272
v  -0.064804 0.017696 -0.021182
v  -0.066705 0.015979 -0.019648
v  -0.047287 0.001052 -0.017052
v  -0.046856 -0.000839 -0.017210
v  -0.046527 0.000092 -0.015728
v  -0.046477 0.002228 -0.015690
v  0.080271 0.016710 0.013076
v  0.092203 0.011987 0.009766
v  0.092455 0.011233 0.009633
v  0.088493 0.011626 0.012189
v  0.088091 0.012443 0.012340
v  0.091877 0.012456 0.009800
v  0.094439 0.012517 0.007291
v  0.094617 0.012032 0.007331
v  0.094767 0.011287 0.007149
v  -0.050470 -0.031201 -0.065532
v  -0.047797 -0.032260 -0.045573
v  -0.055324 -0.018189 -0.050313
v  -0.057210 -0.017594 -0.067324
v  -0.053415 -0.029669 -0.015831
v  -0.051662 -0.031854 -0.013919
v  -0.044430 0.006769 -0.007701
v  -0.043168 0.008262 -0.006861
v  -0.044515 0.013798 -0.007665
v  -0.045451 0.010848 -0.007603
v  0.085517 0.012525 0.013675
v  0.085243 0.013337 0.013506
v  0.094805 0.010618 0.006999
v  0.092682 0.010565 0.009342
v  -0.069260 0.003283 -0.027033
v  -0.070555 0.002490 -0.024653
v  0.088670 0.010974 0.012004
v  0.085482 0.012108 0.013762
v  0.082622 0.013272 0.014672
v  0.083721 0.013481 0.014155
v  0.092690 0.009841 0.008982
v  0.092552 0.009103 0.009029
v  0.088677 0.009493 0.011965
v  0.088691 0.010249 0.011829
v  -0.050539 0.012229 -0.012968
v  -0.053349 0.015030 -0.014595
v  -0.051852 0.012898 -0.014345
v  -0.050253 0.011517 -0.013453
v  -0.049064 0.004053 -0.010585
v  -0.049550 0.005308 -0.010270
v  -0.048053 0.006217 -0.011338
v  -0.047377 0.004944 -0.011988
v  0.094727 0.009926 0.006599
v  0.094637 0.009143 0.006469
v  -0.041976 0.012948 -0.005988
v  -0.044571 0.018113 -0.008088
v  0.098978 0.013268 -0.002521
v  0.099007 0.013748 -0.003543
v  0.098954 0.013209 -0.003503
v  -0.044247 -0.025846 -0.024632
v  0.098868 0.012804 -0.002921
v  0.099389 0.010948 -0.007113
v  0.099855 0.012289 -0.008305
v  0.100408 0.011792 -0.010534
v  -0.047054 0.005805 -0.008594
v  -0.047745 0.008325 -0.008278
v  -0.049897 0.006993 -0.009803
v  -0.036818 -0.023684 -0.006593
v  -0.038508 -0.021739 -0.007928
v  -0.049881 0.011164 -0.013419
v  -0.049302 0.010026 -0.013607
v  -0.047429 0.006171 -0.012938
v  -0.049260 0.005139 -0.014424
v  0.100068 0.010230 -0.008778
v  -0.056176 -0.000788 -0.019000
v  -0.057585 -0.008746 -0.020168
v  0.105105 0.002205 -0.016369
v  0.101772 0.007636 -0.010615
v  0.101884 0.009151 -0.013126
v  0.098936 0.013044 -0.001527
v  0.098844 0.012771 -0.000375
v  0.098942 0.013389 -0.001516
v  0.098908 0.013719 -0.002576
v  0.098840 0.012437 -0.001942
v  0.098747 0.012160 -0.000629
v  0.098518 0.012579 0.001049
v  0.098438 0.011882 0.000946
v  0.097742 0.011566 0.002888
v  0.097767 0.012289 0.003029
v  0.096543 0.012137 0.005074
v  -0.050925 -0.018582 -0.036991
v  -0.040623 -0.032180 -0.026977
v  0.096714 0.012568 0.004763
v  0.096587 0.011375 0.004839
v  0.097670 0.010950 0.002542
v  0.096572 0.010728 0.004619
v  0.098243 0.011251 0.000505
v  0.098564 0.011619 -0.001135
v  0.098667 0.012008 -0.002496
v  0.098845 0.012413 -0.003541
v  0.098987 0.013030 -0.004255
v  0.098640 0.011516 -0.003226
v  0.098769 0.010910 -0.004274
v  0.098395 0.010366 -0.002475
v  0.098463 0.011069 -0.001711
v  0.098951 0.012064 -0.004444
v  0.099125 0.011565 -0.005707
v  -0.047191 0.006685 -0.012164
v  -0.047421 0.007255 -0.012240
v  -0.046903 0.006460 -0.012250
v  -0.046696 0.005602 -0.012879
v  0.098172 0.010720 -0.000049
v  0.098019 0.010037 -0.000528
v  0.097318 0.009651 0.001680
v  0.097535 0.010346 0.002130
v  -0.049640 -0.033833 -0.012257
v  -0.054738 0.005108 -0.017067
v  -0.051816 0.003004 -0.016559
v  -0.053028 0.004879 -0.015776
v  0.096494 0.010094 0.004248
v  0.096384 0.009315 0.003775
v  -0.066728 -0.006450 -0.022643
v  -0.068308 0.000758 -0.021539
v  -0.070123 0.000983 -0.022108
v  -0.068352 -0.006538 -0.022993
v  0.091561 0.012578 0.009567
v  0.090679 0.012868 0.008717
v  0.093299 0.012637 0.006617
v  0.094373 0.012576 0.006873
v  0.096655 0.012626 0.004464
v  -0.037177 -0.035296 -0.013166
v  -0.047352 -0.001470 -0.018518
v  -0.047978 -0.002852 -0.017380
v  0.095448 0.012768 0.004397
v  0.092656 0.012814 0.005442
v  0.089433 0.014959 0.003163
v  0.090433 0.014960 0.002198
v  0.094426 0.012906 0.003577
v  -0.048275 0.003499 -0.015382
v  -0.046390 0.004727 -0.013479
v  0.090290 0.013107 0.007315
v  0.088263 0.015157 0.004006
v  0.087713 0.013793 0.009063
v  -0.038420 -0.018734 -0.007478
v  0.087144 0.015413 0.004864
v  0.085565 0.014509 0.010543
v  0.093093 0.024441 0.009922
v  0.093326 0.025004 0.009972
v  0.097118 0.024485 0.006429
v  0.096497 0.023914 0.006717
v  0.024887 0.002324 -0.138024
v  0.023797 0.017385 -0.143057
v  0.007978 0.013296 -0.145388
v  0.098661 0.021126 0.004142
v  0.098443 0.022412 0.003928
v  0.099556 0.021286 0.001038
v  0.099627 0.020105 0.001240
v  0.098695 0.019842 0.004267
v  -0.062897 0.014158 -0.021049
v  -0.064184 0.012632 -0.021869
v  -0.061416 0.012981 -0.020621
v  -0.060545 0.014008 -0.019371
v  -0.059288 0.016221 -0.018073
v  -0.058600 0.016942 -0.017956
v  -0.061552 0.015614 -0.019893
v  -0.050572 0.004292 -0.015109
v  -0.051893 0.005311 -0.015213
v  0.099454 0.018807 0.001373
v  0.097276 0.020864 0.007380
v  -0.047557 -0.022775 -0.013034
v  -0.048154 -0.028111 -0.012869
v  -0.060190 -0.016362 -0.020930
v  -0.058245 -0.015850 -0.019109
v  -0.064821 -0.005522 -0.028307
v  -0.064806 0.003033 -0.027700
v  -0.062496 0.002798 -0.026887
v  -0.063211 -0.005359 -0.027748
v  0.097221 0.022264 0.007217
v  0.096832 0.023399 0.006860
v  0.096272 0.017996 -0.001692
v  0.096006 0.018665 -0.000681
v  -0.057149 -0.003348 -0.027391
v  -0.054299 -0.002375 -0.028700
v  -0.042348 -0.006227 -0.009337
v  -0.040770 -0.002689 -0.007647
v  -0.046883 0.002864 -0.015385
v  -0.046267 0.004457 -0.014011
v  -0.056615 -0.020420 -0.025025
v  -0.049729 -0.027481 -0.020501
v  -0.055860 -0.022564 -0.023479
v  -0.045337 -0.028128 -0.020572
v  -0.043949 -0.029131 -0.018712
v  -0.046801 -0.029136 -0.018982
v  0.097410 0.018328 0.000106
v  0.097652 0.017762 -0.001520
v  0.096453 0.017489 -0.002502
v  0.097687 0.017288 -0.002594
v  0.091806 0.017499 -0.001248
v  0.091662 0.017773 -0.000761
v  0.091409 0.018102 -0.000051
v  -0.054440 -0.020285 -0.018411
v  -0.057285 -0.018899 -0.019642
v  0.091904 0.017217 -0.001549
v  -0.044465 -0.005174 -0.015273
v  -0.044239 -0.006594 -0.017473
v  -0.042767 -0.005181 -0.015981
v  -0.059354 -0.001385 -0.018928
v  -0.060162 -0.009028 -0.019503
v  -0.049465 0.007521 -0.011001
v  0.091999 0.016903 -0.001715
v  -0.047116 -0.001664 -0.012204
v  -0.046724 0.001523 -0.010110
v  -0.052032 0.010326 -0.009403
v  -0.051194 0.008977 -0.010535
v  -0.050355 0.008165 -0.010742
v  -0.050618 0.008617 -0.009472
v  -0.039619 -0.013727 -0.020047
v  -0.040611 -0.015536 -0.017417
v  -0.041732 -0.012645 -0.015969
v  0.092119 0.016545 -0.001773
v  0.091969 0.016271 -0.001510
v  0.107525 -0.013212 -0.017546
v  0.106875 -0.002650 -0.018503
v  -0.056907 0.016075 -0.016186
v  -0.057866 0.014349 -0.016889
v  -0.060035 0.009074 -0.024892
v  0.107275 -0.010242 -0.022558
v  0.098599 0.013679 -0.001540
v  -0.051993 0.009090 -0.014746
v  -0.052374 0.007883 -0.015848
v  0.098596 0.014064 -0.002588
v  -0.053594 0.020946 -0.018951
v  -0.052243 0.018231 -0.015918
v  -0.051412 0.018429 -0.015029
v  -0.051220 0.023015 -0.015037
v  0.097922 0.013963 -0.001597
v  -0.041650 -0.031882 -0.016287
v  -0.045224 -0.031504 -0.017424
v  -0.045252 -0.030248 -0.017948
v  -0.042712 -0.030346 -0.017182
v  -0.045229 -0.018749 -0.015698
v  -0.044698 -0.019009 -0.018236
v  0.097927 0.014379 -0.002501
v  -0.062254 -0.014983 -0.023050
v  -0.061326 -0.015871 -0.022391
v  -0.063126 -0.011858 -0.023465
v  -0.063767 -0.010425 -0.024118
v  0.098612 0.014598 -0.003597
v  0.098959 0.014327 -0.003799
v  0.096425 0.013579 0.000457
v  0.091656 0.015289 0.000484
v  0.091960 0.015484 -0.000264
v  -0.049644 0.001800 -0.019633
v  -0.048712 0.000885 -0.018849
v  -0.052235 0.013606 -0.018550
v  -0.054609 0.015475 -0.018658
v  -0.052956 0.017397 -0.015827
v  -0.051643 0.015814 -0.016560
v  -0.062410 0.009830 -0.025739
v  0.096749 0.013996 -0.000707
v  0.095666 0.013187 0.002049
v  0.091153 0.015094 0.001314
v  0.091737 0.015819 -0.000659
v  0.091871 0.016002 -0.001139
v  -0.052502 0.006400 -0.015820
v  -0.053206 0.006616 -0.016389
v  0.096504 0.014428 -0.001419
v  -0.052039 0.006769 -0.015415
v  0.096608 0.014847 -0.002292
v  0.097915 0.014969 -0.003161
v  -0.046868 0.004092 -0.012654
v  -0.048752 0.002966 -0.011648
v  -0.052401 0.010772 -0.010919
v  -0.055638 0.014100 -0.011847
v  -0.055555 0.014669 -0.013457
v  -0.052075 0.011645 -0.011397
v  0.096811 0.015814 -0.003308
v  0.096744 0.016365 -0.003264
v  0.098035 0.015441 -0.003530
v  -0.048314 0.008856 -0.012302
v  0.098036 0.016086 -0.003611
v  0.096684 0.015370 -0.002961
v  -0.032230 -0.031297 -0.107596
v  -0.037172 -0.020846 -0.112718
v  0.096637 0.016931 -0.003008
v  0.097965 0.016604 -0.003255
v  0.099026 0.013872 -0.004086
v  0.099014 0.014749 -0.004339
v  0.099117 0.015622 -0.005093
v  0.099085 0.013891 -0.004768
v  -0.049904 0.017704 -0.009296
v  -0.051575 0.019214 -0.012168
v  -0.052735 0.020139 -0.012167
v  -0.050644 0.018505 -0.009535
v  -0.060152 0.012957 -0.019241
v  0.099244 0.014030 -0.005761
v  0.099088 0.012838 -0.005285
v  0.099627 0.016445 -0.005910
v  0.100185 0.017202 -0.007472
v  -0.065508 0.009777 -0.021894
v  -0.048358 -0.004890 -0.015890
v  -0.046493 -0.007482 -0.017938
v  0.099708 0.014167 -0.007279
v  0.099332 0.012683 -0.006623
v  0.098778 0.015246 -0.004159
v  -0.037750 -0.007966 -0.021658
v  -0.037927 -0.006851 -0.021285
v  -0.039003 -0.007148 -0.021862
v  -0.039129 -0.007993 -0.022257
v  0.098717 0.015744 -0.004365
v  0.099840 0.017434 -0.004528
v  -0.042403 -0.013168 -0.021410
v  -0.043976 -0.014027 -0.019711
v  -0.042412 -0.015532 -0.018817
v  -0.041600 -0.014463 -0.021066
v  0.100192 0.018456 -0.005236
v  0.099377 0.016677 -0.004079
v  0.099542 0.017370 -0.002758
v  0.099964 0.018263 -0.003030
v  -0.037524 -0.010539 -0.022268
v  -0.037627 -0.009126 -0.021929
v  -0.039005 -0.009527 -0.022838
v  -0.038986 -0.011045 -0.023463
v  0.100170 0.019211 -0.003517
v  0.099987 0.019056 -0.001107
v  -0.055570 0.016608 -0.015019
v  -0.057967 0.016448 -0.016082
v  0.100060 0.020185 -0.001437
v  0.099590 0.018007 -0.001010
v  0.098813 0.016412 -0.003727
v  -0.066604 0.008394 -0.019802
v  -0.067456 0.006442 -0.020659
v  -0.063489 0.013384 -0.019786
v  -0.064574 0.011660 -0.020713
v  0.098847 0.017028 -0.002695
v  0.098823 0.017641 -0.001180
v  0.098770 0.018125 0.001012
v  -0.041716 -0.013606 -0.009228
v  -0.043386 -0.013284 -0.010134
v  -0.043122 -0.014861 -0.010380
v  -0.067428 0.010876 -0.018904
v  -0.067830 0.013787 -0.020764
v  -0.040113 -0.030703 -0.007320
v  -0.038773 -0.032351 -0.006681
v  -0.010212 -0.103783 -0.010820
v  -0.024266 -0.097853 -0.016596
v  -0.023740 -0.107794 -0.017131
v  -0.009967 -0.113377 -0.011596
v  -0.050479 0.013349 -0.008470
v  -0.049164 0.016053 -0.008899
v  0.098166 0.018987 0.003786
v  0.096654 0.019054 0.002610
v  0.096723 0.019991 0.006853
v  -0.037855 -0.012578 -0.022551
v  -0.037833 -0.012671 -0.022576
v  -0.040029 -0.014425 -0.021115
v  -0.040597 -0.008873 -0.017806
v  -0.038048 -0.008394 -0.020631
v  0.095115 0.019651 0.005422
v  0.094123 0.026264 0.010288
v  0.098054 0.025974 0.006236
v  0.093751 0.019960 0.003926
v  0.090081 0.018689 0.002354
v  0.088991 0.018783 0.003474
v  0.091650 0.019990 0.006320
v  -0.042910 -0.011710 -0.021042
v  0.082996 0.017675 0.011688
v  0.084167 0.018455 0.011741
v  -0.041739 -0.006671 -0.019822
v  -0.041002 -0.005642 -0.018743
v  -0.040899 -0.018697 -0.016470
v  -0.042676 -0.019506 -0.017599
v  -0.042562 -0.020140 -0.014158
v  -0.039348 -0.013050 -0.023344
v  -0.049422 0.003054 -0.017440
v  0.085356 0.017957 0.006320
v  0.084741 0.017650 0.006356
v  0.081925 0.017552 0.013283
v  0.083572 0.018423 0.013279
v  -0.045186 -0.011391 -0.019577
v  -0.047088 -0.013533 -0.020864
v  -0.046066 -0.015203 -0.020461
v  -0.044604 -0.013062 -0.019872
v  -0.052342 -0.023179 -0.017756
v  -0.052336 -0.021401 -0.017699
v  -0.046358 -0.017568 -0.023344
v  -0.048562 -0.018032 -0.019961
v  -0.048431 -0.002166 -0.015816
v  -0.048492 0.000504 -0.012952
v  -0.045334 -0.005108 -0.015391
v  -0.044792 -0.009351 -0.018663
v  -0.047320 -0.011588 -0.020010
v  -0.040768 -0.007755 -0.017876
v  -0.042832 -0.007486 -0.015087
v  -0.042763 -0.006422 -0.015468
v  -0.040864 -0.006797 -0.018108
v  -0.054331 0.008103 -0.016180
v  -0.046962 0.014116 -0.008090
v  -0.048855 0.010983 -0.008258
v  -0.060158 0.026132 -0.028604
v  -0.061029 0.018414 -0.034220
v  -0.054987 0.018156 -0.022699
v  -0.043511 -0.010110 -0.020483
v  -0.038234 -0.006336 -0.021216
v  -0.038707 -0.007025 -0.020584
v  -0.060952 -0.019241 -0.021539
v  -0.042877 -0.020962 -0.013475
v  -0.046255 0.002284 -0.013598
v  -0.064008 -0.010695 -0.027823
v  -0.062343 -0.016135 -0.026884
v  -0.046136 0.003651 -0.013899
v  -0.046264 0.004629 -0.013786
v  -0.043902 -0.019410 -0.018033
v  -0.044212 -0.019455 -0.014891
v  -0.046374 0.004881 -0.013415
v  -0.044217 -0.013573 -0.011276
v  -0.059719 0.008163 -0.018380
v  0.087398 0.019536 0.010179
v  0.087010 0.018477 0.005552
v  -0.050636 -0.030625 -0.020103
v  -0.047662 -0.032155 -0.018363
v  0.086096 0.018226 0.006083
v  -0.038367 -0.007449 -0.020294
v  0.085763 0.019008 0.010978
v  -0.041016 -0.015342 -0.018819
v  -0.042201 -0.008327 -0.019985
v  0.087695 0.019766 0.012251
v  0.085377 0.019092 0.012945
v  0.092865 0.020014 0.008273
v  -0.044233 -0.009727 -0.013249
v  -0.043765 -0.011855 -0.013322
v  -0.044290 -0.011368 -0.010905
v  -0.011096 0.074672 -0.143438
v  -0.013512 0.059299 -0.146533
v  -0.050210 -0.017319 -0.020907
v  -0.048120 -0.015442 -0.024525
v  -0.050260 -0.014579 -0.025509
v  -0.052435 -0.016141 -0.020990
v  -0.060048 -0.021176 -0.025633
v  -0.056934 -0.025629 -0.023651
v  -0.058605 -0.027344 -0.022713
v  -0.062270 -0.022446 -0.024314
v  0.007864 0.060777 -0.148543
v  0.009481 0.074128 -0.145806
v  -0.065059 0.042595 -0.035361
v  -0.057042 0.031351 -0.022212
v  -0.059661 0.048365 -0.025007
v  -0.059458 0.017108 -0.021583
v  -0.060151 0.015006 -0.023113
v  -0.065792 0.015699 -0.022890
v  -0.048481 0.020780 -0.011054
v  -0.050581 0.018432 -0.014004
v  -0.051323 0.018304 -0.011837
v  -0.068117 -0.005953 -0.027358
v  0.095112 0.019404 0.001569
v  0.090881 0.018450 0.001089
v  0.022044 0.074892 -0.144006
v  0.022992 0.083268 -0.140866
v  0.012711 0.085434 -0.141289
v  0.022585 -0.059963 -0.113876
v  0.010665 -0.071125 -0.115077
v  -0.043842 0.003235 -0.008515
v  -0.046540 0.003511 -0.009229
v  0.080810 0.017203 0.015416
v  -0.056280 -0.019167 -0.026165
v  0.082691 0.018295 0.014962
v  -0.052463 -0.018206 -0.017990
v  -0.055235 -0.017378 -0.018371
v  -0.060742 0.016571 -0.013391
v  -0.057492 0.014538 -0.012808
v  0.079474 0.016222 0.015644
v  0.078786 0.016093 0.016114
v  0.080159 0.017287 0.015926
v  0.081858 0.018518 0.015605
v  0.084911 0.019235 0.014294
v  0.084447 0.019633 0.015165
v  0.087994 0.020741 0.014278
v  0.087746 0.019946 0.013665
v  0.093986 0.020577 0.009902
v  0.094356 0.021497 0.010429
v  0.087378 0.021778 0.014344
v  0.083743 0.020336 0.015180
v  0.086595 0.022943 0.014349
v  0.083521 0.021475 0.015147
v  0.093651 0.023852 0.009899
v  0.094341 0.022826 0.010191
v  0.082161 0.014155 0.014417
v  0.080068 0.014444 0.015371
v  0.082550 0.014502 0.013886
v  0.080381 0.014778 0.014817
v  0.083166 0.014892 0.012496
v  0.079456 0.015197 0.015184
v  0.078820 0.014986 0.015850
v  0.035083 -0.116080 -0.005578
v  0.032742 -0.122090 -0.009070
v  0.083739 0.015098 0.011314
v  0.079241 0.017333 0.015977
v  0.077933 0.015966 0.016453
v  0.077974 0.017988 0.016008
v  0.077135 0.016121 0.016550
v  0.080529 0.020306 0.015429
v  0.080850 0.018912 0.015450
v  0.077925 0.014835 0.016256
v  0.078671 0.014328 0.016039
v  0.077224 0.014846 0.016461
v  0.077996 0.014164 0.016317
v  0.085269 0.011477 0.013884
v  0.085105 0.010901 0.013981
v  0.081963 0.012765 0.015090
v  0.081371 0.012413 0.015301
v  0.092227 0.008342 0.009002
v  0.094435 0.008329 0.006525
v  0.091871 0.007314 0.009131
v  0.065688 -0.013793 0.045586
v  0.064299 -0.013856 0.045014
v  0.064947 -0.012335 0.043422
v  0.065515 -0.012364 0.043779
v  0.094179 0.007260 0.006487
v  0.087927 0.007815 0.012416
v  0.088394 0.008720 0.012142
v  0.062621 -0.118164 -0.042809
v  0.099071 0.010118 -0.005291
v  0.099657 0.009134 -0.006401
v  0.099124 0.008340 -0.004090
v  0.098532 0.009584 -0.003305
v  0.097899 0.009158 -0.001112
v  0.064946 -0.021962 0.045297
v  0.065135 -0.020698 0.044469
v  0.063683 -0.020624 0.044310
v  0.063212 -0.021640 0.045459
v  0.098243 0.007872 -0.001502
v  0.097134 0.007565 0.001194
v  0.097050 0.008755 0.001410
v  0.096184 0.008512 0.003638
v  0.096008 0.007257 0.003711
v  0.100321 0.013952 -0.009392
v  0.100842 0.017440 -0.010439
v  0.100826 0.013559 -0.011785
v  0.101559 0.017317 -0.013434
v  0.076465 0.018952 0.016907
v  0.066168 -0.012243 0.043021
v  0.068269 -0.014181 0.044684
v  0.067724 -0.014048 0.045696
v  0.065984 -0.012295 0.043428
v  0.075947 0.016470 0.016779
v  0.075533 0.019840 0.018384
v  0.075128 0.017135 0.018033
v  0.077080 0.022803 0.018606
v  0.078302 0.021726 0.016822
v  0.076448 0.014980 0.016771
v  0.077272 0.013974 0.016433
v  0.075658 0.014900 0.017471
v  0.076718 0.013539 0.017083
v  0.084566 0.010186 0.014192
v  0.084112 0.009334 0.014476
v  0.080903 0.011927 0.015689
v  0.080161 0.011164 0.016092
v  0.025432 -0.008881 -0.133220
v  0.023505 0.033191 -0.145310
v  0.102590 0.030628 -0.000233
v  0.101195 0.027571 0.001734
v  0.099334 0.028667 0.005621
v  0.100733 0.032330 0.004603
v  0.103583 0.034697 -0.003525
v  0.104151 0.031169 -0.007256
v  0.103422 0.028295 -0.004242
v  0.102309 0.025832 -0.001794
v  0.101853 0.020463 -0.010218
v  0.101243 0.020113 -0.007920
v  0.101922 0.021990 -0.006786
v  0.102558 0.022893 -0.008925
v  0.102516 0.020614 -0.013139
v  0.103513 0.023826 -0.011848
v  0.103170 0.025313 -0.006811
v  0.102230 0.023824 -0.004578
v  0.104153 0.027075 -0.009700
v  0.085408 0.028117 0.016605
v  0.085354 0.026220 0.015510
v  0.082165 0.023828 0.015998
v  0.081209 0.024716 0.017084
v  0.084515 0.029559 0.017925
v  0.079695 0.025751 0.018611
v  0.096523 0.032665 0.010468
v  0.095456 0.029331 0.010319
v  0.086148 0.023829 0.014174
v  0.084316 0.022622 0.014961
v  0.085639 0.024095 0.014334
v  0.083468 0.022547 0.015186
v  0.039829 0.093337 -0.129666
v  0.048145 0.098747 -0.119771
v  0.030893 0.109762 -0.116740
v  0.023777 0.102894 -0.127124
v  0.098460 0.022936 0.004119
v  0.098878 0.023607 0.003476
v  0.100021 0.022613 0.000494
v  0.099660 0.021985 0.001180
v  0.100232 0.021017 -0.001564
v  0.100624 0.021660 -0.002217
v  0.100755 0.020639 -0.004386
v  0.100455 0.020172 -0.003728
v  0.100401 0.019462 -0.005128
v  0.100565 0.019567 -0.005957
v  0.083742 0.023640 0.015358
v  0.085774 0.024809 0.014730
v  0.022344 0.063189 -0.146095
v  0.095317 0.069538 -0.007379
v  0.097873 0.066230 -0.016645
v  0.098829 0.059956 -0.010972
v  0.099818 0.025029 0.003099
v  0.100977 0.023883 -0.000208
v  0.101361 0.022604 -0.003060
v  0.101363 0.021326 -0.005222
v  0.101117 0.020346 -0.006442
v  0.085704 -0.014359 -0.076423
v  0.085049 -0.014250 -0.077951
v  0.077917 -0.003424 -0.103260
v  0.076607 0.003115 -0.101098
v  0.076326 0.006496 -0.099291
v  0.088184 0.012870 -0.089367
v  0.088549 0.015949 -0.092706
v  0.084174 -0.022230 -0.099902
v  0.083142 -0.024203 -0.095031
v  -0.061452 0.019692 -0.013723
v  0.083727 -0.021296 -0.100153
v  0.089227 0.012127 -0.103904
v  0.088824 0.010582 -0.105310
v  0.089774 0.010214 -0.105481
v  0.023983 -0.030534 -0.121937
v  0.025075 -0.017745 -0.128895
v  0.088242 0.008909 -0.106633
v  0.085516 -0.009644 -0.080529
v  0.078886 -0.003956 -0.104053
v  0.079424 -0.004527 -0.106447
v  0.079928 -0.009599 -0.107341
v  0.079552 -0.009062 -0.106340
v  0.080043 -0.014643 -0.105628
v  0.079646 -0.013786 -0.104820
v  0.083869 -0.018392 -0.102983
v  0.082641 -0.013973 -0.105295
v  0.088764 0.016383 -0.094426
v  0.089047 0.015586 -0.093760
v  0.089198 0.016396 -0.095190
v  0.085542 -0.010716 -0.082169
v  0.086624 0.010707 -0.088621
v  0.087286 0.008901 -0.087037
v  0.086767 0.009365 -0.087271
v  0.081992 -0.005797 -0.084372
v  0.081749 -0.004993 -0.084363
v  0.083150 -0.007241 -0.084710
v  0.085619 -0.008567 -0.083804
v  0.079381 -0.015918 -0.083120
v  0.078263 -0.016564 -0.084302
v  0.078016 -0.017243 -0.083582
v  0.089412 0.022249 -0.098764
v  0.087594 0.007916 -0.086773
v  0.088472 0.008890 -0.087683
v  0.088821 0.010003 -0.088231
v  0.089732 0.015719 -0.095710
v  0.089137 0.010887 -0.088665
v  0.088146 0.010981 -0.088284
v  0.088903 0.012556 -0.089645
v  0.087369 0.011117 -0.088266
v  0.076927 -0.013036 -0.097206
v  0.077077 -0.013153 -0.094996
v  0.087392 0.005559 -0.076917
v  0.086863 0.003602 -0.078931
v  0.083441 -0.024959 -0.092683
v  0.080154 0.011974 -0.094588
v  0.080260 0.015074 -0.097000
v  0.083810 -0.009885 -0.107143
v  0.082309 -0.016374 -0.095792
v  0.081162 -0.017333 -0.093653
v  0.083536 -0.014994 -0.098087
v  0.084632 -0.012430 -0.100302
v  0.082315 0.002210 -0.088900
v  0.087510 0.006547 -0.098438
v  0.087092 0.004457 -0.099791
v  0.086988 0.006672 -0.096606
v  0.082159 0.018306 -0.096307
v  0.083645 0.017843 -0.094176
v  0.080165 0.014840 -0.093655
v  0.083705 0.015904 -0.093557
v  0.081289 -0.012663 -0.083626
v  0.077191 -0.017919 -0.085949
v  0.078379 -0.016677 -0.088107
v  0.077571 -0.018490 -0.087356
v  0.078125 -0.017587 -0.089504
v  0.077625 -0.016319 -0.090843
v  0.077511 -0.014622 -0.092007
v  0.078835 -0.012858 -0.092583
v  0.080934 -0.008682 -0.083831
v  0.087818 0.017903 -0.085713
v  0.080448 -0.010440 -0.083715
v  0.082315 -0.007077 -0.084368
v  0.082363 -0.008782 -0.084125
v  0.081989 -0.010639 -0.083772
v  0.082764 -0.020224 -0.087685
v  0.081671 -0.018702 -0.089793
v  0.082255 -0.019643 -0.086527
v  0.080953 -0.018193 -0.091830
v  0.081666 -0.019255 -0.085596
v  0.081928 0.012811 -0.094876
v  0.082797 0.015644 -0.095265
v  0.086493 -0.011077 -0.074767
v  0.106316 -0.004911 -0.027972
v  0.104609 0.004642 -0.033307
v  0.083216 -0.056130 0.006529
v  0.082645 -0.059365 0.006973
v  0.107077 -0.015955 -0.012302
v  0.105787 -0.018999 -0.006025
v  0.088132 -0.051507 0.017906
v  0.087497 -0.052691 0.018461
v  0.086932 -0.052147 0.019226
v  0.087421 -0.051559 0.018479
v  0.084843 -0.051582 0.017882
v  0.085213 -0.051332 0.016758
v  0.086011 -0.051420 0.018008
v  0.085707 -0.051654 0.019112
v  0.091851 -0.034355 0.017667
v  0.094679 -0.030337 0.014924
v  0.096197 -0.035046 0.012017
v  0.093771 -0.038505 0.014705
v  0.083174 -0.053142 0.009712
v  0.083289 -0.051396 0.010424
v  0.083999 -0.051171 0.013240
v  0.083874 -0.052206 0.012768
v  0.083037 -0.054344 0.009466
v  0.083700 -0.052658 0.012628
v  0.083296 -0.054225 0.006791
v  0.083329 -0.051551 0.007515
v  0.093091 -0.057716 0.008768
v  0.091208 -0.055642 0.012601
v  0.092097 -0.052045 0.012779
v  0.094136 -0.052667 0.009267
v  0.089450 -0.021893 0.019642
v  0.092431 -0.025800 0.017391
v  0.090110 -0.030160 0.019178
v  0.086957 -0.025465 0.021299
v  0.084213 -0.020861 0.023717
v  0.086280 -0.017598 0.021825
v  0.084336 -0.013177 0.027757
v  0.085444 -0.016735 0.028307
v  0.086543 -0.017968 0.031420
v  0.086381 -0.015635 0.030343
v  0.084154 -0.021881 0.030897
v  0.084736 -0.018876 0.027004
v  0.080915 -0.023377 0.033285
v  0.061524 -0.021220 0.047218
v  0.062310 -0.019591 0.046103
v  0.062821 -0.019178 0.047661
v  0.061262 -0.020249 0.049295
v  0.081185 -0.022961 0.034215
v  0.083525 -0.022201 0.029447
v  0.071830 -0.020432 0.049862
v  0.070890 -0.018478 0.050401
v  0.070629 -0.019489 0.048262
v  0.070530 -0.021348 0.047868
v  0.082831 -0.023006 0.027709
v  0.080811 -0.023907 0.032062
v  0.081059 -0.022326 0.035241
v  0.083632 -0.021862 0.033886
v  0.068828 -0.018032 0.050800
v  0.068111 -0.018099 0.053297
v  0.065686 -0.018153 0.052707
v  0.066716 -0.018384 0.050288
v  0.068241 -0.017790 0.044818
v  0.068031 -0.019779 0.046172
v  0.070275 -0.017220 0.046964
v  0.062616 -0.017170 0.046198
v  0.062321 -0.017992 0.045177
v  0.063708 -0.014821 0.044172
v  0.063454 -0.014499 0.044195
v  0.085709 -0.019775 0.034486
v  0.079341 -0.021415 0.045234
v  0.081411 -0.020094 0.046312
v  0.077229 0.008848 0.031180
v  0.078423 0.005597 0.027487
v  0.078418 0.006187 0.032922
v  0.079426 0.003348 0.029194
v  0.086747 -0.017774 0.037714
v  0.087587 -0.015817 0.035816
v  0.086364 -0.016893 0.041976
v  0.087211 -0.014241 0.041379
v  0.072634 0.023512 0.033205
v  0.075620 -0.024814 0.042791
v  0.075687 -0.025418 0.042262
v  0.076116 -0.023626 0.044322
v  -0.003655 0.096607 -0.132438
v  0.002651 0.108427 -0.122718
v  0.013834 0.120540 -0.101986
v  0.018198 0.124233 -0.090034
v  0.079269 -0.041638 0.041851
v  0.079213 -0.038775 0.041999
v  0.076999 -0.046918 0.023967
v  0.073064 -0.046755 0.027997
v  0.074348 -0.047602 0.030672
v  0.078316 -0.048128 0.026758
v  0.080641 -0.048568 0.023310
v  0.079541 -0.047438 0.020264
v  0.076111 -0.045594 0.021743
v  0.071944 -0.045443 0.025543
v  0.080582 -0.049100 0.031616
v  0.077092 -0.048531 0.035995
v  0.078267 -0.047005 0.038519
v  0.081565 -0.047560 0.033705
v  0.084516 -0.027068 0.025319
v  0.082147 -0.026666 0.029541
v  0.080201 -0.026947 0.034573
v  0.078487 -0.027352 0.038385
v  0.077936 -0.025474 0.038929
v  0.079253 -0.024760 0.035844
v  0.077673 -0.024680 0.039340
v  0.078996 -0.024102 0.036519
v  0.079020 -0.023531 0.037035
v  0.079533 -0.022644 0.036982
v  0.078598 -0.022694 0.038895
v  0.078923 -0.021980 0.038560
v  0.077711 -0.024030 0.039696
v  0.080054 0.000558 0.045804
v  0.078522 0.003900 0.043533
v  0.082438 -0.037311 0.037785
v  0.078873 -0.036557 0.041469
v  0.077246 -0.032401 0.041078
v  0.080498 -0.032585 0.037701
v  0.083373 -0.033410 0.033203
v  0.085351 -0.039137 0.032961
v  0.075851 -0.026172 0.041798
v  0.082769 -0.039821 0.037779
v  0.082737 -0.042490 0.037216
v  0.085672 -0.041720 0.032682
v  0.085400 -0.044187 0.032005
v  0.087503 -0.041749 0.027729
v  0.086422 -0.035230 0.028001
v  0.089357 -0.037509 0.022269
v  0.088894 -0.044705 0.022982
v  0.092272 -0.048718 0.014117
v  0.089125 -0.051630 0.016832
v  0.089280 -0.050201 0.017455
v  0.089477 -0.048753 0.018467
v  0.092343 -0.045261 0.015545
v  0.094299 -0.047801 0.011050
v  0.094362 -0.042974 0.012686
v  0.091628 -0.041393 0.018010
v  0.089443 -0.046914 0.020113
v  0.088461 -0.050425 0.018425
v  0.087634 -0.050934 0.018705
v  0.088549 -0.049576 0.019356
v  0.087727 -0.050334 0.019528
v  0.088584 -0.048567 0.020647
v  0.087675 -0.049684 0.020703
v  0.087413 -0.048641 0.022720
v  0.088347 -0.046993 0.022961
v  0.085287 -0.050767 0.018699
v  0.084808 -0.050582 0.020333
v  0.085455 -0.050460 0.021550
v  0.085794 -0.050755 0.019745
v  0.085476 -0.051015 0.017365
v  0.086006 -0.051003 0.018669
v  0.083903 -0.050488 0.014266
v  0.083614 -0.049825 0.015544
v  -0.012330 -0.087815 -0.007510
v  -0.025756 -0.084341 -0.016209
v  0.085566 -0.051161 0.016527
v  0.086132 -0.051224 0.017496
v  0.086730 -0.051350 0.018825
v  0.086808 -0.050816 0.019326
v  0.086696 -0.050428 0.020412
v  0.086361 -0.049832 0.022212
v  0.084617 -0.046403 0.030910
v  0.086712 -0.046372 0.027246
v  0.085670 -0.048227 0.026313
v  0.083479 -0.048608 0.029382
v  0.084611 -0.049670 0.025268
v  0.078930 -0.046200 0.017768
v  0.082387 -0.049751 0.027582
v  0.081486 -0.048147 0.015981
v  0.081215 -0.047081 0.013387
v  0.082309 -0.049172 0.019238
v  0.083187 -0.050167 0.011464
v  0.082842 -0.049100 0.012541
v  0.083127 -0.049661 0.008558
v  0.082724 -0.048242 0.009975
v  0.083793 -0.050274 0.023847
v  0.087371 -0.044282 0.027633
v  0.082186 -0.045042 0.035699
v  0.078901 -0.044329 0.040353
v  0.032837 0.001124 0.042858
v  0.034115 -0.001504 0.043470
v  0.038126 -0.000295 0.042282
v  0.036794 0.002037 0.041749
v  0.083658 -0.007039 0.050685
v  0.081848 -0.002892 0.048111
v  0.086392 -0.051873 0.019607
v  0.048580 -0.126909 -0.021695
v  -0.044166 -0.009490 -0.009904
v  -0.043025 -0.008825 -0.009388
v  -0.060973 0.012570 -0.024609
v  0.088429 -0.053297 0.017241
v  0.082523 -0.056752 0.009557
v  0.083077 -0.053697 0.012827
v  0.091166 -0.063222 0.009951
v  0.088470 -0.067522 0.014014
v  0.087796 -0.063482 0.016876
v  0.089812 -0.059890 0.013552
v  0.086667 -0.057838 0.021337
v  0.087778 -0.055114 0.018743
v  -0.062210 0.014578 -0.020059
v  0.087076 -0.054143 0.020153
v  0.086168 -0.055858 0.023073
v  0.085702 -0.054250 0.024116
v  0.086453 -0.053128 0.021008
v  0.083253 -0.052265 0.024127
v  0.080680 -0.052444 0.028061
v  0.077935 -0.055975 0.023735
v  0.080639 -0.055665 0.019783
v  0.082779 -0.054933 0.015462
v  0.084326 -0.051914 0.019617
v  -0.058735 0.018556 -0.019709
v  -0.056017 0.019888 -0.015802
v  -0.054196 0.018642 -0.015939
v  -0.056298 0.017046 -0.019314
v  0.084262 -0.052306 0.024593
v  0.085189 -0.051982 0.020977
v  0.082123 -0.052530 0.028957
v  0.055774 -0.123403 -0.031227
v  0.085954 -0.052315 0.021159
v  0.084952 -0.052838 0.024459
v  0.083183 -0.053502 0.029260
v  0.084262 -0.055527 0.029009
v  0.084952 -0.057862 0.028217
v  0.085013 -0.060677 0.026542
v  0.085212 -0.067816 0.021552
v  0.085533 -0.072668 0.018947
v  0.081372 -0.070345 0.027087
v  0.081921 -0.075575 0.025186
v  0.082679 -0.062797 0.031952
v  0.082989 -0.059310 0.033822
v  0.082173 -0.056468 0.034170
v  0.081006 -0.054142 0.033868
v  0.076244 -0.027675 0.041146
v  0.078153 -0.022641 0.040648
v  0.078231 -0.022218 0.043033
v  0.083759 -0.018649 0.045921
v  0.077186 -0.022753 0.046258
v  0.085927 -0.017116 0.044189
v  0.085068 -0.017576 0.046240
v  0.086105 -0.015979 0.046626
v  0.086650 -0.015378 0.045101
v  0.084344 -0.018148 0.048031
v  0.085787 -0.016140 0.047914
v  0.081732 -0.019268 0.051491
v  0.083568 -0.015983 0.052765
v  0.084404 -0.010590 0.052216
v  0.084186 -0.013812 0.052950
v  0.086696 -0.014392 0.046940
v  0.087029 -0.012575 0.045009
v  -0.064617 0.014244 -0.016624
v  0.086326 -0.009550 0.043202
v  0.086684 -0.011431 0.039114
v  0.032322 0.127515 -0.047471
v  0.079701 -0.052883 0.033323
v  0.077788 -0.052642 0.032177
v  -0.043894 -0.022403 -0.012624
v  -0.056932 0.004387 -0.017779
v  0.074649 -0.064870 0.017161
v  0.075612 -0.061057 0.019481
v  0.072420 -0.061748 0.023008
v  -0.054313 0.020250 -0.013845
v  -0.057264 0.021484 -0.012803
v  0.071410 -0.065500 0.020865
v  0.074954 -0.052643 0.035010
v  -0.065275 -0.005991 -0.023482
v  -0.066044 0.013003 -0.017954
v  -0.064312 0.011390 -0.017795
v  -0.053177 0.012288 -0.009509
v  -0.052858 -0.011939 -0.025370
v  -0.056512 -0.012029 -0.020539
v  -0.054680 -0.014642 -0.020711
v  -0.051973 -0.013784 -0.025420
v  -0.048297 -0.000210 -0.018653
v  0.072053 -0.056492 0.029798
v  0.074792 -0.056203 0.027319
v  0.076333 -0.053134 0.036522
v  0.077587 -0.054568 0.037444
v  0.078834 -0.057024 0.038218
v  0.069627 -0.062174 0.025360
v  0.068688 -0.066169 0.023144
v  -0.037284 -0.018445 -0.005514
v  0.081639 -0.058656 0.011287
v  -0.050917 -0.027489 -0.015226
v  -0.052777 -0.026362 -0.017040
v  -0.043397 -0.031099 -0.094691
v  -0.049462 -0.019900 -0.098279
v  -0.068903 -0.006294 -0.025024
v  0.081097 -0.061927 0.008985
v  0.079033 -0.060627 0.015689
v  0.078354 -0.063596 0.013266
v  0.077634 -0.076557 0.031209
v  0.076939 -0.071516 0.032212
v  0.079695 -0.060141 0.037929
v  0.078940 -0.064083 0.036580
v  0.008223 0.115721 -0.113025
v  0.095651 0.073152 -0.042226
v  0.098340 0.066129 -0.034888
v  -0.056666 0.016795 -0.016028
v  0.096139 0.073023 -0.024958
v  0.094066 0.078689 -0.032165
v  0.092258 0.081278 -0.049469
v  0.090767 0.085730 -0.039061
v  0.048057 0.120550 -0.079339
v  0.055688 0.119300 -0.067293
v  0.041321 0.125036 -0.054206
v  0.036576 0.121161 -0.088835
v  0.042451 0.113392 -0.103303
v  0.054157 0.115287 -0.087541
v  0.061781 0.114438 -0.074282
v  -0.046072 -0.022704 -0.012779
v  -0.045216 -0.028003 -0.010954
v  -0.043095 -0.027547 -0.010141
v  -0.052903 0.007077 -0.016304
v  0.009760 -0.082676 -0.116395
v  0.023110 0.045828 -0.146242
v  0.067570 0.112829 -0.061722
v  0.061991 0.116890 -0.055082
v  0.067726 0.113283 -0.044181
v  0.072280 0.110039 -0.050996
v  0.048362 0.121999 -0.041696
v  0.039782 0.124079 -0.034486
v  -0.013566 0.009777 -0.141987
v  0.077220 0.007214 0.041342
v  0.036790 -0.047356 -0.111075
v  0.053638 -0.048144 -0.100288
v  0.066393 -0.100911 -0.084604
v  0.075072 -0.026454 -0.089580
v  0.074365 -0.025678 -0.089916
v  0.065122 -0.063904 -0.085870
v  0.065603 -0.049699 -0.086416
v  0.022861 -0.045877 -0.116421
v  0.077102 -0.015101 -0.102626
v  0.077396 -0.011413 -0.103598
v  0.078574 -0.016162 -0.103068
v  0.078648 -0.012155 -0.104256
v  0.078760 -0.007949 -0.104574
v  0.079683 -0.018014 -0.102739
v  0.084641 0.017453 -0.092648
v  0.086574 0.018837 -0.092200
v  -0.055675 -0.017845 -0.026429
v  -0.056205 -0.015559 -0.027439
v  0.076730 -0.028178 -0.085782
v  0.075774 -0.027361 -0.087095
v  -0.039043 -0.006533 -0.021559
v  0.075557 -0.027700 -0.086167
v  0.076146 -0.028251 -0.084960
v  0.077433 -0.029187 -0.084385
v  0.076614 -0.028924 -0.083995
v  0.088025 0.034463 -0.085914
v  0.073862 -0.028062 -0.086544
v  0.073828 -0.026011 -0.089181
v  0.074706 -0.026704 -0.087977
v  0.074930 -0.027559 -0.086613
v  0.075827 -0.028782 -0.084937
v  0.076672 -0.029763 -0.083540
v  0.077385 -0.030376 -0.083229
v  -0.056157 -0.024013 -0.023461
v  -0.050288 -0.028946 -0.020165
v  -0.034944 -0.079951 -0.026764
v  -0.040562 -0.076153 -0.041123
v  -0.040557 -0.087680 -0.039483
v  -0.034591 -0.092500 -0.026234
v  -0.038575 -0.004990 -0.005171
v  -0.039930 -0.011311 -0.007609
v  -0.038890 -0.012825 -0.006240
v  0.079917 -0.019229 -0.103267
v  0.079500 -0.029689 -0.090259
v  0.019919 -0.107519 -0.002295
v  0.020382 -0.118075 -0.007795
v  0.080390 0.011428 -0.096584
v  0.079363 0.009671 -0.097961
v  0.080982 0.011072 -0.100166
v  0.081778 0.013083 -0.098930
v  0.040412 -0.008465 -0.127547
v  0.040186 0.002619 -0.132885
v  -0.004077 -0.080446 -0.113504
v  -0.003935 -0.068044 -0.112969
v  0.061360 0.034277 -0.126045
v  0.081234 0.012845 -0.095475
v  0.082728 0.014673 -0.097857
v  0.077781 -0.007375 -0.103815
v  0.079152 0.012894 -0.094677
v  0.078525 0.011275 -0.095993
v  0.083084 0.016214 -0.099735
v  0.082100 0.014360 -0.100891
v  0.081179 0.012138 -0.102032
v  0.077850 0.009442 -0.097350
v  -0.035402 -0.018339 -0.002154
v  -0.029126 -0.019505 0.007964
v  -0.029936 -0.003886 0.008875
v  -0.035239 -0.008649 -0.000857
v  0.081063 0.016837 -0.097717
v  0.078094 0.063607 -0.107242
v  0.070123 0.058388 -0.119131
v  0.073702 0.080505 -0.108178
v  0.064986 0.076181 -0.120996
v  0.052851 0.070947 -0.132648
v  0.057672 0.052122 -0.130743
v  0.084339 0.017704 -0.092999
v  0.087013 0.019863 -0.092877
v  0.088856 0.088071 -0.056374
v  0.089571 0.083555 -0.065399
v  0.087385 0.091924 -0.045269
v  0.083921 0.097517 -0.050924
v  0.084882 0.094506 -0.061984
v  0.084974 0.088402 -0.076292
v  0.084763 0.053695 -0.094006
v  0.083855 0.068335 -0.094017
v  0.088127 0.071710 -0.080673
v  -0.000006 0.026527 0.035764
v  -0.004009 0.027436 0.032756
v  -0.004663 0.017683 0.032958
v  -0.000602 0.018870 0.035138
v  0.079917 0.084677 -0.093528
v  0.078195 0.097730 -0.079497
v  0.073964 0.094803 -0.094095
v  0.070204 0.106281 -0.079090
v  0.064640 0.105011 -0.092889
v  0.056371 0.103077 -0.106718
v  0.067686 0.091526 -0.108153
v  0.080211 0.100256 -0.066275
v  0.079829 0.102543 -0.054741
v  0.074114 0.106733 -0.066621
v  0.075597 0.106749 -0.057467
v  0.090027 0.073054 -0.073341
v  0.072642 -0.034271 -0.081165
v  0.077375 -0.035091 -0.078016
v  0.043950 0.082723 0.032148
v  0.054003 0.083700 0.029324
v  0.050802 0.091194 0.024215
v  0.040437 0.090058 0.026941
v  0.085320 -0.024911 -0.072360
v  -0.052924 -0.011495 -0.100604
v  -0.056527 -0.000836 -0.103285
v  -0.043206 -0.003241 -0.119180
v  -0.039974 -0.013106 -0.115656
v  0.103440 -0.001827 -0.040650
v  0.102097 0.010811 -0.042848
v  0.099124 0.003587 -0.053391
v  0.098853 -0.011470 -0.051510
v  0.029216 0.107925 0.008308
v  0.039714 0.109448 0.005456
v  0.034614 0.114929 -0.003022
v  0.024147 0.113133 0.000222
v  0.012022 -0.002177 0.044126
v  0.010071 -0.008438 0.044996
v  0.015214 -0.008705 0.046352
v  0.016421 -0.002363 0.045043
v  0.100134 0.024544 -0.043715
v  0.097841 0.017593 -0.054350
v  0.097596 0.031899 -0.056365
v  0.100228 0.038836 -0.044317
v  0.037458 0.066177 -0.141529
v  0.039951 0.049368 -0.141428
v  -0.043770 -0.032276 -0.008475
v  -0.042233 -0.031515 -0.007930
v  0.040956 0.036566 -0.140349
v  0.099495 0.054104 -0.007140
v  0.028603 0.119777 -0.012985
v  0.018134 0.117794 -0.009254
v  -0.007290 0.088011 -0.137913
v  0.093256 0.076929 -0.014675
v  0.031088 0.086395 -0.137450
v  -0.015859 -0.066524 -0.107787
v  -0.015859 -0.066524 -0.107787
v  0.016551 0.092657 -0.136434
v  0.059276 0.087397 -0.120946
v  0.049474 0.082772 -0.131152
v  0.034869 0.077098 -0.140118
v  0.040672 0.020341 -0.138493
v  0.076501 0.105716 -0.044798
v  0.103153 0.020659 -0.017024
v  0.102280 0.016077 -0.017238
v  0.103894 0.025362 -0.015839
v  0.101804 0.011208 -0.014872
v  0.080427 0.002546 0.024078
v  0.080945 0.000630 0.025819
v  0.081641 -0.001840 0.027422
v  0.083123 -0.001776 0.022595
v  0.083550 -0.004627 0.024232
v  0.081176 -0.001816 0.033180
v  0.080408 0.000781 0.031028
v  0.081873 -0.004261 0.029188
v  0.082489 -0.007240 0.030588
v  0.082297 -0.004749 0.034843
v  0.084133 -0.018744 0.024961
v  0.084489 -0.014203 0.023679
v  0.083160 -0.010444 0.026620
v  0.086384 -0.007202 0.021399
v  0.085749 -0.010427 0.022733
v  0.083290 -0.007285 0.025553
v  0.086277 -0.004043 0.019417
v  0.084616 -0.010535 0.031839
v  0.087008 -0.013753 0.033761
v  0.084332 -0.008073 0.037016
v  0.084334 -0.006308 0.040755
v  0.082365 -0.002788 0.038552
v  0.082888 0.000316 0.020857
v  0.086446 -0.001670 0.017545
v  0.088742 -0.013628 0.020593
v  0.092378 -0.016884 0.018163
v  0.089930 -0.009506 0.018509
v  0.093316 -0.012122 0.016037
v  0.089913 -0.006073 0.016551
v  0.093508 -0.008358 0.013896
v  0.095375 -0.021057 0.015540
v  0.097757 -0.025207 0.012553
v  0.099208 -0.030999 0.008995
v  0.099690 -0.019961 0.009937
v  0.101574 -0.025484 0.005935
v  0.100489 -0.014489 0.007552
v  0.103096 -0.019892 0.003178
v  0.055854 0.008008 0.037550
v  0.054287 0.009900 0.035588
v  0.050500 0.006677 0.036544
v  0.051840 0.004656 0.038071
v  0.061315 0.056376 0.037232
v  0.059368 0.064186 0.035839
v  0.050712 0.064242 0.038976
v  0.053352 0.056562 0.040457
v  0.096848 -0.015492 0.013095
v  0.097325 -0.011251 0.010772
v  0.093546 -0.004763 0.011837
v  0.090074 -0.003048 0.014589
v  0.099529 -0.003766 0.004168
v  0.100350 -0.009109 0.005654
v  0.097087 -0.006775 0.008816
v  0.096556 -0.002442 0.007148
v  0.103617 -0.012868 0.001118
v  0.102641 -0.005483 0.000338
v  0.101170 -0.000664 -0.000322
v  0.091372 0.005475 0.009811
v  0.087432 0.006122 0.012958
v  0.093910 0.005247 0.007149
v  0.098564 0.000079 0.003174
v  0.096229 0.000703 0.005947
v  0.101228 0.006473 -0.007643
v  0.100527 0.005642 -0.004614
v  0.097728 0.005096 0.001779
v  0.096033 0.005091 0.004454
v  0.099273 0.005294 -0.001405
v  0.083436 0.007608 0.015247
v  0.079326 0.009535 0.017615
v  0.053837 -0.061276 -0.097770
v  0.080856 0.000389 0.036943
v  0.079602 0.003270 0.034863
v  0.078019 0.026182 0.020989
v  0.075597 0.023181 0.021295
v  0.074040 0.023511 0.029550
v  0.082538 0.030577 0.021123
v  0.076462 0.012061 0.019194
v  0.045911 0.004434 0.038112
v  0.047410 0.002466 0.038969
v  0.074801 0.014440 0.020037
v  0.073991 0.017040 0.020675
v  0.074086 0.020188 0.021199
v  0.047491 0.097780 0.018595
v  0.036941 0.096552 0.021277
v  -0.006466 0.126172 -0.052749
v  -0.002578 0.125943 -0.045162
v  0.006922 0.128705 -0.051073
v  -0.000350 0.128454 -0.061447
v  0.092860 0.044223 0.016730
v  0.090679 0.037756 0.019665
v  0.100226 0.059330 -0.025411
v  0.101324 0.051153 -0.031109
v  0.102827 0.040142 -0.006711
v  0.103852 0.035818 -0.010881
v  0.104153 0.030668 -0.014089
v  0.101313 0.039835 -0.034774
v  0.101425 0.027564 -0.035735
v  0.102829 0.015755 -0.035306
v  -0.063350 0.000467 -0.053438
v  -0.058073 -0.001799 -0.038683
v  -0.060936 0.010189 -0.037880
v  -0.067669 0.016956 -0.053011
v  0.087857 0.089397 -0.027596
v  0.005444 -0.100290 -0.004076
v  0.005689 -0.111505 -0.008680
v  -0.016001 -0.079429 -0.108063
v  -0.016001 -0.079429 -0.108063
v  0.084400 0.095391 -0.033405
v  0.090943 0.082992 -0.021286
v  0.072148 0.108746 -0.035948
v  0.076398 0.103901 -0.028778
v  0.080680 0.100866 -0.039104
v  0.080409 0.098391 -0.022771
v  0.084049 0.092424 -0.017145
v  0.087162 0.086147 -0.010820
v  0.089797 0.079832 -0.004620
v  0.091828 0.071555 0.001770
v  0.036970 -0.059718 -0.109089
v  0.077569 -0.011999 0.035777
v  0.077383 -0.012081 0.036330
v  0.009728 0.048546 0.038780
v  0.006263 0.053861 0.036291
v  0.001214 0.046986 0.034575
v  0.005154 0.042620 0.037417
v  0.077214 -0.012002 0.035682
v  0.077012 -0.012071 0.036369
v  0.077315 -0.012486 0.036272
v  0.078354 -0.020400 0.038200
v  0.077131 -0.018370 0.037908
v  0.077188 -0.014852 0.037235
v  0.083648 -0.031294 -0.074639
v  0.063853 0.043708 0.038612
v  0.057037 0.043932 0.041621
v  0.058589 0.037859 0.040733
v  0.064554 0.037415 0.038435
v  -0.000305 0.011129 0.035668
v  -0.004197 0.008293 0.034589
v  -0.001103 0.000032 0.038458
v  0.002589 0.003911 0.038781
v  0.008327 -0.000922 0.042656
v  0.005925 -0.006856 0.043405
v  0.047719 0.073342 0.036684
v  0.057117 0.073839 0.033455
v  -0.002300 0.037913 0.032963
v  0.001776 0.034973 0.036345
v  0.059360 0.011033 0.038014
v  0.057117 0.012579 0.035668
v  0.060570 0.016743 0.035982
v  0.066465 0.016039 0.038622
v  0.065915 0.020124 0.037161
v  0.061426 0.020333 0.036170
v  0.034413 0.056198 0.042983
v  0.031336 0.063097 0.041090
v  0.022125 0.061876 0.039985
v  0.025251 0.055301 0.042020
v  0.033317 0.102370 0.015199
v  0.043887 0.103719 0.012456
v  0.065080 0.029636 0.037089
v  0.060310 0.030027 0.037873
v  0.060808 0.026251 0.036612
v  0.065168 0.026241 0.036673
v  0.042703 0.000870 0.040700
v  0.041392 0.002994 0.040125
v  -0.038528 -0.032082 -0.017548
v  -0.039412 -0.033122 -0.015686
v  -0.037546 0.012726 -0.001194
v  -0.035676 0.002042 -0.000909
v  -0.030536 0.009652 0.008586
v  -0.031934 0.022544 0.007146
v  -0.035372 0.034423 0.005572
v  -0.038667 0.043286 0.001934
v  -0.043449 0.027531 -0.004114
v  -0.040203 0.021764 -0.001946
v  -0.043670 -0.084171 -0.052766
v  -0.042795 -0.073780 -0.056481
v  0.067757 0.012963 0.041011
v  0.069058 0.009979 0.043101
v  -0.049512 0.039088 -0.126428
v  -0.048480 0.025510 -0.125509
v  -0.061648 0.029036 -0.107988
v  -0.062230 0.041957 -0.108653
v  -0.059008 -0.010307 -0.052225
v  -0.054700 -0.010657 -0.038231
v  0.064206 -0.016433 0.047182
v  0.064768 -0.012200 0.042740
v  0.064720 -0.015114 0.043977
v  0.064694 -0.012300 0.042891
v  0.064533 -0.018770 0.049313
v  0.063094 -0.018739 0.051634
v  0.064012 -0.018931 0.043583
v  0.065037 -0.018944 0.043472
v  0.065396 -0.014891 0.043834
v  0.064574 -0.012206 0.043002
v  0.075461 -0.021824 0.050214
v  0.076427 -0.020332 0.052846
v  0.072566 -0.019060 0.053826
v  0.072808 -0.020587 0.051480
v  0.065991 -0.012195 0.043086
v  0.067388 -0.014696 0.043908
v  0.070327 -0.016585 0.048471
v  0.066870 -0.013878 0.045879
v  0.065776 -0.012322 0.043654
v  0.068323 -0.016200 0.048632
v  0.068280 -0.021762 0.046417
v  0.066324 -0.016233 0.048086
v  -0.050596 -0.019127 -0.017537
v  -0.024820 -0.067389 -0.009790
v  -0.031576 -0.052338 -0.013860
v  -0.033646 -0.052379 -0.018947
v  -0.029928 -0.068101 -0.017340
v  -0.054676 0.006642 -0.016647
v  -0.015744 0.053500 0.023464
v  -0.021229 0.065761 0.016437
v  -0.031772 0.054674 0.008657
v  -0.028990 0.043614 0.012520
v  -0.025509 0.075838 0.009910
v  -0.035558 0.065792 0.002942
v  -0.043262 0.054283 -0.004261
v  -0.052155 0.034396 -0.015413
v  0.023962 0.012813 0.043072
v  0.023845 0.012640 0.043333
v  0.025806 0.012352 0.043657
v  0.025641 0.012483 0.043512
v  0.024066 0.012977 0.042263
v  0.025785 0.012419 0.042570
v  0.022788 0.013421 0.041896
v  0.022602 0.013116 0.042640
v  0.022459 0.012897 0.042885
v  0.040845 0.013799 0.037115
v  0.039812 0.013882 0.037086
v  0.037479 0.013075 0.038527
v  0.038854 0.013154 0.039005
v  0.041272 0.013535 0.037415
v  0.039020 0.012849 0.039422
v  0.034614 0.015722 0.034017
v  0.035151 0.016070 0.033607
v  0.033837 0.015384 0.034533
v  0.041297 0.015874 0.034160
v  0.041209 0.016897 0.034439
v  0.035509 0.017138 0.033556
v  0.035511 0.016435 0.033318
v  0.040972 0.015239 0.034623
v  0.042621 0.015084 0.033920
v  0.043332 0.015533 0.033017
v  0.043450 0.016931 0.033421
v  0.034539 0.011809 0.042015
v  0.034327 0.011052 0.042150
v  0.038519 0.011448 0.040016
v  0.038843 0.012275 0.039769
v  0.034699 0.012267 0.041764
v  0.031254 0.012307 0.042765
v  0.031225 0.011828 0.042902
v  0.031018 0.011069 0.042955
v  0.041313 0.012361 0.038187
v  0.041270 0.013178 0.037882
v  0.030908 0.010406 0.042919
v  0.033991 0.010386 0.042180
v  0.038287 0.010799 0.040058
v  0.041402 0.011945 0.038186
v  0.043593 0.013144 0.036178
v  0.042599 0.013331 0.036865
v  0.033691 0.009707 0.041965
v  0.033781 0.008961 0.041805
v  0.038223 0.009372 0.039933
v  0.038118 0.010093 0.039939
v  0.030643 0.009742 0.042601
v  0.030574 0.008977 0.042373
v  0.020621 0.012965 0.041973
v  0.019737 0.013447 0.041498
v  0.019796 0.012889 0.041507
v  0.020327 0.012482 0.041723
v  0.016227 0.010337 0.040303
v  0.015001 0.011654 0.040066
v  0.012723 0.011007 0.039475
v  0.014367 0.009481 0.040145
v  0.005020 0.000950 0.040757
v  0.011841 0.006683 0.040698
v  0.009639 0.008171 0.039481
v  0.021480 0.012757 0.042398
v  0.022497 0.012499 0.042859
v  0.021483 0.013102 0.042405
v  0.020603 0.013431 0.041862
v  0.021156 0.012132 0.042151
v  0.022341 0.011884 0.042665
v  0.023834 0.012299 0.043313
v  0.023799 0.011607 0.043193
v  0.025821 0.011297 0.043530
v  0.025900 0.012005 0.043623
v  0.028281 0.011863 0.043494
v  0.027901 0.012300 0.043520
v  0.028072 0.011092 0.043448
v  0.025589 0.010699 0.043303
v  0.027936 0.010487 0.043314
v  0.023551 0.010981 0.042833
v  0.022019 0.011335 0.042300
v  0.020767 0.011680 0.041779
v  0.019795 0.012061 0.041441
v  0.019121 0.012676 0.041208
v  0.020102 0.011165 0.041470
v  0.019075 0.010465 0.041112
v  0.020840 0.010012 0.041603
v  0.021550 0.010798 0.041963
v  0.018906 0.011652 0.041147
v  0.017682 0.011065 0.040694
v  0.023154 0.010483 0.042424
v  0.022798 0.009765 0.042078
v  0.025085 0.009405 0.042538
v  0.025359 0.010118 0.042929
v  0.027938 0.009982 0.042795
v  0.027579 0.009157 0.042492
v  0.034617 0.012380 0.041461
v  0.034183 0.012513 0.040157
v  0.031041 0.012321 0.041346
v  0.030921 0.012342 0.042577
v  0.027675 0.012342 0.043384
v  0.028096 0.012241 0.042207
v  0.030489 0.012332 0.040252
v  0.030192 0.014594 0.036266
v  0.028914 0.014606 0.036607
v  0.027949 0.012372 0.040897
v  0.033309 0.012641 0.039139
v  0.031512 0.014775 0.035715
v  0.036105 0.013335 0.037765
v  0.032780 0.015039 0.035135
v  0.038515 0.013987 0.036709
v  0.034120 0.024582 0.042474
v  0.034127 0.025021 0.042684
v  0.029177 0.024437 0.044322
v  0.029624 0.023959 0.043924
v  -0.062189 0.001948 -0.087782
v  -0.065793 0.016988 -0.091345
v  -0.060089 0.013038 -0.106069
v  0.026456 0.021135 0.044681
v  0.026356 0.022336 0.044347
v  0.023379 0.021167 0.043929
v  0.023535 0.020054 0.044107
v  0.026549 0.019963 0.044869
v  0.023775 0.018847 0.044123
v  0.029930 0.021048 0.045160
v  0.029773 0.022321 0.044924
v  0.029620 0.023426 0.044320
v  0.022555 0.017860 0.040036
v  0.023551 0.018672 0.040341
v  0.023531 0.018397 0.041901
v  0.022006 0.017714 0.041294
v  0.021813 0.017288 0.039789
v  0.021131 0.017098 0.040806
v  0.025304 0.017287 0.036256
v  0.025766 0.017614 0.036368
v  0.026506 0.018008 0.036533
v  0.025029 0.016972 0.036209
v  0.024817 0.016612 0.036243
v  0.024851 0.016254 0.036285
v  0.025098 0.015967 0.036308
v  0.002716 -0.015327 0.041915
v  0.002189 -0.004191 0.041195
v  -0.001524 -0.012157 0.039349
v  0.021619 0.013413 0.042102
v  0.020728 0.013804 0.041588
v  0.021918 0.013745 0.041431
v  0.021159 0.014118 0.041052
v  0.019849 0.014330 0.041114
v  0.019530 0.014041 0.041314
v  0.024362 0.013152 0.041151
v  0.026787 0.014910 0.036883
v  0.026098 0.015178 0.036809
v  0.023284 0.013724 0.040837
v  0.025884 0.012557 0.041232
v  0.027707 0.014696 0.036835
v  0.025872 0.015502 0.036499
v  0.025443 0.015710 0.036396
v  0.022778 0.014126 0.040319
v  0.022011 0.014522 0.040033
v  0.020579 0.014651 0.040789
v  0.021005 0.015568 0.039696
v  0.021017 0.016123 0.039688
v  0.020166 0.015142 0.040697
v  0.020072 0.015856 0.040646
v  0.021353 0.015016 0.039791
v  0.021325 0.016703 0.039700
v  0.020467 0.016383 0.040717
v  0.019259 0.013559 0.041271
v  0.019102 0.014447 0.041093
v  0.018329 0.015345 0.040864
v  0.018619 0.013559 0.041006
v  0.017660 0.013629 0.040667
v  0.018120 0.012409 0.040837
v  0.017367 0.016134 0.040819
v  0.015802 0.016779 0.040363
v  0.016045 0.013661 0.040313
v  0.016758 0.012150 0.040432
v  0.019390 0.014965 0.040930
v  0.019121 0.015506 0.040831
v  0.018476 0.017227 0.041567
v  0.017726 0.018216 0.041440
v  0.019048 0.016486 0.041477
v  0.020130 0.017253 0.042210
v  0.019754 0.018121 0.042336
v  0.019239 0.019044 0.042213
v  0.021414 0.018953 0.043273
v  0.021066 0.020037 0.043122
v  0.021660 0.017949 0.043120
v  0.019593 0.016224 0.041197
v  0.020473 0.016877 0.041714
v  0.021820 0.017573 0.042433
v  0.023763 0.018132 0.043480
v  0.026471 0.019087 0.044300
v  0.026109 0.019202 0.042528
v  0.029828 0.020176 0.044547
v  0.029392 0.020006 0.042816
v  0.034101 0.026134 0.043580
v  0.028632 0.025747 0.045140
v  0.028785 0.020078 0.040835
v  0.029272 0.018622 0.036666
v  0.030822 0.018681 0.036291
v  0.031998 0.020124 0.040225
v  0.040833 0.017610 0.035305
v  0.040343 0.018369 0.036262
v  0.034985 0.017790 0.034434
v  0.035311 0.017477 0.033966
v  0.042736 0.017614 0.035062
v  0.041857 0.018459 0.036466
v  0.037414 0.019594 0.038281
v  0.033563 0.018344 0.035501
v  0.034436 0.018076 0.034944
v  0.038906 0.019013 0.037216
v  0.038957 0.020015 0.039534
v  0.040757 0.019170 0.037843
v  0.032994 0.020477 0.042313
v  -0.048213 0.074536 -0.121920
v  -0.049885 0.059164 -0.125461
v  -0.062129 0.060506 -0.107992
v  -0.060388 0.073849 -0.105301
v  0.026000 0.019482 0.040743
v  0.027769 0.018367 0.036697
v  -0.064922 0.074499 -0.093584
v  -0.062556 0.082895 -0.091248
v  -0.057919 0.085167 -0.100331
v  -0.040022 -0.060543 -0.077657
v  -0.035021 -0.071520 -0.088647
v  0.045184 0.017330 0.034947
v  0.043850 0.018494 0.036343
v  0.046053 0.016270 0.033914
v  0.046772 0.016102 0.033597
v  0.045935 0.017364 0.034616
v  0.044805 0.018670 0.035895
v  0.042196 0.019506 0.037955
v  0.043145 0.019858 0.037948
v  0.040586 0.021043 0.040584
v  0.040212 0.020321 0.040151
v  0.033800 0.020823 0.043674
v  0.034020 0.021708 0.044182
v  0.040946 0.021989 0.039982
v  0.043500 0.020491 0.037248
v  0.041328 0.023120 0.039160
v  0.043583 0.021608 0.036911
v  0.033813 0.024013 0.043038
v  0.033797 0.022938 0.043914
v  0.043584 0.014008 0.035672
v  0.045466 0.014349 0.034361
v  0.042930 0.014292 0.035771
v  0.044895 0.014656 0.034355
v  0.041497 0.014482 0.035646
v  0.045686 0.015155 0.033697
v  0.046507 0.014962 0.033517
v  0.040212 0.014597 0.035598
v  0.046418 0.017390 0.033869
v  0.047479 0.015953 0.033046
v  0.046968 0.018027 0.032666
v  0.047808 0.016104 0.032231
v  0.045254 0.020374 0.034424
v  0.045148 0.018999 0.034897
v  0.047291 0.014834 0.032972
v  0.046721 0.014287 0.033494
v  0.047763 0.014882 0.032416
v  0.047207 0.014224 0.033003
v  0.041617 0.011325 0.038062
v  0.041743 0.010785 0.037887
v  0.044267 0.012650 0.035834
v  0.044680 0.012342 0.035364
v  0.033921 0.008171 0.041531
v  0.030697 0.008099 0.042232
v  0.034267 0.007179 0.041277
v  0.030766 0.006979 0.042007
v  0.038974 0.007762 0.039635
v  0.038508 0.008631 0.039748
v  0.005220 -0.119083 -0.010046
v  0.017975 0.009569 0.040909
v  0.016592 0.008463 0.040956
v  0.018969 0.007795 0.041535
v  0.019978 0.009121 0.041397
v  0.022252 0.008784 0.041835
v  0.021700 0.007421 0.041968
v  0.024649 0.007180 0.042164
v  0.024952 0.008452 0.042202
v  0.027517 0.008290 0.042228
v  0.027408 0.006915 0.042241
v  0.013901 0.013302 0.039773
v  0.012820 0.016841 0.039460
v  0.011562 0.012812 0.038971
v  0.009796 0.016633 0.038631
v  0.048545 0.018971 0.032025
v  0.048642 0.016465 0.031492
v  0.050401 0.019772 0.032167
v  0.050266 0.017091 0.031640
v  0.049934 0.022700 0.033510
v  0.047596 0.021764 0.033427
v  0.048425 0.014998 0.031954
v  0.047689 0.013990 0.032482
v  0.049478 0.014923 0.031738
v  0.048596 0.013569 0.032459
v  0.042120 0.010132 0.037554
v  0.042624 0.009309 0.037388
v  0.045184 0.011910 0.035147
v  0.045970 0.011147 0.034888
v  -0.058442 -0.009301 -0.084869
v  -0.067352 0.032782 -0.092793
v  0.020792 0.030353 0.046044
v  0.023232 0.027321 0.045701
v  0.027516 0.028397 0.045967
v  0.025897 0.032145 0.046744
v  0.017334 0.034363 0.045578
v  0.013789 0.030687 0.044189
v  0.016902 0.027904 0.044817
v  0.019616 0.025571 0.044922
v  0.012547 0.019910 0.040385
v  0.014929 0.019675 0.040939
v  0.015588 0.021594 0.042093
v  0.013279 0.022397 0.041721
v  0.009611 0.020008 0.039591
v  0.010204 0.023328 0.041167
v  0.014840 0.024893 0.043249
v  0.017279 0.023466 0.043457
v  0.011728 0.026610 0.042848
v  0.044015 0.027963 0.039397
v  0.042974 0.026196 0.038643
v  0.044944 0.023845 0.036152
v  0.046443 0.024617 0.036006
v  0.045659 0.029427 0.039410
v  0.048666 0.025605 0.035629
v  0.033149 0.032526 0.045942
v  0.033577 0.029094 0.044869
v  0.041412 0.023952 0.038600
v  0.043059 0.022742 0.037467
v  0.041779 0.024208 0.038253
v  0.043607 0.022667 0.036844
v  -0.060976 0.092912 -0.071204
v  -0.056414 0.098237 -0.059125
v  -0.045240 0.109409 -0.072566
v  -0.050845 0.102594 -0.083837
v  0.026511 0.022856 0.044411
v  0.025809 0.023486 0.044448
v  0.022691 0.022436 0.043969
v  0.023418 0.021842 0.044026
v  0.020839 0.020836 0.043199
v  0.020084 0.021420 0.043190
v  0.018239 0.020358 0.042233
v  0.018937 0.019958 0.042294
v  0.017754 0.019198 0.041573
v  0.016965 0.019241 0.041320
v  0.043633 0.023722 0.037133
v  0.042039 0.024863 0.038522
v  -0.067043 0.062782 -0.094305
v  0.018127 0.069027 0.036858
v  0.008749 0.065604 0.034539
v  0.013244 0.059380 0.038149
v  0.025050 0.024836 0.045160
v  0.021644 0.023619 0.044500
v  0.019029 0.022285 0.043407
v  0.017251 0.020976 0.042323
v  0.016305 0.019988 0.041535
v  -0.038599 -0.015617 -0.006540
v  -0.039626 -0.015254 -0.008025
v  -0.058526 -0.004037 -0.026746
v  -0.056363 0.002465 -0.026440
v  -0.054494 0.005834 -0.025436
v  -0.050880 0.012404 -0.012281
v  -0.053653 0.015636 -0.013916
v  -0.057990 -0.022568 -0.019965
v  -0.053354 -0.024473 -0.018184
v  -0.058074 -0.021622 -0.020410
v  -0.063736 0.011828 -0.018522
v  -0.064834 0.010287 -0.019500
v  -0.065504 0.009934 -0.018679
v  -0.048046 -0.030950 -0.080352
v  -0.054589 -0.018239 -0.083045
v  -0.065764 0.008627 -0.020585
v  -0.042169 -0.010405 -0.009133
v  -0.059511 -0.004539 -0.026492
v  -0.061707 -0.005071 -0.027354
v  -0.062631 -0.010151 -0.027398
v  -0.061683 -0.009653 -0.027102
v  -0.061303 -0.015311 -0.026353
v  -0.060530 -0.014516 -0.026152
v  -0.060584 -0.018757 -0.021833
v  -0.062021 -0.014377 -0.024089
v  -0.055192 0.016099 -0.014615
v  -0.054856 0.015223 -0.013901
v  -0.056039 0.016132 -0.014546
v  -0.043539 -0.011415 -0.010011
v  -0.049508 0.010271 -0.013198
v  -0.048326 0.008502 -0.011845
v  -0.048281 0.008959 -0.012455
v  -0.043734 -0.006134 -0.014493
v  -0.043615 -0.005322 -0.014736
v  -0.044556 -0.007701 -0.013538
v  -0.045006 -0.009107 -0.010874
v  -0.041140 -0.016313 -0.015833
v  -0.041611 -0.016880 -0.017355
v  -0.040820 -0.017659 -0.017130
v  -0.059501 0.021672 -0.015021
v  -0.048279 0.007506 -0.011393
v  -0.049438 0.008488 -0.011113
v  -0.050201 0.009540 -0.011027
v  -0.056733 0.015476 -0.014213
v  -0.050688 0.010445 -0.011012
v  -0.049945 0.010508 -0.011697
v  -0.051433 0.012108 -0.011778
v  -0.049566 0.010632 -0.012393
v  -0.052249 -0.013182 -0.025427
v  -0.050380 -0.013341 -0.024172
v  -0.039912 0.004330 -0.005157
v  -0.041441 0.002735 -0.007085
v  -0.051446 -0.025212 -0.016653
v  -0.051520 0.011295 -0.020081
v  -0.053136 0.014336 -0.021057
v  -0.064051 -0.010229 -0.024080
v  -0.053735 -0.016477 -0.019200
v  -0.051324 -0.017458 -0.019138
v  -0.056449 -0.015208 -0.019267
v  -0.058702 -0.012638 -0.019619
v  -0.047827 0.001898 -0.016833
v  -0.057963 0.006244 -0.017456
v  -0.058775 0.004242 -0.018388
v  -0.056249 0.006381 -0.016988
v  -0.053105 0.017336 -0.018882
v  -0.052214 0.016950 -0.016749
v  -0.050486 0.014057 -0.019724
v  -0.051953 0.015121 -0.016612
v  -0.042582 -0.013070 -0.014508
v  -0.042658 -0.018331 -0.018929
v  -0.044928 -0.016936 -0.019267
v  -0.044143 -0.018902 -0.019285
v  -0.046018 -0.017848 -0.020161
v  -0.046923 -0.016573 -0.021413
v  -0.047918 -0.014850 -0.022251
v  -0.049073 -0.012971 -0.021590
v  -0.042686 -0.009023 -0.015029
v  -0.047203 0.016960 -0.009225
v  -0.042310 -0.010792 -0.015329
v  -0.043856 -0.007457 -0.014140
v  -0.043640 -0.009193 -0.013914
v  -0.043122 -0.011065 -0.014012
v  -0.047192 -0.020644 -0.014446
v  -0.048468 -0.019041 -0.016595
v  -0.045747 -0.020068 -0.014426
v  -0.049652 -0.018378 -0.018429
v  -0.044595 -0.019747 -0.014567
v  -0.052487 0.012022 -0.018688
v  -0.052983 0.014790 -0.017990
v  -0.037828 -0.012583 -0.004759
v  -0.005929 -0.006687 0.036053
v  -0.009770 0.002999 0.032053
v  0.038456 -0.058022 0.032213
v  0.039301 -0.061102 0.031786
v  0.007531 -0.017972 0.044104
v  0.013678 -0.020701 0.046085
v  0.045095 -0.053060 0.042353
v  0.046013 -0.054252 0.042028
v  0.047040 -0.053678 0.041959
v  0.046013 -0.053071 0.042075
v  0.047058 -0.053205 0.039407
v  0.045915 -0.053082 0.039236
v  0.046488 -0.053082 0.040508
v  0.047652 -0.053303 0.040721
v  0.041800 -0.035177 0.046067
v  0.037748 -0.031317 0.046854
v  0.034755 -0.036323 0.046665
v  0.038490 -0.039637 0.046094
v  0.040891 -0.054895 0.033982
v  0.041245 -0.053041 0.034496
v  0.043342 -0.052710 0.036536
v  0.043094 -0.053841 0.036084
v  0.040949 -0.056178 0.033748
v  0.043180 -0.054434 0.035929
v  0.038464 -0.056049 0.032482
v  0.038813 -0.053259 0.033004
v  0.034889 -0.059833 0.041543
v  0.039041 -0.057498 0.041935
v  0.038456 -0.053779 0.043032
v  0.034412 -0.054627 0.043052
v  0.044292 -0.022410 0.044797
v  0.040910 -0.026525 0.046118
v  0.043843 -0.030777 0.045341
v  0.047190 -0.025869 0.043691
v  0.050558 -0.021136 0.042838
v  0.047667 -0.017882 0.043424
v  0.053745 -0.013131 0.045334
v  0.053869 -0.016805 0.046482
v  0.056335 -0.018023 0.048739
v  0.055320 -0.015654 0.048184
v  0.057128 -0.021868 0.046343
v  0.053165 -0.019008 0.045136
v  0.060877 -0.023315 0.044629
v  0.061625 -0.022903 0.045344
v  0.056070 -0.022267 0.045183
v  0.054838 -0.023152 0.043709
v  0.059800 -0.023898 0.043920
v  0.062676 -0.022299 0.045732
v  0.060199 -0.021841 0.047293
v  0.059628 -0.019751 0.049379
v  0.072230 -0.021441 0.049322
v  0.072161 -0.020067 0.051557
v  0.060891 0.008889 0.040311
v  0.056945 0.005687 0.039583
v  0.061817 0.006229 0.042248
v  0.057952 0.003425 0.041309
v  0.061935 -0.017752 0.051878
v  0.059802 -0.015854 0.051684
v  0.065862 -0.016858 0.053646
v  0.064929 -0.014251 0.054015
v  0.065527 0.023360 0.036625
v  0.072048 -0.024801 0.044819
v  0.071477 -0.025393 0.044593
v  0.073188 -0.023640 0.046009
v  -0.042046 0.096470 -0.110172
v  -0.036598 0.108277 -0.099951
v  -0.023871 0.120312 -0.080086
v  -0.015590 0.124025 -0.070406
v  0.069733 -0.041686 0.047240
v  0.069759 -0.038863 0.047264
v  0.055538 -0.047015 0.036231
v  0.061045 -0.046753 0.034874
v  0.062655 -0.047608 0.037343
v  0.057267 -0.048192 0.038786
v  0.053175 -0.048820 0.038945
v  0.051143 -0.047741 0.036445
v  0.054099 -0.045781 0.034344
v  0.059485 -0.045410 0.032704
v  0.060323 -0.049195 0.043209
v  0.065876 -0.048474 0.042344
v  0.067463 -0.046997 0.044715
v  0.061532 -0.047671 0.045146
v  0.052028 -0.027264 0.043806
v  0.056962 -0.026720 0.043883
v  0.062341 -0.026932 0.044648
v  0.066571 -0.027369 0.044989
v  0.067353 -0.025474 0.044800
v  0.063949 -0.024737 0.044439
v  0.067883 -0.024671 0.044831
v  0.064723 -0.024061 0.044533
v  0.065207 -0.023499 0.044871
v  0.064945 -0.022636 0.045357
v  0.067061 -0.022713 0.045516
v  0.066571 -0.021978 0.045679
v  0.068219 -0.024021 0.045091
v  0.072565 0.000412 0.049819
v  0.071422 0.003746 0.047317
v  0.064338 -0.037480 0.047926
v  0.069252 -0.036670 0.046688
v  0.069661 -0.032470 0.045142
v  0.065036 -0.032678 0.046319
v  0.059682 -0.033513 0.046725
v  0.058686 -0.039340 0.048189
v  0.070945 -0.026168 0.044477
v  0.064301 -0.039935 0.048241
v  0.063925 -0.042538 0.047919
v  0.058437 -0.041937 0.048301
v  0.058058 -0.044389 0.047711
v  0.053195 -0.042110 0.047531
v  0.053672 -0.035489 0.046853
v  0.047345 -0.038015 0.046445
v  0.048531 -0.045388 0.046244
v  0.039318 -0.050269 0.044134
v  0.043575 -0.053209 0.042592
v  0.043969 -0.051612 0.043163
v  0.044612 -0.049956 0.043995
v  0.040342 -0.046611 0.045219
v  0.035588 -0.049522 0.044440
v  0.036684 -0.044434 0.045550
v  0.042613 -0.042390 0.046008
v  0.045927 -0.047895 0.045000
v  0.045244 -0.051788 0.042996
v  0.046011 -0.052335 0.042401
v  0.045912 -0.050772 0.043661
v  0.046574 -0.051552 0.042991
v  0.046896 -0.049579 0.044474
v  0.047520 -0.050727 0.043667
v  0.049268 -0.049473 0.044611
v  0.048909 -0.047755 0.045600
v  0.047238 -0.051916 0.040544
v  0.048726 -0.051467 0.040988
v  0.049429 -0.051348 0.042162
v  0.047792 -0.051830 0.041449
v  0.046140 -0.052465 0.039940
v  0.046879 -0.052293 0.041016
v  0.044223 -0.051827 0.037039
v  0.045368 -0.050943 0.037429
v  0.045414 -0.052782 0.039480
v  0.045933 -0.052826 0.040426
v  0.046677 -0.052766 0.041644
v  0.046959 -0.052063 0.042038
v  0.047860 -0.051476 0.042591
v  0.049486 -0.050702 0.043374
v  0.057581 -0.046623 0.046433
v  0.053337 -0.046782 0.046451
v  0.053131 -0.048677 0.045028
v  0.056858 -0.048873 0.044633
v  0.052850 -0.050136 0.043478
v  0.049346 -0.046621 0.034708
v  0.055893 -0.049918 0.042671
v  0.046702 -0.048935 0.035903
v  0.044578 -0.047987 0.034417
v  0.048971 -0.049785 0.038241
v  0.042172 -0.051659 0.035004
v  0.043218 -0.050324 0.035266
v  0.039614 -0.051222 0.033422
v  0.040957 -0.049544 0.033882
v  0.052025 -0.050699 0.041912
v  0.053254 -0.044706 0.047305
v  0.062903 -0.045072 0.046713
v  0.068664 -0.044328 0.046152
v  0.075138 -0.007197 0.055199
v  0.073694 -0.003046 0.052478
v  0.047695 -0.053407 0.041606
v  0.030680 -0.127157 -0.011483
v  0.044493 -0.054958 0.042109
v  0.041484 -0.058525 0.033225
v  0.043987 -0.055699 0.035685
v  0.037431 -0.065462 0.040237
v  0.042843 -0.069699 0.039909
v  0.045399 -0.065468 0.040978
v  0.040982 -0.061986 0.041086
v  0.049534 -0.059679 0.042451
v  0.046357 -0.056858 0.042179
v  0.047937 -0.055788 0.042416
v  0.051229 -0.057553 0.043005
v  0.052336 -0.055823 0.043118
v  0.049021 -0.054691 0.042331
v  0.053315 -0.053591 0.041072
v  0.058103 -0.053504 0.040696
v  0.056056 -0.056906 0.036086
v  0.051214 -0.056893 0.036568
v  0.045844 -0.056087 0.036082
v  0.048750 -0.053330 0.039756
v  0.053353 -0.053785 0.042156
v  0.049573 -0.053585 0.041150
v  0.058247 -0.053711 0.042375
v  0.018993 -0.124108 -0.010157
v  0.049395 -0.053915 0.041927
v  0.052961 -0.054357 0.042655
v  0.058024 -0.054771 0.043353
v  0.057438 -0.056861 0.044114
v  0.056593 -0.059247 0.044301
v  0.055261 -0.062172 0.043487
v  0.051302 -0.069513 0.040694
v  0.049221 -0.074500 0.039476
v  0.058351 -0.071533 0.039945
v  0.056836 -0.076902 0.039191
v  0.061380 -0.063862 0.043874
v  0.062477 -0.060287 0.045217
v  0.062998 -0.057456 0.044732
v  0.063164 -0.055136 0.043682
v  0.070163 -0.027683 0.044433
v  0.068812 -0.022661 0.046006
v  0.070879 -0.022255 0.047261
v  0.070645 -0.018630 0.053363
v  0.074346 -0.022760 0.047888
v  0.068064 -0.017099 0.054341
v  0.070304 -0.017561 0.054604
v  0.070168 -0.015968 0.055613
v  0.068531 -0.015355 0.055318
v  0.072322 -0.018068 0.054762
v  0.071520 -0.016138 0.055931
v  0.076800 -0.019155 0.054181
v  0.077091 -0.015872 0.056201
v  0.076177 -0.010706 0.056518
v  0.076941 -0.013805 0.056741
v  0.070196 -0.014408 0.056195
v  0.068279 -0.012602 0.055563
v  0.066929 -0.009573 0.054175
v  0.063099 -0.011464 0.052527
v  0.014431 0.127310 -0.037054
v  0.063302 -0.053772 0.042444
v  0.063242 -0.053392 0.040254
v  0.052579 -0.065686 0.029728
v  0.053832 -0.061909 0.031948
v  0.058817 -0.062211 0.030654
v  0.057595 -0.065947 0.028684
v  0.067323 -0.053067 0.039301
v  0.064508 -0.056883 0.034040
v  0.060857 -0.056834 0.035129
v  0.067967 -0.053600 0.041180
v  0.068211 -0.055136 0.042533
v  0.068392 -0.057645 0.043797
v  0.062323 -0.062479 0.029463
v  0.061156 -0.066344 0.027403
v  0.043389 -0.060058 0.033132
v  0.041983 -0.063606 0.031326
v  0.048636 -0.061593 0.032824
v  0.047185 -0.064799 0.031040
v  0.064336 -0.077230 0.038265
v  0.065225 -0.072052 0.038477
v  0.067907 -0.060681 0.044187
v  0.067307 -0.064562 0.042841
v  -0.030849 0.115523 -0.090355
v  -0.012783 0.072608 0.020422
v  -0.007566 0.065288 0.026219
v  0.002177 0.072380 0.029300
v  -0.003252 0.078331 0.024068
v  -0.017335 0.080597 0.013888
v  -0.007538 0.085238 0.017789
v  -0.021086 0.120100 -0.039184
v  -0.014391 0.118808 -0.026590
v  0.004125 0.124712 -0.032583
v  -0.023684 0.120789 -0.053846
v  -0.039218 0.112947 -0.055910
v  -0.031281 0.114724 -0.037942
v  -0.023498 0.113856 -0.024767
v  -0.035737 -0.083112 -0.090014
v  -0.067743 0.045421 -0.093660
v  -0.015457 0.112234 -0.013517
v  -0.006919 0.116383 -0.015062
v  -0.000317 0.112788 -0.004683
v  -0.008494 0.109448 -0.004112
v  0.011474 0.121711 -0.020265
v  0.021994 0.123932 -0.024150
v  -0.046530 0.009643 -0.122950
v  0.070206 0.007063 0.045045
v  -0.044665 -0.048151 -0.064117
v  -0.043563 -0.049430 -0.044346
v  -0.034806 -0.102451 -0.026296
v  -0.045103 -0.027564 -0.021730
v  -0.045170 -0.026806 -0.022436
v  -0.036054 -0.065661 -0.027503
v  -0.037239 -0.051540 -0.027342
v  -0.042576 -0.046382 -0.078621
v  -0.057628 -0.016015 -0.026749
v  -0.058704 -0.012265 -0.027053
v  -0.058544 -0.016969 -0.025920
v  -0.059695 -0.012936 -0.026484
v  -0.059909 -0.008587 -0.026763
v  -0.058683 -0.018776 -0.025017
v  -0.051352 0.016639 -0.015421
v  -0.052091 0.018052 -0.013672
v  -0.042453 -0.029309 -0.018389
v  -0.043224 -0.028565 -0.019861
v  -0.042285 -0.029003 -0.019482
v  -0.041484 -0.029528 -0.018397
v  -0.041430 -0.030257 -0.017158
v  -0.040727 -0.030166 -0.017565
v  -0.046943 0.033243 -0.008434
v  -0.041191 -0.029213 -0.021303
v  -0.044276 -0.027335 -0.022425
v  -0.043507 -0.028012 -0.021153
v  -0.042412 -0.028958 -0.020191
v  -0.040886 -0.029910 -0.018771
v  -0.040024 -0.030927 -0.017380
v  -0.040343 -0.031556 -0.016582
v  -0.059110 -0.019916 -0.025208
v  -0.047422 -0.030363 -0.018737
v  -0.053334 0.010808 -0.021140
v  -0.054127 0.009053 -0.022661
v  -0.056687 0.010603 -0.022811
v  -0.055844 0.012556 -0.021483
v  -0.060981 -0.009053 -0.069267
v  -0.065275 0.002086 -0.072152
v  -0.026557 -0.080673 -0.100472
v  -0.026170 -0.068211 -0.100094
v  -0.069161 0.033548 -0.050802
v  -0.052638 0.012197 -0.019888
v  -0.055220 0.014108 -0.020113
v  -0.058954 -0.008052 -0.027079
v  -0.050991 0.012200 -0.021055
v  -0.051972 0.010609 -0.022177
v  -0.056968 0.015675 -0.020919
v  -0.057608 0.013867 -0.022386
v  -0.058629 0.011607 -0.023629
v  -0.052960 0.008800 -0.023412
v  -0.054023 0.015905 -0.020508
v  -0.060484 0.062699 -0.027136
v  -0.066990 0.057583 -0.039851
v  -0.059024 0.079685 -0.031336
v  -0.065930 0.075441 -0.045194
v  -0.070184 0.070310 -0.061398
v  -0.071150 0.051456 -0.056246
v  -0.051551 0.016840 -0.015735
v  -0.053081 0.019125 -0.013763
v  -0.021549 0.087345 0.007529
v  -0.029728 0.082744 0.003643
v  -0.011174 0.091335 0.011781
v  -0.014294 0.096877 0.005986
v  -0.024373 0.093760 0.001312
v  -0.036868 0.087565 -0.005741
v  -0.052306 0.052621 -0.014975
v  -0.051793 0.067375 -0.015623
v  -0.042310 0.070767 -0.005275
v  -0.049327 0.083834 -0.018686
v  -0.036229 0.096968 -0.013162
v  -0.046815 0.094058 -0.024075
v  -0.031886 0.105608 -0.019854
v  -0.041126 0.104339 -0.031531
v  -0.049071 0.102470 -0.045552
v  -0.055935 0.090788 -0.036500
v  -0.025738 0.099520 -0.004846
v  -0.015529 0.101875 0.000559
v  -0.022986 0.106053 -0.010278
v  -0.015766 0.106082 -0.004449
v  -0.036889 0.072163 0.000048
v  -0.036059 -0.036137 -0.019236
v  -0.035213 -0.036924 -0.013702
v  -0.034908 -0.026834 -0.004130
v  -0.015631 -0.003743 0.027342
v  -0.016877 0.009139 0.025253
v  -0.024977 0.001440 0.017479
v  -0.022938 -0.013600 0.017984
v  -0.016529 0.022967 0.023219
v  -0.024914 0.015885 0.015958
v  -0.026054 0.030319 0.014324
v  -0.016702 0.037440 0.022685
v  -0.070424 0.065659 -0.079037
v  -0.071765 0.048860 -0.076771
v  -0.071491 0.036014 -0.075360
v  0.016299 0.053514 0.040276
v  -0.045144 0.087873 -0.115965
v  0.012652 0.076424 0.031825
v  -0.063498 0.085986 -0.082592
v  -0.055469 0.092383 -0.094662
v  -0.062950 0.086727 -0.050104
v  -0.067084 0.082211 -0.063586
v  -0.067771 0.076612 -0.080616
v  -0.070030 0.019787 -0.074640
v  -0.005242 0.105149 0.002617
v  0.005925 0.019990 0.038315
v  0.006191 0.015300 0.037360
v  0.006427 0.024835 0.039658
v  0.008262 0.010295 0.038376
v  0.052923 0.002629 0.039574
v  0.054209 0.000699 0.040892
v  0.055184 -0.001783 0.042318
v  0.050270 -0.001756 0.041041
v  0.051412 -0.004635 0.042191
v  0.060501 -0.001722 0.044938
v  0.059013 0.000865 0.043131
v  0.056555 -0.004183 0.043517
v  0.057338 -0.007131 0.044949
v  0.061284 -0.004660 0.046816
v  0.051524 -0.018953 0.043714
v  0.050126 -0.014278 0.043139
v  0.053408 -0.010350 0.043556
v  0.047486 -0.007301 0.043008
v  0.048817 -0.010541 0.043283
v  0.052575 -0.007258 0.042827
v  0.045925 -0.004060 0.042056
v  0.057388 -0.010467 0.047438
v  0.058166 -0.013778 0.050262
v  0.062232 -0.008045 0.049618
v  0.065658 -0.006313 0.051353
v  0.064678 -0.002761 0.048595
v  0.048883 0.000363 0.040026
v  0.044209 -0.001630 0.041484
v  0.045406 -0.013933 0.044661
v  0.041426 -0.017444 0.046514
v  0.043122 -0.009742 0.044580
v  0.039225 -0.012554 0.046269
v  0.041572 -0.006149 0.043818
v  0.037346 -0.008666 0.045462
v  0.037689 -0.021835 0.047753
v  0.034000 -0.026286 0.048259
v  0.030454 -0.032352 0.047716
v  0.030792 -0.020940 0.048700
v  0.026481 -0.026889 0.048353
v  0.028298 -0.015379 0.048276
v  0.023225 -0.021156 0.048352
v  0.034931 -0.016178 0.047835
v  0.032681 -0.011826 0.047155
v  0.035611 -0.004969 0.044461
v  0.039829 -0.003067 0.043072
v  0.025847 -0.004399 0.045663
v  0.026758 -0.009837 0.047169
v  0.031136 -0.007240 0.045860
v  0.029944 -0.002858 0.044505
v  0.021153 -0.013997 0.047776
v  0.020988 -0.006348 0.046536
v  0.021127 -0.001359 0.044963
v  0.035068 0.005382 0.041291
v  0.039682 0.006094 0.039611
v  0.031429 0.004972 0.042169
v  0.025519 -0.000436 0.044282
v  0.029110 0.000298 0.043592
v  0.014628 0.005598 0.041739
v  0.017752 0.004939 0.042471
v  0.024780 0.004653 0.042884
v  0.027976 0.004716 0.042624
v  0.021221 0.004761 0.042849
v  0.043714 0.007632 0.037360
v  0.047736 0.009562 0.035077
v  -0.041183 -0.062740 -0.043017
v  0.064090 0.000440 0.046436
v  0.062900 0.003324 0.044291
v  0.051653 0.026025 0.035566
v  0.053165 0.023041 0.033768
v  0.061479 0.023418 0.036165
v  0.049497 0.030506 0.039381
v  0.050558 0.012113 0.033437
v  0.052118 0.014509 0.032494
v  0.053175 0.017009 0.032229
v  0.053712 0.020092 0.032548
v  0.040422 0.044114 0.045898
v  0.044063 0.037845 0.045312
v  -0.000027 0.058533 0.032155
v  -0.005487 0.050158 0.030191
v  0.014930 0.039666 0.043640
v  0.010670 0.035354 0.042434
v  0.007688 0.030162 0.041007
v  -0.008787 0.038733 0.028386
v  -0.009966 0.026210 0.028301
v  -0.010572 0.014316 0.029627
v  0.003886 0.089084 0.020949
v  0.000627 0.094955 0.015076
v  0.007783 0.082844 0.026735
v  0.004615 0.108290 0.003225
v  0.008690 0.103515 0.010441
v  -0.002418 0.100351 0.009048
v  0.011867 0.098105 0.016868
v  0.014899 0.092274 0.022782
v  0.018814 0.086153 0.028541
v  0.023212 0.079539 0.033813
v  0.027871 0.071129 0.038342
v  -0.042829 -0.060706 -0.063009
v  0.064851 -0.012004 0.042950
v  0.065453 -0.012095 0.043141
v  0.064989 -0.012008 0.042657
v  0.065676 -0.012073 0.042862
v  0.065397 -0.012490 0.043108
v  0.066540 -0.020355 0.045067
v  0.066922 -0.018332 0.043864
v  0.066315 -0.014808 0.043545
v  -0.035492 -0.033116 -0.006616
v  -0.041133 -0.097457 -0.039364
v  -0.044678 -0.093336 -0.052543
v  0.057725 -0.096150 -0.096316
v  0.047705 -0.092152 -0.105789
v  0.054580 -0.129045 -0.032800
v  0.062084 -0.124932 -0.043907
v  0.061959 -0.133123 -0.045586
v  0.053960 -0.136729 -0.034522
v  0.057726 -0.113489 -0.103291
v  0.057955 -0.104971 -0.098574
v  0.047589 -0.100950 -0.108928
v  0.047724 -0.109342 -0.114964
v  0.035245 -0.098443 -0.115943
v  0.035034 -0.107793 -0.122588
v  0.020887 -0.107771 -0.125674
v  0.022025 -0.096725 -0.119241
v  0.008294 -0.095702 -0.119256
v  0.006871 -0.107946 -0.124746
v  0.067758 -0.119716 -0.057242
v  0.069302 -0.114157 -0.071776
v  0.069070 -0.123188 -0.074619
v  0.067555 -0.128352 -0.059361
v  0.066355 -0.109302 -0.085976
v  0.065685 -0.118187 -0.089805
v  -0.006562 -0.107972 -0.120491
v  -0.004798 -0.094621 -0.115653
v  0.053395 -0.155736 -0.038259
v  0.042705 -0.158048 -0.030684
v  0.044317 -0.148002 -0.028312
v  0.053494 -0.145984 -0.036556
v  0.070604 -0.158109 -0.069503
v  0.076063 -0.151155 -0.087424
v  0.083115 -0.159674 -0.088270
v  0.075803 -0.167831 -0.069405
v  0.095858 -0.156447 -0.109283
v  0.093359 -0.144471 -0.132179
v  0.062427 -0.162646 -0.052543
v  0.066286 -0.172338 -0.050893
v  -0.022609 -0.120144 -0.120183
v  -0.022609 -0.120144 -0.120183
v  -0.019104 -0.107780 -0.113858
v  -0.019104 -0.107780 -0.113858
v  0.083517 -0.139299 -0.129090
v  0.070968 -0.134594 -0.149237
v  0.082259 -0.140117 -0.154320
v  0.015481 -0.154895 -0.162544
v  0.014244 -0.161641 -0.165309
v  0.028450 -0.156902 -0.170760
v  0.026696 -0.150656 -0.165407
v  0.055732 -0.123051 -0.133912
v  0.038839 -0.123219 -0.141366
v  0.042958 -0.130449 -0.150343
v  0.062489 -0.128763 -0.142659
v  0.004493 -0.139304 -0.147586
v  0.023126 -0.134363 -0.151081
v  0.020935 -0.126425 -0.143155
v  0.004005 -0.129131 -0.140494
v  0.074972 -0.134441 -0.124615
v  0.066851 -0.128990 -0.117976
v  0.077218 -0.143420 -0.105773
v  0.070589 -0.136259 -0.100922
v  0.071570 -0.142478 -0.083958
v  0.036163 -0.116170 -0.131648
v  0.020497 -0.117502 -0.134180
v  0.005071 -0.119022 -0.132447
v  -0.009298 -0.119973 -0.127325
v  -0.031940 -0.168152 -0.137373
v  -0.031940 -0.168152 -0.137373
v  -0.030810 -0.155932 -0.135271
v  -0.030810 -0.155932 -0.135271
v  -0.012553 -0.142157 -0.139861
v  -0.011477 -0.131120 -0.134428
v  0.085371 -0.149736 -0.108546
v  0.066438 -0.127566 -0.095295
v  0.069734 -0.132819 -0.079161
v  0.086370 -0.175274 -0.063773
v  0.094192 -0.168333 -0.086124
v  0.074792 -0.180277 -0.044426
v  0.062392 -0.184255 -0.030077
v  -0.013222 -0.154663 -0.144206
v  -0.015041 -0.166626 -0.146280
v  0.001025 -0.163784 -0.156517
v  0.005961 -0.151237 -0.155067
v  0.068354 -0.148126 -0.066571
v  0.062180 -0.152639 -0.050635
v  0.053422 -0.165536 -0.038880
v  0.050354 -0.116893 -0.123535
v  0.060300 -0.121693 -0.110104
v  0.067758 -0.137937 -0.063009
v  0.061606 -0.142731 -0.048370
v  0.045658 -0.139129 -0.025774
v  0.056436 -0.175156 -0.036071
v  0.062162 -0.143672 -0.167187
v  0.044322 -0.150629 -0.171934
v  0.039080 -0.147043 -0.166687
v  -0.029017 -0.143042 -0.131617
v  -0.029017 -0.143042 -0.131617
v  0.034905 -0.148775 -0.022359
v  0.032908 -0.158749 -0.025085
v  0.037148 -0.139837 -0.019509
v  0.047920 -0.138845 -0.160416
v  0.025263 -0.143395 -0.159008
v  0.039016 -0.133057 -0.016979
v  -0.016840 -0.094009 -0.109678
v  -0.016840 -0.094009 -0.109678
v  0.031511 -0.169736 -0.027365
v  0.033264 -0.181366 -0.024675
v  0.038366 -0.190853 -0.016502
v  0.047196 -0.132042 -0.023631
v  0.044619 -0.179202 -0.029551
v  0.042203 -0.168473 -0.032142
v  0.049969 -0.188821 -0.022674
v  -0.026216 -0.131562 -0.126680
v  -0.026216 -0.131562 -0.126680
v  0.017805 -0.129679 -0.011648
v  0.004274 -0.125778 -0.010820
v  0.002502 -0.133871 -0.011463
v  0.016120 -0.137171 -0.012782
v  -0.047030 -0.114771 -0.043133
v  -0.043086 -0.106344 -0.040468
v  -0.047328 -0.102111 -0.054270
v  -0.052540 -0.110388 -0.057241
v  -0.047563 -0.099298 -0.068154
v  -0.053056 -0.108568 -0.071755
v  -0.048849 -0.108306 -0.085427
v  -0.043967 -0.097362 -0.081076
v  -0.037257 -0.096099 -0.092923
v  -0.041169 -0.108297 -0.097045
v  -0.010603 -0.120992 -0.012273
v  -0.024264 -0.115845 -0.018141
v  -0.026581 -0.124436 -0.019673
v  -0.012433 -0.129409 -0.013391
v  -0.035801 -0.111042 -0.027282
v  -0.038647 -0.119768 -0.029967
v  -0.030892 -0.108176 -0.106418
v  -0.027845 -0.094841 -0.102288
v  0.012173 -0.156056 -0.014392
v  0.023622 -0.158142 -0.019664
v  0.025617 -0.148078 -0.017551
v  0.013949 -0.146307 -0.013774
v  -0.023267 -0.159380 -0.016121
v  -0.041695 -0.152430 -0.020205
v  -0.045781 -0.160884 -0.014509
v  -0.025733 -0.168628 -0.010856
v  -0.070352 -0.157967 -0.013929
v  -0.089162 -0.145975 -0.027266
v  -0.004689 -0.163396 -0.013881
v  -0.005398 -0.173142 -0.009609
v  -0.081867 -0.140473 -0.033959
v  -0.093334 -0.135572 -0.054568
v  -0.103123 -0.141384 -0.047663
v  -0.077580 -0.155277 -0.109021
v  -0.079356 -0.161982 -0.111471
v  -0.090966 -0.157381 -0.102108
v  -0.085579 -0.151136 -0.100773
v  -0.072684 -0.123830 -0.059817
v  -0.070907 -0.124166 -0.077975
v  -0.080625 -0.131159 -0.079025
v  -0.083494 -0.129670 -0.058431
v  -0.059316 -0.139608 -0.110861
v  -0.071571 -0.134736 -0.096460
v  -0.063653 -0.126272 -0.094172
v  -0.053017 -0.129396 -0.107569
v  -0.073868 -0.135506 -0.038910
v  -0.064091 -0.129897 -0.042525
v  -0.058457 -0.144595 -0.027871
v  -0.050994 -0.137459 -0.031263
v  -0.036412 -0.143727 -0.022468
v  -0.061312 -0.116824 -0.075390
v  -0.055884 -0.117950 -0.090074
v  -0.046762 -0.119304 -0.102465
v  -0.035184 -0.120772 -0.112358
v  -0.044349 -0.142727 -0.121668
v  -0.040390 -0.130212 -0.117620
v  -0.064756 -0.151047 -0.022409
v  -0.043910 -0.128894 -0.032140
v  -0.031174 -0.134023 -0.021629
v  -0.026111 -0.176339 0.001263
v  -0.049312 -0.169640 -0.003606
v  -0.003943 -0.181116 0.000990
v  0.014617 -0.184695 -0.002324
v  -0.047525 -0.154777 -0.124516
v  -0.048176 -0.166731 -0.127132
v  -0.065056 -0.164097 -0.118536
v  -0.066410 -0.151559 -0.113443
v  -0.019686 -0.149160 -0.016408
v  -0.002790 -0.153342 -0.013144
v  0.011171 -0.166038 -0.014665
v  -0.061186 -0.117744 -0.059274
v  -0.054239 -0.122784 -0.044292
v  -0.016034 -0.138930 -0.015021
v  -0.000239 -0.143395 -0.012745
v  0.027437 -0.139346 -0.015385
v  0.012046 -0.175583 -0.010465
v  -0.104325 -0.144790 -0.071215
v  -0.099722 -0.151425 -0.088956
v  -0.092720 -0.147689 -0.090680
v  -0.091695 -0.139634 -0.079930
v  -0.079372 -0.143912 -0.098708
v  0.029200 -0.132309 -0.013379
v  0.023494 -0.179470 -0.017330
v  0.022286 -0.168792 -0.020817
v  0.027358 -0.188943 -0.009531
v  0.064835 -0.012442 0.043014
v  -0.023383 -0.036764 0.012054
v  -0.026607 -0.043973 0.004767
v  -0.020132 -0.055513 0.008878
v  -0.017086 -0.047493 0.016703
v  -0.011953 -0.066154 0.012321
v  -0.011139 -0.056488 0.019630
v  -0.002231 -0.074674 0.016243
v  -0.003508 -0.064804 0.022676
v  0.007152 -0.080402 0.021324
v  0.004931 -0.070491 0.026466
v  0.030391 -0.086300 0.031471
v  0.029693 -0.091363 0.027089
v  0.039376 -0.094862 0.029611
v  0.041223 -0.091221 0.033860
v  0.049245 -0.097692 0.031091
v  0.050963 -0.094388 0.035435
v  0.058271 -0.098937 0.030254
v  0.060576 -0.095807 0.034605
v  0.067644 -0.098947 0.027203
v  0.069940 -0.095404 0.031463
v  0.071842 -0.086443 0.035386
v  0.063609 -0.087174 0.038600
v  0.062401 -0.091745 0.037176
v  0.071144 -0.091708 0.033854
v  0.055161 -0.086202 0.039223
v  0.052990 -0.090718 0.037895
v  0.046628 -0.083204 0.038234
v  0.043721 -0.087515 0.036606
v  0.037007 -0.078201 0.037024
v  0.033616 -0.082414 0.034715
v  0.029925 -0.072617 0.037180
v  0.024768 -0.074614 0.034708
v  0.055500 -0.101093 0.024125
v  0.064423 -0.101056 0.021667
v  0.047036 -0.100073 0.025138
v  0.037997 -0.097698 0.024177
v  0.029319 -0.095278 0.021776
v  0.017448 -0.084961 0.025579
v  0.019682 -0.092236 0.018891
v  0.009375 -0.086861 0.016117
v  -0.000522 -0.081143 0.010362
v  -0.012127 -0.072205 0.005700
v  -0.022425 -0.060370 0.001359
v  -0.029344 -0.047823 -0.002622
v  -0.030340 -0.035716 0.001223
v  0.056690 -0.082089 0.039345
v  0.064164 -0.082347 0.038692
v  0.049171 -0.079572 0.038964
v  0.040409 -0.074247 0.038561
v  0.033681 -0.069099 0.039053
v  0.029653 -0.055531 0.042530
v  0.030398 -0.062323 0.040687
v  0.032199 -0.042299 0.045714
v  0.030933 -0.048882 0.044238
v  0.022575 -0.035120 0.046361
v  0.019719 -0.044331 0.043163
v  0.025318 -0.047754 0.043683
v  0.027371 -0.039320 0.046101
v  0.018082 -0.028756 0.046339
v  0.014098 -0.039586 0.042369
v  0.053173 -0.102957 0.018694
v  0.060844 -0.103092 0.015570
v  0.045573 -0.102428 0.019427
v  0.037526 -0.100987 0.018203
v  0.030280 -0.099817 0.015310
v  0.022363 -0.097964 0.011987
v  0.013445 -0.094390 0.008233
v  0.002375 -0.088758 0.003715
v  -0.011175 -0.079509 -0.001130
v  -0.023875 -0.064901 -0.005331
v  -0.030633 -0.051542 -0.009708
v  0.026944 -0.104906 0.003485
v  0.033636 -0.105077 0.006085
v  0.039506 -0.106024 0.008205
v  0.044606 -0.106243 0.010171
v  0.048434 -0.107245 0.007278
v  0.053835 -0.107794 0.003757
v  0.045114 -0.108212 0.001061
v  0.050532 -0.108926 -0.001627
v  0.040844 -0.109828 -0.001117
v  0.048624 -0.110697 -0.004370
v  0.037208 -0.112219 -0.002451
v  0.046558 -0.113953 -0.006987
v  0.025575 -0.065166 0.038914
v  0.019450 -0.064886 0.036888
v  0.018233 -0.054477 0.039817
v  0.011859 -0.050958 0.038076
v  0.012304 -0.063100 0.034232
v  0.024181 -0.056744 0.041157
v  0.003849 -0.058883 0.031152
v  0.004987 -0.046007 0.035962
v  0.008660 -0.033293 0.041576
v  -0.000555 -0.039880 0.034050
v  -0.003444 -0.052785 0.028066
v  0.003348 -0.028730 0.039871
v  -0.001107 -0.024257 0.037945
v  -0.005048 -0.034633 0.031948
v  -0.008580 -0.045672 0.025949
v  0.016143 -0.076233 0.030270
v  -0.013441 -0.038936 0.023092
v  -0.005457 -0.019919 0.035289
v  -0.009307 -0.029103 0.029370
v  -0.010400 -0.013931 0.031587
v  -0.015484 -0.022702 0.024349
v  -0.019926 -0.030505 0.017973
v  -0.029112 -0.027666 0.005610
v  0.071900 -0.081615 0.035922
v  -0.038314 -0.034372 -0.022877
v  0.049140 -0.033162 0.045543
v  0.055177 -0.030990 0.045473
v  0.061060 -0.030192 0.045656
v  0.065877 -0.029970 0.045547
v  0.070018 -0.030042 0.044648
v  0.042502 -0.123173 -0.012191
v  0.069569 0.036981 0.036178
v  0.044619 -0.117282 -0.009157
v  0.065003 -0.066373 0.025557
v  0.031487 0.124945 -0.028304
v  0.031487 0.124945 -0.028304
v  0.071783 -0.076648 0.036130
v  0.066207 -0.062209 0.027836
v  0.078724 -0.002298 0.051702
v  0.071560 -0.072288 0.036094
v  0.074210 -0.061197 0.041627
v  0.073033 -0.054814 0.040102
v  0.065718 0.073464 0.029737
v  0.073883 -0.057357 0.041306
v  0.073288 -0.028051 0.043058
v  0.080288 -0.006321 0.054251
v  0.072222 -0.053251 0.038880
v  -0.017288 -0.043327 -0.110044
v  -0.017288 -0.043327 -0.110044
v  0.073310 -0.065123 0.039717
v  0.068417 -0.056856 0.032187
v  0.071309 -0.052756 0.037417
v  0.065907 -0.045420 0.029370
v  0.073425 -0.030725 0.043039
v  0.072002 0.014245 0.040070
v  -0.028546 -0.004021 -0.129592
v  -0.028546 -0.004021 -0.129592
v  0.073117 0.011270 0.042206
v  0.056719 0.098186 0.014955
v  0.063030 0.083751 0.025393
v  0.077084 0.001496 0.049053
v  -0.033496 0.058971 -0.138982
v  -0.033496 0.058971 -0.138982
v  -0.031507 0.075281 -0.135765
v  -0.031507 0.075281 -0.135765
v  0.068115 0.056184 0.033867
v  -0.000342 0.125953 -0.083040
v  -0.000342 0.125953 -0.083040
v  0.081177 -0.010122 0.055793
v  0.075798 -0.023224 0.047105
v  0.043932 0.115748 -0.006897
v  -0.033127 0.024598 -0.137900
v  -0.033127 0.024598 -0.137900
v  -0.012834 0.117748 -0.104275
v  -0.012834 0.117748 -0.104275
v  0.073315 -0.046872 0.042430
v  0.037990 0.120676 -0.017110
v  0.071721 -0.048256 0.039619
v  0.079528 -0.019771 0.053341
v  -0.031381 0.008758 -0.134674
v  -0.031381 0.008758 -0.134674
v  -0.033781 0.038327 -0.139228
v  -0.033781 0.038327 -0.139228
v  0.074087 -0.036955 0.044154
v  0.073530 -0.033191 0.043185
v  -0.006778 0.122782 -0.093991
v  -0.006778 0.122782 -0.093991
v  0.069517 0.043161 0.035862
v  0.074611 -0.039591 0.044974
v  0.069597 0.023473 0.035944
v  0.074745 -0.042103 0.045039
v  0.040628 -0.128140 -0.014852
v  -0.024431 0.098551 -0.123920
v  -0.024431 0.098551 -0.123920
v  0.074151 -0.044460 0.043963
v  0.068815 -0.047402 0.034485
v  0.075669 0.005072 0.046522
v  0.067291 -0.046607 0.031813
v  0.067178 0.063753 0.032226
v  0.073867 -0.025659 0.043926
v  0.074191 -0.025145 0.044366
v  0.069913 0.020866 0.036606
v  0.059973 0.091586 0.020487
v  0.069602 0.026111 0.035841
v  0.073630 -0.026313 0.043503
v  -0.027889 0.089643 -0.129722
v  -0.027889 0.089643 -0.129722
v  0.008474 0.129806 -0.067934
v  0.008474 0.129806 -0.067934
v  0.015119 0.130223 -0.056480
v  0.015119 0.130223 -0.056480
v  0.070887 0.017348 0.038265
v  0.074309 0.008354 0.044121
v  -0.016521 -0.053143 -0.108877
v  -0.016521 -0.053143 -0.108877
v  0.080940 -0.016457 0.055471
v  0.081383 -0.013770 0.056192
v  0.049017 0.110083 0.001833
v  -0.026136 -0.013679 -0.125366
v  -0.026136 -0.013679 -0.125366
v  0.023743 0.128843 -0.041626
v  0.023743 0.128843 -0.041626
v  0.053137 0.104215 0.008866
v  -0.020540 -0.031563 -0.115665
v  -0.020540 -0.031563 -0.115665
v  -0.024100 -0.021454 -0.121847
v  -0.024100 -0.021454 -0.121847
v  0.078621 -0.020958 0.051899
v  0.069354 0.029463 0.035818
v  0.077077 -0.022324 0.049310
v  -0.018461 0.110720 -0.113808
v  -0.018461 0.110720 -0.113808
v  0.074793 -0.024238 0.045352
v  0.077549 -0.012441 0.035724
v  0.094216 -0.034409 -0.054971
v  0.089012 -0.041349 -0.061274
v  0.090009 -0.052913 -0.053936
v  0.095605 -0.045061 -0.047463
v  0.089886 -0.063447 -0.045758
v  0.095738 -0.053808 -0.041297
v  0.088988 -0.071870 -0.035900
v  0.095094 -0.061862 -0.033607
v  0.074489 -0.019759 0.053425
v  0.074113 -0.021271 0.050913
v  0.089574 -0.077452 -0.025803
v  0.094675 -0.067567 -0.024843
v  0.048549 0.015707 0.031661
v  0.065083 -0.022944 0.045191
v  0.068764 -0.000827 0.049681
v  0.049873 0.015976 0.031597
v  0.087932 -0.083517 -0.001464
v  0.084709 -0.088709 -0.004425
v  0.082513 -0.092414 0.004794
v  0.085142 -0.088852 0.008579
v  0.062295 -0.022446 0.045652
v  0.079605 -0.096032 0.013696
v  0.082363 -0.092697 0.017463
v  0.074842 -0.098132 0.020814
v  0.077282 -0.094901 0.025071
v  0.066603 0.005652 0.044938
v  0.059023 0.014873 0.035775
v  0.078731 -0.086387 0.030208
v  0.078422 -0.090998 0.028268
v  0.067890 0.002365 0.047303
v  0.057885 -0.019096 0.048928
v  0.058741 -0.021732 0.046868
v  0.073503 -0.014098 0.056731
v  0.072278 -0.011462 0.056523
v  0.083268 -0.084717 0.023272
v  0.071884 -0.016963 0.055510
v  0.074556 -0.018612 0.054588
v  0.083271 -0.089145 0.020686
v  0.047541 0.015414 0.032816
v  0.035745 0.016790 0.033259
v  0.074115 -0.015931 0.056239
v  0.077021 -0.017810 0.055188
v  0.043770 0.016252 0.032819
v  0.047941 0.015559 0.032259
v  0.065488 -0.015429 0.053961
v  0.062292 0.013686 0.038350
v  0.086188 -0.081116 0.015704
v  0.086178 -0.085307 0.012338
v  0.089300 -0.075644 0.007281
v  0.089029 -0.079813 0.003110
v  0.061008 -0.016728 0.051877
v  0.092437 -0.069933 0.001675
v  0.092725 -0.071881 -0.003992
v  0.070928 -0.100312 0.015283
v  0.046822 0.015515 0.033201
v  0.046210 0.015697 0.033442
v  0.069580 -0.004487 0.052367
v  0.075555 -0.098476 0.008694
v  0.078679 -0.095356 0.000712
v  0.080778 -0.092720 -0.007737
v  0.088842 -0.082191 -0.015269
v  0.041550 0.016397 0.034112
v  0.072028 -0.022988 0.046665
v  0.068246 -0.016141 0.054899
v  0.070236 -0.016640 0.055301
v  0.070555 -0.023610 0.045421
v  0.082330 -0.089746 -0.017090
v  0.084333 -0.084051 -0.026981
v  0.052759 0.015781 0.032298
v  0.083022 -0.078417 -0.037756
v  0.064320 0.011313 0.040985
v  0.065836 0.008517 0.043114
v  0.084105 -0.069525 -0.049591
v  0.084434 -0.057703 -0.059876
v  0.073251 -0.022157 0.048660
v  0.083795 -0.045243 -0.067404
v  0.087977 -0.033462 -0.066189
v  0.082487 -0.080689 0.024859
v  0.078396 -0.081577 0.030972
v  0.085440 -0.077670 0.018389
v  0.071020 -0.008099 0.055110
v  0.088790 -0.071911 0.011087
v  0.092123 -0.066580 0.005965
v  0.096059 -0.053263 0.004869
v  0.067669 -0.023120 0.045413
v  0.094652 -0.059917 0.004390
v  0.096761 -0.040641 0.009081
v  0.096373 -0.046920 0.006998
v  0.101852 -0.033358 0.001348
v  0.100683 -0.042144 -0.002958
v  0.098590 -0.045540 0.001985
v  0.080280 -0.018318 0.054485
v  0.074448 -0.017411 0.055460
v  0.099445 -0.037552 0.005239
v  0.103956 -0.027099 -0.002433
v  0.102594 -0.037521 -0.008017
v  0.067378 -0.102147 0.010467
v  0.039212 0.030625 0.043246
v  0.038755 0.027989 0.042245
v  0.071505 -0.100912 0.004453
v  0.073873 -0.099015 -0.002763
v  0.074479 -0.097727 -0.010118
v  0.075218 -0.095865 -0.018496
v  0.075429 -0.092225 -0.027596
v  0.075992 -0.086533 -0.038718
v  0.047113 0.033971 0.042354
v  0.064838 0.033339 0.037742
v  0.059585 0.033741 0.039343
v  0.078011 -0.077246 -0.052473
v  0.037455 0.022448 0.042049
v  0.036216 0.020369 0.040781
v  0.038365 0.025746 0.041094
v  0.037141 0.020547 0.041880
v  0.037373 0.021321 0.042454
v  0.079404 -0.062512 -0.064614
v  0.038243 0.024497 0.040792
v  0.078043 -0.048937 -0.071876
v  0.038260 0.024299 0.040909
v  0.065011 -0.103547 -0.018817
v  0.041691 0.033050 0.043409
v  0.064732 -0.103703 -0.012039
v  0.064571 -0.104730 -0.006343
v  0.037806 0.023513 0.041185
v  0.035051 0.019967 0.039398
v  0.064094 -0.105191 -0.001157
v  0.032300 0.018574 0.036004
v  0.059722 -0.106663 0.000720
v  0.069463 0.033152 0.035962
v  0.049323 0.044078 0.044232
v  0.012487 0.043753 0.041214
v  0.055286 -0.107765 -0.004946
v  0.008398 0.038476 0.040291
v  0.054965 -0.109201 -0.009542
v  0.017187 0.001784 0.043611
v  0.013523 0.002506 0.042797
v  0.051914 0.038001 0.043089
v  0.055160 -0.111541 -0.012994
v  0.095467 -0.062534 -0.000808
v  0.096315 -0.062182 -0.006985
v  0.098827 -0.051959 -0.006140
v  0.100230 -0.048478 -0.012435
v  0.041265 0.063719 0.040879
v  0.013804 0.110829 0.002503
v  0.044085 0.056494 0.042542
v  0.028580 0.049176 0.044293
v  0.097312 -0.060379 -0.014407
v  0.018249 0.105865 0.010360
v  0.097423 -0.054187 -0.000530
v  0.098556 -0.056155 -0.022970
v  0.101676 -0.043455 -0.019155
v  0.104575 -0.031079 -0.012935
v  0.102625 -0.037239 -0.024662
v  0.019027 0.047751 0.042655
v  0.099212 -0.050131 -0.030429
v  0.005922 0.007733 0.038556
v  0.062980 0.049557 0.038220
v  0.003536 0.013648 0.036622
v  0.105643 -0.026413 -0.018148
v  0.055462 0.049850 0.041575
v  -0.014464 0.123829 -0.053097
v  0.106042 -0.021830 -0.022882
v  0.102759 -0.032137 -0.029372
v  0.099585 -0.043122 -0.035728
v  0.092976 -0.073369 -0.013690
v  0.055127 0.030385 0.038449
v  0.099212 -0.036602 -0.041074
v  0.028386 0.002765 0.042983
v  0.025169 0.002388 0.043374
v  0.105614 -0.017693 -0.027921
v  -0.012161 0.123094 -0.041397
v  0.007757 0.005353 0.040025
v  0.033566 0.081456 0.033935
v  0.057643 0.023350 0.034775
v  0.056159 0.026267 0.035915
v  0.029607 0.088536 0.028745
v  0.102414 -0.026653 -0.034271
v  0.104682 -0.011921 -0.034043
v  0.100958 -0.020520 -0.042082
v  0.025853 0.094818 0.023042
v  0.097710 -0.028236 -0.049057
v  0.091225 -0.025536 -0.062753
v  0.008220 0.115360 -0.006434
v  0.044680 0.006162 0.037629
v  0.070401 -0.032623 -0.084874
v  0.087532 -0.032808 0.023585
v  0.084412 -0.030872 0.028713
v  0.005211 0.032212 0.039168
v  0.003777 0.025609 0.038196
v  -0.005728 0.121881 -0.029109
v  0.035800 0.003858 0.041414
v  0.003270 0.019608 0.037077
v  -0.008316 0.126157 -0.065950
v  0.081681 -0.030173 0.033899
v  0.010363 0.003594 0.041586
v  0.079362 -0.029932 0.038043
v  0.076563 -0.030017 0.041113
v  0.037495 0.049893 0.044834
v  0.031967 0.003203 0.042386
v  0.057668 0.020203 0.034076
v  0.048863 0.008293 0.035593
v  0.052098 0.011065 0.034229
v  0.022227 0.100520 0.017057
v  0.054589 0.013804 0.033799
v  0.056925 0.016901 0.033806
v  0.040399 0.004681 0.039748
v  0.037749 0.072436 0.038350
v  0.001689 0.119095 -0.017232
v  0.021307 0.002060 0.043646
v  0.003700 0.127583 -0.076147
v  0.003700 0.127583 -0.076147
v  0.068834 0.049315 0.035097
v  0.055939 0.015340 0.033866
v  0.053644 0.033960 0.041056
v  0.046729 0.049929 0.044017
v  0.072140 -0.068646 0.037324
v  0.044682 -0.045617 0.045684
v  0.042865 -0.048472 0.044624
v  0.042180 -0.055610 0.042217
v  0.053167 -0.038961 0.047473
v  0.048101 -0.042314 0.046658
v  0.053492 -0.065611 0.042196
v  0.042076 -0.050983 0.043638
v  0.059953 -0.067421 0.041871
v  0.041443 -0.053184 0.042897
v  0.066095 -0.067979 0.040475
v  0.073799 -0.034911 0.043629
v  0.064645 -0.034970 0.047170
v  0.069791 -0.034586 0.045849
v  0.058971 -0.036462 0.047620
v  0.044288 -0.058954 0.041746
v  0.047953 -0.062859 0.041795
v  0.082083 -0.019874 0.049187
v  0.079940 -0.021304 0.047607
v  0.076136 0.015709 0.016747
v  0.079346 -0.022963 0.037042
v  0.081573 -0.000776 0.042535
v  0.075298 0.015980 0.017717
v  0.081176 -0.022496 0.034904
v  0.078640 0.005717 0.038317
v  0.074189 0.014854 0.027334
v  0.079978 0.002418 0.040605
v  0.086147 -0.019099 0.032780
v  0.083929 -0.021740 0.032432
v  0.085645 -0.014071 0.050023
v  0.085996 -0.011392 0.048915
v  0.085263 -0.017020 0.048019
v  0.083187 -0.018743 0.049825
v  0.077672 0.015415 0.016383
v  0.083985 0.016857 0.006348
v  0.084963 -0.015988 0.050286
v  0.082637 -0.017954 0.052196
v  0.079637 0.016134 0.013141
v  0.077035 0.015555 0.016540
v  0.086872 -0.015474 0.041825
v  0.074960 0.013689 0.031378
v  0.087196 -0.016733 0.036933
v  0.078413 0.015520 0.015957
v  0.078969 0.015708 0.015542
v  0.083472 -0.004419 0.044588
v  0.081803 0.016140 0.011746
v  0.077235 -0.022978 0.043672
v  0.086355 -0.016174 0.044637
v  0.085762 -0.016656 0.046519
v  0.076835 -0.023620 0.041829
v  0.074321 0.015758 0.020425
v  0.076298 0.011345 0.034378
v  0.077542 0.008599 0.036706
v  0.078346 -0.022142 0.045728
v  0.085263 -0.008035 0.047158
v  0.078236 -0.023135 0.039383
v  0.084100 -0.017535 0.050171
v  0.091177 0.030801 0.014340
v  0.090622 0.028103 0.013619
v  0.086473 0.033925 0.020646
v  0.073390 0.033335 0.033112
v  0.077418 0.033745 0.029508
v  0.090903 0.022280 0.012417
v  0.090056 0.020056 0.010414
v  0.089886 0.025713 0.012888
v  0.090741 0.020207 0.011904
v  0.091198 0.021074 0.012475
v  0.089636 0.024391 0.012616
v  0.089733 0.024133 0.012693
v  0.090072 0.033109 0.016539
v  0.090100 0.023337 0.012398
v  0.089479 0.019878 0.008599
v  0.088039 0.018684 0.004627
v  0.086935 0.044050 0.023571
v  0.102059 0.044337 -0.010041
v  0.103102 0.039058 -0.013982
v  0.101824 0.002588 -0.004423
v  0.102760 0.003529 -0.007983
v  0.084625 0.037949 0.025104
v  0.087470 0.064079 0.014649
v  0.066972 0.111155 -0.028307
v  0.087683 0.056756 0.017978
v  0.096985 0.049525 0.005506
v  0.071610 0.106119 -0.020516
v  0.100200 0.048263 -0.003628
v  0.102999 0.008822 -0.016783
v  0.074615 0.049589 0.031845
v  0.102868 0.014598 -0.019850
v  0.081379 0.049911 0.027274
v  0.032677 0.124121 -0.080484
v  0.078881 0.030409 0.025369
v  0.096084 0.003148 0.005003
v  0.097999 0.002848 0.002419
v  0.041725 0.123457 -0.072701
v  0.103222 0.006462 -0.014430
v  0.084941 0.081667 0.004429
v  0.074333 0.023488 0.025547
v  0.076070 0.026393 0.024905
v  0.082151 0.088465 -0.001357
v  0.078948 0.094859 -0.007524
v  0.061982 0.115736 -0.037633
v  0.083069 0.006098 0.016105
v  0.103635 0.032827 -0.017203
v  0.103723 0.026248 -0.018858
v  0.049209 0.122285 -0.061024
v  0.091010 0.003949 0.010458
v  0.103293 0.020391 -0.019918
v  0.018487 0.126286 -0.081515
v  0.103259 0.004661 -0.011401
v  0.093077 0.050145 0.013503
v  0.093769 0.003471 0.007756
v  0.073484 0.020304 0.025278
v  0.079095 0.008219 0.018730
v  0.076257 0.010973 0.020809
v  0.075488 0.100679 -0.013698
v  0.074579 0.013713 0.022682
v  0.073473 0.016943 0.024570
v  0.087063 0.004725 0.013612
v  0.086953 0.072803 0.010356
v  0.055846 0.119501 -0.048687
v  0.099998 0.002637 -0.000824
v  0.073978 0.015298 0.023818
v  0.081941 0.033976 0.025462
v  0.087813 0.050080 0.021102
v  0.090437 -0.044650 0.019454
v  0.090725 -0.047217 0.017333
v  0.089731 -0.053931 0.015390
v  0.087355 -0.038654 0.027755
v  0.089313 -0.041706 0.022906
v  0.084970 -0.063988 0.024375
v  0.090530 -0.049513 0.016172
v  0.081926 -0.066265 0.029564
v  0.090446 -0.051576 0.015241
v  0.077781 -0.067437 0.034100
v  0.081526 -0.034844 0.037747
v  0.077843 -0.034487 0.041525
v  0.084607 -0.036290 0.032991
v  0.088572 -0.057128 0.016713
v  0.087046 -0.060917 0.019534
v  0.085471 0.017606 0.000076
v  0.029626 0.017272 0.031354
v  0.090020 0.016300 0.011686
v  0.088424 0.016316 0.012055
v  0.086785 0.016343 0.012103
v  0.085234 0.016379 0.011837
v  0.090053 0.016619 0.011681
v  0.088487 0.016942 0.012045
v  0.086876 0.017251 0.012088
v  0.085350 0.017524 0.011820
v  0.090137 0.016927 0.011645
v  0.088654 0.017543 0.011975
v  0.087119 0.018125 0.011988
v  0.085655 0.018624 0.011693
v  0.090272 0.017210 0.011579
v  0.088918 0.018099 0.011845
v  0.087502 0.018930 0.011801
v  0.086138 0.019640 0.011458
v  0.090453 0.017457 0.011487
v  0.089271 0.018585 0.011664
v  0.088013 0.019637 0.011536
v  0.086781 0.020532 0.011124
v  0.090669 0.017661 0.011370
v  0.089696 0.018984 0.011434
v  0.088632 0.020216 0.011204
v  0.087563 0.021264 0.010707
v  0.090915 0.017813 0.011234
v  0.090181 0.019281 0.011168
v  0.089335 0.020648 0.010818
v  0.088450 0.021809 0.010220
v  0.091182 0.017906 0.011083
v  0.090702 0.019465 0.010873
v  0.090094 0.020915 0.010390
v  0.089408 0.022145 0.009683
v  0.091458 0.017938 0.010926
v  0.091245 0.019527 0.010564
v  0.090882 0.021006 0.009941
v  0.090401 0.022261 0.009116
v  0.091733 0.017907 0.010766
v  0.091784 0.019466 0.010248
v  0.091665 0.020917 0.009485
v  0.091391 0.022149 0.008541
v  0.091998 0.017814 0.010610
v  0.092302 0.019285 0.009944
v  0.092415 0.020653 0.009041
v  0.092335 0.021816 0.007979
v  0.092239 0.017664 0.010464
v  0.092775 0.018989 0.009657
v  0.093103 0.020224 0.008624
v  0.093203 0.021274 0.007454
v  0.092449 0.017461 0.010334
v  0.093189 0.018591 0.009402
v  0.093703 0.019646 0.008253
v  0.093959 0.020544 0.006983
v  0.092621 0.017214 0.010224
v  0.093525 0.018106 0.009186
v  0.094191 0.018941 0.007940
v  0.094574 0.019653 0.006590
v  0.092747 0.016932 0.010139
v  0.093772 0.017552 0.009021
v  0.094550 0.018136 0.007700
v  0.095024 0.018638 0.006285
v  0.092823 0.016624 0.010082
v  0.093920 0.016951 0.008909
v  0.094763 0.017263 0.007538
v  0.095292 0.017538 0.006083
v  0.092845 0.016306 0.010057
v  0.093963 0.016325 0.008859
v  0.094826 0.016354 0.007465
v  0.095368 0.016392 0.005987
v  0.092813 0.015987 0.010062
v  0.093900 0.015698 0.008870
v  0.094734 0.015445 0.007480
v  0.095253 0.015247 0.006009
v  0.092728 0.015679 0.010100
v  0.093735 0.015097 0.008944
v  0.094493 0.014571 0.007587
v  0.094947 0.014146 0.006140
v  0.092594 0.015396 0.010167
v  0.093471 0.014541 0.009075
v  0.094110 0.013765 0.007777
v  0.094464 0.013129 0.006380
v  0.092414 0.015148 0.010261
v  0.093119 0.014055 0.009260
v  0.093598 0.013059 0.008043
v  0.093821 0.012236 0.006716
v  0.092198 0.014943 0.010379
v  0.092693 0.013654 0.009489
v  0.092980 0.012478 0.008377
v  0.093044 0.011503 0.007141
v  0.091951 0.014792 0.010515
v  0.092210 0.013356 0.009757
v  0.092280 0.012045 0.008766
v  0.092160 0.010958 0.007631
v  0.091684 0.014698 0.010665
v  0.091687 0.013172 0.010050
v  0.091521 0.011778 0.009193
v  0.091205 0.010625 0.008167
v  0.091408 0.014666 0.010823
v  0.091146 0.013110 0.010361
v  0.090735 0.011686 0.009643
v  0.090212 0.010514 0.008730
v  0.091133 0.014697 0.010982
v  0.090605 0.013170 0.010673
v  0.089949 0.011776 0.010095
v  0.089225 0.010628 0.009303
v  0.090869 0.014790 0.011138
v  0.090089 0.013353 0.010978
v  0.089200 0.012041 0.010538
v  0.088280 0.010960 0.009861
v  0.090627 0.014940 0.011283
v  0.089613 0.013650 0.011261
v  0.088511 0.012473 0.010951
v  0.087412 0.011501 0.010386
v  0.090416 0.015145 0.011412
v  0.089201 0.014049 0.011516
v  0.087911 0.013053 0.011319
v  0.086654 0.012233 0.010850
v  0.090244 0.015392 0.011521
v  0.088863 0.014535 0.011728
v  0.087423 0.013758 0.011628
v  0.086040 0.013122 0.011242
v  0.091511 0.016297 0.011011
v  0.090118 0.015674 0.011605
v  0.088616 0.015089 0.011895
v  0.087065 0.014563 0.011869
v  0.085587 0.014136 0.011543
v  0.090043 0.015982 0.011661
v  0.088467 0.015690 0.012004
v  0.086849 0.015435 0.012027
v  0.085316 0.015235 0.011745
v  0.083780 0.016408 0.011684
v  0.081472 0.016458 0.011336
v  0.079171 0.016526 0.010467
v  0.077079 0.016610 0.009169
v  0.075281 0.016702 0.007486
v  0.073840 0.016799 0.005484
v  0.073840 0.016799 0.005484
v  0.072825 0.016894 0.003246
v  0.072253 0.016979 0.000858
v  0.072166 0.017062 -0.001600
v  0.072561 0.017136 -0.004027
v  0.073420 0.017198 -0.006330
v  0.074713 0.017245 -0.008420
v  0.076388 0.017276 -0.010215
v  0.083919 0.017784 0.011664
v  0.081645 0.018192 0.011311
v  0.079375 0.018565 0.010438
v  0.077308 0.018875 0.009135
v  0.075524 0.019105 0.007450
v  0.074093 0.019248 0.005451
v  0.074093 0.019248 0.005451
v  0.073071 0.019296 0.003213
v  0.072497 0.019249 0.000822
v  0.072374 0.019098 -0.001631
v  0.072737 0.018867 -0.004053
v  0.073559 0.018559 -0.006351
v  0.074808 0.018182 -0.008433
v  0.076437 0.017754 -0.010222
v  0.084286 0.019108 0.011510
v  0.082106 0.019860 0.011118
v  0.079919 0.020526 0.010210
v  0.077913 0.021052 0.008880
v  0.076168 0.021416 0.007181
v  0.074751 0.021603 0.005177
v  0.074751 0.021603 0.005177
v  0.073717 0.021604 0.002943
v  0.073105 0.021421 0.000567
v  0.072920 0.021056 -0.001861
v  0.073201 0.020533 -0.004249
v  0.073923 0.019866 -0.006504
v  0.075059 0.019084 -0.008540
v  0.076565 0.018213 -0.010276
v  0.084864 0.020330 0.011227
v  0.082838 0.021399 0.010761
v  0.080783 0.022334 0.009790
v  0.078874 0.023058 0.008414
v  0.077189 0.023544 0.006685
v  0.075792 0.023771 0.004671
v  0.075792 0.023771 0.004671
v  0.074737 0.023730 0.002447
v  0.074066 0.023423 0.000100
v  0.073783 0.022861 -0.002281
v  0.073935 0.022068 -0.004606
v  0.074500 0.021073 -0.006785
v  0.075456 0.019914 -0.008733
v  0.076767 0.018637 -0.010375
v  0.085638 0.021400 0.010826
v  0.083815 0.022749 0.010254
v  0.081934 0.023917 0.009195
v  0.080152 0.024818 0.007753
v  0.078545 0.025411 0.005983
v  0.077174 0.025673 0.003955
v  0.077174 0.025673 0.003955
v  0.076092 0.025595 0.001744
v  0.075342 0.025178 -0.000564
v  0.074930 0.024444 -0.002876
v  0.074911 0.023414 -0.005112
v  0.075267 0.022131 -0.007182
v  0.075984 0.020643 -0.009007
v  0.077037 0.019008 -0.010515
v  0.086572 0.022279 0.010323
v  0.084999 0.023854 0.009621
v  0.083329 0.025217 0.008448
v  0.081697 0.026262 0.006922
v  0.080184 0.026944 0.005101
v  0.078843 0.027236 0.003054
v  0.078843 0.027236 0.003054
v  0.077730 0.027127 0.000861
v  0.076884 0.026620 -0.001395
v  0.076339 0.025736 -0.003627
v  0.076091 0.024520 -0.005747
v  0.076194 0.023000 -0.007681
v  0.076623 0.021241 -0.009350
v  0.077362 0.019313 -0.010689
v  0.087639 0.022934 0.009739
v  0.086341 0.024673 0.008879
v  0.084906 0.026185 0.007577
v  0.083447 0.027336 0.005952
v  0.082040 0.028084 0.004072
v  0.080738 0.028398 0.002005
v  0.080738 0.028398 0.002005
v  0.079587 0.028266 -0.000167
v  0.078633 0.027693 -0.002363
v  0.077911 0.026700 -0.004499
v  0.077430 0.025342 -0.006486
v  0.077246 0.023646 -0.008262
v  0.077347 0.021686 -0.009751
v  0.077731 0.019540 -0.010893
v  0.088797 0.023340 0.009097
v  0.087785 0.025178 0.008058
v  0.086602 0.026776 0.006610
v  0.085337 0.027997 0.004883
v  0.084047 0.028786 0.002937
v  0.082783 0.029114 0.000849
v  0.082783 0.029114 0.000849
v  0.081593 0.028969 -0.001301
v  0.080523 0.028355 -0.003430
v  0.079612 0.027297 -0.005459
v  0.078877 0.025849 -0.007302
v  0.078382 0.024044 -0.008903
v  0.078130 0.021961 -0.010192
v  0.078130 0.019680 -0.011118
v  0.089990 0.023481 0.008414
v  0.089287 0.025352 0.007201
v  0.088358 0.026975 0.005594
v  0.087293 0.028220 0.003756
v  0.086126 0.029024 0.001743
v  0.084899 0.029359 -0.000371
v  0.084899 0.029359 -0.000371
v  0.083672 0.029207 -0.002495
v  0.082482 0.028581 -0.004555
v  0.081374 0.027501 -0.006471
v  0.080395 0.026011 -0.008168
v  0.079560 0.024180 -0.009579
v  0.078941 0.022055 -0.010657
v  0.078544 0.019728 -0.011356
v  0.091182 0.023346 0.007723
v  0.090781 0.025189 0.006330
v  0.090114 0.026787 0.004571
v  0.089244 0.028000 0.002615
v  0.088197 0.028790 0.000533
v  0.087016 0.029118 -0.001601
v  0.087016 0.029118 -0.001601
v  0.085744 0.028973 -0.003704
v  0.084433 0.028360 -0.005693
v  0.083131 0.027303 -0.007496
v  0.081888 0.025842 -0.009039
v  0.080734 0.024048 -0.010264
v  0.079750 0.021964 -0.011129
v  0.078956 0.019681 -0.011596
v  0.092319 0.022947 0.007047
v  0.092218 0.024690 0.005483
v  0.091802 0.026205 0.003579
v  0.091116 0.027344 0.001505
v  0.090184 0.028093 -0.000645
v  0.089042 0.028407 -0.002801
v  0.089042 0.028407 -0.002801
v  0.087730 0.028275 -0.004881
v  0.086302 0.027702 -0.006803
v  0.084813 0.026711 -0.008494
v  0.083319 0.025340 -0.009889
v  0.081877 0.023641 -0.010934
v  0.080523 0.021692 -0.011589
v  0.079350 0.019542 -0.011831
v  0.093361 0.022290 0.006413
v  0.093535 0.023867 0.004690
v  0.093352 0.025238 0.002648
v  0.092837 0.026278 0.000472
v  0.092007 0.026958 -0.001744
v  0.090899 0.027249 -0.003924
v  0.090899 0.027249 -0.003924
v  0.089551 0.027140 -0.005982
v  0.088018 0.026633 -0.007840
v  0.086357 0.025749 -0.009428
v  0.084632 0.024522 -0.010683
v  0.082909 0.022999 -0.011559
v  0.081234 0.021249 -0.012019
v  0.079713 0.019317 -0.012050
v  0.094269 0.021414 0.005848
v  0.094684 0.022761 0.003985
v  0.094702 0.023939 0.001816
v  0.094335 0.024837 -0.000451
v  0.093597 0.025428 -0.002726
v  0.092518 0.025689 -0.004925
v  0.092518 0.025689 -0.004925
v  0.091139 0.025610 -0.006965
v  0.089513 0.025193 -0.008767
v  0.087702 0.024454 -0.010263
v  0.085776 0.023420 -0.011393
v  0.083808 0.022133 -0.012116
v  0.081874 0.020642 -0.012403
v  0.080027 0.019013 -0.012246
v  0.095007 0.020345 0.005374
v  0.095613 0.021414 0.003386
v  0.095799 0.022355 0.001117
v  0.095555 0.023079 -0.001228
v  0.094891 0.023562 -0.003552
v  0.093837 0.023788 -0.005769
v  0.093837 0.023788 -0.005769
v  0.092432 0.023746 -0.007793
v  0.090730 0.023438 -0.009546
v  0.088797 0.022874 -0.010964
v  0.086708 0.022077 -0.011990
v  0.084540 0.021078 -0.012585
v  0.082378 0.019914 -0.012727
v  0.080286 0.018643 -0.012411
v  0.095548 0.019124 0.005009
v  0.096295 0.019877 0.002923
v  0.096598 0.020544 0.000575
v  0.096446 0.021069 -0.001830
v  0.095837 0.021432 -0.004191
v  0.094802 0.021617 -0.006421
v  0.094802 0.021617 -0.006421
v  0.093379 0.021619 -0.008432
v  0.091623 0.021434 -0.010149
v  0.089601 0.021072 -0.011507
v  0.087390 0.020545 -0.012451
v  0.085076 0.019873 -0.012948
v  0.082747 0.019084 -0.012977
v  0.080473 0.018220 -0.012538
v  0.095869 0.017801 0.004763
v  0.096699 0.018211 0.002614
v  0.097078 0.018583 0.000210
v  0.096980 0.018889 -0.002232
v  0.096402 0.019120 -0.004618
v  0.095377 0.019262 -0.006856
v  0.095377 0.019262 -0.006856
v  0.093944 0.019309 -0.008860
v  0.092156 0.019259 -0.010553
v  0.090081 0.019114 -0.011870
v  0.087798 0.018880 -0.012761
v  0.085397 0.018567 -0.013191
v  0.082969 0.018183 -0.013144
v  0.080586 0.017761 -0.012623
v  0.095959 0.016425 0.004649
v  0.096815 0.016478 0.002473
v  0.097213 0.016548 0.000043
v  0.097129 0.016626 -0.002418
v  0.096565 0.016716 -0.004815
v  0.095541 0.016815 -0.007061
v  0.095541 0.016815 -0.007061
v  0.094107 0.016909 -0.009059
v  0.092310 0.016998 -0.010740
v  0.090220 0.017079 -0.012040
v  0.087917 0.017150 -0.012905
v  0.085490 0.017207 -0.013304
v  0.083033 0.017250 -0.013223
v  0.080619 0.017283 -0.012663
v  0.095818 0.015049 0.004674
v  0.096631 0.014749 0.002501
v  0.096999 0.014512 0.000075
v  0.096891 0.014367 -0.002382
v  0.096317 0.014317 -0.004774
v  0.095296 0.014369 -0.007020
v  0.095296 0.014369 -0.007020
v  0.093864 0.014510 -0.009022
v  0.092080 0.014738 -0.010705
v  0.090012 0.015044 -0.012008
v  0.087740 0.015419 -0.012878
v  0.085351 0.015847 -0.013284
v  0.082916 0.016323 -0.013209
v  0.080569 0.016806 -0.012656
v  0.095451 0.013725 0.004833
v  0.096173 0.013079 0.002701
v  0.096463 0.012555 0.000314
v  0.096297 0.012197 -0.002116
v  0.095680 0.012017 -0.004504
v  0.094641 0.012018 -0.006740
v  0.094641 0.012018 -0.006740
v  0.093221 0.012203 -0.008748
v  0.091474 0.012564 -0.010448
v  0.089467 0.013087 -0.011777
v  0.087277 0.013754 -0.012682
v  0.084987 0.014540 -0.013130
v  0.082663 0.015421 -0.013103
v  0.080441 0.016346 -0.012602
v  0.094872 0.012502 0.005120
v  0.095444 0.011541 0.003063
v  0.095603 0.010756 0.000737
v  0.095340 0.010201 -0.001651
v  0.094663 0.009895 -0.004005
v  0.093603 0.009853 -0.006232
v  0.093603 0.009853 -0.006232
v  0.092203 0.010079 -0.008250
v  0.090515 0.010562 -0.009979
v  0.088603 0.011286 -0.011355
v  0.086543 0.012222 -0.012325
v  0.084410 0.013334 -0.012849
v  0.082267 0.014591 -0.012909
v  0.080239 0.015922 -0.012503
v  0.094101 0.011430 0.005526
v  0.094466 0.010195 0.003574
v  0.094458 0.009185 0.001329
v  0.094067 0.008451 -0.000989
v  0.093310 0.008035 -0.003301
v  0.092225 0.007956 -0.005515
v  0.092225 0.007956 -0.005515
v  0.090850 0.008217 -0.007546
v  0.089240 0.008808 -0.009317
v  0.087456 0.009707 -0.010760
v  0.085568 0.010880 -0.011818
v  0.083621 0.012286 -0.012450
v  0.081739 0.013861 -0.012635
v  0.079969 0.015552 -0.012364
v  0.093164 0.010552 0.006032
v  0.093292 0.009106 0.004206
v  0.093079 0.007906 0.002075
v  0.092529 0.007019 -0.000160
v  0.091674 0.006510 -0.002421
v  0.090556 0.006398 -0.004617
v  0.090556 0.006398 -0.004617
v  0.089213 0.006688 -0.006665
v  0.087699 0.007368 -0.008487
v  0.086069 0.008412 -0.010013
v  0.084388 0.009778 -0.011183
v  0.082694 0.011417 -0.011951
v  0.081099 0.013263 -0.012291
v  0.079645 0.015246 -0.012189
v  0.078380 0.017289 -0.011649
v  0.092102 0.009905 0.006619
v  0.091959 0.008300 0.004943
v  0.091507 0.006950 0.002944
v  0.090778 0.005951 0.000804
v  0.089817 0.005374 -0.001397
v  0.088663 0.005240 -0.003572
v  0.088663 0.005240 -0.003572
v  0.087356 0.005552 -0.005640
v  0.085949 0.006298 -0.007521
v  0.084495 0.007449 -0.009144
v  0.083025 0.008957 -0.010443
v  0.081640 0.010771 -0.011370
v  0.080375 0.012819 -0.011892
v  0.079275 0.015020 -0.011985
v  0.090954 0.009509 0.007262
v  0.090515 0.007803 0.005757
v  0.089806 0.006356 0.003903
v  0.088887 0.005291 0.001870
v  0.087809 0.004674 -0.000266
v  0.086615 0.004527 -0.002420
v  0.086615 0.004527 -0.002420
v  0.085348 0.004852 -0.004510
v  0.084058 0.005638 -0.006456
v  0.082793 0.006855 -0.008185
v  0.081576 0.008450 -0.009627
v  0.080504 0.010373 -0.010730
v  0.079592 0.012543 -0.011450
v  0.078876 0.014879 -0.011760
v  0.089766 0.009376 0.007945
v  0.089018 0.007632 0.006616
v  0.088042 0.006152 0.004914
v  0.086928 0.005064 0.002993
v  0.085730 0.004435 0.000927
v  0.084491 0.004283 -0.001207
v  0.084491 0.004283 -0.001207
v  0.083269 0.004614 -0.003318
v  0.082100 0.005414 -0.005332
v  0.081032 0.006656 -0.007173
v  0.080078 0.008277 -0.008767
v  0.079326 0.010237 -0.010054
v  0.078781 0.012451 -0.010985
v  0.078462 0.014832 -0.011523
v  0.088580 0.009512 0.008631
v  0.087526 0.007801 0.007489
v  0.086281 0.006341 0.005938
v  0.084975 0.005280 0.004131
v  0.083657 0.004665 0.002134
v  0.082382 0.004520 0.000027
v  0.082382 0.004520 0.000027
v  0.081198 0.004846 -0.002109
v  0.080150 0.005635 -0.004194
v  0.079251 0.006842 -0.006149
v  0.078586 0.008445 -0.007896
v  0.078154 0.010369 -0.009369
v  0.077973 0.012541 -0.010513
v  0.078050 0.014878 -0.011282
v  0.087443 0.009909 0.009304
v  0.086093 0.008299 0.008336
v  0.084595 0.006925 0.006936
v  0.083103 0.005932 0.005239
v  0.081672 0.005359 0.003312
v  0.080359 0.005227 0.001228
v  0.080359 0.005227 0.001228
v  0.079213 0.005541 -0.000930
v  0.078281 0.006291 -0.003083
v  0.077570 0.007432 -0.005150
v  0.077155 0.008946 -0.007046
v  0.077031 0.010763 -0.008702
v  0.077199 0.012813 -0.010053
v  0.077656 0.015017 -0.011048
v  0.086397 0.010552 0.009934
v  0.084774 0.009103 0.009130
v  0.083048 0.007878 0.007869
v  0.081386 0.006995 0.006277
v  0.079851 0.006489 0.004414
v  0.078502 0.006380 0.002352
v  0.078502 0.006380 0.002352
v  0.077392 0.006674 0.000170
v  0.076563 0.007357 -0.002047
v  0.076027 0.008393 -0.004215
v  0.075844 0.009764 -0.006250
v  0.076000 0.011406 -0.008077
v  0.076490 0.013255 -0.009623
v  0.077294 0.015242 -0.010828
v  0.085488 0.011429 0.010494
v  0.083624 0.010196 0.009836
v  0.081699 0.009166 0.008700
v  0.079888 0.008428 0.007201
v  0.078262 0.008013 0.005395
v  0.076882 0.007935 0.003353
v  0.076882 0.007935 0.003353
v  0.075804 0.008198 0.001152
v  0.075051 0.008786 -0.001119
v  0.074683 0.009688 -0.003380
v  0.074701 0.010865 -0.005540
v  0.075102 0.012271 -0.007519
v  0.075871 0.013851 -0.009238
v  0.076979 0.015546 -0.010633
v  0.084748 0.012495 0.010966
v  0.082690 0.011534 0.010431
v  0.080601 0.010739 0.009401
v  0.078669 0.010178 0.007980
v  0.076967 0.009871 0.006222
v  0.075563 0.009830 0.004196
v  0.075563 0.009830 0.004196
v  0.074509 0.010058 0.001980
v  0.073848 0.010545 -0.000342
v  0.073589 0.011267 -0.002677
v  0.073770 0.012208 -0.004943
v  0.074371 0.013326 -0.007049
v  0.075367 0.014579 -0.008915
v  0.076722 0.015916 -0.010467
v  0.084206 0.013713 0.011330
v  0.082005 0.013064 0.010890
v  0.079795 0.012538 0.009942
v  0.077773 0.012177 0.008581
v  0.076016 0.011994 0.006861
v  0.074593 0.011997 0.004848
v  0.074593 0.011997 0.004848
v  0.073559 0.012183 0.002620
v  0.072953 0.012547 0.000260
v  0.072786 0.013070 -0.002133
v  0.073087 0.013741 -0.004480
v  0.073834 0.014531 -0.006686
v  0.074998 0.015408 -0.008665
v  0.076534 0.016339 -0.010340
v  0.083878 0.015033 0.011572
v  0.081593 0.014727 0.011194
v  0.079312 0.014492 0.010301
v  0.077236 0.014349 0.008982
v  0.075446 0.014301 0.007287
v  0.074012 0.014349 0.005282
v  0.074012 0.014349 0.005282
v  0.072990 0.014492 0.003047
v  0.072417 0.014722 0.000663
v  0.072306 0.015027 -0.001770
v  0.072679 0.015406 -0.004171
v  0.073514 0.015838 -0.006444
v  0.074776 0.016308 -0.008497
v  0.076421 0.016798 -0.010255
v  0.034408 0.016310 0.042772
v  0.032813 0.016324 0.043144
v  0.031174 0.016350 0.043198
v  0.029622 0.016384 0.042933
v  0.034441 0.016628 0.042765
v  0.032875 0.016951 0.043133
v  0.031264 0.017258 0.043183
v  0.029737 0.017529 0.042919
v  0.034526 0.016936 0.042730
v  0.033042 0.017552 0.043063
v  0.031506 0.018132 0.043081
v  0.030041 0.018630 0.042791
v  0.034660 0.017219 0.042664
v  0.033306 0.018107 0.042933
v  0.031890 0.018938 0.042894
v  0.030525 0.019646 0.042556
v  0.034840 0.017466 0.042571
v  0.033659 0.018593 0.042751
v  0.032401 0.019645 0.042628
v  0.031169 0.020539 0.042222
v  0.035057 0.017670 0.042454
v  0.034084 0.018993 0.042521
v  0.033019 0.020225 0.042294
v  0.031950 0.021272 0.041802
v  0.035303 0.017821 0.042319
v  0.034568 0.019290 0.042255
v  0.033721 0.020656 0.041907
v  0.032836 0.021818 0.041312
v  0.035570 0.017916 0.042167
v  0.035089 0.019474 0.041959
v  0.034479 0.020924 0.041478
v  0.033792 0.022154 0.040774
v  0.035846 0.017947 0.042009
v  0.035631 0.019536 0.041649
v  0.035265 0.021015 0.041027
v  0.034783 0.022269 0.040202
v  0.036120 0.017917 0.041849
v  0.036170 0.019476 0.041332
v  0.036047 0.020927 0.040568
v  0.035771 0.022156 0.039622
v  0.036384 0.017824 0.041692
v  0.036686 0.019294 0.041026
v  0.036797 0.020662 0.040122
v  0.036715 0.021823 0.039058
v  0.036625 0.017674 0.041546
v  0.037159 0.018999 0.040738
v  0.037484 0.020234 0.039704
v  0.037581 0.021282 0.038531
v  0.036835 0.017470 0.041416
v  0.037572 0.018601 0.040483
v  0.038083 0.019656 0.039331
v  0.038336 0.020554 0.038061
v  0.037007 0.017223 0.041305
v  0.037907 0.018117 0.040266
v  0.038570 0.018952 0.039018
v  0.038949 0.019665 0.037667
v  0.037132 0.016941 0.041220
v  0.038154 0.017563 0.040100
v  0.038927 0.018148 0.038777
v  0.039397 0.018651 0.037362
v  0.037208 0.016634 0.041164
v  0.038301 0.016962 0.039989
v  0.039139 0.017276 0.038615
v  0.039664 0.017551 0.037159
v  0.037229 0.016315 0.041138
v  0.038344 0.016336 0.039938
v  0.039200 0.016368 0.038540
v  0.039739 0.016407 0.037062
v  0.037198 0.015996 0.041143
v  0.038281 0.015710 0.039949
v  0.039108 0.015460 0.038557
v  0.039623 0.015262 0.037084
v  0.037113 0.015689 0.041181
v  0.038116 0.015108 0.040023
v  0.038868 0.014586 0.038664
v  0.039320 0.014162 0.037218
v  0.036979 0.015405 0.041249
v  0.037851 0.014552 0.040154
v  0.038484 0.013780 0.038853
v  0.038840 0.013146 0.037459
v  0.036800 0.015157 0.041343
v  0.037502 0.014065 0.040340
v  0.037977 0.013073 0.039122
v  0.038199 0.012254 0.037795
v  0.036585 0.014952 0.041462
v  0.037077 0.013665 0.040570
v  0.037361 0.012491 0.039457
v  0.037422 0.011521 0.038220
v  0.036339 0.014801 0.041598
v  0.036595 0.013366 0.040840
v  0.036662 0.012058 0.039847
v  0.036540 0.010975 0.038710
v  0.036073 0.014706 0.041751
v  0.036074 0.013182 0.041135
v  0.035905 0.011791 0.040275
v  0.035586 0.010639 0.039249
v  0.035797 0.014675 0.041909
v  0.035534 0.013119 0.041448
v  0.035121 0.011698 0.040730
v  0.034597 0.010521 0.039819
v  0.035523 0.014705 0.042070
v  0.034995 0.013179 0.041764
v  0.034339 0.011785 0.041188
v  0.033613 0.010630 0.040399
v  0.035258 0.014799 0.042226
v  0.034479 0.013361 0.042071
v  0.033591 0.012049 0.041635
v  0.032670 0.010961 0.040961
v  0.035017 0.014949 0.042372
v  0.034004 0.013657 0.042358
v  0.032902 0.012479 0.042050
v  0.031802 0.011504 0.041485
v  0.034806 0.015153 0.042500
v  0.033591 0.014057 0.042611
v  0.032302 0.013058 0.042420
v  0.031043 0.012235 0.041948
v  0.034633 0.015400 0.042610
v  0.033253 0.014542 0.042826
v  0.031813 0.013762 0.042733
v  0.030428 0.013124 0.042342
v  0.035901 0.016306 0.042094
v  0.034507 0.015683 0.042692
v  0.033006 0.015097 0.042988
v  0.031453 0.014567 0.042971
v  0.029974 0.014139 0.042644
v  0.034431 0.015991 0.042746
v  0.032856 0.015698 0.043095
v  0.031237 0.015441 0.043127
v  0.029703 0.015239 0.042843
v  0.028167 0.016413 0.042782
v  0.025852 0.016459 0.042442
v  0.023544 0.016519 0.041582
v  0.021449 0.016593 0.040287
v  0.019652 0.016679 0.038603
v  0.018217 0.016777 0.036593
v  0.018217 0.016777 0.036593
v  0.017199 0.016869 0.034354
v  0.016636 0.016959 0.031960
v  0.016550 0.017043 0.029501
v  0.016946 0.017119 0.027074
v  0.017808 0.017181 0.024771
v  0.019103 0.017230 0.022681
v  0.020791 0.017287 0.020872
v  0.028304 0.017789 0.042765
v  0.026024 0.018192 0.042419
v  0.023746 0.018557 0.041554
v  0.021675 0.018859 0.040254
v  0.019894 0.019084 0.038565
v  0.018465 0.019225 0.036560
v  0.018465 0.019225 0.036560
v  0.017441 0.019271 0.034320
v  0.016864 0.019222 0.031926
v  0.016756 0.019080 0.029471
v  0.017122 0.018850 0.027048
v  0.017946 0.018542 0.024751
v  0.019198 0.018166 0.022668
v  0.020840 0.017765 0.020864
v  0.028670 0.019113 0.042612
v  0.026484 0.019858 0.042228
v  0.024293 0.020520 0.041323
v  0.022280 0.021040 0.039995
v  0.020535 0.021399 0.038293
v  0.019118 0.021583 0.036285
v  0.019118 0.021583 0.036285
v  0.018083 0.021583 0.034050
v  0.017470 0.021400 0.031672
v  0.017302 0.021039 0.029241
v  0.017586 0.020517 0.026853
v  0.018310 0.019850 0.024597
v  0.019461 0.019095 0.022547
v  0.020968 0.018225 0.020810
v  0.029250 0.020335 0.042331
v  0.027220 0.021397 0.041873
v  0.025154 0.022332 0.040904
v  0.023239 0.023051 0.039527
v  0.021552 0.023532 0.037797
v  0.020155 0.023758 0.035780
v  0.020155 0.023758 0.035780
v  0.019100 0.023715 0.033553
v  0.018428 0.023407 0.031203
v  0.018164 0.022846 0.028819
v  0.018318 0.022052 0.026495
v  0.018886 0.021057 0.024316
v  0.019846 0.019898 0.022369
v  0.021170 0.018649 0.020712
v  0.030026 0.021407 0.041928
v  0.028197 0.022748 0.041366
v  0.026301 0.023919 0.040305
v  0.024512 0.024819 0.038864
v  0.022905 0.025406 0.037092
v  0.021534 0.025665 0.035062
v  0.021534 0.025665 0.035062
v  0.020453 0.025584 0.032850
v  0.019702 0.025168 0.030541
v  0.019310 0.024430 0.028224
v  0.019294 0.023399 0.025988
v  0.019652 0.022115 0.023919
v  0.020386 0.020654 0.022080
v  0.021440 0.019020 0.020571
v  0.030964 0.022286 0.041425
v  0.029377 0.023859 0.040722
v  0.027688 0.025222 0.039552
v  0.026054 0.026265 0.038026
v  0.024542 0.026942 0.036206
v  0.023202 0.027231 0.034161
v  0.023202 0.027231 0.034161
v  0.022089 0.027120 0.031967
v  0.021243 0.026613 0.029711
v  0.020697 0.025730 0.027477
v  0.020473 0.024505 0.025354
v  0.020580 0.022984 0.023420
v  0.021026 0.021253 0.021735
v  0.021765 0.019325 0.020397
v  0.032030 0.022947 0.040836
v  0.030717 0.024689 0.039977
v  0.029262 0.026190 0.038673
v  0.027806 0.027339 0.037055
v  0.026399 0.028084 0.035177
v  0.025096 0.028396 0.033113
v  0.025096 0.028396 0.033113
v  0.023945 0.028263 0.030940
v  0.022992 0.027690 0.028744
v  0.022271 0.026699 0.026607
v  0.021812 0.025328 0.024614
v  0.021648 0.023657 0.022823
v  0.021750 0.021698 0.021335
v  0.022135 0.019552 0.020192
v  0.033181 0.023350 0.040189
v  0.032165 0.025189 0.039156
v  0.030964 0.026777 0.037709
v  0.029697 0.028001 0.035987
v  0.028407 0.028789 0.034044
v  0.027142 0.029115 0.031957
v  0.027142 0.029115 0.031957
v  0.025952 0.028969 0.029807
v  0.024882 0.028355 0.027677
v  0.023972 0.027297 0.025648
v  0.023260 0.025836 0.023798
v  0.022784 0.024056 0.022183
v  0.022533 0.021974 0.020894
v  0.022534 0.019692 0.019967
v  0.034373 0.023490 0.039496
v  0.033663 0.025358 0.038299
v  0.032726 0.026977 0.036702
v  0.031656 0.028226 0.034865
v  0.030486 0.029029 0.032852
v  0.029262 0.029364 0.030736
v  0.029262 0.029364 0.030736
v  0.028031 0.029210 0.028613
v  0.026840 0.028583 0.026553
v  0.025735 0.027502 0.024636
v  0.024776 0.026034 0.022924
v  0.023962 0.024192 0.021507
v  0.023344 0.022067 0.020428
v  0.022947 0.019740 0.019730
v  0.035562 0.023351 0.038800
v  0.035156 0.025192 0.037428
v  0.034480 0.026788 0.035689
v  0.033607 0.028010 0.033731
v  0.032559 0.028800 0.031644
v  0.031375 0.029126 0.029508
v  0.031375 0.029126 0.029508
v  0.030103 0.028979 0.027405
v  0.028791 0.028364 0.025416
v  0.027490 0.027303 0.023614
v  0.026269 0.025866 0.022052
v  0.025135 0.024060 0.020822
v  0.024152 0.021976 0.019957
v  0.023359 0.019693 0.019490
v  0.036697 0.022947 0.038117
v  0.036590 0.024691 0.036578
v  0.036166 0.026204 0.034698
v  0.035479 0.027356 0.032624
v  0.034545 0.028104 0.030467
v  0.033401 0.028418 0.028308
v  0.033401 0.028418 0.028308
v  0.032090 0.028284 0.026228
v  0.030662 0.027708 0.024307
v  0.029192 0.026735 0.022600
v  0.027699 0.025364 0.021202
v  0.026258 0.023666 0.020154
v  0.024926 0.021704 0.019497
v  0.023754 0.019554 0.019255
v  0.037740 0.022301 0.037483
v  0.037904 0.023876 0.035780
v  0.037712 0.025244 0.033760
v  0.037197 0.026289 0.031585
v  0.036368 0.026971 0.029366
v  0.035259 0.027262 0.027185
v  0.035259 0.027262 0.027185
v  0.033911 0.027151 0.025126
v  0.032378 0.026642 0.023269
v  0.030735 0.025774 0.021665
v  0.029011 0.024547 0.020407
v  0.027289 0.023024 0.019530
v  0.025636 0.021262 0.019067
v  0.024116 0.019329 0.019036
v  0.038646 0.021426 0.036923
v  0.039048 0.022776 0.035067
v  0.039062 0.023949 0.032916
v  0.038694 0.024851 0.030653
v  0.037958 0.025444 0.028379
v  0.036879 0.025705 0.026180
v  0.036879 0.025705 0.026180
v  0.035501 0.025625 0.024142
v  0.033875 0.025205 0.022342
v  0.032079 0.024479 0.020830
v  0.030154 0.023446 0.019697
v  0.028187 0.022158 0.018972
v  0.026255 0.020666 0.018682
v  0.024431 0.019025 0.018840
v  0.039382 0.020358 0.036450
v  0.039982 0.021431 0.034467
v  0.040160 0.022370 0.032207
v  0.039913 0.023096 0.029869
v  0.039251 0.023582 0.027547
v  0.038199 0.023808 0.025333
v  0.038199 0.023808 0.025333
v  0.036796 0.023765 0.023311
v  0.035095 0.023454 0.021561
v  0.033174 0.022900 0.020127
v  0.031085 0.022103 0.019100
v  0.028919 0.021103 0.018502
v  0.026759 0.019938 0.018359
v  0.024688 0.018655 0.018675
v  0.039919 0.019138 0.036086
v  0.040661 0.019895 0.034005
v  0.040963 0.020565 0.031661
v  0.040806 0.021093 0.029261
v  0.040201 0.021457 0.026902
v  0.039167 0.021642 0.024676
v  0.039167 0.021642 0.024676
v  0.037745 0.021642 0.022667
v  0.035989 0.021454 0.020955
v  0.033976 0.021097 0.019583
v  0.031768 0.020570 0.018637
v  0.029455 0.019898 0.018139
v  0.027128 0.019109 0.018109
v  0.024876 0.018232 0.018548
v  0.040240 0.017816 0.035840
v  0.041065 0.018229 0.033695
v  0.041439 0.018605 0.031294
v  0.041338 0.018917 0.028855
v  0.040766 0.019149 0.026470
v  0.039744 0.019291 0.024234
v  0.039744 0.019291 0.024234
v  0.038314 0.019338 0.022232
v  0.036530 0.019292 0.020541
v  0.034457 0.019141 0.019219
v  0.032176 0.018905 0.018328
v  0.029776 0.018591 0.017897
v  0.027350 0.018209 0.017942
v  0.024989 0.017773 0.018463
v  0.040330 0.016441 0.035725
v  0.041180 0.016495 0.033553
v  0.041575 0.016565 0.031127
v  0.041491 0.016651 0.028668
v  0.040928 0.016744 0.026271
v  0.039910 0.016842 0.024024
v  0.039910 0.016842 0.024024
v  0.038477 0.016936 0.022029
v  0.036686 0.017026 0.020348
v  0.034596 0.017106 0.019050
v  0.032294 0.017175 0.018184
v  0.029869 0.017231 0.017784
v  0.027414 0.017272 0.017864
v  0.025022 0.017295 0.018423
v  0.040189 0.015064 0.035751
v  0.041004 0.014762 0.033582
v  0.041369 0.014529 0.031161
v  0.041262 0.014388 0.028703
v  0.040685 0.014341 0.026308
v  0.039661 0.014389 0.024067
v  0.039661 0.014389 0.024067
v  0.038232 0.014530 0.022067
v  0.036452 0.014762 0.020382
v  0.034389 0.015069 0.019081
v  0.032118 0.015444 0.018211
v  0.029731 0.015870 0.017805
v  0.027319 0.016334 0.017879
v  0.024974 0.016817 0.018431
v  0.039825 0.013741 0.035913
v  0.040543 0.013094 0.033783
v  0.040826 0.012570 0.031395
v  0.040656 0.012211 0.028963
v  0.040041 0.012028 0.026584
v  0.039005 0.012030 0.024348
v  0.039005 0.012030 0.024348
v  0.037588 0.012216 0.022343
v  0.035843 0.012579 0.020643
v  0.033843 0.013111 0.019312
v  0.031655 0.013777 0.018407
v  0.029367 0.014562 0.017959
v  0.027069 0.015432 0.017987
v  0.024846 0.016357 0.018486
v  0.039248 0.012521 0.036200
v  0.039814 0.011559 0.034144
v  0.039965 0.010765 0.031818
v  0.039698 0.010205 0.029434
v  0.039023 0.009900 0.027083
v  0.037968 0.009859 0.024857
v  0.037968 0.009859 0.024857
v  0.036571 0.010086 0.022844
v  0.034891 0.010580 0.021109
v  0.032981 0.011305 0.019733
v  0.030921 0.012242 0.018765
v  0.028790 0.013355 0.018240
v  0.026671 0.014602 0.018179
v  0.024644 0.015934 0.018584
v  0.038475 0.011452 0.036604
v  0.038839 0.010215 0.034653
v  0.038819 0.009185 0.032415
v  0.038424 0.008448 0.030098
v  0.037670 0.008034 0.027787
v  0.036587 0.007956 0.025575
v  0.036587 0.007956 0.025575
v  0.035216 0.008219 0.023545
v  0.033616 0.008821 0.021769
v  0.031833 0.009722 0.020328
v  0.029945 0.010896 0.019271
v  0.028023 0.012297 0.018637
v  0.026142 0.013873 0.018452
v  0.024373 0.015563 0.018723
v  0.037540 0.010574 0.037111
v  0.037660 0.009110 0.035290
v  0.037432 0.007887 0.033165
v  0.036884 0.007006 0.030930
v  0.036035 0.006501 0.028670
v  0.034920 0.006394 0.026475
v  0.034920 0.006394 0.026475
v  0.033579 0.006687 0.024428
v  0.032074 0.007377 0.022599
v  0.030446 0.008422 0.021074
v  0.028765 0.009790 0.019905
v  0.027096 0.011429 0.019136
v  0.025503 0.013275 0.018796
v  0.024048 0.015258 0.018898
v  0.022785 0.017301 0.019437
v  0.036478 0.009924 0.037704
v  0.036322 0.008290 0.036033
v  0.035858 0.006922 0.034036
v  0.035135 0.005933 0.031897
v  0.034179 0.005362 0.029696
v  0.033027 0.005231 0.027520
v  0.033027 0.005231 0.027520
v  0.031723 0.005546 0.025454
v  0.030318 0.006295 0.023575
v  0.028871 0.007455 0.021943
v  0.027426 0.008968 0.020644
v  0.026043 0.010783 0.019717
v  0.024778 0.012830 0.019195
v  0.023679 0.015031 0.019102
v  0.035330 0.009520 0.038353
v  0.034874 0.007786 0.036852
v  0.034158 0.006326 0.034997
v  0.033245 0.005270 0.032964
v  0.032172 0.004659 0.030827
v  0.030981 0.004515 0.028673
v  0.030981 0.004515 0.028673
v  0.029717 0.004843 0.026584
v  0.028427 0.005631 0.024640
v  0.027169 0.006858 0.022902
v  0.025978 0.008461 0.021460
v  0.024907 0.010385 0.020357
v  0.023996 0.012555 0.019637
v  0.023280 0.014891 0.019328
v  0.034141 0.009381 0.039035
v  0.033375 0.007617 0.037715
v  0.032396 0.006123 0.036010
v  0.031288 0.005043 0.034088
v  0.030095 0.004418 0.032021
v  0.028862 0.004271 0.029885
v  0.028862 0.004271 0.029885
v  0.027638 0.004603 0.027777
v  0.026469 0.005405 0.025763
v  0.025407 0.006654 0.023913
v  0.024480 0.008288 0.022319
v  0.023730 0.010248 0.021033
v  0.023185 0.012462 0.020103
v  0.022868 0.014842 0.019568
v  0.032959 0.009510 0.039729
v  0.031883 0.007784 0.038587
v  0.030641 0.006319 0.037036
v  0.029338 0.005261 0.035227
v  0.028024 0.004650 0.033229
v  0.026751 0.004505 0.031123
v  0.026751 0.004505 0.031123
v  0.025568 0.004833 0.028986
v  0.024518 0.005622 0.026902
v  0.023642 0.006841 0.024949
v  0.022988 0.008456 0.023191
v  0.022556 0.010380 0.021717
v  0.022376 0.012552 0.020574
v  0.022455 0.014889 0.019805
v  0.031825 0.009906 0.040404
v  0.030455 0.008280 0.039436
v  0.028960 0.006907 0.038034
v  0.027470 0.005915 0.036337
v  0.026041 0.005344 0.034409
v  0.024730 0.005212 0.032326
v  0.024730 0.005212 0.032326
v  0.023584 0.005527 0.030166
v  0.022650 0.006275 0.028013
v  0.021960 0.007429 0.025949
v  0.021557 0.008958 0.024041
v  0.021433 0.010775 0.022385
v  0.021602 0.012825 0.021034
v  0.022059 0.015028 0.020039
v  0.030783 0.010552 0.041033
v  0.029144 0.009090 0.040227
v  0.027418 0.007863 0.038968
v  0.025757 0.006979 0.037377
v  0.024223 0.006474 0.035512
v  0.022874 0.006365 0.033452
v  0.022874 0.006365 0.033452
v  0.021765 0.006657 0.031270
v  0.020935 0.007340 0.029053
v  0.020417 0.008386 0.026884
v  0.020245 0.009775 0.024837
v  0.020402 0.011417 0.023010
v  0.020893 0.013267 0.021464
v  0.021697 0.015253 0.020258
v  0.029873 0.011428 0.041593
v  0.028001 0.010187 0.040936
v  0.026074 0.009154 0.039802
v  0.024262 0.008414 0.038304
v  0.022636 0.007998 0.036498
v  0.021257 0.007919 0.034455
v  0.021257 0.007919 0.034455
v  0.020178 0.008182 0.032255
v  0.019440 0.008775 0.029981
v  0.019072 0.009677 0.027719
v  0.019088 0.010854 0.025559
v  0.019503 0.012282 0.023568
v  0.020273 0.013863 0.021848
v  0.021382 0.015558 0.020454
v  0.029133 0.012496 0.042062
v  0.027068 0.011528 0.041532
v  0.024978 0.010729 0.040505
v  0.023044 0.010165 0.039084
v  0.021342 0.009856 0.037326
v  0.019938 0.009813 0.035301
v  0.019938 0.009813 0.035301
v  0.018884 0.010040 0.033084
v  0.018223 0.010526 0.030762
v  0.017977 0.011253 0.028422
v  0.018157 0.012193 0.026156
v  0.018772 0.013337 0.024038
v  0.019769 0.014590 0.022171
v  0.021125 0.015928 0.020619
v  0.028591 0.013715 0.042425
v  0.026386 0.013062 0.041988
v  0.024173 0.012527 0.041048
v  0.022149 0.012164 0.039686
v  0.020392 0.011977 0.037966
v  0.018970 0.011978 0.035954
v  0.018970 0.011978 0.035954
v  0.017934 0.012162 0.033725
v  0.017328 0.012524 0.031366
v  0.017172 0.013051 0.028966
v  0.017474 0.013724 0.026619
v  0.018223 0.014515 0.024413
v  0.019400 0.015419 0.022421
v  0.020937 0.016351 0.020746
v  0.028265 0.015038 0.042667
v  0.025977 0.014729 0.042292
v  0.023692 0.014484 0.041406
v  0.021612 0.014330 0.040092
v  0.019821 0.014280 0.038396
v  0.018388 0.014327 0.036391
v  0.018388 0.014327 0.036391
v  0.017364 0.014468 0.034154
v  0.016792 0.014698 0.031770
v  0.016690 0.015008 0.029330
v  0.017066 0.015388 0.026929
v  0.017902 0.015821 0.024657
v  0.019178 0.016319 0.022589
v  0.020824 0.016810 0.020831

vt 0.827841 0.456444
vt 0.826865 0.455402
vt 0.827907 0.456096
vt 0.842058 0.471775
vt 0.837976 0.467212
vt 0.842847 0.461572
vt 0.870015 0.218946
vt 0.894946 0.209010
vt 0.891536 0.243748
vt 0.626067 0.713548
vt 0.646852 0.690397
vt 0.655533 0.703344
vt 0.873927 0.494550
vt 0.876257 0.493740
vt 0.875382 0.496354
vt 0.872019 0.483542
vt 0.870940 0.482536
vt 0.871472 0.470778
vt 0.871509 0.449954
vt 0.872148 0.460940
vt 0.869884 0.450896
vt 0.165800 0.455529
vt 0.164845 0.456567
vt 0.164776 0.456219
vt 0.154869 0.467361
vt 0.150856 0.471940
vt 0.149956 0.461721
vt 0.838315 0.395768
vt 0.844026 0.400208
vt 0.840380 0.402876
vt 0.846600 0.382012
vt 0.849120 0.393760
vt 0.841435 0.384948
vt 0.862553 0.515661
vt 0.863353 0.509890
vt 0.865905 0.512859
vt 0.903197 0.443541
vt 0.890997 0.445717
vt 0.896335 0.420583
vt 0.864481 0.490056
vt 0.865943 0.493748
vt 0.862936 0.493077
vt 0.878909 0.496392
vt 0.877836 0.499308
vt 0.823238 0.423976
vt 0.816272 0.418672
vt 0.824230 0.409451
vt 0.838080 0.460496
vt 0.836168 0.468022
vt 0.870187 0.437303
vt 0.863523 0.429405
vt 0.865693 0.426083
vt 0.863829 0.437613
vt 0.863830 0.440753
vt 0.857959 0.433341
vt 0.867019 0.499853
vt 0.864036 0.505455
vt 0.863152 0.504591
vt 0.897221 0.488439
vt 0.899057 0.503323
vt 0.896823 0.503983
vt 0.866905 0.491780
vt 0.869888 0.490883
vt 0.868763 0.493053
vt 0.844697 0.494535
vt 0.847181 0.492958
vt 0.846961 0.495396
vt 0.888614 0.415091
vt 0.878802 0.397244
vt 0.876764 0.389051
vt 0.836173 0.388504
vt 0.834026 0.395287
vt 0.831825 0.387866
vt 0.850583 0.499869
vt 0.851510 0.496872
vt 0.854041 0.497539
vt 0.866125 0.487052
vt 0.868225 0.489363
vt 0.868953 0.463043
vt 0.862904 0.475192
vt 0.864392 0.461427
vt 0.872170 0.490753
vt 0.873166 0.482859
vt 0.814715 0.439052
vt 0.820247 0.442227
vt 0.815386 0.446010
vt 0.874814 0.407608
vt 0.875562 0.396903
vt 0.879540 0.411076
vt 0.857822 0.497888
vt 0.854636 0.491664
vt 0.857133 0.491101
vt 0.852684 0.402568
vt 0.859029 0.403657
vt 0.857200 0.408243
vt 0.863556 0.485000
vt 0.861944 0.487965
vt 0.817191 0.430877
vt 0.822995 0.435592
vt 0.820870 0.466724
vt 0.824843 0.464314
vt 0.825851 0.465959
vt 0.815771 0.465966
vt 0.817856 0.463741
vt 0.818798 0.467103
vt 0.826902 0.466657
vt 0.826344 0.465087
vt 0.826963 0.465058
vt 0.867416 0.476409
vt 0.870879 0.466015
vt 0.869476 0.479087
vt 0.835489 0.444680
vt 0.839104 0.439991
vt 0.837491 0.446209
vt 0.818719 0.449140
vt 0.824589 0.446916
vt 0.821894 0.452148
vt 0.873450 0.448904
vt 0.878909 0.459689
vt 0.875985 0.460354
vt 0.872027 0.503703
vt 0.875232 0.504611
vt 0.873706 0.507233
vt 0.913942 0.372248
vt 0.910810 0.410742
vt 0.892795 0.368057
vt 0.851839 0.409438
vt 0.855720 0.414436
vt 0.849343 0.501995
vt 0.852223 0.501391
vt 0.855562 0.503813
vt 0.838856 0.492407
vt 0.836210 0.497003
vt 0.835143 0.493577
vt 0.833641 0.524315
vt 0.825758 0.523817
vt 0.824494 0.509354
vt 0.876011 0.382443
vt 0.848993 0.398547
vt 0.841142 0.391893
vt 0.836186 0.380433
vt 0.840694 0.489359
vt 0.844147 0.488818
vt 0.842631 0.492279
vt 0.866551 0.496353
vt 0.867676 0.494849
vt 0.865297 0.497855
vt 0.862330 0.499569
vt 0.864020 0.496699
vt 0.846809 0.489395
vt 0.845915 0.486975
vt 0.052020 0.330165
vt 0.031772 0.301144
vt 0.058399 0.292781
vt 0.863402 0.453967
vt 0.865473 0.447501
vt 0.868216 0.455204
vt 0.885552 0.469190
vt 0.889406 0.487571
vt 0.886308 0.487255
vt 0.893600 0.452797
vt 0.906806 0.470475
vt 0.898399 0.469472
vt 0.840313 0.488493
vt 0.841474 0.486048
vt 0.814942 0.400565
vt 0.861999 0.391729
vt 0.865396 0.386821
vt 0.867006 0.399398
vt 0.827310 0.462459
vt 0.827830 0.464426
vt 0.840662 0.499750
vt 0.839852 0.495550
vt 0.853694 0.398236
vt 0.831159 0.479268
vt 0.822201 0.482616
vt 0.825611 0.471616
vt 0.834363 0.443763
vt 0.835726 0.439241
vt 0.848779 0.405351
vt 0.842170 0.480592
vt 0.846995 0.474293
vt 0.843139 0.481763
vt 0.854377 0.382884
vt 0.856214 0.389598
vt 0.850473 0.382115
vt 0.848576 0.488354
vt 0.850112 0.490893
vt 0.848590 0.490914
vt 0.848141 0.485157
vt 0.853582 0.390914
vt 0.870296 0.457783
vt 0.870133 0.493228
vt 0.871296 0.490781
vt 0.828116 0.456781
vt 0.828338 0.457060
vt 0.828099 0.457058
vt 0.828269 0.456009
vt 0.828574 0.456299
vt 0.828169 0.456406
vt 0.828739 0.454554
vt 0.830826 0.453572
vt 0.829438 0.455268
vt 0.873008 0.490889
vt 0.872106 0.493568
vt 0.867798 0.497175
vt 0.869023 0.495378
vt 0.813626 0.451266
vt 0.817093 0.450008
vt 0.816442 0.452822
vt 0.824350 0.395864
vt 0.829501 0.402016
vt 0.844427 0.472826
vt 0.848408 0.462167
vt 0.848950 0.500912
vt 0.847276 0.525033
vt 0.853080 0.519142
vt 0.854777 0.524826
vt 0.828156 0.455564
vt 0.828349 0.454453
vt 0.828385 0.455468
vt 0.827833 0.456816
vt 0.826692 0.456246
vt 0.829235 0.461455
vt 0.827896 0.458828
vt 0.828578 0.458422
vt 0.827866 0.444228
vt 0.828832 0.437216
vt 0.831484 0.443654
vt 0.842333 0.484020
vt 0.851557 0.433941
vt 0.852536 0.429870
vt 0.827043 0.458047
vt 0.826006 0.461257
vt 0.825145 0.460133
vt 0.831353 0.514392
vt 0.839442 0.512336
vt 0.839093 0.521955
vt 0.901202 0.540443
vt 0.906030 0.547063
vt 0.893380 0.565617
vt 0.876358 0.421251
vt 0.880120 0.426829
vt 0.865041 0.495361
vt 0.829413 0.457025
vt 0.828438 0.456741
vt 0.827875 0.457305
vt 0.827333 0.458555
vt 0.834400 0.484499
vt 0.838510 0.482213
vt 0.838422 0.486832
vt 0.829764 0.434392
vt 0.822729 0.430085
vt 0.883518 0.458053
vt 0.876382 0.447390
vt 0.880796 0.445447
vt 0.849181 0.493012
vt 0.852394 0.492252
vt 0.818204 0.452463
vt 0.828647 0.455809
vt 0.884507 0.499233
vt 0.858140 0.395432
vt 0.863034 0.401494
vt 0.830765 0.459446
vt 0.829107 0.457866
vt 0.818032 0.456219
vt 0.821361 0.455110
vt 0.821563 0.458333
vt 0.846693 0.444503
vt 0.845698 0.453704
vt 0.842916 0.451400
vt 0.880686 0.507364
vt 0.878487 0.510394
vt 0.858323 0.545975
vt 0.863625 0.537467
vt 0.872414 0.538309
vt 0.809760 0.419093
vt 0.813500 0.427367
vt 0.840782 0.491898
vt 0.840360 0.490638
vt 0.883175 0.428313
vt 0.855501 0.437323
vt 0.855438 0.443606
vt 0.850535 0.440915
vt 0.866251 0.507358
vt 0.860721 0.441452
vt 0.512697 0.504195
vt 0.513067 0.504456
vt 0.512684 0.504669
vt 0.828563 0.455379
vt 0.505058 0.505642
vt 0.507875 0.503852
vt 0.507972 0.507293
vt 0.512335 0.508938
vt 0.510077 0.512472
vt 0.510052 0.508717
vt 0.514515 0.503892
vt 0.513301 0.503601
vt 0.514308 0.502955
vt 0.515702 0.499885
vt 0.513324 0.500964
vt 0.513730 0.498908
vt 0.607350 0.540611
vt 0.618975 0.526944
vt 0.620706 0.532580
vt 0.124014 0.218952
vt 0.099625 0.209027
vt 0.132266 0.193780
vt 0.831926 0.429504
vt 0.869474 0.498017
vt 0.870133 0.501385
vt 0.867880 0.500126
vt 0.856221 0.485346
vt 0.854964 0.476579
vt 0.859501 0.475270
vt 0.877449 0.485093
vt 0.874834 0.491952
vt 0.875665 0.483738
vt 0.873360 0.501225
vt 0.876614 0.501958
vt 0.841095 0.479381
vt 0.805414 0.436792
vt 0.810321 0.436713
vt 0.892196 0.594266
vt 0.881916 0.571862
vt 0.968926 0.403403
vt 0.946795 0.365227
vt 0.967802 0.369636
vt 0.836877 0.428859
vt 0.833086 0.413826
vt 0.837725 0.414975
vt 0.848004 0.507703
vt 0.845494 0.509822
vt 0.843622 0.504405
vt 0.844002 0.416461
vt 0.828052 0.457252
vt 0.828261 0.457238
vt 0.838708 0.479561
vt 0.839042 0.477802
vt 0.873821 0.482824
vt 0.841574 0.492499
vt 0.953351 0.429482
vt 0.971103 0.462460
vt 0.954995 0.465773
vt 0.735380 0.595059
vt 0.746723 0.622955
vt 0.734142 0.625525
vt 0.806992 0.474518
vt 0.809147 0.456029
vt 0.813424 0.478681
vt 0.688497 0.515273
vt 0.675381 0.493409
vt 0.689271 0.492812
vt 0.834603 0.403046
vt 0.837606 0.403441
vt 0.816953 0.460105
vt 0.815875 0.463681
vt 0.815165 0.461557
vt 0.545483 0.595339
vt 0.561340 0.585414
vt 0.549221 0.600940
vt 0.518794 0.501766
vt 0.516426 0.504569
vt 0.515620 0.502466
vt 0.922067 0.475564
vt 0.916804 0.515723
vt 0.917837 0.459539
vt 0.702609 0.496283
vt 0.700502 0.518907
vt 0.598305 0.177246
vt 0.631221 0.160647
vt 0.650865 0.188922
vt 0.844660 0.377072
vt 0.829147 0.374883
vt 0.846930 0.370751
vt 0.511030 0.672679
vt 0.524864 0.660104
vt 0.526165 0.675057
vt 0.560268 0.788311
vt 0.530673 0.810853
vt 0.527456 0.791432
vt 0.950180 0.399125
vt 0.970058 0.431030
vt 0.834077 0.471401
vt 0.837115 0.474679
vt 0.836102 0.477765
vt 0.884644 0.415077
vt 0.529278 0.623530
vt 0.510111 0.632307
vt 0.510484 0.616017
vt 0.566976 0.806985
vt 0.533546 0.828017
vt 0.829741 0.487902
vt 0.834518 0.490395
vt 0.576070 0.568723
vt 0.590032 0.548918
vt 0.591544 0.553315
vt 0.816021 0.598369
vt 0.834984 0.572839
vt 0.828252 0.619165
vt 0.513764 0.505485
vt 0.513358 0.503917
vt 0.514804 0.507870
vt 0.522578 0.506258
vt 0.516757 0.510849
vt 0.512989 0.503347
vt 0.513175 0.502218
vt 0.513552 0.502344
vt 0.512822 0.504016
vt 0.512796 0.504144
vt 0.503668 0.508524
vt 0.502165 0.512866
vt 0.501425 0.507976
vt 0.513190 0.512449
vt 0.510196 0.504111
vt 0.512053 0.504588
vt 0.510245 0.505628
vt 0.511941 0.503989
vt 0.512554 0.503823
vt 0.512570 0.503939
vt 0.512653 0.504160
vt 0.512338 0.504729
vt 0.508944 0.499425
vt 0.510420 0.501562
vt 0.511322 0.506236
vt 0.512772 0.503886
vt 0.849040 0.430210
vt 0.846823 0.438440
vt 0.844002 0.435579
vt 0.852604 0.489893
vt 0.849713 0.491741
vt 0.859490 0.512043
vt 0.872856 0.496911
vt 0.874405 0.498745
vt 0.799000 0.494613
vt 0.783589 0.486921
vt 0.794853 0.465043
vt 0.848561 0.495287
vt 0.872259 0.469466
vt 0.873147 0.469339
vt 0.812520 0.657031
vt 0.843089 0.635107
vt 0.828194 0.673622
vt 0.617074 0.583026
vt 0.620821 0.582710
vt 0.620252 0.584600
vt 0.623581 0.584615
vt 0.622713 0.586620
vt 0.876467 0.554242
vt 0.867701 0.582874
vt 0.617641 0.580805
vt 0.624187 0.578736
vt 0.587850 0.592882
vt 0.593223 0.589141
vt 0.589369 0.594582
vt 0.605344 0.536366
vt 0.840205 0.489942
vt 0.840085 0.487871
vt 0.603224 0.575080
vt 0.593526 0.578528
vt 0.604336 0.570586
vt 0.609685 0.577108
vt 0.611579 0.573168
vt 0.838182 0.501180
vt 0.831447 0.499300
vt 0.583392 0.593640
vt 0.584890 0.585342
vt 0.585676 0.587324
vt 0.880876 0.470091
vt 0.877545 0.470008
vt 0.587059 0.590707
vt 0.592949 0.586449
vt 0.593757 0.574953
vt 0.845884 0.517276
vt 0.850768 0.513058
vt 0.638269 0.582255
vt 0.630538 0.582823
vt 0.634312 0.579590
vt 0.636311 0.572698
vt 0.640405 0.575426
vt 0.496576 0.591923
vt 0.508928 0.602069
vt 0.496593 0.603855
vt 0.605851 0.566318
vt 0.613550 0.568708
vt 0.818097 0.425891
vt 0.877311 0.433336
vt 0.631134 0.577046
vt 0.627535 0.580742
vt 0.627083 0.569172
vt 0.624238 0.563484
vt 0.630966 0.565091
vt 0.644022 0.578574
vt 0.646048 0.572456
vt 0.650388 0.576026
vt 0.646106 0.581556
vt 0.652481 0.581003
vt 0.856279 0.529400
vt 0.863956 0.531768
vt 0.852631 0.530653
vt 0.647358 0.565863
vt 0.653202 0.569565
vt 0.654610 0.562736
vt 0.661953 0.567757
vt 0.658639 0.574156
vt 0.668028 0.573558
vt 0.636508 0.566538
vt 0.635064 0.561020
vt 0.641742 0.562859
vt 0.368060 0.714197
vt 0.347288 0.690679
vt 0.373206 0.699728
vt 0.601030 0.582653
vt 0.595463 0.590613
vt 0.620449 0.577427
vt 0.613824 0.580182
vt 0.616262 0.576571
vt 0.602971 0.587835
vt 0.608858 0.595982
vt 0.606630 0.597002
vt 0.593675 0.595782
vt 0.597853 0.591954
vt 0.604755 0.598589
vt 0.841014 0.505658
vt 0.606845 0.561903
vt 0.618657 0.556448
vt 0.617669 0.559836
vt 0.940198 0.473328
vt 0.954814 0.509723
vt 0.941717 0.515026
vt 0.626720 0.634207
vt 0.636822 0.632162
vt 0.629149 0.638316
vt 0.617384 0.634586
vt 0.618989 0.639365
vt 0.626287 0.612167
vt 0.621924 0.613739
vt 0.623243 0.610213
vt 0.627677 0.607573
vt 0.624237 0.606726
vt 0.620364 0.643831
vt 0.624525 0.589034
vt 0.628073 0.589723
vt 0.626314 0.591851
vt 0.619302 0.586771
vt 0.613726 0.598335
vt 0.613253 0.597093
vt 0.621266 0.646631
vt 0.609782 0.653721
vt 0.609590 0.650317
vt 0.616548 0.585438
vt 0.625786 0.586908
vt 0.633766 0.586250
vt 0.868540 0.523146
vt 0.864092 0.520060
vt 0.867481 0.516529
vt 0.890929 0.502588
vt 0.622033 0.591282
vt 0.613989 0.600950
vt 0.613890 0.599641
vt 0.621140 0.589013
vt 0.628725 0.598126
vt 0.624071 0.596774
vt 0.627851 0.595228
vt 0.613987 0.604688
vt 0.624498 0.603907
vt 0.613902 0.605946
vt 0.614023 0.603477
vt 0.614042 0.602252
vt 0.630655 0.593375
vt 0.639684 0.593254
vt 0.652386 0.587694
vt 0.645961 0.597584
vt 0.645560 0.586568
vt 0.495457 0.167657
vt 0.536350 0.159940
vt 0.536360 0.173776
vt 0.624571 0.601471
vt 0.628661 0.603948
vt 0.661892 0.579842
vt 0.662230 0.587471
vt 0.659032 0.600032
vt 0.673155 0.589137
vt 0.671188 0.601764
vt 0.633314 0.599519
vt 0.629067 0.600946
vt 0.632284 0.596411
vt 0.640880 0.605832
vt 0.649401 0.607973
vt 0.636899 0.612221
vt 0.643092 0.615417
vt 0.613763 0.607310
vt 0.633479 0.628707
vt 0.643130 0.625490
vt 0.671183 0.580956
vt 0.633474 0.618563
vt 0.638340 0.622042
vt 0.630626 0.609444
vt 0.632324 0.604167
vt 0.628621 0.615007
vt 0.602197 0.606482
vt 0.590147 0.610704
vt 0.590076 0.608379
vt 0.626154 0.620744
vt 0.629593 0.624753
vt 0.620183 0.621710
vt 0.621962 0.626056
vt 0.624159 0.616778
vt 0.614824 0.625560
vt 0.616146 0.630314
vt 0.713764 0.682147
vt 0.740827 0.657366
vt 0.727510 0.687880
vt 0.624110 0.630195
vt 0.611706 0.659848
vt 0.623291 0.649980
vt 0.627693 0.656201
vt 0.602283 0.609196
vt 0.592142 0.616797
vt 0.590957 0.613732
vt 0.608369 0.623222
vt 0.610222 0.613525
vt 0.614127 0.621690
vt 0.602190 0.607792
vt 0.586891 0.613965
vt 0.585111 0.609774
vt 0.589288 0.617568
vt 0.861742 0.372864
vt 0.864851 0.355415
vt 0.633635 0.518804
vt 0.572079 0.738226
vt 0.594420 0.720196
vt 0.602804 0.733237
vt 0.882846 0.503671
vt 0.829832 0.493332
vt 0.967415 0.627599
vt 0.951869 0.602418
vt 0.969915 0.597156
vt 0.605852 0.614092
vt 0.602623 0.623295
vt 0.612999 0.610472
vt 0.618467 0.618403
vt 0.611880 0.612203
vt 0.944497 0.655175
vt 0.935769 0.634601
vt 0.949170 0.629601
vt 0.584545 0.618598
vt 0.580865 0.613953
vt 0.595131 0.619368
vt 0.602539 0.610682
vt 0.603082 0.612132
vt 0.578615 0.609968
vt 0.577721 0.617494
vt 0.575111 0.612782
vt 0.581432 0.622873
vt 0.588887 0.622919
vt 0.591747 0.620938
vt 0.586903 0.627316
vt 0.593472 0.633083
vt 0.594078 0.628190
vt 0.595608 0.625378
vt 0.600734 0.634939
vt 0.608236 0.632113
vt 0.608700 0.636571
vt 0.591943 0.638043
vt 0.600910 0.630655
vt 0.608193 0.627519
vt 0.590113 0.643481
vt 0.584901 0.632138
vt 0.599019 0.644959
vt 0.600064 0.639879
vt 0.582085 0.598236
vt 0.579986 0.594846
vt 0.576821 0.602548
vt 0.586195 0.604614
vt 0.584586 0.599055
vt 0.588547 0.600099
vt 0.591525 0.595390
vt 0.579988 0.603322
vt 0.578209 0.607795
vt 0.573368 0.610167
vt 0.584884 0.606497
vt 0.578919 0.605626
vt 0.584495 0.608159
vt 0.602828 0.602238
vt 0.603497 0.600447
vt 0.574563 0.620965
vt 0.578064 0.627607
vt 0.564820 0.611830
vt 0.568107 0.613336
vt 0.565571 0.616286
vt 0.117210 0.493851
vt 0.119524 0.494663
vt 0.118092 0.496461
vt 0.122329 0.482707
vt 0.121284 0.483697
vt 0.121663 0.470888
vt 0.566433 0.606581
vt 0.567821 0.609808
vt 0.121427 0.449965
vt 0.120919 0.460973
vt 0.119208 0.460784
vt 0.574783 0.635192
vt 0.583111 0.638455
vt 0.569461 0.605710
vt 0.573563 0.606920
vt 0.583094 0.583056
vt 0.153804 0.395813
vt 0.148166 0.400258
vt 0.150946 0.391940
vt 0.581892 0.581599
vt 0.593326 0.571358
vt 0.576582 0.594195
vt 0.574286 0.594011
vt 0.619552 0.552929
vt 0.607395 0.558943
vt 0.607740 0.555933
vt 0.671657 0.151136
vt 0.623360 0.140133
vt 0.669444 0.564513
vt 0.143038 0.393787
vt 0.145432 0.382018
vt 0.150594 0.384988
vt 0.667279 0.553935
vt 0.660996 0.559305
vt 0.130139 0.509993
vt 0.130976 0.515745
vt 0.127630 0.512953
vt 0.090000 0.443329
vt 0.102148 0.445512
vt 0.099618 0.452587
vt 0.651873 0.555060
vt 0.646749 0.559214
vt 0.127396 0.493876
vt 0.128806 0.490204
vt 0.130360 0.493207
vt 0.114594 0.496494
vt 0.115676 0.499407
vt 0.175956 0.418777
vt 0.169078 0.424088
vt 0.167946 0.409559
vt 0.154693 0.460640
vt 0.129095 0.429485
vt 0.122591 0.437322
vt 0.126922 0.426147
vt 0.656382 0.549525
vt 0.644927 0.547206
vt 0.641630 0.552313
vt 0.632092 0.551231
vt 0.685811 0.586527
vt 0.128901 0.440913
vt 0.128874 0.437761
vt 0.134637 0.433513
vt 0.692279 0.573440
vt 0.681662 0.578555
vt 0.126395 0.499946
vt 0.129429 0.505565
vt 0.125558 0.500216
vt 0.697529 0.581880
vt 0.688251 0.599122
vt 0.563943 0.624463
vt 0.570513 0.627714
vt 0.564925 0.633617
vt 0.558059 0.638233
vt 0.567246 0.644244
vt 0.559424 0.649226
vt 0.096339 0.488441
vt 0.094686 0.503314
vt 0.095359 0.488082
vt 0.126427 0.491921
vt 0.123469 0.491033
vt 0.125096 0.489518
vt 0.148451 0.494678
vt 0.145972 0.493106
vt 0.147733 0.491278
vt 0.113607 0.397153
vt 0.104166 0.414911
vt 0.115526 0.388903
vt 0.558152 0.628565
vt 0.557708 0.616970
vt 0.562570 0.619754
vt 0.558072 0.623155
vt 0.563594 0.607429
vt 0.561728 0.614173
vt 0.560378 0.607815
vt 0.592682 0.566585
vt 0.580395 0.580325
vt 0.158063 0.395356
vt 0.155868 0.388546
vt 0.160195 0.387914
vt 0.591798 0.564591
vt 0.578990 0.578766
vt 0.572042 0.593431
vt 0.142643 0.499990
vt 0.141702 0.497001
vt 0.144338 0.498530
vt 0.569248 0.592983
vt 0.127148 0.487213
vt 0.955551 0.539937
vt 0.940933 0.548837
vt 0.128552 0.461564
vt 0.124693 0.455365
vt 0.129459 0.454116
vt 0.937915 0.440042
vt 0.621501 0.346150
vt 0.598586 0.340764
vt 0.608331 0.329450
vt 0.124040 0.463188
vt 0.130206 0.475357
vt 0.125735 0.476585
vt 0.718346 0.475276
vt 0.740050 0.463946
vt 0.732541 0.489889
vt 0.121226 0.490893
vt 0.122083 0.490930
vt 0.087872 0.524952
vt 0.094456 0.509046
vt 0.097096 0.517213
vt 0.496638 0.645071
vt 0.496625 0.631456
vt 0.657002 0.667209
vt 0.668154 0.675497
vt 0.640877 0.678015
vt 0.647816 0.658559
vt 0.510348 0.455822
vt 0.496196 0.459443
vt 0.496203 0.455843
vt 0.697171 0.627110
vt 0.688575 0.612696
vt 0.700980 0.611010
vt 0.685173 0.626475
vt 0.677179 0.613209
vt 0.659318 0.648863
vt 0.669998 0.654597
vt 0.690573 0.643419
vt 0.678244 0.640655
vt 0.177725 0.439167
vt 0.172244 0.442356
vt 0.169441 0.435719
vt 0.667601 0.637631
vt 0.116806 0.396831
vt 0.117675 0.407504
vt 0.113061 0.410951
vt 0.701389 0.596194
vt 0.569947 0.656791
vt 0.583353 0.662647
vt 0.579974 0.670936
vt 0.574124 0.677771
vt 0.590610 0.692187
vt 0.597881 0.681450
vt 0.575217 0.651355
vt 0.562593 0.661933
vt 0.512004 0.500921
vt 0.135470 0.498002
vt 0.138567 0.491801
vt 0.139203 0.497657
vt 0.151168 0.432110
vt 0.143474 0.430336
vt 0.145449 0.425274
vt 0.516445 0.488326
vt 0.507223 0.483405
vt 0.519424 0.482924
vt 0.598283 0.649077
vt 0.133217 0.403715
vt 0.139551 0.402627
vt 0.135087 0.408336
vt 0.175168 0.430982
vt 0.102728 0.502646
vt 0.096889 0.504015
vt 0.912058 0.689267
vt 0.907357 0.733069
vt 0.894950 0.709852
vt 0.582130 0.645108
vt 0.584139 0.644258
vt 0.129668 0.485163
vt 0.131294 0.488114
vt 0.524213 0.609833
vt 0.609219 0.641580
vt 0.609321 0.646571
vt 0.630774 0.640755
vt 0.634069 0.644000
vt 0.171893 0.466849
vt 0.167908 0.464449
vt 0.173095 0.463698
vt 0.529130 0.575825
vt 0.516811 0.567236
vt 0.528800 0.565557
vt 0.174863 0.463852
vt 0.176972 0.466065
vt 0.173963 0.467224
vt 0.654247 0.621616
vt 0.649736 0.618365
vt 0.659657 0.615772
vt 0.659121 0.622906
vt 0.657806 0.611827
vt 0.665029 0.615081
vt 0.166425 0.465229
vt 0.165882 0.466799
vt 0.165807 0.465197
vt 0.144454 0.462305
vt 0.148523 0.472982
vt 0.146000 0.474440
vt 0.581755 0.650305
vt 0.122175 0.466145
vt 0.123731 0.479260
vt 0.588053 0.650969
vt 0.138723 0.524964
vt 0.129487 0.520137
vt 0.598879 0.670340
vt 0.597802 0.658869
vt 0.153467 0.440115
vt 0.157117 0.444812
vt 0.155139 0.446345
vt 0.167973 0.447048
vt 0.173838 0.449263
vt 0.170707 0.452281
vt 0.167236 0.471755
vt 0.173202 0.470992
vt 0.170725 0.482753
vt 0.119500 0.448893
vt 0.114219 0.459663
vt 0.116584 0.447365
vt 0.597704 0.652690
vt 0.167717 0.395948
vt 0.162728 0.374933
vt 0.177105 0.400674
vt 0.121480 0.503791
vt 0.118301 0.504705
vt 0.120134 0.501321
vt 0.152498 0.482205
vt 0.154490 0.482386
vt 0.152980 0.484696
vt 0.937403 0.610412
vt 0.650134 0.641770
vt 0.639670 0.649566
vt 0.643468 0.637218
vt 0.079885 0.372002
vt 0.082758 0.410666
vt 0.071206 0.415476
vt 0.140460 0.409517
vt 0.136635 0.414551
vt 0.168691 0.509508
vt 0.161920 0.514516
vt 0.167555 0.503813
vt 0.112781 0.486667
vt 0.658855 0.633603
vt 0.652118 0.630403
vt 0.516556 0.320179
vt 0.495554 0.309736
vt 0.518283 0.310595
vt 0.143891 0.502148
vt 0.141036 0.501496
vt 0.144269 0.501055
vt 0.156920 0.497164
vt 0.154239 0.492572
vt 0.157942 0.493738
vt 0.505405 0.363885
vt 0.495616 0.354825
vt 0.507392 0.356351
vt 0.167559 0.524009
vt 0.159730 0.524467
vt 0.670031 0.618552
vt 0.675006 0.626496
vt 0.665770 0.625329
vt 0.116235 0.382230
vt 0.096574 0.420337
vt 0.810210 0.446784
vt 0.806560 0.452759
vt 0.807268 0.445544
vt 0.898225 0.488134
vt 0.895254 0.468654
vt 0.161685 0.499450
vt 0.155004 0.501350
vt 0.182428 0.419200
vt 0.145511 0.499814
vt 0.146806 0.498153
vt 0.150486 0.492425
vt 0.148954 0.488973
vt 0.901599 0.500491
vt 0.909515 0.504110
vt 0.899334 0.509068
vt 0.138086 0.476747
vt 0.881500 0.520433
vt 0.873447 0.523940
vt 0.878700 0.516993
vt 0.503805 0.369681
vt 0.495608 0.363008
vt 0.862380 0.433351
vt 0.855370 0.427298
vt 0.854376 0.422465
vt 0.504671 0.536218
vt 0.496478 0.546108
vt 0.496452 0.536719
vt 0.868671 0.497700
vt 0.871113 0.493388
vt 0.928731 0.370200
vt 0.934982 0.410495
vt 0.091285 0.405461
vt 0.127450 0.355243
vt 0.591853 0.421981
vt 0.595072 0.441683
vt 0.579286 0.440476
vt 0.815461 0.468621
vt 0.869930 0.495686
vt 0.863322 0.495722
vt 0.861071 0.499198
vt 0.886046 0.457249
vt 0.887309 0.468437
vt 0.884949 0.457500
vt 0.889009 0.467807
vt 0.892258 0.488113
vt 0.151597 0.494415
vt 0.151537 0.492658
vt 0.152318 0.492064
vt 0.513983 0.490628
vt 0.505197 0.488105
vt 0.511731 0.495495
vt 0.508811 0.497471
vt 0.505713 0.495534
vt 0.143207 0.398593
vt 0.140342 0.487287
vt 0.144954 0.485310
vt 0.144548 0.488507
vt 0.119520 0.482929
vt 0.117974 0.469632
vt 0.120014 0.469379
vt 0.863027 0.435676
vt 0.866641 0.441524
vt 0.866689 0.442450
vt 0.859447 0.384333
vt 0.858188 0.388834
vt 0.155794 0.380475
vt 0.153921 0.477972
vt 0.155801 0.474848
vt 0.154272 0.479734
vt 0.869403 0.451247
vt 0.857741 0.505000
vt 0.855624 0.506390
vt 0.855346 0.505082
vt 0.858856 0.504067
vt 0.858772 0.505629
vt 0.152387 0.489511
vt 0.899227 0.487547
vt 0.182074 0.436830
vt 0.178802 0.427464
vt 0.816356 0.456400
vt 0.509151 0.448815
vt 0.496229 0.446032
vt 0.507452 0.445185
vt 0.846518 0.499773
vt 0.847690 0.499671
vt 0.842088 0.494587
vt 0.843983 0.497553
vt 0.843253 0.497798
vt 0.841529 0.494243
vt 0.832190 0.437950
vt 0.833032 0.443705
vt 0.856721 0.455209
vt 0.858014 0.462012
vt 0.126820 0.496465
vt 0.128304 0.495480
vt 0.131022 0.499687
vt 0.128072 0.497957
vt 0.129326 0.496811
vt 0.146313 0.489547
vt 0.147185 0.487129
vt 0.836807 0.395414
vt 0.153053 0.429013
vt 0.148345 0.416555
vt 0.127337 0.447673
vt 0.132593 0.447971
vt 0.107701 0.469174
vt 0.104093 0.487621
vt 0.105965 0.468379
vt 0.870823 0.495902
vt 0.868386 0.509868
vt 0.841661 0.497002
vt 0.086688 0.470289
vt 0.095034 0.469291
vt 0.179427 0.478817
vt 0.151585 0.486208
vt 0.152753 0.488652
vt 0.116334 0.421189
vt 0.112690 0.426725
vt 0.126773 0.386764
vt 0.130185 0.391694
vt 0.125281 0.399326
vt 0.841673 0.502561
vt 0.842580 0.500445
vt 0.844807 0.501959
vt 0.856067 0.507834
vt 0.859927 0.506638
vt 0.877670 0.540256
vt 0.860885 0.507680
vt 0.856924 0.509300
vt 0.131992 0.441625
vt 0.849388 0.503147
vt 0.846308 0.501544
vt 0.846301 0.500559
vt 0.164936 0.464566
vt 0.165437 0.462594
vt 0.134889 0.462173
vt 0.133575 0.475439
vt 0.131476 0.461645
vt 0.152519 0.499924
vt 0.153281 0.495720
vt 0.842990 0.456347
vt 0.826094 0.464213
vt 0.845951 0.457128
vt 0.138510 0.398275
vt 0.161772 0.479427
vt 0.163263 0.488052
vt 0.149623 0.504591
vt 0.152233 0.505835
vt 0.147824 0.510009
vt 0.847016 0.455126
vt 0.166130 0.451324
vt 0.168069 0.454079
vt 0.814213 0.500474
vt 0.986328 0.431641
vt 0.132405 0.502326
vt 0.132265 0.499317
vt 0.105872 0.501131
vt 0.101277 0.488131
vt 0.851078 0.425043
vt 0.847002 0.425162
vt 0.144619 0.495427
vt 0.143989 0.493156
vt 0.872905 0.435104
vt 0.112404 0.540950
vt 0.117463 0.554329
vt 0.103782 0.548600
vt 0.871495 0.460942
vt 0.135939 0.389594
vt 0.137708 0.382847
vt 0.141577 0.382098
vt 0.156819 0.439362
vt 0.158227 0.443897
vt 0.593085 0.568997
vt 0.871135 0.460681
vt 0.850295 0.419238
vt 0.869330 0.451150
vt 0.123564 0.451261
vt 0.122666 0.457921
vt 0.121885 0.460781
vt 0.856934 0.448765
vt 0.860183 0.447818
vt 0.853972 0.449920
vt 0.852838 0.445365
vt 0.150846 0.480761
vt 0.149900 0.481921
vt 0.112206 0.520501
vt 0.112749 0.532131
vt 0.106476 0.525100
vt 0.107156 0.487330
vt 0.174219 0.425998
vt 0.873566 0.396725
vt 0.507138 0.568350
vt 0.496506 0.557105
vt 0.506955 0.556829
vt 0.840048 0.484530
vt 0.841466 0.483081
vt 0.840797 0.485217
vt 0.859945 0.454421
vt 0.861443 0.461495
vt 0.151824 0.402929
vt 0.143469 0.405418
vt 0.840514 0.482035
vt 0.499339 0.502612
vt 0.496336 0.507190
vt 0.496309 0.502312
vt 0.514640 0.329083
vt 0.495611 0.336761
vt 0.495574 0.327991
vt 0.143041 0.491038
vt 0.144553 0.491062
vt 0.145261 0.491917
vt 0.860830 0.489973
vt 0.857758 0.487913
vt 0.154587 0.490677
vt 0.145308 0.507906
vt 0.137336 0.507935
vt 0.144156 0.506192
vt 0.887687 0.435499
vt 0.825316 0.448901
vt 0.828335 0.448233
vt 0.826493 0.451200
vt 0.149191 0.496841
vt 0.859013 0.484650
vt 0.855113 0.488739
vt 0.852810 0.487134
vt 0.866326 0.499152
vt 0.862646 0.501132
vt 0.129711 0.531843
vt 0.137262 0.529517
vt 0.140890 0.530784
vt 0.138571 0.390932
vt 0.825122 0.462901
vt 0.881463 0.540893
vt 0.890411 0.539287
vt 0.890185 0.548544
vt 0.517524 0.738833
vt 0.496711 0.756070
vt 0.496670 0.739258
vt 0.123253 0.493362
vt 0.124605 0.493188
vt 0.158790 0.471568
vt 0.986328 0.626953
vt 0.164575 0.456905
vt 0.164358 0.457185
vt 0.164254 0.456866
vt 0.834315 0.505848
vt 0.825587 0.503685
vt 0.161841 0.453700
vt 0.163932 0.454680
vt 0.163243 0.455395
vt 0.829213 0.397026
vt 0.846380 0.498011
vt 0.164414 0.456134
vt 0.164114 0.456425
vt 0.164036 0.455935
vt 0.822864 0.453260
vt 0.893447 0.467841
vt 0.131415 0.503692
vt 0.130725 0.501248
vt 0.834744 0.451673
vt 0.832660 0.448714
vt 0.120405 0.491017
vt 0.121315 0.493690
vt 0.166926 0.466103
vt 0.125595 0.497283
vt 0.125695 0.494972
vt 0.540716 0.609765
vt 0.534111 0.603239
vt 0.178927 0.451378
vt 0.175465 0.450129
vt 0.177125 0.446127
vt 0.120599 0.497018
vt 0.162636 0.402109
vt 0.130008 0.495838
vt 0.306173 0.175609
vt 0.271726 0.157314
vt 0.320525 0.151226
vt 0.588936 0.647679
vt 0.140367 0.519298
vt 0.146175 0.525177
vt 0.164522 0.455689
vt 0.164317 0.454580
vt 0.164884 0.454495
vt 0.165981 0.456376
vt 0.164857 0.456939
vt 0.593248 0.582888
vt 0.828108 0.446010
vt 0.163109 0.456245
vt 0.163515 0.461586
vt 0.164821 0.458956
vt 0.164685 0.444351
vt 0.163656 0.437341
vt 0.164294 0.455593
vt 0.164115 0.455504
vt 0.843973 0.496693
vt 0.150714 0.484181
vt 0.839266 0.456671
vt 0.835482 0.447027
vt 0.835077 0.458391
vt 0.832419 0.463270
vt 0.157130 0.455048
vt 0.161233 0.455440
vt 0.161263 0.457448
vt 0.141013 0.434082
vt 0.139986 0.430014
vt 0.149413 0.442856
vt 0.156841 0.477939
vt 0.158598 0.484661
vt 0.872401 0.421509
vt 0.864923 0.400484
vt 0.874771 0.420745
vt 0.164519 0.456530
vt 0.164859 0.465746
vt 0.827853 0.457101
vt 0.826782 0.457215
vt 0.971701 0.560564
vt 0.972241 0.531458
vt 0.831458 0.455309
vt 0.831996 0.445359
vt 0.845799 0.532056
vt 0.868129 0.448996
vt 0.835578 0.454916
vt 0.831453 0.457315
vt 0.157665 0.458528
vt 0.824571 0.453950
vt 0.165654 0.458178
vt 0.166721 0.461394
vt 0.165376 0.458683
vt 0.623362 0.573874
vt 0.631938 0.570488
vt 0.627607 0.575167
vt 0.140795 0.492391
vt 0.153858 0.512492
vt 0.158898 0.505998
vt 0.079974 0.536981
vt 0.092782 0.540463
vt 0.098862 0.565130
vt 0.838484 0.490513
vt 0.873879 0.460770
vt 0.163289 0.457152
vt 0.164823 0.457430
vt 0.126135 0.441577
vt 0.124716 0.439457
vt 0.579609 0.151601
vt 0.534965 0.142921
vt 0.162696 0.434514
vt 0.154613 0.486999
vt 0.922640 0.415840
vt 0.109627 0.458019
vt 0.574187 0.564121
vt 0.152968 0.488039
vt 0.152871 0.490109
vt 0.781214 0.438251
vt 0.796889 0.436436
vt 0.847887 0.491769
vt 0.159548 0.443839
vt 0.158218 0.438982
vt 0.160321 0.438074
vt 0.846460 0.502961
vt 0.152726 0.490804
vt 0.834025 0.445028
vt 0.824334 0.458283
vt 0.822403 0.455957
vt 0.824110 0.456095
vt 0.174386 0.452582
vt 0.176142 0.452936
vt 0.136091 0.491238
vt 0.132418 0.490114
vt 0.544515 0.865441
vt 0.497502 0.886260
vt 0.497474 0.866962
vt 0.642416 0.737327
vt 0.619326 0.759157
vt 0.611275 0.745948
vt 0.839408 0.428900
vt 0.838400 0.433958
vt 0.134055 0.395454
vt 0.165903 0.457346
vt 0.164841 0.457225
vt 0.828944 0.451929
vt 0.828070 0.452461
vt 0.848287 0.442841
vt 0.844662 0.440691
vt 0.164574 0.452586
vt 0.161973 0.459579
vt 0.843203 0.442724
vt 0.841510 0.438158
vt 0.835578 0.435477
vt 0.171270 0.455239
vt 0.174598 0.456333
vt 0.171104 0.458461
vt 0.869775 0.513306
vt 0.876361 0.513264
vt 0.871914 0.519527
vt 0.145959 0.444638
vt 0.147044 0.453862
vt 0.142286 0.446903
vt 0.120239 0.421543
vt 0.119883 0.435109
vt 0.115504 0.433332
vt 0.816892 0.493808
vt 0.101369 0.592903
vt 0.112268 0.571927
vt 0.117596 0.610444
vt 0.112914 0.507447
vt 0.116908 0.502055
vt 0.135412 0.546105
vt 0.121368 0.538391
vt 0.130077 0.537561
vt 0.112192 0.445413
vt 0.112362 0.470085
vt 0.690596 0.462505
vt 0.704884 0.467959
vt 0.527621 0.400626
vt 0.532344 0.403463
vt 0.525828 0.404990
vt 0.590835 0.856742
vt 0.557496 0.885355
vt 0.512562 0.412577
vt 0.510405 0.414236
vt 0.509920 0.412702
vt 0.616530 0.431486
vt 0.607875 0.448149
vt 0.513157 0.414386
vt 0.510772 0.415369
vt 0.706139 0.544956
vt 0.693071 0.552724
vt 0.696843 0.538496
vt 0.614056 0.371650
vt 0.596617 0.363660
vt 0.609313 0.355157
vt 0.579262 0.472490
vt 0.599593 0.462834
vt 0.588878 0.478079
vt 0.638273 0.556895
vt 0.509340 0.415427
vt 0.508982 0.414272
vt 0.546374 0.512126
vt 0.551629 0.507151
vt 0.555587 0.516867
vt 0.860967 0.502216
vt 0.861984 0.503578
vt 0.527162 0.499287
vt 0.523046 0.496975
vt 0.534908 0.497467
vt 0.171035 0.469486
vt 0.170221 0.493284
vt 0.163228 0.493474
vt 0.839064 0.452887
vt 0.745698 0.586680
vt 0.731815 0.564972
vt 0.739753 0.550363
vt 0.512583 0.506208
vt 0.529936 0.585635
vt 0.541892 0.590368
vt 0.530723 0.594725
vt 0.137131 0.437484
vt 0.137258 0.443751
vt 0.132572 0.507788
vt 0.514222 0.501409
vt 0.519405 0.598966
vt 0.517431 0.588507
vt 0.885098 0.429574
vt 0.847930 0.457579
vt 0.590053 0.603431
vt 0.602277 0.605207
vt 0.589971 0.605967
vt 0.521665 0.513111
vt 0.528992 0.506912
vt 0.834313 0.438857
vt 0.833330 0.436734
vt 0.495604 0.155380
vt 0.495763 0.140227
vt 0.456642 0.142801
vt 0.819626 0.463578
vt 0.515322 0.515574
vt 0.526392 0.515320
vt 0.522088 0.521893
vt 0.518357 0.518892
vt 0.510266 0.435417
vt 0.503397 0.432709
vt 0.508429 0.429012
vt 0.696546 0.704386
vt 0.708617 0.712859
vt 0.837775 0.862671
vt 0.800596 0.904287
vt 0.807062 0.878193
vt 0.792384 0.228006
vt 0.810809 0.205530
vt 0.827256 0.237922
vt 0.511452 0.502781
vt 0.496248 0.490635
vt 0.502170 0.493027
vt 0.496263 0.493190
vt 0.606835 0.873017
vt 0.581502 0.903595
vt 0.829584 0.456118
vt 0.479636 0.504410
vt 0.480006 0.504149
vt 0.480021 0.504624
vt 0.497596 0.905660
vt 0.502668 0.429395
vt 0.507072 0.426047
vt 0.479362 0.500914
vt 0.476979 0.499827
vt 0.478947 0.498856
vt 0.514408 0.430152
vt 0.519491 0.443818
vt 0.515806 0.440655
vt 0.554820 0.487678
vt 0.550678 0.479113
vt 0.566053 0.473330
vt 0.480131 0.503895
vt 0.480651 0.504547
vt 0.480085 0.504064
vt 0.526672 0.488971
vt 0.533357 0.482286
vt 0.533546 0.491803
vt 0.539318 0.489023
vt 0.522566 0.491348
vt 0.519136 0.498251
vt 0.517108 0.496102
vt 0.802223 0.635054
vt 0.911653 0.824908
vt 0.909457 0.776219
vt 0.937275 0.784646
vt 0.827920 0.465609
vt 0.548163 0.753960
vt 0.524567 0.772294
vt 0.521114 0.755115
vt 0.512800 0.503781
vt 0.789443 0.262334
vt 0.805713 0.314811
vt 0.772247 0.268393
vt 0.823787 0.461097
vt 0.864087 0.526570
vt 0.524935 0.455792
vt 0.522702 0.452061
vt 0.541686 0.452855
vt 0.539225 0.447545
vt 0.496233 0.488112
vt 0.503545 0.490605
vt 0.589534 0.391848
vt 0.577791 0.384208
vt 0.588611 0.380784
vt 0.588049 0.403513
vt 0.601352 0.390783
vt 0.598814 0.405900
vt 0.573652 0.431877
vt 0.555910 0.440236
vt 0.568941 0.424675
vt 0.560008 0.455333
vt 0.543218 0.459099
vt 0.559393 0.446902
vt 0.822721 0.458698
vt 0.612299 0.596173
vt 0.614196 0.389666
vt 0.610985 0.408415
vt 0.600915 0.376482
vt 0.604171 0.426149
vt 0.558153 0.401767
vt 0.569231 0.394169
vt 0.568140 0.401424
vt 0.578795 0.392815
vt 0.568586 0.388067
vt 0.557248 0.408636
vt 0.566482 0.409114
vt 0.537214 0.409458
vt 0.530182 0.416044
vt 0.529265 0.410116
vt 0.127244 0.507464
vt 0.125146 0.509968
vt 0.839953 0.448188
vt 0.715060 0.503416
vt 0.746934 0.525283
vt 0.727481 0.517036
vt 0.917567 0.439888
vt 0.911571 0.435363
vt 0.528917 0.405202
vt 0.526788 0.408573
vt 0.523558 0.407959
vt 0.513820 0.415534
vt 0.544497 0.397804
vt 0.621038 0.548656
vt 0.608100 0.552583
vt 0.546305 0.401817
vt 0.559107 0.395101
vt 0.535378 0.405270
vt 0.558542 0.392259
vt 0.547091 0.408584
vt 0.538944 0.416983
vt 0.547339 0.416702
vt 0.556224 0.417727
vt 0.531490 0.440960
vt 0.544932 0.433189
vt 0.535487 0.444197
vt 0.521170 0.434825
vt 0.512304 0.419513
vt 0.509637 0.422161
vt 0.510564 0.418688
vt 0.526373 0.436745
vt 0.538877 0.430268
vt 0.511441 0.424242
vt 0.516249 0.423275
vt 0.514804 0.416911
vt 0.511745 0.417312
vt 0.511303 0.416420
vt 0.509763 0.416510
vt 0.510192 0.417292
vt 0.511111 0.459534
vt 0.496174 0.464125
vt 0.531619 0.112351
vt 0.495872 0.125641
vt 0.495922 0.111115
vt 0.526250 0.426483
vt 0.532429 0.428046
vt 0.515662 0.418857
vt 0.642113 0.585364
vt 0.638014 0.590149
vt 0.958163 0.683154
vt 0.974667 0.727263
vt 0.948547 0.713584
vt 0.507264 0.580003
vt 0.496535 0.569162
vt 0.551165 0.435415
vt 0.521241 0.448284
vt 0.509893 0.452544
vt 0.627586 0.559022
vt 0.587537 0.351649
vt 0.581844 0.328914
vt 0.512456 0.410520
vt 0.509192 0.411594
vt 0.551217 0.387898
vt 0.555452 0.373888
vt 0.562644 0.382925
vt 0.576554 0.361362
vt 0.556818 0.358955
vt 0.565554 0.350706
vt 0.572917 0.377375
vt 0.584247 0.371036
vt 0.545776 0.378739
vt 0.547575 0.364595
vt 0.573372 0.455862
vt 0.613185 0.584938
vt 0.610876 0.595720
vt 0.565741 0.369285
vt 0.630099 0.555227
vt 0.526487 0.397253
vt 0.511446 0.403299
vt 0.522995 0.388556
vt 0.779178 0.865621
vt 0.818133 0.848992
vt 0.573557 0.340643
vt 0.532609 0.376887
vt 0.531879 0.390520
vt 0.527872 0.382313
vt 0.555904 0.330797
vt 0.496241 0.482658
vt 0.508994 0.477727
vt 0.527186 0.342028
vt 0.532102 0.333509
vt 0.523723 0.370777
vt 0.529186 0.363661
vt 0.539348 0.370736
vt 0.533212 0.396957
vt 0.549551 0.340559
vt 0.538715 0.313464
vt 0.536257 0.324240
vt 0.560010 0.318855
vt 0.542545 0.348792
vt 0.535360 0.355770
vt 0.517897 0.358633
vt 0.496217 0.449866
vt 0.496210 0.452659
vt 0.506048 0.501805
vt 0.503748 0.504458
vt 0.502951 0.498977
vt 0.500245 0.497900
vt 0.505238 0.500152
vt 0.526393 0.470827
vt 0.538676 0.474398
vt 0.523279 0.476930
vt 0.511587 0.515400
vt 0.509263 0.517317
vt 0.507926 0.519037
vt 0.506925 0.517443
vt 0.512468 0.517712
vt 0.508346 0.515004
vt 0.504635 0.508423
vt 0.504839 0.513087
vt 0.502799 0.515370
vt 0.504546 0.520287
vt 0.503523 0.517641
vt 0.506998 0.511702
vt 0.505680 0.515289
vt 0.513423 0.701458
vt 0.496676 0.721244
vt 0.496674 0.700385
vt 0.513281 0.519556
vt 0.515682 0.525436
vt 0.510898 0.522111
vt 0.508740 0.527931
vt 0.505990 0.523424
vt 0.520906 0.532412
vt 0.530520 0.528431
vt 0.512053 0.371570
vt 0.514715 0.366086
vt 0.504114 0.438864
vt 0.516244 0.382517
vt 0.503897 0.396345
vt 0.508839 0.377906
vt 0.519740 0.376361
vt 0.501592 0.402876
vt 0.498151 0.405557
vt 0.498760 0.402038
vt 0.497085 0.812617
vt 0.473892 0.501702
vt 0.476271 0.504514
vt 0.472945 0.505855
vt 0.495297 0.405251
vt 0.495398 0.401461
vt 0.487660 0.505616
vt 0.484833 0.503820
vt 0.486651 0.501775
vt 0.508756 0.410283
vt 0.508097 0.411771
vt 0.507332 0.410840
vt 0.499975 0.395274
vt 0.495532 0.394835
vt 0.512433 0.408124
vt 0.482669 0.512447
vt 0.480389 0.508903
vt 0.482675 0.508687
vt 0.482274 0.501522
vt 0.482508 0.504076
vt 0.481245 0.502740
vt 0.478183 0.503841
vt 0.479398 0.503552
vt 0.479343 0.503869
vt 0.505628 0.409176
vt 0.507281 0.407375
vt 0.521866 0.350561
vt 0.512286 0.337764
vt 0.503173 0.407559
vt 0.504859 0.404679
vt 0.733657 0.756547
vt 0.746327 0.721236
vt 0.762615 0.728409
vt 0.777683 0.738507
vt 0.787212 0.698478
vt 0.800741 0.715520
vt 0.714002 0.587146
vt 0.723974 0.602233
vt 0.714263 0.607027
vt 0.477070 0.502411
vt 0.478466 0.501355
vt 0.793385 0.840092
vt 0.829469 0.821333
vt 0.853506 0.871477
vt 0.893352 0.854190
vt 0.860410 0.887132
vt 0.848298 0.836743
vt 0.931401 0.257462
vt 0.734656 0.874546
vt 0.756593 0.892816
vt 0.708212 0.900978
vt 0.677667 0.927363
vt 0.664771 0.899138
vt 0.496881 0.792407
vt 0.798186 0.923734
vt 0.896755 0.321851
vt 0.866272 0.315934
vt 0.776610 0.825800
vt 0.755370 0.850882
vt 0.870889 0.385338
vt 0.868375 0.385023
vt 0.901829 0.405782
vt 0.577962 0.401685
vt 0.803765 0.454062
vt 0.919091 0.325182
vt 0.508141 0.399056
vt 0.885073 0.437078
vt 0.888007 0.447280
vt 0.613253 0.582441
vt 0.607792 0.580865
vt 0.625626 0.494808
vt 0.605805 0.500095
vt 0.618592 0.484563
vt 0.853467 0.379892
vt 0.856067 0.378506
vt 0.857310 0.380915
vt 0.870825 0.532831
vt 0.877254 0.535470
vt 0.859359 0.379283
vt 0.861605 0.381166
vt 0.635908 0.533490
vt 0.622640 0.542517
vt 0.622405 0.537558
vt 0.955576 0.744383
vt 0.929285 0.745773
vt 0.861451 0.377472
vt 0.865324 0.381150
vt 0.496610 0.617182
vt 0.496412 0.524952
vt 0.500919 0.521205
vt 0.501516 0.524429
vt 0.855772 0.375851
vt 0.763987 0.383409
vt 0.790724 0.381560
vt 0.782121 0.408923
vt 0.849921 0.378538
vt 0.813714 0.458141
vt 0.816383 0.266551
vt 0.817021 0.309268
vt 0.869605 0.382552
vt 0.896074 0.529959
vt 0.890763 0.525173
vt 0.893818 0.522483
vt 0.871300 0.485865
vt 0.875211 0.469610
vt 0.860547 0.393759
vt 0.583220 0.416632
vt 0.496262 0.430323
vt 0.275629 0.212786
vt 0.260447 0.184716
vt 0.597986 0.621892
vt 0.601471 0.627029
vt 0.910789 0.567847
vt 0.837477 0.449665
vt 0.607836 0.583220
vt 0.601547 0.585579
vt 0.641442 0.569290
vt 0.891717 0.457641
vt 0.859261 0.502416
vt 0.374032 0.527031
vt 0.385766 0.540719
vt 0.372388 0.532676
vt 0.515422 0.497172
vt 0.511436 0.498715
vt 0.511739 0.496967
vt 0.858895 0.244265
vt 0.842644 0.214193
vt 0.880655 0.486596
vt 0.175714 0.460212
vt 0.176836 0.463777
vt 0.109056 0.499326
vt 0.885539 0.447508
vt 0.889706 0.457633
vt 0.897327 0.511008
vt 0.896723 0.517194
vt 0.127065 0.499249
vt 0.895759 0.535702
vt 0.889118 0.533454
vt 0.873903 0.640989
vt 0.889781 0.659102
vt 0.871162 0.677372
vt 0.910038 0.601245
vt 0.891300 0.622943
vt 0.121708 0.519615
vt 0.114955 0.517070
vt 0.117247 0.513351
vt 0.880799 0.536163
vt 0.869393 0.527736
vt 0.875365 0.528482
vt 0.880137 0.433566
vt 0.882567 0.436728
vt 0.849390 0.504553
vt 0.782755 0.752257
vt 0.805886 0.729645
vt 0.758499 0.787390
vt 0.787620 0.765824
vt 0.858718 0.626100
vt 0.854055 0.659370
vt 0.827778 0.454368
vt 0.563991 0.419177
vt 0.575506 0.411629
vt 0.602036 0.579051
vt 0.519208 0.493840
vt 0.115956 0.485171
vt 0.118605 0.492071
vt 0.841335 0.431988
vt 0.876438 0.611078
vt 0.630971 0.887634
vt 0.620961 0.918605
vt 0.849757 0.698009
vt 0.838881 0.683261
vt 0.819717 0.731913
vt 0.819481 0.752818
vt 0.845681 0.722403
vt 0.822423 0.775991
vt 0.848132 0.752101
vt 0.868820 0.702788
vt 0.873191 0.733015
vt 0.881039 0.532059
vt 0.887296 0.525042
vt 0.624362 0.599188
vt 0.762704 0.798304
vt 0.792308 0.777292
vt 0.767442 0.808817
vt 0.793752 0.796129
vt 0.826779 0.691096
vt 0.823396 0.360326
vt 0.837432 0.353794
vt 0.160491 0.429626
vt 0.169641 0.430205
vt 0.136948 0.485503
vt 0.772334 0.682395
vt 0.807641 0.525283
vt 0.790903 0.526456
vt 0.764466 0.543330
vt 0.783086 0.555325
vt 0.773649 0.592049
vt 0.125089 0.523227
vt 0.129539 0.526641
vt 0.793765 0.599501
vt 0.777104 0.638269
vt 0.120883 0.469538
vt 0.123336 0.501475
vt 0.123957 0.498119
vt 0.681220 0.659993
vt 0.147499 0.517437
vt 0.142624 0.513239
vt 0.821763 0.469348
vt 0.635889 0.539468
vt 0.144874 0.457728
vt 0.138784 0.450060
vt 0.145754 0.455280
vt 0.151897 0.479557
vt 0.927190 0.559531
vt 0.924002 0.586949
vt 0.871632 0.499215
vt 0.939129 0.575464
vt 0.496775 0.773065
vt 0.512182 0.502386
vt 0.512249 0.503561
vt 0.186940 0.436927
vt 0.542242 0.495094
vt 0.528193 0.494658
vt 0.142102 0.419351
vt 0.954258 0.566655
vt 0.026627 0.403186
vt 0.048239 0.364844
vt 0.044804 0.398632
vt 0.154283 0.522091
vt 0.894604 0.516829
vt 0.894923 0.511104
vt 0.673244 0.725044
vt 0.683356 0.734852
vt 0.963330 0.658076
vt 0.861350 0.806737
vt 0.888892 0.810067
vt 0.889742 0.684185
vt 0.100373 0.367920
vt 0.812081 0.808772
vt 0.134091 0.502519
vt 0.134519 0.504169
vt 0.923271 0.621656
vt 0.933662 0.653654
vt 0.923245 0.644506
vt 0.938308 0.676322
vt 0.924428 0.665299
vt 0.155566 0.428985
vt 0.159172 0.413941
vt 0.498047 0.923828
vt 0.930272 0.522736
vt 0.930377 0.477399
vt 0.496558 0.581177
vt 0.507950 0.590528
vt 0.922426 0.526688
vt 0.847206 0.786251
vt 0.722598 0.578171
vt 0.708540 0.568110
vt 0.714984 0.554815
vt 0.559332 0.579134
vt 0.554907 0.557706
vt 0.569882 0.552118
vt 0.556184 0.566259
vt 0.701322 0.559063
vt 0.552834 0.550107
vt 0.542384 0.552612
vt 0.550708 0.540023
vt 0.120153 0.482992
vt 0.547982 0.492008
vt 0.555576 0.499506
vt 0.563006 0.495411
vt 0.576610 0.494439
vt 0.569573 0.508144
vt 0.567633 0.489816
vt 0.868056 0.439421
vt 0.579948 0.528232
vt 0.564701 0.534777
vt 0.575773 0.519132
vt 0.539218 0.520125
vt 0.543654 0.539955
vt 0.567410 0.542768
vt 0.584293 0.537043
vt 0.541460 0.508150
vt 0.531686 0.516832
vt 0.822714 0.461454
vt 0.818606 0.460085
vt 0.517337 0.578904
vt 0.604122 0.613375
vt 0.547154 0.528836
vt 0.884307 0.516760
vt 0.889853 0.520964
vt 0.107803 0.429420
vt 0.105305 0.435312
vt 0.571707 0.558377
vt 0.557819 0.572631
vt 0.926279 0.706920
vt 0.598489 0.487734
vt 0.585597 0.503678
vt 0.164138 0.458549
vt 0.164646 0.457376
vt 0.593609 0.513869
vt 0.611453 0.509405
vt 0.598275 0.522763
vt 0.609713 0.472319
vt 0.541731 0.581610
vt 0.608371 0.585714
vt 0.127342 0.400460
vt 0.117889 0.420741
vt 0.639461 0.634378
vt 0.199574 0.227939
vt 0.182088 0.205547
vt 0.217787 0.194349
vt 0.185766 0.474706
vt 0.183433 0.456136
vt 0.185966 0.452887
vt 0.630345 0.467897
vt 0.651839 0.461828
vt 0.639124 0.479975
vt 0.885984 0.506148
vt 0.887740 0.501051
vt 0.454855 0.159803
vt 0.412111 0.151479
vt 0.744264 0.829296
vt 0.729477 0.822526
vt 0.619233 0.456856
vt 0.641231 0.448493
vt 0.616449 0.518158
vt 0.541673 0.572517
vt 0.541304 0.563711
vt 0.646443 0.511842
vt 0.630504 0.506987
vt 0.644504 0.495026
vt 0.691977 0.669071
vt 0.713854 0.652273
vt 0.701432 0.675298
vt 0.703771 0.648991
vt 0.721128 0.627228
vt 0.659743 0.479658
vt 0.674902 0.459042
vt 0.587409 0.542803
vt 0.602181 0.530195
vt 0.660822 0.502336
vt 0.675279 0.514770
vt 0.961043 0.267168
vt 0.936587 0.292931
vt 0.609006 0.547667
vt 0.647505 0.522944
vt 0.591739 0.557127
vt 0.608494 0.544179
vt 0.685582 0.566507
vt 0.683470 0.547308
vt 0.676611 0.571168
vt 0.686388 0.534096
vt 0.211131 0.438388
vt 0.197752 0.465227
vt 0.195407 0.436588
vt 0.676801 0.559572
vt 0.672806 0.542921
vt 0.661263 0.540345
vt 0.755643 0.406277
vt 0.730348 0.416677
vt 0.736441 0.382962
vt 0.661990 0.530569
vt 0.661547 0.519412
vt 0.675141 0.530517
vt 0.592019 0.560426
vt 0.577554 0.575786
vt 0.565456 0.591675
vt 0.576644 0.572628
vt 0.563282 0.589137
vt 0.508508 0.412683
vt 0.247218 0.622931
vt 0.258273 0.595016
vt 0.259780 0.625505
vt 0.529295 0.554604
vt 0.496659 0.671205
vt 0.511232 0.658801
vt 0.542916 0.679180
vt 0.552290 0.664245
vt 0.561314 0.681738
vt 0.556113 0.605785
vt 0.552795 0.603805
vt 0.543467 0.738132
vt 0.426422 0.807363
vt 0.460836 0.828084
vt 0.420582 0.823809
vt 0.541049 0.622296
vt 0.548789 0.630162
vt 0.538146 0.628721
vt 0.041438 0.429023
vt 0.024268 0.462301
vt 0.025410 0.430852
vt 0.547808 0.640473
vt 0.388712 0.874477
vt 0.415288 0.904106
vt 0.363898 0.889133
vt 0.304520 0.515275
vt 0.317494 0.493436
vt 0.317700 0.514819
vt 0.927244 0.444976
vt 0.157559 0.403132
vt 0.154581 0.415071
vt 0.154579 0.403512
vt 0.535788 0.639647
vt 0.548903 0.651875
vt 0.535575 0.651299
vt 0.579010 0.751836
vt 0.711697 0.524783
vt 0.524105 0.648034
vt 0.512224 0.534898
vt 0.499157 0.507497
vt 0.501652 0.503505
vt 0.512037 0.686716
vt 0.529026 0.689131
vt 0.585882 0.766223
vt 0.881142 0.761088
vt 0.374813 0.919108
vt 0.328934 0.900180
vt 0.538760 0.383815
vt 0.886713 0.512933
vt 0.883579 0.510282
vt 0.641367 0.361982
vt 0.627414 0.366446
vt 0.549148 0.693845
vt 0.571604 0.695256
vt 0.512620 0.503757
vt 0.512710 0.503911
vt 0.512631 0.503933
vt 0.726896 0.716572
vt 0.852544 0.355225
vt 0.836203 0.309847
vt 0.620711 0.699293
vt 0.618691 0.685290
vt 0.549706 0.624761
vt 0.697435 0.743748
vt 0.747076 0.687839
vt 0.716922 0.750097
vt 0.538461 0.663803
vt 0.502742 0.376614
vt 0.495592 0.375946
vt 0.535992 0.506945
vt 0.685731 0.695491
vt 0.648277 0.531522
vt 0.648242 0.539062
vt 0.569919 0.615546
vt 0.567350 0.619671
vt 0.497402 0.847661
vt 0.497258 0.830253
vt 0.664094 0.715112
vt 0.676367 0.687001
vt 0.583199 0.707776
vt 0.726790 0.655391
vt 0.710965 0.627794
vt 0.556053 0.708190
vt 0.499857 0.515396
vt 0.499469 0.512721
vt 0.758679 0.652398
vt 0.760912 0.611485
vt 0.756318 0.568753
vt 0.447728 0.595421
vt 0.431841 0.585484
vt 0.433835 0.579215
vt 0.468951 0.772473
vt 0.445251 0.754348
vt 0.472306 0.755271
vt 0.750203 0.764327
vt 0.710324 0.803118
vt 0.705631 0.790142
vt 0.693924 0.779829
vt 0.718486 0.813747
vt 0.698215 0.846391
vt 0.681569 0.837010
vt 0.647750 0.854864
vt 0.554212 0.770317
vt 0.671969 0.823394
vt 0.667754 0.807400
vt 0.633210 0.840430
vt 0.622617 0.825545
vt 0.524926 0.635830
vt 0.500281 0.517925
vt 0.679911 0.770766
vt 0.654052 0.797833
vt 0.641391 0.786875
vt 0.612770 0.812847
vt 0.603576 0.798797
vt 0.667838 0.867928
vt 0.632621 0.725895
vt 0.634105 0.666604
vt 0.616235 0.672830
vt 0.579652 0.839562
vt 0.696245 0.874912
vt 0.418941 0.564213
vt 0.417085 0.568824
vt 0.613493 0.608818
vt 0.720721 0.851737
vt 0.458189 0.844527
vt 0.159468 0.862644
vt 0.195576 0.903893
vt 0.143250 0.871607
vt 0.564791 0.723734
vt 0.593965 0.782357
vt 0.651378 0.749264
vt 0.628274 0.773483
vt 0.510639 0.646052
vt 0.906951 0.664799
vt 0.908048 0.639864
vt 0.071181 0.475285
vt 0.074911 0.508701
vt 0.069036 0.522058
vt 0.942974 0.330423
vt 0.963798 0.301244
vt 0.966389 0.332846
vt 0.495570 0.319257
vt 0.393102 0.177156
vt 0.360617 0.160631
vt 0.853289 0.378041
vt 0.881084 0.281512
vt 0.846312 0.275881
vt 0.819607 0.470858
vt 0.910245 0.284814
vt 0.851133 0.375626
vt 0.986328 0.302734
vt 0.986328 0.236328
vt 0.958748 0.231354
vt 0.512617 0.504109
vt 0.576388 0.132918
vt 0.534131 0.127411
vt 0.298435 0.704796
vt 0.267123 0.687771
vt 0.280797 0.682236
vt 0.512865 0.503394
vt 0.812037 0.382048
vt 0.803885 0.407752
vt 0.512759 0.504025
vt 0.663098 0.760932
vt 0.477842 0.721253
vt 0.460166 0.703687
vt 0.479929 0.701540
vt 0.253594 0.550221
vt 0.271501 0.535961
vt 0.261620 0.564847
vt 0.290347 0.496211
vt 0.292582 0.518840
vt 0.247937 0.586554
vt 0.884227 0.537732
vt 0.590984 0.599951
vt 0.831816 0.185975
vt 0.861880 0.193731
vt 0.774460 0.194304
vt 0.754276 0.220467
vt 0.731676 0.184657
vt 0.775795 0.122966
vt 0.822321 0.156767
vt 0.785955 0.151135
vt 0.893631 0.173540
vt 0.854941 0.132560
vt 0.892355 0.137821
vt 0.560381 0.062199
vt 0.527974 0.080184
vt 0.526501 0.061000
vt 0.637070 0.047301
vt 0.669343 0.029555
vt 0.676534 0.048689
vt 0.433093 0.788766
vt 0.463324 0.810986
vt 0.253407 0.657241
vt 0.267390 0.655371
vt 0.452509 0.609819
vt 0.459101 0.603300
vt 0.463967 0.623579
vt 0.483142 0.632332
vt 0.468342 0.635878
vt 0.374469 0.760661
vt 0.352171 0.738389
vt 0.382516 0.747042
vt 0.623742 0.411266
vt 0.641198 0.389007
vt 0.636611 0.415525
vt 0.551280 0.618398
vt 0.545380 0.616404
vt 0.623233 0.593892
vt 0.404392 0.857625
vt 0.438369 0.885525
vt 0.027789 0.369460
vt 0.597273 0.045757
vt 0.632851 0.029051
vt 0.482293 0.672728
vt 0.468449 0.660177
vt 0.482070 0.658839
vt 0.971919 0.496814
vt 0.387708 0.536462
vt 0.401585 0.553433
vt 0.340867 0.188907
vt 0.147331 0.377070
vt 0.144984 0.370718
vt 0.414545 0.839484
vt 0.450491 0.865387
vt 0.108080 0.414927
vt 0.156670 0.468178
vt 0.185586 0.525446
vt 0.202288 0.526556
vt 0.190820 0.565529
vt 0.177875 0.598430
vt 0.158790 0.572951
vt 0.174423 0.553098
vt 0.134674 0.244184
vt 0.150865 0.214208
vt 0.737942 0.028021
vt 0.759766 0.009766
vt 0.775492 0.028180
vt 0.484258 0.602091
vt 0.023692 0.560366
vt 0.038944 0.539523
vt 0.040481 0.566151
vt 0.403055 0.549017
vt 0.538881 0.721562
vt 0.076371 0.440113
vt 0.079330 0.469524
vt 0.478943 0.505439
vt 0.479901 0.503736
vt 0.479930 0.503841
vt 0.477911 0.507827
vt 0.479709 0.503300
vt 0.479517 0.502171
vt 0.479833 0.503349
vt 0.479880 0.503970
vt 0.479906 0.504099
vt 0.490552 0.512925
vt 0.489026 0.508690
vt 0.491262 0.508049
vt 0.479550 0.512420
vt 0.480761 0.503949
vt 0.480146 0.503779
vt 0.480451 0.503519
vt 0.915584 0.060223
vt 0.883478 0.079411
vt 0.875332 0.056639
vt 0.802216 0.069907
vt 0.749708 0.046472
vt 0.790619 0.047418
vt 0.844160 0.071498
vt 0.832197 0.051132
vt 0.482467 0.505594
vt 0.480050 0.504114
vt 0.480368 0.504686
vt 0.484751 0.507266
vt 0.483070 0.499259
vt 0.481392 0.506198
vt 0.480130 0.506166
vt 0.479141 0.502293
vt 0.478386 0.502903
vt 0.851258 0.100520
vt 0.145774 0.438573
vt 0.185748 0.314880
vt 0.201964 0.262337
vt 0.218894 0.268486
vt 0.634048 0.546276
vt 0.628822 0.438314
vt 0.140573 0.490034
vt 0.143449 0.491888
vt 0.133987 0.512145
vt 0.221921 0.681919
vt 0.181820 0.656863
vt 0.191960 0.634821
vt 0.207008 0.698082
vt 0.166293 0.673633
vt 0.151279 0.635159
vt 0.165886 0.619217
vt 0.193909 0.494800
vt 0.209227 0.487046
vt 0.153841 0.537660
vt 0.126430 0.582940
vt 0.124200 0.423441
vt 0.129219 0.401521
vt 0.884363 0.532713
vt 0.368867 0.578555
vt 0.375378 0.580615
vt 0.372214 0.582504
vt 0.375955 0.582837
vt 0.372792 0.584392
vt 0.369475 0.584399
vt 0.370353 0.586399
vt 0.365542 0.580551
vt 0.401639 0.595379
vt 0.399902 0.589095
vt 0.403800 0.594576
vt 0.405330 0.592890
vt 0.400197 0.586433
vt 0.403200 0.610764
vt 0.391089 0.606420
vt 0.403230 0.608440
vt 0.403174 0.603478
vt 0.390971 0.605142
vt 0.390743 0.603762
vt 0.407057 0.604657
vt 0.403293 0.606024
vt 0.408219 0.609822
vt 0.408809 0.608205
vt 0.389877 0.575043
vt 0.399650 0.578571
vt 0.399914 0.582902
vt 0.391041 0.578972
vt 0.383370 0.577000
vt 0.381507 0.573095
vt 0.388794 0.570586
vt 0.407517 0.587359
vt 0.406127 0.590726
vt 0.379569 0.568668
vt 0.387308 0.566354
vt 0.399435 0.575028
vt 0.408312 0.585397
vt 0.409809 0.593665
vt 0.385817 0.559051
vt 0.399883 0.571468
vt 0.386347 0.561974
vt 0.377681 0.564511
vt 0.374564 0.556491
vt 0.375524 0.559860
vt 0.354885 0.582077
vt 0.347101 0.581401
vt 0.349159 0.578424
vt 0.311704 0.578488
vt 0.307677 0.566460
vt 0.316667 0.571084
vt 0.287043 0.544957
vt 0.300146 0.552713
vt 0.291941 0.559036
vt 0.358809 0.579416
vt 0.362564 0.582629
vt 0.359371 0.586049
vt 0.352744 0.575281
vt 0.356808 0.572557
vt 0.361159 0.570356
vt 0.369698 0.573732
vt 0.365466 0.575008
vt 0.372589 0.577261
vt 0.361961 0.576878
vt 0.376775 0.576425
vt 0.371953 0.567674
vt 0.366003 0.569057
vt 0.368880 0.563430
vt 0.362143 0.564996
vt 0.356613 0.566427
vt 0.351701 0.569170
vt 0.347127 0.572334
vt 0.342824 0.575902
vt 0.340761 0.580867
vt 0.340004 0.569468
vt 0.338597 0.562636
vt 0.345809 0.565765
vt 0.334612 0.574059
vt 0.331272 0.567665
vt 0.351403 0.562768
vt 0.354918 0.556834
vt 0.358069 0.560944
vt 0.346450 0.559125
vt 0.365562 0.558993
vt 0.363100 0.555225
vt 0.392024 0.582528
vt 0.397667 0.590555
vt 0.391532 0.585462
vt 0.385208 0.583077
vt 0.385231 0.580717
vt 0.379190 0.580004
vt 0.384692 0.585576
vt 0.382227 0.595612
vt 0.379858 0.584775
vt 0.379776 0.582270
vt 0.390122 0.587723
vt 0.384255 0.595883
vt 0.395275 0.591881
vt 0.388385 0.598503
vt 0.386498 0.596910
vt 0.399481 0.595757
vt 0.389659 0.600365
vt 0.383849 0.653822
vt 0.372418 0.646619
vt 0.384009 0.650371
vt 0.053832 0.472626
vt 0.039223 0.509364
vt 0.039515 0.465368
vt 0.366854 0.634099
vt 0.356777 0.632041
vt 0.360063 0.628566
vt 0.369411 0.630062
vt 0.363893 0.624594
vt 0.376155 0.634478
vt 0.374597 0.639285
vt 0.364481 0.638233
vt 0.371482 0.613538
vt 0.367084 0.611957
vt 0.370129 0.609984
vt 0.365645 0.607344
vt 0.369092 0.606473
vt 0.379607 0.607136
vt 0.379903 0.608653
vt 0.274395 0.475257
vt 0.287787 0.467935
vt 0.367294 0.586687
vt 0.368567 0.588804
vt 0.365040 0.589500
vt 0.355180 0.589953
vt 0.373746 0.586560
vt 0.379410 0.598187
vt 0.371931 0.588782
vt 0.376491 0.585252
vt 0.379863 0.596958
vt 0.371066 0.591035
vt 0.379198 0.600785
vt 0.369901 0.593632
vt 0.366813 0.591615
vt 0.362503 0.593148
vt 0.536499 0.844537
vt 0.368856 0.598914
vt 0.379321 0.604508
vt 0.368674 0.601200
vt 0.364176 0.600707
vt 0.364482 0.597886
vt 0.369104 0.596505
vt 0.365319 0.594987
vt 0.379223 0.603302
vt 0.368789 0.603640
vt 0.364617 0.603712
vt 0.379437 0.605768
vt 0.347666 0.586400
vt 0.351085 0.585190
vt 0.353534 0.593059
vt 0.340883 0.587537
vt 0.347343 0.597409
vt 0.331398 0.579735
vt 0.331097 0.587343
vt 0.334374 0.599886
vt 0.320193 0.589053
vt 0.322219 0.601654
vt 0.322123 0.580871
vt 0.360907 0.596191
vt 0.359913 0.599303
vt 0.335686 0.611681
vt 0.344013 0.607807
vt 0.352463 0.605640
vt 0.356490 0.612031
vt 0.350358 0.615245
vt 0.355156 0.621879
vt 0.343779 0.618211
vt 0.359965 0.618383
vt 0.350423 0.625343
vt 0.360949 0.603952
vt 0.362705 0.609234
vt 0.364761 0.614814
vt 0.369251 0.616591
vt 0.367272 0.620571
vt 0.373263 0.621549
vt 0.371501 0.625902
vt 0.378642 0.625426
vt 0.377343 0.630179
vt 0.381959 0.659977
vt 0.370444 0.650002
vt 0.383208 0.613401
vt 0.385090 0.623118
vt 0.379324 0.621554
vt 0.401270 0.616828
vt 0.391074 0.609131
vt 0.402424 0.613783
vt 0.391133 0.607729
vt 0.406473 0.614008
vt 0.404107 0.617599
vt 0.387578 0.613989
vt 0.390835 0.623223
vt 0.395466 0.621857
vt 0.390329 0.612052
vt 0.398305 0.619366
vt 0.397842 0.625348
vt 0.401672 0.620946
vt 0.385281 0.627419
vt 0.391996 0.626965
vt 0.028156 0.627357
vt 0.043123 0.601900
vt 0.045959 0.629138
vt 0.374968 0.618238
vt 0.380418 0.610319
vt 0.381547 0.612064
vt 0.059194 0.634011
vt 0.050725 0.654777
vt 0.084193 0.284621
vt 0.063580 0.257415
vt 0.102731 0.243708
vt 0.390849 0.610610
vt 0.408838 0.618629
vt 0.412484 0.613994
vt 0.414702 0.610018
vt 0.415611 0.617534
vt 0.418189 0.612816
vt 0.411931 0.622914
vt 0.404530 0.622931
vt 0.406501 0.627344
vt 0.399986 0.633084
vt 0.399384 0.628165
vt 0.392576 0.630591
vt 0.392759 0.634906
vt 0.385261 0.632016
vt 0.401506 0.638069
vt 0.408490 0.632183
vt 0.403325 0.643529
vt 0.410275 0.638515
vt 0.394483 0.644988
vt 0.393434 0.639877
vt 0.413222 0.594870
vt 0.411137 0.598264
vt 0.413273 0.603359
vt 0.408636 0.599075
vt 0.404663 0.600124
vt 0.415089 0.607849
vt 0.408396 0.606542
vt 0.416436 0.602583
vt 0.414361 0.605675
vt 0.402208 0.599973
vt 0.390352 0.602162
vt 0.418752 0.621002
vt 0.423363 0.615564
vt 0.422811 0.627793
vt 0.425940 0.619701
vt 0.415283 0.627655
vt 0.418600 0.635332
vt 0.419711 0.606956
vt 0.423797 0.605738
vt 0.425440 0.609828
vt 0.426856 0.606609
vt 0.428479 0.611872
vt 0.425164 0.613352
vt 0.427740 0.616337
vt 0.419916 0.610202
vt 0.410116 0.583134
vt 0.411329 0.581702
vt 0.400133 0.569132
vt 0.416623 0.594220
vt 0.418915 0.594053
vt 0.373634 0.552961
vt 0.385444 0.556035
vt 0.372148 0.548689
vt 0.385091 0.552709
vt 0.400517 0.566703
vt 0.401369 0.564686
vt 0.323811 0.564428
vt 0.325225 0.573451
vt 0.316416 0.559540
vt 0.325888 0.553878
vt 0.332202 0.559229
vt 0.341321 0.554983
vt 0.336758 0.549494
vt 0.348209 0.547174
vt 0.351547 0.552262
vt 0.361051 0.551214
vt 0.359074 0.546273
vt 0.307561 0.586409
vt 0.305282 0.599058
vt 0.295917 0.581843
vt 0.292214 0.596189
vt 0.301070 0.573398
vt 0.429350 0.624527
vt 0.428414 0.633725
vt 0.435177 0.628717
vt 0.435293 0.638413
vt 0.426131 0.644382
vt 0.433932 0.649404
vt 0.429706 0.607443
vt 0.431587 0.614251
vt 0.432935 0.607835
vt 0.435631 0.617129
vt 0.430745 0.619809
vt 0.435229 0.623303
vt 0.412827 0.580444
vt 0.414230 0.578911
vt 0.421145 0.593451
vt 0.423936 0.593010
vt 0.056260 0.439487
vt 0.052243 0.514090
vt 0.346023 0.658566
vt 0.353019 0.678134
vt 0.336934 0.667208
vt 0.326024 0.675603
vt 0.323928 0.654556
vt 0.312844 0.660001
vt 0.334525 0.648816
vt 0.316430 0.613134
vt 0.308577 0.626462
vt 0.305072 0.612631
vt 0.296667 0.627112
vt 0.292703 0.611015
vt 0.326210 0.637561
vt 0.315631 0.640629
vt 0.303367 0.643423
vt 0.318697 0.626420
vt 0.410092 0.662818
vt 0.423433 0.656946
vt 0.413433 0.671154
vt 0.419291 0.678031
vt 0.430767 0.662123
vt 0.402913 0.692524
vt 0.394659 0.670561
vt 0.395679 0.681716
vt 0.418169 0.651470
vt 0.409257 0.644332
vt 0.404495 0.647751
vt 0.405374 0.651069
vt 0.411257 0.645191
vt 0.395816 0.652803
vt 0.395227 0.649145
vt 0.083085 0.688973
vt 0.088339 0.733007
vt 0.069192 0.706811
vt 0.373267 0.643783
vt 0.384327 0.641554
vt 0.384248 0.646582
vt 0.362916 0.640696
vt 0.359676 0.643967
vt 0.354199 0.634275
vt 0.350247 0.637137
vt 0.346427 0.627743
vt 0.341549 0.630293
vt 0.339322 0.621474
vt 0.334495 0.622778
vt 0.333884 0.615635
vt 0.328541 0.614950
vt 0.411643 0.650403
vt 0.406540 0.654994
vt 0.395733 0.659011
vt 0.057367 0.609682
vt 0.332479 0.762948
vt 0.312630 0.735829
vt 0.343639 0.750744
vt 0.343634 0.641721
vt 0.354126 0.649562
vt 0.366088 0.656254
vt 0.359693 0.666658
vt 0.334862 0.633516
vt 0.327897 0.625219
vt 0.323594 0.618441
vt 0.527839 0.542455
vt 0.182288 0.446891
vt 0.185196 0.445659
vt 0.098124 0.468502
vt 0.084300 0.504015
vt 0.092151 0.500433
vt 0.120220 0.524028
vt 0.122015 0.486027
vt 0.838344 0.472620
vt 0.138008 0.505171
vt 0.137768 0.503899
vt 0.130264 0.433438
vt 0.137128 0.427456
vt 0.129647 0.435799
vt 0.154558 0.472779
vt 0.124742 0.497805
vt 0.123479 0.495803
vt 0.122603 0.496014
vt 0.124369 0.495498
vt 0.065654 0.369858
vt 0.122290 0.493517
vt 0.177510 0.461653
vt 0.177307 0.468733
vt 0.121831 0.499314
vt 0.099882 0.467726
vt 0.104290 0.467705
vt 0.107147 0.457130
vt 0.108220 0.457424
vt 0.109879 0.445237
vt 0.110751 0.444963
vt 0.126091 0.442541
vt 0.126256 0.443021
vt 0.123040 0.450930
vt 0.123508 0.451316
vt 0.132680 0.384281
vt 0.133964 0.388806
vt 0.135636 0.505098
vt 0.137753 0.506484
vt 0.134624 0.505731
vt 0.874110 0.839431
vt 0.094372 0.487453
vt 0.109688 0.428185
vt 0.117705 0.483830
vt 0.176267 0.456514
vt 0.866519 0.442895
vt 0.882261 0.445038
vt 0.146684 0.499924
vt 0.161083 0.443786
vt 0.151045 0.494754
vt 0.149918 0.497974
vt 0.149188 0.497715
vt 0.136106 0.455355
vt 0.164596 0.457182
vt 0.167616 0.463035
vt 0.166663 0.464351
vt 0.734644 0.921134
vt 0.169994 0.461584
vt 0.167278 0.449027
vt 0.164271 0.448360
vt 0.164469 0.446136
vt 0.119841 0.507324
vt 0.138060 0.422596
vt 0.556944 0.467747
vt 0.151494 0.497178
vt 0.150617 0.500626
vt 0.151543 0.502740
vt 0.148416 0.502146
vt 0.133499 0.506742
vt 0.136515 0.509412
vt 0.130282 0.504705
vt 0.883165 0.445363
vt 0.116153 0.540323
vt 0.146783 0.503145
vt 0.143882 0.504737
vt 0.146918 0.501723
vt 0.143864 0.503317
vt 0.146911 0.500723
vt 0.149789 0.451552
vt 0.152708 0.448331
vt 0.721730 0.536070
vt 0.146571 0.461789
vt 0.146831 0.457277
vt 0.149765 0.456493
vt 0.753802 0.495517
vt 0.772308 0.507639
vt 0.178832 0.500669
vt 0.176112 0.493950
vt 0.850412 0.446767
vt 0.141384 0.425168
vt 0.097803 0.529978
vt 0.142103 0.441050
vt 0.121550 0.461007
vt 0.848863 0.498398
vt 0.496396 0.521160
vt 0.144356 0.442975
vt 0.139862 0.445504
vt 0.135830 0.448912
vt 0.132895 0.454569
vt 0.118767 0.396678
vt 0.151563 0.483246
vt 0.152244 0.485379
vt 0.119078 0.498847
vt 0.839685 0.537490
vt 0.819097 0.552963
vt 0.822803 0.493152
vt 0.178908 0.458246
vt 0.135445 0.488063
vt 0.502940 0.529452
vt 0.496431 0.530039
vt 0.117122 0.460346
vt 0.134177 0.484805
vt 0.138075 0.488885
vt 0.158530 0.490555
vt 0.103493 0.539340
vt 0.109465 0.532777
vt 0.104249 0.525370
vt 0.906030 0.524955
vt 0.615473 0.564518
vt 0.162879 0.397099
vt 0.115667 0.470012
vt 0.889552 0.525322
vt 0.146209 0.495539
vt 0.766255 0.458449
vt 0.059317 0.410018
vt 0.846256 0.461643
vt 0.169759 0.453391
vt 0.160596 0.445488
vt 0.126092 0.516617
vt 0.157925 0.451804
vt 0.868419 0.423396
vt 0.159970 0.448843
vt 0.163699 0.452054
vt 0.685817 0.175559
vt 0.164438 0.457363
vt 0.157146 0.447159
vt 0.158575 0.445160
vt 0.153639 0.453027
vt 0.155185 0.449800
vt 0.153474 0.456812
vt 0.168348 0.458418
vt 0.160362 0.463408
vt 0.115119 0.510478
vt 0.163604 0.457993
vt 0.147704 0.532208
vt 0.124720 0.449144
vt 0.174068 0.460199
vt 0.123792 0.513398
vt 0.168923 0.461229
vt 0.167563 0.460270
vt 0.169957 0.458827
vt 0.168548 0.456226
vt 0.170244 0.456086
vt 0.881013 0.513805
vt 0.151055 0.438284
vt 0.154105 0.434078
vt 0.156925 0.435596
vt 0.147943 0.440821
vt 0.148552 0.435707
vt 0.159176 0.436854
vt 0.845394 0.491128
vt 0.104744 0.533503
vt 0.103062 0.525209
vt 0.600533 0.942036
vt 0.496260 0.439975
vt 0.560880 0.525140
vt 0.802747 0.565452
vt 0.260358 0.489907
vt 0.277956 0.503372
vt 0.265661 0.516952
vt 0.246263 0.525137
vt 0.301986 0.462515
vt 0.303640 0.492758
vt 0.428993 0.382675
vt 0.433181 0.391965
vt 0.423113 0.387854
vt 0.463984 0.399967
vt 0.459393 0.402868
vt 0.458403 0.396408
vt 0.397253 0.441707
vt 0.375651 0.431560
vt 0.387950 0.426198
vt 0.481147 0.413962
vt 0.478652 0.413424
vt 0.481306 0.412817
vt 0.479056 0.411596
vt 0.481552 0.411353
vt 0.482554 0.412565
vt 0.482829 0.411169
vt 0.482465 0.413664
vt 0.394955 0.363596
vt 0.377610 0.371613
vt 0.382211 0.355120
vt 0.392853 0.462862
vt 0.413287 0.472458
vt 0.403728 0.478088
vt 0.425142 0.489789
vt 0.416179 0.494425
vt 0.441499 0.507111
vt 0.446834 0.512106
vt 0.437469 0.516840
vt 0.451977 0.508148
vt 0.437452 0.499492
vt 0.450915 0.494975
vt 0.459206 0.491692
vt 0.444983 0.491922
vt 0.453383 0.488899
vt 0.437962 0.487618
vt 0.473547 0.498214
vt 0.466132 0.499263
vt 0.469710 0.496900
vt 0.458390 0.497388
vt 0.457841 0.506970
vt 0.488921 0.504467
vt 0.451328 0.590484
vt 0.462471 0.594793
vt 0.463236 0.585706
vt 0.451469 0.581726
vt 0.473782 0.599007
vt 0.475726 0.588546
vt 0.469002 0.609877
vt 0.956794 0.159535
vt 0.986328 0.138672
vt 0.986328 0.173828
vt 0.471479 0.512985
vt 0.465466 0.506822
vt 0.466847 0.515226
vt 0.477475 0.515566
vt 0.475967 0.510807
vt 0.470836 0.521907
vt 0.474502 0.518888
vt 0.928408 0.145792
vt 0.890108 0.104814
vt 0.923919 0.114266
vt 0.490343 0.492994
vt 0.084441 0.824908
vt 0.086900 0.776620
vt 0.107727 0.810503
vt 0.511313 0.468276
vt 0.526908 0.465772
vt 0.489247 0.432424
vt 0.482244 0.435005
vt 0.484203 0.428530
vt 0.478054 0.429599
vt 0.481129 0.423560
vt 0.490072 0.429052
vt 0.485669 0.425548
vt 0.484997 0.445039
vt 0.472916 0.443612
vt 0.476623 0.440389
vt 0.488408 0.438642
vt 0.426537 0.473300
vt 0.441959 0.479039
vt 0.473063 0.482826
vt 0.465895 0.488847
vt 0.459229 0.482170
vt 0.476032 0.488229
vt 0.470005 0.491249
vt 0.464590 0.494566
vt 0.477221 0.497128
vt 0.475496 0.496031
vt 0.481244 0.498669
vt 0.480726 0.496912
vt 0.473365 0.493756
vt 0.478486 0.490543
vt 0.480339 0.492901
vt 0.481063 0.468219
vt 0.466084 0.470719
vt 0.465565 0.465667
vt 0.449270 0.458991
vt 0.466012 0.460499
vt 0.488942 0.490570
vt 0.467465 0.455682
vt 0.482057 0.455747
vt 0.481285 0.459464
vt 0.480790 0.463892
vt 0.450735 0.452752
vt 0.469696 0.451939
vt 0.453135 0.447422
vt 0.456864 0.444035
vt 0.432401 0.455272
vt 0.432961 0.446804
vt 0.418553 0.431802
vt 0.436389 0.440106
vt 0.402261 0.391813
vt 0.413888 0.384080
vt 0.412987 0.392703
vt 0.403872 0.403490
vt 0.390438 0.390749
vt 0.377586 0.389646
vt 0.390772 0.376436
vt 0.393146 0.405930
vt 0.380973 0.408454
vt 0.400246 0.421997
vt 0.416443 0.411504
vt 0.408830 0.416612
vt 0.432664 0.394815
vt 0.422535 0.393965
vt 0.433702 0.401484
vt 0.423702 0.401225
vt 0.413922 0.401560
vt 0.425443 0.408921
vt 0.434692 0.408364
vt 0.435822 0.417482
vt 0.428049 0.419003
vt 0.461957 0.415522
vt 0.454777 0.408978
vt 0.462736 0.409526
vt 0.456518 0.404745
vt 0.465113 0.407917
vt 0.477248 0.416131
vt 0.478105 0.414644
vt 0.476539 0.418169
vt 0.462888 0.404574
vt 0.468260 0.407228
vt 0.465902 0.404290
vt 0.447259 0.397374
vt 0.445547 0.401417
vt 0.444867 0.408213
vt 0.453161 0.416564
vt 0.444727 0.416369
vt 0.460859 0.440750
vt 0.447324 0.432981
vt 0.453381 0.429986
vt 0.465989 0.436457
vt 0.459849 0.427680
vt 0.483037 0.421345
vt 0.471220 0.434459
vt 0.480075 0.418565
vt 0.476121 0.422650
vt 0.480432 0.416124
vt 0.480784 0.415127
vt 0.482419 0.414783
vt 0.482119 0.415795
vt 0.481882 0.417405
vt 0.466057 0.426023
vt 0.441089 0.435266
vt 0.423161 0.424526
vt 0.471157 0.448133
vt 0.483278 0.448704
vt 0.482521 0.452456
vt 0.449475 0.390777
vt 0.418686 0.377218
vt 0.407332 0.370970
vt 0.478931 0.409602
vt 0.482096 0.410317
vt 0.440434 0.387549
vt 0.409466 0.328850
vt 0.403905 0.351581
vt 0.392818 0.340707
vt 0.414924 0.361217
vt 0.434584 0.358762
vt 0.425759 0.369080
vt 0.443832 0.364349
vt 0.445729 0.378386
vt 0.436070 0.373620
vt 0.468340 0.388068
vt 0.482997 0.398477
vt 0.479737 0.402556
vt 0.464983 0.396627
vt 0.459604 0.390005
vt 0.463477 0.381888
vt 0.471525 0.376051
vt 0.368669 0.140106
vt 0.415446 0.132840
vt 0.452732 0.383387
vt 0.452036 0.370424
vt 0.458749 0.376511
vt 0.478819 0.407273
vt 0.467555 0.370504
vt 0.462116 0.363431
vt 0.455962 0.355586
vt 0.448776 0.348630
vt 0.441758 0.340437
vt 0.425808 0.350541
vt 0.435385 0.330682
vt 0.417795 0.340542
vt 0.452455 0.313403
vt 0.454982 0.324165
vt 0.464113 0.341937
vt 0.473366 0.358488
vt 0.459208 0.333434
vt 0.573146 0.823606
vt 0.489610 0.498955
vt 0.486774 0.495463
vt 0.483495 0.497399
vt 0.487875 0.513152
vt 0.488035 0.508773
vt 0.493284 0.502616
vt 0.490988 0.503516
vt 0.481189 0.515391
vt 0.484417 0.515003
vt 0.485747 0.511681
vt 0.483523 0.517325
vt 0.480335 0.517715
vt 0.484870 0.519050
vt 0.485849 0.517461
vt 0.487068 0.515320
vt 0.489942 0.515410
vt 0.488247 0.520302
vt 0.489242 0.517667
vt 0.466232 0.791627
vt 0.496669 0.686174
vt 0.477195 0.525438
vt 0.479548 0.519572
vt 0.481934 0.522120
vt 0.482886 0.518884
vt 0.486834 0.523431
vt 0.484121 0.527932
vt 0.472017 0.532395
vt 0.480684 0.534892
vt 0.760141 0.167745
vt 0.496649 0.657621
vt 0.479182 0.371376
vt 0.475013 0.382157
vt 0.485959 0.404066
vt 0.490078 0.405831
vt 0.487338 0.406885
vt 0.482373 0.377683
vt 0.491105 0.395081
vt 0.487209 0.395974
vt 0.487405 0.369578
vt 0.588711 0.456282
vt 0.485818 0.363792
vt 0.476530 0.365913
vt 0.483848 0.356272
vt 0.627507 0.388774
vt 0.469415 0.350442
vt 0.492426 0.405381
vt 0.489199 0.402503
vt 0.492027 0.401846
vt 0.482343 0.409161
vt 0.483123 0.410370
vt 0.483607 0.406525
vt 0.484990 0.408263
vt 0.472833 0.310574
vt 0.474628 0.320157
vt 0.481596 0.347174
vt 0.478933 0.337732
vt 0.476544 0.329047
vt 0.247734 0.719577
vt 0.263324 0.754507
vt 0.231354 0.726775
vt 0.247128 0.760638
vt 0.217012 0.738546
vt 0.179532 0.848324
vt 0.204440 0.838045
vt 0.217793 0.863676
vt 0.149027 0.836997
vt 0.135692 0.807299
vt 0.149351 0.786459
vt 0.168261 0.821222
vt 0.186054 0.808273
vt 0.067085 0.221466
vt 0.055313 0.574565
vt 0.384822 0.636509
vt 0.221675 0.822335
vt 0.241438 0.847909
vt 0.249783 0.827173
vt 0.272228 0.850676
vt 0.296562 0.875117
vt 0.287007 0.900460
vt 0.261170 0.872547
vt 0.238598 0.891050
vt 0.316505 0.927760
vt 0.023356 0.496651
vt 0.197908 0.923734
vt 0.500453 0.406198
vt 0.618250 0.572383
vt 0.515515 0.721143
vt 0.533200 0.703514
vt 0.097042 0.321643
vt 0.232429 0.167840
vt 0.081853 0.435434
vt 0.121310 0.385222
vt 0.123799 0.384932
vt 0.237492 0.220504
vt 0.188755 0.454234
vt 0.175337 0.266374
vt 0.174599 0.309287
vt 0.155778 0.309621
vt 0.075325 0.324930
vt 0.155295 0.395476
vt 0.107908 0.436909
vt 0.110379 0.436584
vt 0.107562 0.447348
vt 0.103515 0.457498
vt 0.122896 0.532908
vt 0.116536 0.535543
vt 0.134784 0.380861
vt 0.132734 0.379209
vt 0.136003 0.378452
vt 0.138595 0.379863
vt 0.138757 0.378006
vt 0.130510 0.381095
vt 0.140226 0.589360
vt 0.122581 0.382430
vt 0.130632 0.377377
vt 0.126815 0.381066
vt 0.130299 0.372713
vt 0.136282 0.375788
vt 0.140880 0.375604
vt 0.142104 0.378531
vt 0.112738 0.433470
vt 0.113549 0.432871
vt 0.849136 0.505998
vt 0.131645 0.393754
vt 0.101344 0.516338
vt 0.104352 0.508329
vt 0.106977 0.512993
vt 0.066521 0.444449
vt 0.063132 0.476444
vt 0.036868 0.231346
vt 0.034520 0.267129
vt 0.082140 0.564458
vt 0.109390 0.516825
vt 0.105120 0.447093
vt 0.101523 0.457471
vt 0.103917 0.521013
vt 0.101839 0.521677
vt 0.099999 0.522520
vt 0.099182 0.516862
vt 0.112637 0.513880
vt 0.110066 0.510355
vt 0.110742 0.503755
vt 0.107650 0.506222
vt 0.096440 0.511025
vt 0.098820 0.511139
vt 0.098149 0.535738
vt 0.102721 0.621827
vt 0.120358 0.640301
vt 0.104722 0.658335
vt 0.086360 0.638881
vt 0.083712 0.599414
vt 0.109626 0.537790
vt 0.113024 0.536228
vt 0.118358 0.528565
vt 0.124278 0.527815
vt 0.212810 0.752255
vt 0.193887 0.715564
vt 0.244211 0.774144
vt 0.238068 0.784440
vt 0.208256 0.765467
vt 0.189076 0.729602
vt 0.135508 0.625789
vt 0.140363 0.658864
vt 0.155645 0.682828
vt 0.145005 0.697200
vt 0.123454 0.676719
vt 0.175809 0.752479
vt 0.175444 0.731959
vt 0.173752 0.775707
vt 0.149266 0.721646
vt 0.147547 0.751794
vt 0.126060 0.702276
vt 0.233389 0.795494
vt 0.203572 0.776555
vt 0.228193 0.806035
vt 0.203920 0.794022
vt 0.167756 0.690884
vt 0.168419 0.360416
vt 0.154515 0.353789
vt 0.239122 0.495473
vt 0.220711 0.507583
vt 0.226297 0.458555
vt 0.228899 0.543102
vt 0.210405 0.555160
vt 0.220121 0.591885
vt 0.200116 0.599281
vt 0.217024 0.638020
vt 0.071286 0.620724
vt 0.070124 0.585598
vt 0.066553 0.557805
vt 0.025586 0.596907
vt 0.122725 0.839807
vt 0.102742 0.854190
vt 0.489920 0.529452
vt 0.322075 0.725839
vt 0.286462 0.713157
vt 0.259862 0.919947
vt 0.114847 0.761151
vt 0.032290 0.657854
vt 0.299425 0.744830
vt 0.316387 0.773132
vt 0.280198 0.749928
vt 0.070603 0.664844
vt 0.056974 0.676019
vt 0.122251 0.732791
vt 0.105091 0.683696
vt 0.100315 0.709570
vt 0.087781 0.664167
vt 0.071562 0.643830
vt 0.061406 0.653167
vt 0.747626 0.433144
vt 0.485203 0.590548
vt 0.485852 0.580020
vt 0.375075 0.685573
vt 0.377431 0.673011
vt 0.053268 0.547849
vt 0.063167 0.520827
vt 0.270877 0.578184
vt 0.269698 0.602206
vt 0.279417 0.606991
vt 0.282902 0.627739
vt 0.272748 0.627181
vt 0.284818 0.568075
vt 0.279522 0.587119
vt 0.278289 0.554812
vt 0.047189 0.713519
vt 0.037478 0.682997
vt 0.436948 0.566348
vt 0.435331 0.572720
vt 0.438201 0.557786
vt 0.423190 0.552197
vt 0.425631 0.542828
vt 0.451515 0.572652
vt 0.440249 0.550167
vt 0.451831 0.563814
vt 0.450642 0.552623
vt 0.442346 0.540039
vt 0.429875 0.495370
vt 0.423335 0.508136
vt 0.432134 0.525147
vt 0.413013 0.528286
vt 0.428319 0.534817
vt 0.408708 0.537116
vt 0.417156 0.519163
vt 0.445906 0.528813
vt 0.453938 0.520106
vt 0.449246 0.539841
vt 0.461531 0.516825
vt 0.462453 0.528397
vt 0.486577 0.546278
vt 0.476242 0.556296
vt 0.477008 0.544825
vt 0.463727 0.554612
vt 0.465110 0.542419
vt 0.421393 0.558461
vt 0.281467 0.524706
vt 0.405632 0.542886
vt 0.394183 0.487758
vt 0.407222 0.503700
vt 0.386947 0.500143
vt 0.399253 0.513918
vt 0.394644 0.522828
vt 0.381370 0.509465
vt 0.382817 0.472348
vt 0.363402 0.438359
vt 0.384485 0.448204
vt 0.373156 0.456893
vt 0.351155 0.448579
vt 0.362192 0.467992
vt 0.340658 0.461892
vt 0.353521 0.480044
vt 0.374031 0.484612
vt 0.367084 0.494868
vt 0.376456 0.518229
vt 0.390802 0.530277
vt 0.346438 0.511923
vt 0.362313 0.507057
vt 0.359305 0.518880
vt 0.348238 0.495096
vt 0.332942 0.479728
vt 0.332071 0.502428
vt 0.331418 0.519490
vt 0.023082 0.531264
vt 0.401375 0.557202
vt 0.384685 0.544309
vt 0.384183 0.547799
vt 0.370527 0.542587
vt 0.370749 0.537649
vt 0.345496 0.523014
vt 0.358353 0.526767
vt 0.317906 0.530579
vt 0.306671 0.534102
vt 0.320281 0.542889
vt 0.309697 0.547298
vt 0.296290 0.538528
vt 0.344853 0.539069
vt 0.357173 0.533525
vt 0.344789 0.531556
vt 0.331068 0.530601
vt 0.331831 0.540335
vt 0.401107 0.560494
vt 0.415664 0.575948
vt 0.427715 0.591666
vt 0.416550 0.572766
vt 0.126639 0.315770
vt 0.165540 0.237832
vt 0.146475 0.275705
vt 0.379174 0.602081
vt 0.486060 0.556834
vt 0.476264 0.567261
vt 0.475788 0.578940
vt 0.464011 0.575893
vt 0.485932 0.568362
vt 0.441046 0.664436
vt 0.444431 0.652108
vt 0.454851 0.664033
vt 0.457739 0.651492
vt 0.450392 0.679395
vt 0.432051 0.681987
vt 0.816524 0.128759
vt 0.858356 0.164485
vt 0.459068 0.617013
vt 0.429876 0.589123
vt 0.437190 0.605859
vt 0.443632 0.624949
vt 0.440475 0.603894
vt 0.442053 0.618601
vt 0.452260 0.622427
vt 0.444565 0.630347
vt 0.445537 0.640703
vt 0.455183 0.628858
vt 0.457542 0.639787
vt 0.469185 0.648092
vt 0.189637 0.877332
vt 0.481303 0.686780
vt 0.467171 0.675155
vt 0.407280 0.767247
vt 0.414337 0.752637
vt 0.066798 0.746023
vt 0.437330 0.708536
vt 0.454490 0.721800
vt 0.428623 0.724192
vt 0.449867 0.738434
vt 0.421323 0.738838
vt 0.390971 0.734066
vt 0.361644 0.726674
vt 0.399239 0.720831
vt 0.444203 0.694106
vt 0.421839 0.695591
vt 0.338887 0.703718
vt 0.267832 0.716018
vt 0.247351 0.687253
vt 0.308903 0.695681
vt 0.292923 0.675326
vt 0.302267 0.669148
vt 0.330712 0.715653
vt 0.280278 0.652252
vt 0.290245 0.648946
vt 0.232955 0.611323
vt 0.235511 0.652201
vt 0.853798 0.589267
vt 0.237216 0.568534
vt 0.664643 0.128626
vt 0.696788 0.115134
vt 0.707541 0.136669
vt 0.516777 0.556289
vt 0.283739 0.802595
vt 0.289154 0.790141
vt 0.928040 0.221479
vt 0.264347 0.820932
vt 0.294429 0.847001
vt 0.275310 0.812685
vt 0.310973 0.839192
vt 0.345714 0.857742
vt 0.325412 0.869883
vt 0.320392 0.826720
vt 0.324485 0.811664
vt 0.360236 0.844002
vt 0.370284 0.829582
vt 0.302195 0.781572
vt 0.339141 0.801751
vt 0.352085 0.789903
vt 0.379556 0.815572
vt 0.388897 0.800713
vt 0.365353 0.775599
vt 0.398844 0.783710
vt 0.482640 0.646082
vt 0.112716 0.281315
vt 0.891955 0.521636
vt 0.439178 0.770765
vt 0.475819 0.738967
vt 0.009766 0.302734
vt 0.029205 0.332718
vt 0.009766 0.333984
vt 0.621138 0.567755
vt 0.009766 0.271484
vt 0.009766 0.236328
vt 0.760109 0.069014
vt 0.713770 0.048318
vt 0.480023 0.504017
vt 0.479943 0.503980
vt 0.479991 0.503866
vt 0.480070 0.503889
vt 0.480684 0.500876
vt 0.480513 0.502342
vt 0.480210 0.503394
vt 0.179782 0.382168
vt 0.188135 0.407893
vt 0.526418 0.460599
vt 0.195600 0.177514
vt 0.161848 0.186033
vt 0.752965 0.777233
vt 0.539544 0.303339
vt 0.518510 0.292089
vt 0.539713 0.293695
vt 0.512680 0.504062
vt 0.955078 0.009766
vt 0.986328 0.041016
vt 0.951793 0.036519
vt 0.682381 0.068892
vt 0.641405 0.066939
vt 0.599883 0.064169
vt 0.810829 0.098936
vt 0.647262 0.088061
vt 0.688650 0.091866
vt 0.563247 0.081760
vt 0.604222 0.084329
vt 0.529700 0.098328
vt 0.567295 0.100334
vt 0.952361 0.065926
vt 0.920421 0.086097
vt 0.596067 0.028271
vt 0.559259 0.044295
vt 0.560091 0.026960
vt 0.721334 0.069797
vt 0.768993 0.096738
vt 0.728507 0.094727
vt 0.703755 0.029073
vt 0.662109 0.009766
vt 0.626953 0.009766
vt 0.595703 0.009766
vt 0.564453 0.009766
vt 0.822266 0.009766
vt 0.818791 0.028907
vt 0.791016 0.009766
vt 0.886942 0.020032
vt 0.923828 0.009766
vt 0.910268 0.032622
vt 0.835322 0.019964
vt 0.867338 0.036144
vt 0.572424 0.115442
vt 0.527057 0.025855
vt 0.986328 0.076172
vt 0.526242 0.042712
vt 0.497091 0.060366
vt 0.497433 0.042052
vt 0.957256 0.195000
vt 0.986328 0.205078
vt 0.927117 0.183865
vt 0.857422 0.009766
vt 0.888672 0.009766
vt 0.529297 0.009766
vt 0.497739 0.025546
vt 0.498047 0.009766
vt 0.736904 0.120469
vt 0.610153 0.103947
vt 0.654860 0.109223
vt 0.862237 0.021112
vt 0.954066 0.095141
vt 0.986328 0.107422
vt 0.955679 0.125864
vt 0.496282 0.097549
vt 0.496695 0.079550
vt 0.724609 0.009766
vt 0.693359 0.009766
vt 0.747939 0.144575
vt 0.797524 0.177441
vt 0.618216 0.120880
vt 0.720382 0.157182
vt 0.512796 0.503761
vt 0.512488 0.503438
vt 0.725821 0.329020
vt 0.754453 0.323143
vt 0.744227 0.353536
vt 0.776450 0.356789
vt 0.599789 0.279618
vt 0.564775 0.269897
vt 0.597053 0.264136
vt 0.495464 0.274345
vt 0.518094 0.281020
vt 0.495495 0.281473
vt 0.593746 0.305942
vt 0.564136 0.289344
vt 0.596567 0.293705
vt 0.518231 0.262132
vt 0.539898 0.272853
vt 0.518599 0.273766
vt 0.563037 0.256850
vt 0.687546 0.249474
vt 0.664434 0.270609
vt 0.653043 0.245857
vt 0.726618 0.268257
vt 0.694508 0.275883
vt 0.788018 0.336888
vt 0.762200 0.299568
vt 0.518466 0.301156
vt 0.726141 0.294492
vt 0.620759 0.243320
vt 0.589855 0.247890
vt 0.588225 0.317139
vt 0.655905 0.394408
vt 0.650256 0.424281
vt 0.670169 0.404683
vt 0.663177 0.438038
vt 0.517984 0.250147
vt 0.539632 0.260307
vt 0.538726 0.247794
vt 0.675353 0.221280
vt 0.637121 0.215670
vt 0.767547 0.280993
vt 0.721308 0.240572
vt 0.606383 0.220172
vt 0.797478 0.322117
vt 0.715973 0.212765
vt 0.582191 0.192787
vt 0.495525 0.286126
vt 0.495556 0.291832
vt 0.532675 0.226089
vt 0.559651 0.241530
vt 0.545774 0.216694
vt 0.580660 0.228572
vt 0.633855 0.269801
vt 0.516557 0.198579
vt 0.495202 0.221982
vt 0.495108 0.198801
vt 0.495271 0.182279
vt 0.540149 0.287122
vt 0.540347 0.281233
vt 0.528268 0.185584
vt 0.562211 0.204190
vt 0.618051 0.318143
vt 0.629571 0.305473
vt 0.564925 0.280694
vt 0.634289 0.337700
vt 0.656947 0.362302
vt 0.666538 0.329639
vt 0.673128 0.367607
vt 0.649254 0.331186
vt 0.689602 0.378173
vt 0.683636 0.419103
vt 0.687584 0.336517
vt 0.707032 0.349492
vt 0.703651 0.391770
vt 0.676317 0.300905
vt 0.702030 0.309617
vt 0.561247 0.307784
vt 0.710671 0.438363
vt 0.697093 0.428864
vt 0.516428 0.224309
vt 0.518259 0.287028
vt 0.495393 0.250567
vt 0.602469 0.603831
vt 0.534166 0.616961
vt 0.721582 0.366152
vt 0.562412 0.297800
vt 0.495430 0.264726
vt 0.716594 0.403850
vt 0.644476 0.293442
vt 0.419489 0.115429
vt 0.382549 0.103945
vt 0.425314 0.100312
vt 0.218106 0.123011
vt 0.171633 0.156815
vt 0.177851 0.128809
vt 0.136095 0.164517
vt 0.139829 0.132598
vt 0.102760 0.137850
vt 0.068170 0.183871
vt 0.067041 0.145817
vt 0.327612 0.128716
vt 0.296399 0.115211
vt 0.338026 0.109274
vt 0.285043 0.136778
vt 0.256643 0.120535
vt 0.101228 0.173558
vt 0.038982 0.159547
vt 0.038436 0.195008
vt 0.433765 0.062158
vt 0.465410 0.080181
vt 0.430143 0.081727
vt 0.357880 0.047291
vt 0.326241 0.029552
vt 0.362691 0.029041
vt 0.397584 0.045710
vt 0.399419 0.028239
vt 0.257804 0.028046
vt 0.236328 0.009766
vt 0.271484 0.009766
vt 0.109083 0.020037
vt 0.138672 0.009766
vt 0.133763 0.021116
vt 0.192978 0.069959
vt 0.163420 0.051156
vt 0.204910 0.047463
vt 0.080283 0.060239
vt 0.112070 0.079442
vt 0.075323 0.086122
vt 0.245663 0.046514
vt 0.234825 0.069066
vt 0.281396 0.048351
vt 0.273344 0.069851
vt 0.318508 0.048706
vt 0.120383 0.056657
vt 0.151195 0.071539
vt 0.143815 0.100569
vt 0.105235 0.104856
vt 0.009766 0.138672
vt 0.040174 0.125881
vt 0.043621 0.065934
vt 0.041855 0.095155
vt 0.071691 0.114293
vt 0.291901 0.029072
vt 0.305195 0.091925
vt 0.220340 0.028203
vt 0.044250 0.036516
vt 0.072266 0.009766
vt 0.085717 0.032633
vt 0.041016 0.009766
vt 0.009766 0.041016
vt 0.009766 0.009766
vt 0.312082 0.068935
vt 0.394301 0.064125
vt 0.435570 0.044252
vt 0.183959 0.098993
vt 0.225445 0.096793
vt 0.346342 0.088082
vt 0.389234 0.084301
vt 0.462872 0.098322
vt 0.265622 0.094788
vt 0.207524 0.151202
vt 0.245055 0.144666
vt 0.352886 0.066942
vt 0.373818 0.120907
vt 0.160679 0.019974
vt 0.333984 0.009766
vt 0.369141 0.009766
vt 0.400391 0.009766
vt 0.435378 0.026938
vt 0.302734 0.009766
vt 0.173828 0.009766
vt 0.177087 0.028918
vt 0.128543 0.036149
vt 0.205078 0.009766
vt 0.009766 0.076172
vt 0.460241 0.112334
vt 0.467660 0.060997
vt 0.468609 0.042710
vt 0.468420 0.025858
vt 0.431641 0.009766
vt 0.466797 0.009766
vt 0.009766 0.173828
vt 0.009766 0.107422
vt 0.457647 0.127332
vt 0.009766 0.205078
vt 0.479905 0.503716
vt 0.480080 0.503713
vt 0.215125 0.356904
vt 0.247322 0.353606
vt 0.227821 0.383498
vt 0.236813 0.323229
vt 0.265541 0.329070
vt 0.264912 0.294536
vt 0.289198 0.309626
vt 0.296495 0.275909
vt 0.314873 0.300921
vt 0.391272 0.279638
vt 0.426107 0.269884
vt 0.426046 0.280686
vt 0.451009 0.272836
vt 0.450635 0.281221
vt 0.472324 0.273753
vt 0.472894 0.281011
vt 0.472603 0.292088
vt 0.451402 0.293692
vt 0.472793 0.287021
vt 0.428717 0.297797
vt 0.450899 0.287115
vt 0.397442 0.305936
vt 0.426918 0.289338
vt 0.373231 0.318135
vt 0.394530 0.293699
vt 0.472613 0.262115
vt 0.451186 0.260281
vt 0.427743 0.256829
vt 0.393908 0.264180
vt 0.401007 0.247943
vt 0.370266 0.243378
vt 0.357202 0.269822
vt 0.338000 0.245915
vt 0.326601 0.270650
vt 0.303410 0.249544
vt 0.264180 0.268285
vt 0.228758 0.299610
vt 0.203345 0.336971
vt 0.201091 0.381689
vt 0.472651 0.301136
vt 0.429942 0.307744
vt 0.431207 0.318796
vt 0.403000 0.317113
vt 0.364229 0.366424
vt 0.364297 0.388796
vt 0.335975 0.394453
vt 0.355419 0.415571
vt 0.341860 0.424331
vt 0.321812 0.404713
vt 0.329083 0.438060
vt 0.368239 0.411319
vt 0.472784 0.250121
vt 0.451996 0.247747
vt 0.431014 0.241495
vt 0.410108 0.228594
vt 0.384584 0.220182
vt 0.354075 0.215753
vt 0.315946 0.221317
vt 0.269875 0.240599
vt 0.223519 0.281046
vt 0.193935 0.322179
vt 0.408859 0.192719
vt 0.428500 0.204157
vt 0.444635 0.216644
vt 0.457824 0.226027
vt 0.473998 0.224270
vt 0.473666 0.198541
vt 0.462324 0.185465
vt 0.454543 0.173634
vt 0.357133 0.337690
vt 0.361672 0.305451
vt 0.334646 0.362347
vt 0.324835 0.329646
vt 0.342120 0.331196
vt 0.383019 0.329430
vt 0.369962 0.346110
vt 0.350233 0.361984
vt 0.350618 0.389030
vt 0.318519 0.367693
vt 0.303869 0.336495
vt 0.302139 0.378228
vt 0.308496 0.419101
vt 0.317621 0.459099
vt 0.284535 0.349513
vt 0.288220 0.391825
vt 0.295169 0.428876
vt 0.281687 0.438356
vt 0.275391 0.403912
vt 0.270097 0.366184
vt 0.346710 0.293462
vt 0.255367 0.383025
vt 0.268074 0.448682
vt 0.261764 0.416750
vt 0.252617 0.463959
vt 0.244656 0.433256
vt 0.236384 0.406375
vt 0.209922 0.409028
vt 0.495526 0.300642
vt 0.451586 0.303307
vt 0.892414 0.516296
vt 0.889327 0.508270
vt 0.515950 0.544835
vt 0.647184 0.627875
vt 0.879292 0.432912
vt 0.509662 0.347234
vt 0.506382 0.546280
vt 0.139545 0.355116
vt 0.419030 0.455810
vt 0.413049 0.440439
vt 0.374813 0.572274
vt 0.380806 0.596052
vt 0.403693 0.456273
vt 0.357213 0.539484
vt 0.435582 0.467684
vt 0.509918 0.518874
vt 0.485259 0.483363
vt 0.487266 0.488061
vt 0.480690 0.495424
vt 0.453858 0.474274
vt 0.449813 0.465922
vt 0.493519 0.507528
vt 0.496358 0.512502
vt 0.493248 0.512751
vt 0.009766 0.400391
vt 0.009766 0.369141
vt 0.009766 0.431641
vt 0.491874 0.521214
vt 0.491306 0.524432
vt 0.293074 0.949356
vt 0.542160 0.391215
vt 0.482736 0.616041
vt 0.492312 0.497887
vt 0.496280 0.434234
vt 0.021308 0.727217
vt 0.009766 0.693359
vt 0.009766 0.662109
vt 0.496207 0.472215
vt 0.481546 0.472459
vt 0.496370 0.515409
vt 0.492883 0.515420
vt 0.496383 0.518175
vt 0.492483 0.517941
vt 0.058819 0.784646
vt 0.040518 0.744383
vt 0.009766 0.529297
vt 0.009766 0.498047
vt 0.009766 0.564453
vt 0.009766 0.626953
vt 0.009766 0.595703
vt 0.986328 0.271484
vt 0.009766 0.466797
vt 0.488448 0.376491
vt 0.495600 0.369416
vt 0.495625 0.345422
vt 0.488233 0.536215
vt 0.395560 0.942036
vt 0.447917 0.616560
vt 0.464292 0.565604
vt 0.724404 0.448669
vt 0.487337 0.500140
vt 0.542674 0.466048
vt 0.703020 0.949356
vt 0.986328 0.529297
vt 0.986328 0.564453
vt 0.496280 0.497402
vt 0.986328 0.693359
vt 0.496188 0.468222
vt 0.986328 0.400391
vt 0.512115 0.492980
vt 0.410289 0.708217
vt 0.464328 0.689261
vt 0.389303 0.613284
vt 0.986328 0.466797
vt 0.986328 0.369141
vt 0.986328 0.595703
vt 0.986328 0.662109
vt 0.986328 0.498047
vt 0.586890 0.654870
vt 0.634697 0.526689
vt 0.318047 0.687163
vt 0.443995 0.600998
vt 0.135684 0.887132
vt 0.469267 0.476833
vt 0.483490 0.477694
vt 0.496229 0.477187
vt 0.403101 0.380735
vt 0.510880 0.472508
vt 0.511591 0.463957
vt 0.608332 0.606220
vt 0.608067 0.614100
vt 0.384974 0.606128
vt 0.385361 0.613987
vt 0.379271 0.599484
vt 0.911391 0.942787
vt 0.918162 0.939607
vt 0.915141 0.945119
vt 0.912275 0.950252
vt 0.907647 0.947216
vt 0.920464 0.932110
vt 0.915739 0.937662
vt 0.917282 0.952478
vt 0.923343 0.933687
vt 0.921093 0.940637
vt 0.919172 0.946966
vt 0.922711 0.953703
vt 0.924951 0.934090
vt 0.924140 0.941299
vt 0.923462 0.947645
vt 0.927800 0.947989
vt 0.928305 0.953722
vt 0.927258 0.941370
vt 0.933810 0.952709
vt 0.928245 0.933727
vt 0.930297 0.940862
vt 0.932046 0.946914
vt 0.936157 0.945427
vt 0.938899 0.950537
vt 0.929791 0.933155
vt 0.933110 0.939595
vt 0.939784 0.942950
vt 0.943383 0.947433
vt 0.931207 0.932288
vt 0.935736 0.937939
vt 0.947467 0.943782
vt 0.937943 0.935764
vt 0.942992 0.939978
vt 0.950441 0.939172
vt 0.933308 0.929765
vt 0.939688 0.933225
vt 0.945289 0.936286
vt 0.952644 0.934207
vt 0.940878 0.930403
vt 0.947106 0.932328
vt 0.953886 0.928861
vt 0.934305 0.926633
vt 0.941513 0.927410
vt 0.947847 0.928103
vt 0.948179 0.923826
vt 0.953879 0.923346
vt 0.941578 0.924364
vt 0.952889 0.917903
vt 0.934034 0.923376
vt 0.941015 0.921365
vt 0.947101 0.919647
vt 0.945669 0.915607
vt 0.950756 0.912842
vt 0.939857 0.918521
vt 0.943168 0.911999
vt 0.947723 0.908346
vt 0.932524 0.920462
vt 0.938212 0.915938
vt 0.940278 0.908729
vt 0.943961 0.904368
vt 0.936060 0.913750
vt 0.939399 0.901353
vt 0.930047 0.918336
vt 0.933537 0.912021
vt 0.936568 0.906464
vt 0.934449 0.899133
vt 0.930696 0.910810
vt 0.932609 0.904623
vt 0.929108 0.897870
vt 0.926910 0.917334
vt 0.927694 0.910155
vt 0.928357 0.903871
vt 0.924019 0.903512
vt 0.923519 0.897817
vt 0.924629 0.910061
vt 0.918038 0.898760
vt 0.923633 0.917587
vt 0.921608 0.910624
vt 0.919825 0.904561
vt 0.915733 0.905954
vt 0.912942 0.900861
vt 0.918730 0.911738
vt 0.912127 0.908428
vt 0.908391 0.903850
vt 0.920699 0.919086
vt 0.916117 0.913403
vt 0.908842 0.911299
vt 0.904297 0.907520
vt 0.913879 0.915531
vt 0.906413 0.914935
vt 0.901320 0.912151
vt 0.918547 0.921567
vt 0.912092 0.918039
vt 0.899011 0.917085
vt 0.910875 0.920877
vt 0.904579 0.918930
vt 0.897697 0.922479
vt 0.917529 0.924700
vt 0.910211 0.923890
vt 0.903816 0.923194
vt 0.903467 0.927529
vt 0.897632 0.928043
vt 0.910152 0.926954
vt 0.898667 0.933501
vt 0.917767 0.927992
vt 0.910765 0.929984
vt 0.904552 0.931737
vt 0.906005 0.935807
vt 0.900805 0.938636
vt 0.911934 0.932865
vt 0.908462 0.939480
vt 0.903844 0.943193
vt 0.918429 0.929508
vt 0.913444 0.935583
vt 0.925956 0.925720
vt 0.921852 0.932984
vt 0.926612 0.933980
vt 0.932315 0.931072
vt 0.933892 0.928225
vt 0.934247 0.924992
vt 0.933340 0.921889
vt 0.931341 0.919329
vt 0.928500 0.917764
vt 0.925265 0.917384
vt 0.922140 0.918276
vt 0.919561 0.920271
vt 0.917955 0.923106
vt 0.917564 0.926350
vt 0.919365 0.930873
vt 0.972934 0.847573
vt 0.973280 0.844993
vt 0.974223 0.846712
vt 0.968500 0.842226
vt 0.972219 0.843005
vt 0.970244 0.844334
vt 0.886838 0.972284
vt 0.899797 0.973007
vt 0.896691 0.978922
vt 0.895318 0.961904
vt 0.906283 0.961080
vt 0.903074 0.967135
vt 0.975113 0.850181
vt 0.976566 0.851027
vt 0.976095 0.851353
vt 0.975058 0.848269
vt 0.974078 0.848945
vt 0.971699 0.846088
vt 0.882558 0.977579
vt 0.893864 0.984919
vt 0.891152 0.966991
vt 0.904179 0.951342
vt 0.899845 0.956471
vt 0.977273 0.852317
vt 0.977038 0.852478
vt 0.975837 0.849694
vt 0.909604 0.977175
vt 0.909635 0.955134
vt 0.913569 0.964263
vt 0.977095 0.850805
vt 0.977535 0.852206
vt 0.976638 0.849348
vt 0.975053 0.844231
vt 0.975643 0.846122
vt 0.970974 0.840625
vt 0.974407 0.842107
vt 0.907789 0.983419
vt 0.911695 0.970779
vt 0.976156 0.847801
vt 0.906134 0.989822
vt 0.920129 0.979218
vt 0.922156 0.959114
vt 0.921459 0.965760
vt 0.977813 0.852147
vt 0.977494 0.849165
vt 0.976943 0.843861
vt 0.977143 0.845832
vt 0.973658 0.839559
vt 0.976712 0.841635
vt 0.919448 0.985762
vt 0.920808 0.972387
vt 0.977655 0.850686
vt 0.977322 0.847556
vt 0.918974 0.992319
vt 0.930070 0.972651
vt 0.930728 0.979168
vt 0.929466 0.965888
vt 0.978228 0.850679
vt 0.978097 0.852145
vt 0.978511 0.847553
vt 0.978367 0.849162
vt 0.978664 0.845814
vt 0.976465 0.839022
vt 0.979071 0.841607
vt 0.931409 0.985915
vt 0.978857 0.843874
vt 0.931992 0.992319
vt 0.941090 0.977383
vt 0.935329 0.957910
vt 0.937242 0.964271
vt 0.978377 0.852197
vt 0.979677 0.847779
vt 0.979222 0.849329
vt 0.980166 0.846097
vt 0.982150 0.839518
vt 0.981376 0.842098
vt 0.943069 0.983682
vt 0.939117 0.970836
vt 0.978791 0.850789
vt 0.980732 0.844226
vt 0.945049 0.990147
vt 0.947709 0.967544
vt 0.950962 0.973439
vt 0.944690 0.961437
vt 0.979320 0.851006
vt 0.978640 0.852304
vt 0.980776 0.848228
vt 0.980028 0.849660
vt 0.981586 0.846669
vt 0.983547 0.842984
vt 0.953987 0.979197
vt 0.982515 0.844936
vt 0.957232 0.984939
vt 0.955465 0.962407
vt 0.959791 0.967526
vt 0.946844 0.951792
vt 0.951235 0.957014
vt 0.978878 0.852459
vt 0.981767 0.848883
vt 0.980750 0.850141
vt 0.982868 0.847511
vt 0.984799 0.840658
vt 0.985518 0.844261
vt 0.964002 0.972662
vt 0.979799 0.851318
vt 0.984104 0.846007
vt 0.968023 0.977689
vt 0.962121 0.955953
vt 0.967173 0.960114
vt 0.951551 0.947189
vt 0.956688 0.951452
vt 0.979081 0.852658
vt 0.981372 0.850746
vt 0.983967 0.848587
vt 0.989255 0.844209
vt 0.987175 0.845930
vt 0.972446 0.964404
vt 0.980205 0.851720
vt 0.982604 0.849720
vt 0.985440 0.847366
vt 0.977718 0.968664
vt 0.973152 0.951548
vt 0.961234 0.945134
vt 0.979241 0.852893
vt 0.983274 0.850695
vt 0.981855 0.851467
vt 0.986523 0.848933
vt 0.984820 0.849866
vt 0.988490 0.847883
vt 0.979030 0.954662
vt 0.967303 0.948297
vt 0.980528 0.852190
vt 0.984998 0.957471
vt 0.977271 0.941841
vt 0.955314 0.941777
vt 0.964390 0.937905
vt 0.980749 0.852716
vt 0.979352 0.853154
vt 0.982197 0.852262
vt 0.987278 0.850690
vt 0.985406 0.851276
vt 0.990840 0.846649
vt 0.989380 0.850047
vt 0.983485 0.943672
vt 0.970882 0.939787
vt 0.983739 0.851786
vt 0.989866 0.945310
vt 0.979325 0.931427
vt 0.959269 0.929402
vt 0.965895 0.930093
vt 0.979411 0.853432
vt 0.982377 0.853112
vt 0.987646 0.852563
vt 0.985697 0.852766
vt 0.991900 0.849301
vt 0.989852 0.852329
vt 0.985839 0.932119
vt 0.972515 0.930766
vt 0.980867 0.853274
vt 0.983983 0.852946
vt 0.992346 0.932575
vt 0.972758 0.921605
vt 0.979238 0.920953
vt 0.965994 0.922185
vt 0.980875 0.853845
vt 0.979413 0.853715
vt 0.982386 0.853979
vt 0.985722 0.854282
vt 0.992439 0.852077
vt 0.989886 0.854666
vt 0.985966 0.920244
vt 0.983986 0.854130
vt 0.987634 0.854458
vt 0.992346 0.919666
vt 0.977479 0.910701
vt 0.958068 0.916378
vt 0.964409 0.914480
vt 0.979361 0.853995
vt 0.982226 0.854833
vt 0.987298 0.856322
vt 0.985424 0.855768
vt 0.991969 0.857713
vt 0.989408 0.856954
vt 0.983760 0.908726
vt 0.970944 0.912638
vt 0.980767 0.854406
vt 0.983760 0.855288
vt 0.990191 0.906725
vt 0.967703 0.904144
vt 0.973579 0.900930
vt 0.961608 0.907121
vt 0.980551 0.854934
vt 0.979255 0.854257
vt 0.983318 0.856380
vt 0.981896 0.855637
vt 0.984867 0.857179
vt 0.988535 0.859112
vt 0.979319 0.897929
vt 0.986594 0.858095
vt 0.985030 0.894658
vt 0.962669 0.896463
vt 0.967725 0.892175
vt 0.952046 0.904942
vt 0.957268 0.900647
vt 0.979100 0.854495
vt 0.982670 0.857366
vt 0.981418 0.856358
vt 0.984037 0.858454
vt 0.990846 0.860347
vt 0.987274 0.861071
vt 0.972845 0.888023
vt 0.980241 0.855412
vt 0.985536 0.859676
vt 0.977852 0.883989
vt 0.956215 0.889890
vt 0.960381 0.884872
vt 0.947411 0.900307
vt 0.951699 0.895235
vt 0.978902 0.854699
vt 0.980817 0.856980
vt 0.982975 0.859550
vt 0.987336 0.864773
vt 0.985624 0.862719
vt 0.964680 0.879648
vt 0.979844 0.855820
vt 0.981842 0.858202
vt 0.984194 0.861007
vt 0.968953 0.874430
vt 0.951934 0.878950
vt 0.945417 0.890704
vt 0.979373 0.856141
vt 0.978668 0.854858
vt 0.980876 0.858874
vt 0.980101 0.857464
vt 0.982645 0.862088
vt 0.981709 0.860404
vt 0.983697 0.864030
vt 0.955085 0.873149
vt 0.948633 0.884716
vt 0.957954 0.867251
vt 0.942301 0.874833
vt 0.942053 0.896536
vt 0.938222 0.887524
vt 0.978848 0.856363
vt 0.978407 0.854970
vt 0.979308 0.857809
vt 0.980909 0.862847
vt 0.980313 0.860996
vt 0.984927 0.866348
vt 0.981560 0.864924
vt 0.944255 0.868716
vt 0.940161 0.881085
vt 0.979792 0.859344
vt 0.946065 0.862443
vt 0.931985 0.872731
vt 0.929668 0.892545
vt 0.930449 0.886009
vt 0.978129 0.855029
vt 0.978460 0.857993
vt 0.979057 0.863226
vt 0.978832 0.861309
vt 0.982313 0.867406
vt 0.979310 0.865409
vt 0.932846 0.866264
vt 0.931176 0.879294
vt 0.978292 0.856484
vt 0.978638 0.859579
vt 0.933719 0.859936
vt 0.921583 0.872552
vt 0.922496 0.885722
vt 0.977721 0.856494
vt 0.977846 0.855032
vt 0.977461 0.859606
vt 0.977594 0.858000
vt 0.977178 0.863245
vt 0.977321 0.861324
vt 0.979580 0.867953
vt 0.977004 0.865474
vt 0.921160 0.865861
vt 0.921957 0.879170
vt 0.921051 0.859362
vt 0.911245 0.874087
vt 0.916591 0.893575
vt 0.914715 0.887234
vt 0.977567 0.854981
vt 0.976741 0.857849
vt 0.975317 0.862937
vt 0.975840 0.861052
vt 0.974073 0.867545
vt 0.974727 0.865059
vt 0.909613 0.867735
vt 0.912928 0.880697
vt 0.977160 0.856388
vt 0.976301 0.859389
vt 0.908283 0.861316
vt 0.904347 0.883753
vt 0.901311 0.877755
vt 0.907257 0.889911
vt 0.976631 0.856175
vt 0.977304 0.854875
vt 0.975203 0.858957
vt 0.975935 0.857525
vt 0.974423 0.860517
vt 0.971430 0.866587
vt 0.972563 0.864228
vt 0.898596 0.871851
vt 0.973535 0.862264
vt 0.896051 0.865748
vt 0.896524 0.888693
vt 0.892381 0.883386
vt 0.904975 0.899477
vt 0.900655 0.894179
vt 0.977065 0.854720
vt 0.974208 0.858317
vt 0.975209 0.857051
vt 0.973131 0.859704
vt 0.968979 0.865126
vt 0.970572 0.863002
vt 0.888408 0.878007
vt 0.976150 0.855867
vt 0.971929 0.861231
vt 0.884747 0.872494
vt 0.889750 0.895063
vt 0.884845 0.890678
vt 0.900221 0.904055
vt 0.895115 0.899693
vt 0.975742 0.855467
vt 0.976862 0.854522
vt 0.974581 0.856452
vt 0.972011 0.858648
vt 0.966813 0.863171
vt 0.968853 0.861385
vt 0.879787 0.886102
vt 0.973360 0.857492
vt 0.970559 0.859903
vt 0.874777 0.881512
vt 0.878642 0.899218
vt 0.890453 0.905995
vt 0.976700 0.854288
vt 0.972675 0.856524
vt 0.974090 0.855734
vt 0.969434 0.858354
vt 0.971131 0.857380
vt 0.967466 0.859470
vt 0.872908 0.895855
vt 0.884404 0.902685
vt 0.975415 0.854998
vt 0.867347 0.892604
vt 0.874199 0.909012
vt 0.896411 0.909459
vt 0.887180 0.913209
vt 0.975191 0.854472
vt 0.976588 0.854027
vt 0.973738 0.854938
vt 0.968637 0.856597
vt 0.970515 0.855969
vt 0.963991 0.858169
vt 0.966520 0.857299
vt 0.868018 0.906913
vt 0.880601 0.911235
vt 0.972196 0.855433
vt 0.861836 0.904544
vt 0.871913 0.919521
vt 0.892270 0.921874
vt 0.885618 0.921070
vt 0.976529 0.853748
vt 0.973549 0.854084
vt 0.968235 0.854703
vt 0.970192 0.854463
vt 0.963275 0.855326
vt 0.966000 0.854982
vt 0.865320 0.918588
vt 0.878790 0.920288
vt 0.975068 0.853913
vt 0.971942 0.854269
vt 0.858584 0.917614
vt 0.878578 0.929570
vt 0.871924 0.930104
vt 0.885348 0.929060
vt 0.975058 0.853338
vt 0.976526 0.853464
vt 0.971918 0.853074
vt 0.973541 0.853210
vt 0.968212 0.852774
vt 0.970175 0.852925
vt 0.965908 0.852587
vt 0.865014 0.930643
vt 0.858540 0.931134
vt 0.873611 0.940541
vt 0.892280 0.928512
vt 0.886848 0.936862
vt 0.976577 0.853184
vt 0.973695 0.852349
vt 0.968541 0.850865
vt 0.970457 0.851414
vt 0.963733 0.849459
vt 0.966378 0.850231
vt 0.867256 0.942484
vt 0.880261 0.938685
vt 0.975165 0.852774
vt 0.972147 0.851902
vt 0.860755 0.944480
vt 0.883564 0.947337
vt 0.877612 0.950556
vt 0.893457 0.935024
vt 0.889718 0.944358
vt 0.975380 0.852243
vt 0.976684 0.852920
vt 0.972578 0.850789
vt 0.974024 0.851537
vt 0.971017 0.849981
vt 0.967265 0.848017
vt 0.871822 0.953597
vt 0.969252 0.849053
vt 0.866065 0.956870
vt 0.888742 0.955199
vt 0.883613 0.959523
vt 0.899459 0.946639
vt 0.894166 0.950992
vt 0.976839 0.852682
vt 0.973237 0.849790
vt 0.974506 0.850809
vt 0.971854 0.848686
vt 0.964893 0.846750
vt 0.968554 0.846014
vt 0.878454 0.963724
vt 0.975691 0.851761
vt 0.970328 0.847441
vt 0.873428 0.967793
vt 0.977971 0.853589
vt 0.895966 0.941083
vt 0.893847 0.915474
vt 0.910534 0.896052
vt 0.936024 0.894040
vt 0.955518 0.910411
vt 0.957780 0.935741
vt 0.941356 0.955315
vt 0.915729 0.957624
vt 0.057212 0.938803
vt 0.064416 0.936718
vt 0.060460 0.941688
vt 0.056792 0.946268
vt 0.052834 0.942489
vt 0.062248 0.934559
vt 0.068917 0.931031
vt 0.061268 0.949297
vt 0.066991 0.938387
vt 0.064029 0.944172
vt 0.066315 0.951424
vt 0.071804 0.932545
vt 0.069829 0.939531
vt 0.068072 0.945628
vt 0.072254 0.946698
vt 0.071766 0.952417
vt 0.072830 0.940101
vt 0.077314 0.952428
vt 0.075065 0.932822
vt 0.075882 0.940040
vt 0.076546 0.946375
vt 0.080780 0.945655
vt 0.082647 0.951185
vt 0.078883 0.939407
vt 0.084743 0.943837
vt 0.087629 0.949008
vt 0.078185 0.931830
vt 0.081698 0.938239
vt 0.088436 0.941549
vt 0.092251 0.946052
vt 0.084238 0.936507
vt 0.091425 0.938379
vt 0.095908 0.942002
vt 0.080712 0.929742
vt 0.086398 0.934307
vt 0.098984 0.937514
vt 0.088019 0.931679
vt 0.093863 0.934739
vt 0.101151 0.932447
vt 0.081567 0.928315
vt 0.089296 0.928881
vt 0.095363 0.930645
vt 0.096416 0.926416
vt 0.102144 0.926929
vt 0.082158 0.926775
vt 0.089829 0.925839
vt 0.102198 0.921354
vt 0.082507 0.923503
vt 0.089733 0.922743
vt 0.096107 0.922098
vt 0.095403 0.917834
vt 0.100966 0.915951
vt 0.089068 0.919716
vt 0.093604 0.913803
vt 0.098749 0.910947
vt 0.082105 0.921915
vt 0.088061 0.916794
vt 0.091293 0.910052
vt 0.095733 0.906312
vt 0.080540 0.919045
vt 0.086156 0.914360
vt 0.091750 0.902504
vt 0.084101 0.912048
vt 0.088036 0.907099
vt 0.087219 0.899454
vt 0.077978 0.917045
vt 0.081424 0.910537
vt 0.084396 0.904636
vt 0.082136 0.897299
vt 0.076492 0.916365
vt 0.078557 0.909365
vt 0.080342 0.903182
vt 0.076138 0.902099
vt 0.076685 0.896267
vt 0.075545 0.908749
vt 0.071121 0.896315
vt 0.073219 0.916065
vt 0.072473 0.908778
vt 0.071815 0.902401
vt 0.067548 0.903139
vt 0.065748 0.897585
vt 0.069444 0.909419
vt 0.063557 0.904961
vt 0.060803 0.899889
vt 0.070099 0.917092
vt 0.066611 0.910620
vt 0.056179 0.902822
vt 0.064088 0.912405
vt 0.059915 0.907371
vt 0.052483 0.906883
vt 0.067592 0.919215
vt 0.061953 0.914621
vt 0.057037 0.910627
vt 0.049498 0.911423
vt 0.060316 0.917238
vt 0.054576 0.914244
vt 0.047369 0.916533
vt 0.066111 0.922153
vt 0.059173 0.920093
vt 0.053136 0.918317
vt 0.052098 0.922535
vt 0.046422 0.922010
vt 0.058616 0.923118
vt 0.046462 0.927573
vt 0.065834 0.925421
vt 0.058695 0.926185
vt 0.052430 0.926843
vt 0.053159 0.931097
vt 0.047673 0.932945
vt 0.059326 0.929196
vt 0.054974 0.935078
vt 0.049845 0.937897
vt 0.066815 0.928536
vt 0.060506 0.932018
vt 0.067814 0.929831
vt 0.074142 0.924466
vt 0.070330 0.931857
vt 0.073428 0.932757
vt 0.076648 0.932412
vt 0.079512 0.930858
vt 0.082410 0.925145
vt 0.081416 0.920430
vt 0.079307 0.917984
vt 0.074865 0.916130
vt 0.071630 0.916494
vt 0.068783 0.918085
vt 0.066775 0.920652
vt 0.065897 0.923774
vt 0.066260 0.927001
vt 0.027180 0.846482
vt 0.029743 0.846354
vt 0.028244 0.847578
vt 0.031538 0.841251
vt 0.031480 0.844956
vt 0.029828 0.843308
vt 0.027873 0.963038
vt 0.040438 0.966189
vt 0.036215 0.971273
vt 0.038214 0.954650
vt 0.049014 0.955773
vt 0.044769 0.961115
vt 0.024052 0.850215
vt 0.025626 0.849676
vt 0.024449 0.850624
vt 0.026880 0.848668
vt 0.026049 0.847832
vt 0.028398 0.845023
vt 0.022589 0.967292
vt 0.032163 0.976257
vt 0.033146 0.958778
vt 0.048745 0.945921
vt 0.043629 0.950167
vt 0.023110 0.851337
vt 0.023308 0.851540
vt 0.025024 0.849055
vt 0.049202 0.972078
vt 0.053364 0.950584
vt 0.055497 0.960163
vt 0.024759 0.851102
vt 0.023463 0.851778
vt 0.026104 0.850398
vt 0.030802 0.847935
vt 0.029072 0.848852
vt 0.035056 0.845676
vt 0.032744 0.846915
vt 0.046148 0.977789
vt 0.052462 0.966234
vt 0.027532 0.849654
vt 0.042831 0.983485
vt 0.058996 0.975966
vt 0.064789 0.956603
vt 0.062860 0.962984
vt 0.023569 0.852041
vt 0.026432 0.851202
vt 0.031508 0.849709
vt 0.029634 0.850263
vt 0.036185 0.848313
vt 0.033620 0.849075
vt 0.056991 0.982274
vt 0.060989 0.969547
vt 0.024974 0.851629
vt 0.027963 0.850752
vt 0.054896 0.988707
vt 0.069226 0.977870
vt 0.070581 0.964558
vt 0.025083 0.852190
vt 0.023621 0.852320
vt 0.028192 0.851909
vt 0.026589 0.852055
vt 0.029932 0.851753
vt 0.034100 0.851367
vt 0.068499 0.984579
vt 0.070028 0.971270
vt 0.031845 0.851576
vt 0.067859 0.990937
vt 0.079728 0.977947
vt 0.077848 0.957818
vt 0.078551 0.964454
vt 0.023619 0.852604
vt 0.026588 0.852922
vt 0.031858 0.853474
vt 0.029907 0.853270
vt 0.036657 0.853961
vt 0.034066 0.853707
vt 0.080377 0.984483
vt 0.079146 0.971097
vt 0.025075 0.852762
vt 0.028190 0.853092
vt 0.080823 0.990998
vt 0.088168 0.969538
vt 0.090207 0.975938
vt 0.086355 0.962980
vt 0.024957 0.853319
vt 0.023560 0.852881
vt 0.027946 0.854250
vt 0.026407 0.853773
vt 0.029615 0.854761
vt 0.036115 0.856741
vt 0.033593 0.855992
vt 0.091997 0.982159
vt 0.031489 0.855348
vt 0.093625 0.988551
vt 0.096698 0.965930
vt 0.099930 0.971821
vt 0.090202 0.953903
vt 0.093527 0.959843
vt 0.023449 0.853143
vt 0.027482 0.855342
vt 0.026064 0.854569
vt 0.029028 0.856171
vt 0.035052 0.859395
vt 0.032700 0.858158
vt 0.103046 0.977714
vt 0.024736 0.853846
vt 0.030733 0.857106
vt 0.105849 0.983691
vt 0.104377 0.960793
vt 0.108533 0.965857
vt 0.095638 0.950195
vt 0.099896 0.955350
vt 0.024413 0.854316
vt 0.023289 0.853378
vt 0.025581 0.855290
vt 0.028175 0.857451
vt 0.033463 0.861835
vt 0.031383 0.860111
vt 0.112842 0.971129
vt 0.026812 0.856316
vt 0.029649 0.858673
vt 0.117098 0.976401
vt 0.116005 0.958439
vt 0.105479 0.949915
vt 0.024007 0.854718
vt 0.023086 0.853576
vt 0.025975 0.857153
vt 0.024958 0.855896
vt 0.028311 0.860031
vt 0.027075 0.858526
vt 0.029724 0.861780
vt 0.121144 0.962654
vt 0.110875 0.954122
vt 0.126159 0.966682
vt 0.121911 0.949590
vt 0.100238 0.945498
vt 0.109876 0.943332
vt 0.023528 0.855030
vt 0.022848 0.853731
vt 0.024236 0.856376
vt 0.026721 0.861101
vt 0.025793 0.859368
vt 0.029001 0.865382
vt 0.027752 0.863055
vt 0.127676 0.952626
vt 0.116003 0.946348
vt 0.024984 0.857808
vt 0.133435 0.955869
vt 0.125860 0.939715
vt 0.106314 0.933951
vt 0.112686 0.935902
vt 0.022585 0.853839
vt 0.023430 0.856707
vt 0.024937 0.861810
vt 0.024372 0.859939
vt 0.026350 0.866519
vt 0.025579 0.863938
vt 0.132177 0.941679
vt 0.119272 0.937783
vt 0.022999 0.855247
vt 0.023884 0.858257
vt 0.138657 0.943663
vt 0.121122 0.928734
vt 0.127653 0.929356
vt 0.114328 0.928123
vt 0.022437 0.855356
vt 0.022305 0.853890
vt 0.022575 0.856873
vt 0.023062 0.862160
vt 0.022871 0.860221
vt 0.023275 0.864426
vt 0.134419 0.930035
vt 0.022718 0.858482
vt 0.140835 0.930585
vt 0.127739 0.918780
vt 0.107614 0.920817
vt 0.114257 0.920138
vt 0.022021 0.853889
vt 0.021702 0.856871
vt 0.021149 0.862172
vt 0.021350 0.860202
vt 0.020667 0.867007
vt 0.020917 0.864397
vt 0.134278 0.918067
vt 0.120903 0.919479
vt 0.021863 0.855349
vt 0.021530 0.858479
vt 0.140835 0.917556
vt 0.119309 0.910340
vt 0.125699 0.908226
vt 0.112774 0.912220
vt 0.021303 0.855230
vt 0.021743 0.853830
vt 0.020365 0.858234
vt 0.020846 0.856688
vt 0.019851 0.859912
vt 0.017862 0.866467
vt 0.018614 0.863923
vt 0.131936 0.906379
vt 0.019260 0.861801
vt 0.138336 0.904707
vt 0.115645 0.901724
vt 0.121520 0.898430
vt 0.103634 0.908324
vt 0.109576 0.904936
vt 0.021481 0.853719
vt 0.019267 0.857766
vt 0.020046 0.856341
vt 0.018432 0.859321
vt 0.015183 0.865400
vt 0.016428 0.863024
vt 0.127431 0.895286
vt 0.020775 0.855008
vt 0.017489 0.861039
vt 0.133432 0.892437
vt 0.110462 0.893965
vt 0.115522 0.889765
vt 0.099874 0.902849
vt 0.105022 0.898523
vt 0.020303 0.854683
vt 0.021246 0.853558
vt 0.019322 0.855854
vt 0.017144 0.858461
vt 0.012716 0.863800
vt 0.014456 0.861696
vt 0.120807 0.885419
vt 0.018288 0.857090
vt 0.015909 0.859945
vt 0.126094 0.881135
vt 0.108072 0.882252
vt 0.099555 0.892839
vt 0.021047 0.853355
vt 0.017448 0.856246
vt 0.018715 0.855227
vt 0.014540 0.858593
vt 0.016063 0.857350
vt 0.012770 0.860019
vt 0.112282 0.877084
vt 0.103757 0.887397
vt 0.019900 0.854275
vt 0.116315 0.872014
vt 0.099157 0.876244
vt 0.095199 0.898112
vt 0.092953 0.888356
vt 0.019589 0.853793
vt 0.020892 0.853116
vt 0.018232 0.854499
vt 0.013465 0.856983
vt 0.015221 0.856055
vt 0.009117 0.859287
vt 0.011483 0.858020
vt 0.102173 0.870442
vt 0.095946 0.882186
vt 0.016793 0.855247
vt 0.105407 0.864661
vt 0.089155 0.872257
vt 0.083677 0.892093
vt 0.085489 0.885488
vt 0.020785 0.852852
vt 0.017901 0.853688
vt 0.012759 0.855176
vt 0.014657 0.854620
vt 0.007956 0.856588
vt 0.010596 0.855812
vt 0.091085 0.865894
vt 0.087314 0.878891
vt 0.019373 0.853262
vt 0.016349 0.854140
vt 0.093039 0.859361
vt 0.078243 0.877204
vt 0.078733 0.870532
vt 0.077153 0.890914
vt 0.077720 0.883973
vt 0.019266 0.852698
vt 0.020734 0.852572
vt 0.016126 0.852966
vt 0.017745 0.852826
vt 0.012419 0.853273
vt 0.014395 0.853110
vt 0.010120 0.853461
vt 0.079263 0.863626
vt 0.079726 0.857150
vt 0.068207 0.870503
vt 0.070534 0.890891
vt 0.069762 0.884234
vt 0.020737 0.852287
vt 0.016149 0.851772
vt 0.017761 0.851952
vt 0.014404 0.851577
vt 0.007481 0.850726
vt 0.010208 0.851065
vt 0.067247 0.863923
vt 0.069013 0.877381
vt 0.019277 0.852124
vt 0.012443 0.851341
vt 0.066247 0.857190
vt 0.059988 0.879162
vt 0.057726 0.872776
vt 0.061940 0.885730
vt 0.019399 0.851565
vt 0.020796 0.852010
vt 0.016404 0.850606
vt 0.017948 0.851099
vt 0.014724 0.850072
vt 0.010725 0.848746
vt 0.055606 0.866595
vt 0.012844 0.849446
vt 0.053223 0.860424
vt 0.051467 0.882941
vt 0.048005 0.877181
vt 0.058161 0.894961
vt 0.054769 0.888990
vt 0.020908 0.851748
vt 0.016882 0.849515
vt 0.018299 0.850304
vt 0.015339 0.848660
vt 0.008192 0.847879
vt 0.011670 0.846573
vt 0.044624 0.871452
vt 0.019623 0.851039
vt 0.013640 0.847687
vt 0.041333 0.865901
vt 0.043826 0.888251
vt 0.039455 0.883345
vt 0.052767 0.898728
vt 0.048441 0.893607
vt 0.019950 0.850570
vt 0.021069 0.851514
vt 0.018789 0.849586
vt 0.016217 0.847391
vt 0.011013 0.842870
vt 0.013056 0.844655
vt 0.034889 0.878286
vt 0.017567 0.848546
vt 0.014764 0.846136
vt 0.030298 0.873276
vt 0.032189 0.890830
vt 0.042918 0.899096
vt 0.021273 0.851316
vt 0.018414 0.847720
vt 0.019417 0.848987
vt 0.016133 0.844807
vt 0.017337 0.846334
vt 0.014775 0.843037
vt 0.026830 0.886838
vt 0.037473 0.894971
vt 0.020358 0.850170
vt 0.021321 0.883155
vt 0.026550 0.899707
vt 0.048138 0.903424
vt 0.038616 0.905704
vt 0.020838 0.849861
vt 0.021511 0.851161
vt 0.020142 0.848513
vt 0.017739 0.843774
vt 0.018628 0.845520
vt 0.013181 0.840912
vt 0.016766 0.841809
vt 0.020676 0.896936
vt 0.032516 0.902765
vt 0.019411 0.847079
vt 0.014599 0.894342
vt 0.022862 0.909613
vt 0.042214 0.915024
vt 0.035854 0.913164
vt 0.021774 0.851055
vt 0.020947 0.848191
vt 0.019520 0.843099
vt 0.020045 0.844983
vt 0.015633 0.839451
vt 0.018930 0.840978
vt 0.016530 0.907880
vt 0.029460 0.911391
vt 0.021367 0.849648
vt 0.020509 0.846645
vt 0.010159 0.906416
vt 0.027740 0.920329
vt 0.021155 0.919908
vt 0.034395 0.920993
vt 0.021928 0.849542
vt 0.022053 0.851004
vt 0.021799 0.848031
vt 0.021526 0.844711
vt 0.018275 0.838493
vt 0.021205 0.840562
vt 0.014498 0.919393
vt 0.021669 0.846427
vt 0.021381 0.842790
vt 0.008135 0.918962
vt 0.027802 0.929537
vt 0.021185 0.930314
vt 0.041125 0.928158
vt 0.034557 0.928894
vt 0.022337 0.851007
vt 0.022667 0.848040
vt 0.023034 0.844726
vt 0.023778 0.838082
vt 0.023510 0.840625
vt 0.014676 0.931069
vt 0.022499 0.849552
vt 0.022848 0.846449
vt 0.023259 0.842808
vt 0.008162 0.931635
vt 0.029533 0.938533
vt 0.023194 0.940613
vt 0.036012 0.936678
vt 0.023056 0.849672
vt 0.022614 0.851066
vt 0.023999 0.846696
vt 0.023515 0.848225
vt 0.024516 0.845035
vt 0.026509 0.838625
vt 0.025760 0.841108
vt 0.016991 0.942492
vt 0.025111 0.843185
vt 0.010609 0.944182
vt 0.033117 0.947005
vt 0.027275 0.950255
vt 0.045025 0.940497
vt 0.039148 0.943843
vt 0.022875 0.851177
vt 0.025083 0.847162
vt 0.024308 0.848571
vt 0.025914 0.845628
vt 0.029125 0.839679
vt 0.027898 0.841999
vt 0.021387 0.953362
vt 0.023580 0.849894
vt 0.026848 0.843943
vt 0.015406 0.956203
vt 0.022179 0.852447
vt 0.042583 0.934489
vt 0.044732 0.908981
vt 0.064153 0.892427
vt 0.089692 0.894632
vt 0.106146 0.914403
vt 0.103741 0.939990
vt 0.084203 0.956330
vt 0.058833 0.954045
vt 0.986328 0.333984
vt 0.483537 0.409555
vt 0.986328 0.009766
vt 0.107422 0.009766
vt 0.928788 0.958957
vt 0.979307 0.839033
vt 0.987145 0.842241
vt 0.959088 0.922854
vt 0.992439 0.854891
vt 0.989281 0.862679
vt 0.923091 0.892611
vt 0.976815 0.867973
vt 0.965194 0.860763
vt 0.963256 0.852378
vt 0.966503 0.844363
vt 0.033487 0.843344
vt 0.071271 0.957636
vt 0.036657 0.851141
vt 0.031349 0.863802
vt 0.107376 0.927434
vt 0.023507 0.867001
vt 0.010724 0.861667
vt 0.007470 0.853676
vt 0.009395 0.845280
vt 0.041240 0.921575
vt 0.021015 0.838064

vn 0.391175 0.062325 -0.918204
vn -0.034024 0.128509 -0.991125
vn -0.133838 0.030391 -0.990537
vn 0.063472 -0.024088 -0.997693
vn 0.919340 -0.293005 -0.262607
vn 0.864759 -0.117659 -0.488209
vn 0.694733 0.257329 -0.671660
vn 0.976852 -0.187872 -0.102299
vn -0.012969 -0.309548 -0.950795
vn -0.337114 -0.319977 -0.885420
vn -0.316909 -0.154436 -0.935798
vn -0.002995 -0.162752 -0.986662
vn 0.390332 0.152471 -0.907961
vn 0.277642 0.075030 -0.957750
vn 0.211719 0.213794 -0.953660
vn 0.426015 0.231073 -0.874709
vn 0.879251 0.246559 0.407586
vn 0.935059 0.266969 0.233222
vn 0.933509 0.108412 0.341772
vn -0.963163 0.111937 -0.244515
vn -0.839568 0.104525 -0.533105
vn -0.784728 -0.012329 -0.619717
vn -0.890789 -0.049795 -0.451681
vn -0.678557 -0.229885 0.697648
vn -0.851987 -0.152540 0.500850
vn -0.926279 0.262823 0.270058
vn -0.655869 -0.167992 0.735945
vn 0.827004 -0.034682 0.561126
vn 0.477342 0.345266 -0.808045
vn 0.396345 0.263485 -0.879481
vn 0.923139 0.002509 -0.384458
vn 0.932796 -0.097139 -0.347066
vn 0.229236 0.252618 0.940019
vn 0.823625 -0.008542 0.567070
vn 0.139904 -0.166614 0.976046
vn -0.207858 0.095642 0.973472
vn 0.983232 0.047616 0.176032
vn 0.559913 0.355037 0.748630
vn 0.585943 0.130836 0.799720
vn 0.973339 -0.227328 0.030543
vn 0.741110 -0.577893 0.341754
vn 0.999698 -0.005426 0.023957
vn 0.771846 -0.633847 -0.049918
vn -0.021171 -0.987837 0.154042
vn -0.691046 -0.721054 0.050358
vn -0.650447 -0.719891 -0.242232
vn -0.912942 -0.346287 -0.215923
vn -0.830039 -0.436256 -0.347443
vn 0.917557 0.392643 0.062614
vn 0.999434 0.016676 0.029213
vn 0.995625 -0.093420 -0.001691
vn 0.962402 0.240738 0.125807
vn -0.009623 -0.214456 -0.976686
vn 0.013930 -0.484748 -0.874543
vn -0.616754 -0.041692 -0.786051
vn -0.602786 0.041696 -0.796813
vn 0.924673 0.001730 -0.380758
vn 0.970488 -0.149794 -0.188984
vn 0.986469 -0.132648 -0.096355
vn 0.915745 -0.048441 -0.398830
vn -0.390782 0.526357 -0.755140
vn -0.448471 0.389834 -0.804303
vn 0.974703 0.197209 0.105177
vn 0.993445 -0.051797 -0.101906
vn 0.922838 -0.045773 -0.382458
vn 0.943022 0.217919 -0.251437
vn 0.932565 -0.257331 -0.253184
vn 0.852226 -0.216563 -0.476247
vn 0.809743 -0.388636 -0.439634
vn 0.987947 0.110054 0.108857
vn 0.985541 0.079371 0.149700
vn 0.747854 -0.373950 -0.548521
vn 0.983891 0.076454 0.161595
vn 0.994709 -0.102251 -0.009968
vn 0.927687 0.220657 0.301177
vn 0.955719 0.180205 0.232651
vn -0.734793 -0.616957 0.281858
vn -0.619442 -0.729985 0.288813
vn 0.498798 -0.843722 0.198328
vn 0.494938 -0.811693 0.310146
vn -0.754900 0.246343 -0.607817
vn -0.684110 0.487174 -0.542822
vn -0.386261 0.517907 -0.763266
vn -0.475157 0.317076 -0.820785
vn 0.349335 -0.571237 0.742734
vn 0.327119 -0.464524 0.822928
vn 0.990916 -0.134420 0.003977
vn 0.972939 -0.194085 -0.125383
vn 0.988042 -0.117641 0.099671
vn 0.996249 -0.078846 -0.035655
vn 0.983158 -0.160318 0.087742
vn 0.163541 -0.938281 -0.304768
vn -0.543258 -0.696099 -0.469380
vn -0.723367 -0.514627 -0.460325
vn -0.622099 -0.459554 -0.633879
vn -0.592927 -0.488018 -0.640528
vn 0.073359 -0.439663 0.895162
vn 0.793452 -0.344761 0.501572
vn 0.775707 -0.396508 0.490979
vn -0.038233 -0.784352 0.619137
vn 0.937409 -0.263747 0.227380
vn 0.900944 -0.212550 0.378316
vn 0.867058 -0.361721 0.342590
vn 0.933593 -0.345716 0.094256
vn 0.997352 -0.060028 -0.041049
vn 0.956230 -0.059393 -0.286525
vn 0.952196 -0.108433 -0.285597
vn 0.945231 -0.086233 -0.314804
vn 0.892982 -0.229809 -0.387002
vn -0.816786 -0.313635 -0.484245
vn -0.597830 -0.321562 -0.734301
vn -0.652725 -0.156384 -0.741279
vn -0.854478 -0.171474 -0.490372
vn 0.985029 -0.171167 -0.020465
vn 0.966193 -0.065426 -0.249380
vn 0.937462 -0.058436 -0.343147
vn -0.234471 -0.334872 0.912625
vn -0.072920 -0.007975 0.997306
vn -0.601089 -0.251331 0.758633
vn 0.858341 -0.189746 -0.476704
vn 0.761327 -0.297627 -0.576020
vn 0.768634 -0.177109 -0.614682
vn 0.541825 0.278983 -0.792839
vn 0.899097 -0.265341 -0.348165
vn 0.906845 -0.363300 -0.213646
vn 0.524473 -0.484926 -0.699840
vn 0.772147 0.237716 -0.589305
vn -0.505266 -0.567217 -0.650362
vn -0.528546 -0.694337 -0.488401
vn -0.347424 -0.812494 -0.468134
vn -0.317704 -0.697203 -0.642629
vn 0.998146 -0.038065 0.047483
vn 0.958176 -0.280285 0.057785
vn 0.835837 -0.396609 0.379576
vn 0.879126 0.458308 -0.130737
vn 0.872626 0.485390 -0.054039
vn 0.968015 0.212069 -0.134066
vn 0.945731 0.236181 -0.223186
vn 0.507837 -0.662246 -0.550938
vn -0.544538 -0.691426 -0.474772
vn -0.640027 -0.679506 -0.358659
vn 0.304043 -0.829258 -0.468923
vn 0.842115 0.377854 -0.384796
vn 0.864140 -0.072760 -0.497963
vn -0.926126 0.175252 -0.334032
vn -0.887743 0.341099 -0.309134
vn 0.932576 -0.138551 -0.333327
vn 0.938306 -0.046193 -0.342708
vn 0.666447 0.348470 -0.659104
vn 0.196154 -0.015505 -0.980451
vn 0.043253 0.104421 -0.993592
vn 0.688419 0.204757 -0.695812
vn 0.941202 0.288250 -0.176212
vn 0.986352 0.154148 -0.057864
vn 0.976834 0.144628 0.157727
vn 0.987944 0.150273 -0.037215
vn 0.310921 -0.854078 -0.416989
vn -0.059290 -0.132651 -0.989388
vn 0.351276 -0.838410 -0.416742
vn 0.895977 -0.302855 0.324814
vn 0.870133 -0.317907 0.376568
vn 0.842924 -0.314835 -0.436300
vn 0.917086 -0.143894 -0.371817
vn 0.992924 -0.118585 -0.006234
vn 0.938909 0.175630 0.295981
vn 0.810610 0.413107 0.415035
vn 0.532617 0.805284 0.260456
vn 0.707801 0.452965 -0.542071
vn 0.349639 0.936755 0.015573
vn 0.483530 0.874469 0.038769
vn 0.272310 0.921331 0.277484
vn -0.055702 -0.131917 -0.989694
vn 0.253050 -0.298491 -0.920255
vn 0.501544 -0.534960 -0.679905
vn 0.937158 -0.347885 0.026681
vn 0.811539 -0.484009 -0.327322
vn 0.875114 0.252643 -0.412731
vn 0.941415 0.022255 -0.336514
vn 0.695850 -0.305399 -0.650018
vn 0.492136 -0.387441 -0.779546
vn -0.234628 -0.302736 -0.923743
vn -0.161118 -0.383834 -0.909237
vn 0.537674 -0.007108 0.843123
vn 0.320541 -0.754067 -0.573268
vn 0.994843 -0.076288 -0.066847
vn 0.692542 0.494705 -0.525025
vn -0.057235 0.861787 -0.504031
vn -0.230838 0.719471 -0.655039
vn 0.596594 0.452349 -0.662915
vn 0.893257 -0.282521 -0.349677
vn 0.635121 0.175382 -0.752238
vn 0.365777 0.329808 -0.870307
vn 0.834111 -0.262628 -0.485062
vn 0.436179 -0.389609 -0.811143
vn 0.641783 -0.321703 -0.696148
vn 0.606785 -0.396306 -0.689023
vn 0.436609 -0.429125 -0.790711
vn 0.990044 0.090616 -0.107711
vn 0.973962 -0.069872 -0.215674
vn 0.937464 -0.087602 0.336880
vn 0.985689 -0.053810 0.159757
vn 0.979411 0.129898 0.154534
vn 0.904016 0.099836 0.415678
vn -0.394412 0.121331 -0.910888
vn 0.321939 0.034011 -0.946149
vn 0.521032 -0.635851 -0.569402
vn 0.912223 -0.404926 -0.062328
vn 0.972011 -0.219775 0.083030
vn 0.751712 -0.579819 -0.314228
vn 0.528168 -0.397671 -0.750265
vn 0.504392 -0.412784 -0.758418
vn -0.405565 -0.058353 -0.912202
vn -0.246066 0.031788 -0.968732
vn 0.977900 -0.094201 -0.186651
vn 0.981535 -0.045741 -0.185734
vn 0.147741 -0.677013 -0.720990
vn 0.948339 -0.213633 0.234550
vn 0.942277 -0.087857 0.323102
vn 0.742454 -0.427747 -0.515554
vn -0.984854 0.144695 -0.095533
vn -0.972149 0.066901 -0.224612
vn -0.937537 0.207777 -0.279021
vn -0.974250 0.220922 -0.045056
vn 0.950388 -0.185730 -0.249533
vn 0.964239 -0.115421 -0.238583
vn 0.147275 -0.690299 -0.708377
vn 0.860714 -0.357912 -0.362037
vn 0.874468 -0.484545 -0.022865
vn 0.769986 -0.620387 0.149135
vn 0.700482 -0.397195 0.592926
vn 0.583205 -0.096337 0.806593
vn 0.653527 -0.392921 -0.646928
vn 0.669596 -0.369656 -0.644202
vn -0.317755 -0.115877 -0.941066
vn -0.136037 -0.392184 -0.909772
vn 0.146119 0.045324 -0.988228
vn -0.306847 0.238751 -0.921327
vn 0.941432 -0.272682 -0.198370
vn 0.930144 -0.285808 0.230534
vn 0.633007 -0.685904 0.358939
vn 0.963198 -0.268593 0.010351
vn 0.787656 -0.074727 0.611567
vn 0.766477 -0.149730 0.624574
vn 0.922111 -0.132253 -0.363620
vn 0.927718 -0.258284 -0.269497
vn -0.730089 -0.583652 0.355416
vn 0.855244 -0.001262 -0.518224
vn 0.350353 0.294901 -0.888980
vn 0.688211 -0.724782 -0.032521
vn 0.468228 -0.716488 0.517115
vn 0.942113 -0.123602 -0.311682
vn 0.397694 -0.776679 0.488477
vn 0.320038 -0.633656 0.704312
vn 0.949196 -0.109839 -0.294893
vn 0.948568 -0.033220 -0.314825
vn 0.916503 0.327605 -0.229558
vn 0.638933 -0.675470 0.368109
vn -0.030441 -0.997203 -0.068264
vn 0.682189 -0.648526 0.337686
vn 0.973584 -0.218138 0.067454
vn 0.918511 0.393638 0.037236
vn 0.971796 0.227712 -0.061325
vn 0.904819 -0.338555 -0.258232
vn 0.974327 -0.065775 0.215317
vn -0.821836 -0.003658 -0.569712
vn -0.866961 0.137300 -0.479091
vn -0.948413 0.147450 -0.280661
vn -0.941366 0.027110 -0.336296
vn -0.485201 0.141432 -0.862889
vn 0.176613 -0.059252 -0.982495
vn 0.994375 0.009071 -0.105523
vn 0.978411 -0.117724 -0.169860
vn 0.808320 -0.582830 -0.083236
vn 0.720729 -0.640197 -0.265890
vn -0.368343 -0.589057 -0.719261
vn -0.633332 -0.662672 -0.399694
vn -0.764508 -0.444755 -0.466606
vn -0.411280 -0.875058 -0.255190
vn -0.561790 -0.791181 -0.241712
vn -0.733161 -0.613476 -0.293466
vn 0.978064 -0.097521 0.184069
vn 0.966717 -0.255848 -0.000832
vn 0.698756 -0.586139 0.410099
vn 0.444716 -0.656496 0.609295
vn 0.154411 -0.889155 -0.430768
vn 0.952165 -0.166894 0.255984
vn 0.954119 -0.109713 0.278605
vn -0.475847 -0.245458 -0.844583
vn 0.859943 -0.489149 -0.145711
vn 0.916169 -0.400753 -0.005599
vn 0.892787 -0.378572 -0.244161
vn -0.090736 -0.547088 -0.832143
vn -0.206709 -0.435364 -0.876202
vn 0.859946 -0.442648 -0.254079
vn 0.206089 0.435431 -0.876315
vn 0.409947 0.414610 -0.812430
vn -0.053287 -0.048842 -0.997384
vn -0.398891 -0.794413 -0.458034
vn 0.969896 0.079058 -0.230329
vn -0.944784 0.225640 -0.237633
vn 0.985880 -0.166065 -0.021532
vn 0.970917 -0.238018 0.025827
vn 0.826445 -0.107528 -0.552654
vn 0.849233 -0.170026 -0.499894
vn 0.926481 -0.087543 -0.366017
vn 0.898417 -0.006073 -0.439101
vn -0.816497 -0.427388 -0.388165
vn -0.903899 -0.373628 -0.208250
vn -0.820730 -0.514875 -0.247600
vn -0.765074 -0.576552 -0.286791
vn 0.272599 0.910553 0.310778
vn -0.066611 0.934464 0.349770
vn 0.595693 -0.386582 -0.704063
vn 0.923995 -0.244395 -0.294116
vn 0.763205 -0.239182 -0.600259
vn 0.954023 -0.235345 -0.185616
vn 0.791862 -0.595372 0.135965
vn 0.947823 -0.231016 -0.219687
vn -0.577206 0.683497 -0.446838
vn -0.839463 0.537898 0.077254
vn -0.746772 0.658538 0.093056
vn -0.564643 0.310313 0.764777
vn -0.896334 0.284289 -0.340242
vn 0.982038 0.040709 -0.184240
vn 0.986008 -0.072285 0.150212
vn 0.989246 -0.002518 -0.146237
vn -0.200066 0.100365 -0.974628
vn 0.360708 -0.054188 -0.931103
vn -0.136142 -0.647371 -0.749918
vn 0.467216 -0.747108 -0.472798
vn -0.512686 -0.722501 -0.463837
vn -0.764223 -0.455523 -0.456576
vn 0.885997 0.178037 0.428150
vn -0.266900 -0.497672 -0.825280
vn -0.241184 -0.508592 -0.826538
vn -0.060206 0.217859 0.974122
vn -0.238768 0.263928 0.934522
vn -0.129569 0.080530 0.988295
vn 0.094794 -0.043644 0.994540
vn 0.332649 0.705380 0.625926
vn -0.701594 0.520761 0.486388
vn -0.288156 0.889401 0.354870
vn 0.233504 0.798724 0.554541
vn 0.932989 0.067377 -0.353541
vn -0.612423 -0.342731 0.712372
vn 0.791133 -0.368069 -0.488501
vn 0.789803 -0.568073 0.231311
vn 0.838975 -0.241593 -0.487599
vn 0.627545 -0.470476 -0.620355
vn 0.695937 -0.472788 0.540503
vn 0.702742 -0.432302 0.565038
vn 0.378328 0.172843 0.909392
vn 0.723346 0.326992 0.608150
vn 0.693895 0.697255 0.179849
vn 0.355391 0.754239 0.552106
vn 0.928763 -0.170033 -0.329374
vn 0.825090 -0.261046 -0.501080
vn 0.771353 -0.410828 0.486040
vn 0.840373 -0.261928 0.474518
vn 0.041571 -0.960606 -0.274788
vn -0.428206 -0.903330 0.025176
vn 0.660990 -0.584821 0.470189
vn 0.755534 -0.328170 0.566985
vn -0.704368 -0.578341 0.411567
vn -0.613523 -0.378745 0.692923
vn 0.992545 -0.120295 0.019583
vn 0.979343 -0.140120 -0.145790
vn 0.900342 -0.345859 -0.264134
vn 0.975274 -0.088643 -0.202445
vn 0.563668 0.394954 -0.725458
vn 0.943077 0.231981 0.238308
vn 0.828481 -0.090049 0.552730
vn 0.976381 -0.184761 0.111998
vn 0.981562 -0.105190 -0.159596
vn 0.994386 -0.065390 -0.083193
vn 0.974164 -0.108511 0.198067
vn 0.921710 0.158256 0.354126
vn 0.802676 0.301816 0.514410
vn 0.304273 0.278253 -0.911039
vn 0.669353 0.448035 -0.592647
vn 0.377855 0.894500 -0.238947
vn -0.175651 -0.060741 -0.982577
vn 0.097284 -0.006645 -0.995234
vn 0.403942 -0.153503 0.901814
vn 0.320705 -0.550151 0.771027
vn 0.167557 -0.961659 -0.217111
vn 0.685248 0.345496 -0.641145
vn 0.498454 0.858642 -0.119491
vn 0.575709 0.815625 0.057570
vn 0.752157 0.446764 0.484419
vn 0.606723 -0.786138 0.117789
vn 0.703318 -0.357052 0.614702
vn 0.913276 -0.401840 0.066714
vn 0.997200 -0.035846 -0.065634
vn 0.782822 -0.120985 0.610371
vn 0.990911 0.127285 -0.043519
vn 0.989813 0.106707 0.094255
vn 0.927415 0.373230 -0.024523
vn 0.229780 0.938532 0.257600
vn 0.387023 0.198059 -0.900548
vn 0.468302 0.033368 -0.882938
vn 0.095151 -0.759563 0.643437
vn 0.580146 -0.461349 0.671258
vn 0.922596 -0.373083 0.098105
vn -0.159735 -0.137593 -0.977524
vn -0.211745 -0.081598 -0.973913
vn -0.154077 -0.175885 -0.972278
vn -0.099045 -0.248999 -0.963426
vn 0.795151 -0.395236 0.459917
vn 0.856646 0.280904 0.432724
vn 0.940963 0.020739 0.337874
vn 0.791194 -0.160288 -0.590187
vn 0.762811 -0.228304 -0.604976
vn 0.755313 -0.269437 -0.597416
vn 0.341557 -0.360016 0.868175
vn 0.443923 -0.772016 -0.454888
vn -0.216258 -0.462315 -0.859940
vn 0.717903 0.409998 0.562598
vn 0.822991 0.566623 0.040295
vn 0.042831 0.267905 -0.962493
vn -0.828314 -0.131811 -0.544538
vn -0.844900 -0.200125 -0.496078
vn 0.449439 -0.061407 -0.891198
vn 0.451967 -0.594866 -0.664726
vn 0.189621 0.956158 0.223174
vn 0.395251 0.854167 0.337898
vn 0.577319 -0.641452 -0.505215
vn 0.634267 -0.204984 -0.745444
vn 0.950250 -0.149894 -0.273050
vn -0.908517 -0.340440 -0.242277
vn -0.915751 -0.363125 -0.171873
vn -0.126094 -0.332507 -0.934633
vn 0.374592 0.910783 -0.173651
vn 0.326404 -0.418589 0.847493
vn -0.003440 -0.177760 -0.984068
vn 0.013388 -0.046350 -0.998836
vn 0.716890 -0.172955 -0.675393
vn 0.298519 0.860273 0.413301
vn 0.987979 0.046745 -0.147352
vn 0.961056 0.042942 0.272995
vn 0.206893 0.769307 0.604451
vn -0.845395 -0.275207 -0.457786
vn -0.871423 -0.338002 -0.355494
vn -0.234283 -0.668010 -0.706310
vn -0.147852 -0.527273 -0.836733
vn 0.777272 -0.063889 -0.625912
vn 0.872588 -0.059858 -0.484775
vn 0.873539 -0.004369 -0.486734
vn -0.781503 0.602996 -0.160153
vn -0.839100 0.474938 -0.265225
vn -0.319026 0.603551 -0.730718
vn 0.947094 0.097000 -0.305949
vn 0.637275 0.440307 -0.632464
vn -0.478446 0.834928 0.271999
vn -0.333002 -0.122731 -0.934905
vn 0.916371 -0.302002 0.262789
vn 0.924704 -0.362627 0.115859
vn -0.606964 -0.397218 -0.688340
vn 0.791737 0.406909 0.455606
vn 0.908252 0.143672 0.392984
vn 0.996899 -0.006301 -0.078444
vn 0.351701 -0.932417 -0.083091
vn 0.694025 -0.576766 0.430895
vn 0.702943 -0.512837 0.492818
vn -0.680305 -0.716848 -0.152685
vn -0.765315 -0.613460 0.194833
vn -0.616914 -0.785617 -0.047141
vn -0.504623 -0.835841 -0.216162
vn 0.834564 0.332004 0.439631
vn 0.798182 0.555486 0.233113
vn 0.444827 0.493123 0.747635
vn 0.451039 0.265194 0.852195
vn 0.903182 -0.345906 0.254189
vn 0.677132 -0.483316 -0.554886
vn -0.060904 -0.794895 -0.603682
vn -0.089478 -0.890963 -0.445172
vn 0.886768 0.418802 -0.195568
vn 0.144666 -0.562448 0.814079
vn -0.312428 -0.036246 0.949250
vn -0.633693 -0.569070 0.524016
vn 0.362303 -0.836229 0.411651
vn 0.726202 -0.462346 -0.508790
vn 0.290000 -0.687592 -0.665670
vn 0.875846 -0.074632 -0.476786
vn 0.924630 -0.349467 -0.151432
vn -0.269549 -0.940177 -0.208353
vn 0.410146 -0.910830 0.046560
vn 0.481014 -0.854630 0.195532
vn -0.372926 -0.926763 0.045127
vn 0.937850 0.243639 -0.247140
vn 0.939112 0.289352 -0.185322
vn 0.819212 -0.102080 -0.564333
vn -0.727961 -0.391704 0.562709
vn -0.200482 -0.074716 0.976844
vn 0.469087 0.159723 0.868589
vn -0.212274 -0.172767 0.961817
vn 0.949296 -0.290926 -0.119160
vn 0.955317 -0.104433 -0.276519
vn 0.708858 0.276809 0.648765
vn 0.694143 0.308435 0.650410
vn 0.653290 0.340159 0.676390
vn 0.650919 0.277007 0.706803
vn 0.992008 -0.094574 -0.083516
vn 0.977443 0.056188 0.203586
vn -0.875457 0.361963 -0.320247
vn -0.784547 -0.476909 0.396286
vn -0.683823 0.727684 -0.053510
vn -0.630997 0.771771 0.078818
vn -0.787970 0.590864 0.173157
vn -0.835271 0.529386 0.148567
vn 0.978003 0.011746 -0.208258
vn 0.870286 0.473812 0.134552
vn 0.905730 -0.309787 0.289283
vn -0.542785 0.824396 0.160486
vn 0.368372 0.924176 0.100994
vn -0.029140 0.216725 0.975798
vn 0.979234 0.015928 -0.202107
vn 0.537236 -0.699744 0.470889
vn 0.961432 -0.268071 -0.061542
vn 0.944483 -0.087935 0.316573
vn 0.463276 0.170208 0.869715
vn 0.284303 0.527749 0.800408
vn -0.931211 0.363139 0.031226
vn -0.964508 0.257534 -0.058307
vn -0.772902 -0.012546 0.634401
vn -0.730218 -0.101781 0.675590
vn 0.651894 0.263363 0.711108
vn 0.081151 0.027966 0.996309
vn 0.732490 -0.163128 0.660944
vn 0.942526 0.093087 0.320903
vn 0.704431 0.036423 0.708837
vn 0.954714 -0.272134 -0.120270
vn 0.920438 -0.158876 -0.357145
vn 0.940449 0.326327 -0.095218
vn -0.329404 0.055197 0.942574
vn 0.413093 0.370840 0.831764
vn 0.456488 0.153602 0.876370
vn -0.453139 -0.186993 0.871607
vn 0.915994 0.385986 0.109408
vn 0.021249 -0.460189 -0.887567
vn 0.045917 -0.482343 -0.874778
vn 0.352636 -0.246040 -0.902836
vn 0.016793 0.279234 0.960076
vn 0.835649 0.454500 0.308416
vn 0.958402 0.279116 0.059658
vn 0.940277 0.336950 0.048407
vn 0.970408 -0.225452 0.086480
vn -0.726798 -0.323441 -0.605930
vn -0.609223 -0.283863 -0.740452
vn 0.487561 -0.727025 0.483445
vn -0.961796 -0.183024 -0.203593
vn -0.931223 -0.293598 -0.215924
vn 0.835971 0.001568 -0.548771
vn 0.684634 0.046747 -0.727387
vn -0.134579 -0.604131 0.785439
vn -0.518766 -0.011222 0.854843
vn -0.458901 -0.635727 0.620693
vn 0.085659 -0.993431 0.075875
vn 0.727858 0.063594 -0.682773
vn 0.877795 -0.008798 -0.478955
vn 0.958475 -0.084262 -0.272443
vn 0.983367 -0.060329 -0.171317
vn 0.947456 -0.076117 -0.310699
vn 0.808051 -0.576036 0.123439
vn 0.849336 -0.408384 0.334440
vn 0.892258 -0.103372 -0.439534
vn 0.874484 -0.086937 -0.477200
vn 0.863594 -0.074985 -0.498580
vn 0.901280 -0.059936 -0.429070
vn 0.993261 0.027376 -0.112619
vn 0.990127 0.050960 -0.130578
vn 0.993699 0.088658 -0.068575
vn 0.999693 0.020258 -0.014291
vn 0.649975 0.559147 0.514672
vn 0.551681 0.544388 0.631894
vn 0.526918 0.660538 0.534833
vn 0.613796 0.654638 0.441252
vn 0.050020 -0.420059 -0.906117
vn 0.052351 -0.355086 -0.933367
vn -0.238381 -0.403646 -0.883314
vn -0.245698 -0.450921 -0.858081
vn 0.504928 0.810819 0.296007
vn 0.426370 0.830768 0.357816
vn 0.371181 0.884075 0.283965
vn 0.352013 -0.769340 -0.533106
vn 0.126436 -0.746780 -0.652942
vn 0.299287 -0.321146 -0.898495
vn 0.141026 -0.445008 -0.884353
vn 0.451198 0.862505 0.229140
vn 0.919119 0.298402 0.257249
vn 0.970279 0.113566 0.213684
vn 0.942060 0.138805 0.305378
vn 0.884105 0.310054 0.349608
vn 0.992585 0.092920 0.078358
vn 0.976508 0.162292 0.141751
vn -0.418329 0.355251 0.835941
vn -0.469545 -0.118921 0.874863
vn -0.550193 -0.262848 0.792589
vn -0.414234 0.164918 0.895104
vn -0.826019 -0.226802 -0.515997
vn -0.744310 -0.494649 -0.448692
vn -0.320962 -0.082204 -0.943518
vn -0.330430 0.003255 -0.943825
vn 0.317371 0.923540 0.215287
vn 0.393959 0.904543 0.163087
vn 0.874100 0.484088 0.040092
vn -0.744440 0.016044 0.667496
vn -0.543772 -0.149821 0.825751
vn -0.495574 -0.118055 0.860505
vn -0.741203 -0.008558 0.671227
vn -0.439024 0.546354 -0.713271
vn -0.452136 0.403194 -0.795618
vn -0.415574 0.185161 0.890513
vn -0.569053 0.050501 0.820748
vn -0.729380 0.105176 0.675975
vn -0.639790 0.254402 0.725223
vn -0.709205 -0.239804 0.662965
vn -0.810580 -0.256112 0.526657
vn -0.778626 -0.412058 0.473233
vn -0.434305 0.103526 0.894797
vn -0.358036 0.108621 0.927368
vn -0.839557 -0.396883 0.370982
vn 0.869470 0.477929 0.124926
vn 0.790401 0.502370 0.350558
vn 0.834340 0.498124 0.236115
vn 0.532929 0.250500 0.808230
vn 0.560012 0.289894 0.776111
vn 0.666623 0.302600 0.681210
vn 0.638581 0.279866 0.716861
vn 0.670918 0.412604 0.616138
vn 0.732624 0.469930 0.492370
vn 0.499779 0.724839 0.474162
vn 0.585635 0.709059 0.392769
vn 0.196294 0.966102 -0.167675
vn -0.413476 0.009078 0.910470
vn -0.559438 -0.123181 0.819668
vn -0.296286 0.181912 0.937615
vn -0.392496 0.101571 0.914128
vn 0.233777 0.968178 -0.089331
vn 0.172607 0.983195 -0.059447
vn 0.587590 -0.640537 -0.494420
vn 0.530263 -0.760747 -0.374280
vn -0.040951 -0.888794 0.456475
vn 0.097226 -0.843972 0.527502
vn 0.102247 0.978723 -0.177894
vn 0.620275 -0.316472 -0.717708
vn 0.727865 -0.288049 -0.622287
vn 0.762522 -0.250321 -0.596573
vn 0.648267 -0.206601 -0.732848
vn 0.887607 -0.460498 0.009767
vn 0.926940 -0.281922 0.247594
vn -0.025007 0.235574 -0.971535
vn 0.049828 0.428293 -0.902265
vn -0.235773 0.509776 -0.827369
vn -0.415451 0.348428 -0.840237
vn 0.477252 -0.560740 0.676610
vn 0.552941 -0.449942 0.701291
vn -0.442872 -0.114993 0.889180
vn -0.625180 -0.195197 0.755678
vn -0.441168 -0.164421 0.882234
vn -0.559902 -0.073963 0.825251
vn -0.450640 -0.084623 0.888686
vn -0.362657 -0.931789 0.015774
vn -0.128830 -0.704456 -0.697958
vn -0.027809 -0.506219 -0.861957
vn -0.232934 -0.475386 -0.848381
vn -0.236739 -0.487341 -0.840508
vn 0.981225 0.179281 0.071110
vn 0.983054 0.173325 0.059688
vn 0.994750 0.101130 -0.015669
vn 0.990881 0.130401 -0.033911
vn 0.536232 0.063912 0.841647
vn 0.589509 0.032647 0.807102
vn 0.602993 -0.145366 0.784391
vn 0.589771 -0.051192 0.805947
vn 0.675313 -0.529242 0.513668
vn -0.040537 -0.421298 0.906016
vn -0.041931 -0.480031 0.876249
vn 0.443741 -0.859267 0.254467
vn 0.986145 0.130648 0.102218
vn 0.987067 0.159536 -0.015747
vn 0.980962 0.194190 0.001655
vn 0.950998 0.271073 0.148734
vn 0.931762 0.314251 0.181842
vn -0.328141 -0.049447 0.943334
vn -0.245926 -0.121083 0.961696
vn -0.266217 -0.333093 0.904532
vn -0.460950 -0.304148 0.833678
vn 0.982705 0.144075 0.116337
vn -0.537297 -0.031624 0.842800
vn -0.681292 -0.020681 0.731719
vn 0.673010 0.399978 0.622153
vn 0.564704 0.386458 0.729219
vn 0.994367 0.063387 -0.084945
vn 0.990310 0.091693 -0.104303
vn 0.903998 0.418867 -0.085663
vn 0.922089 0.385982 -0.027740
vn 0.987768 0.155426 -0.012561
vn -0.755418 -0.081479 0.650157
vn -0.801071 -0.055805 0.595962
vn -0.812834 -0.189477 0.550817
vn -0.573062 -0.129744 0.809176
vn 0.870911 0.419478 0.256030
vn 0.882526 0.198733 0.426208
vn 0.989578 -0.048943 0.135428
vn 0.853931 0.272198 0.443520
vn 0.868138 0.273228 0.414346
vn 0.924202 0.260018 0.279715
vn 0.913815 0.248226 0.321443
vn 0.550129 0.758603 0.349112
vn -0.693409 0.002737 0.720539
vn -0.781955 -0.019990 0.623014
vn 0.467603 0.778026 0.419551
vn 0.717793 -0.105177 0.688267
vn 0.766652 -0.327092 0.552499
vn 0.901091 -0.242643 0.359387
vn 0.914506 -0.333639 0.228829
vn 0.928038 0.029246 0.371335
vn 0.953836 -0.280025 -0.108552
vn -0.482091 -0.453674 0.749512
vn -0.867818 -0.213450 0.448700
vn -0.912722 -0.111674 0.393023
vn -0.901699 0.432160 0.013325
vn 0.804476 -0.023856 0.593505
vn 0.653267 0.397958 0.644105
vn 0.616902 0.311752 0.722663
vn 0.189474 -0.744622 -0.640030
vn -0.737733 -0.627347 -0.249371
vn 0.930406 -0.162785 -0.328400
vn 0.908358 -0.129077 -0.397775
vn 0.904723 -0.059899 -0.421769
vn 0.946988 -0.093835 -0.307259
vn 0.952534 -0.042195 -0.301493
vn 0.936487 0.043241 -0.348027
vn 0.934026 -0.063620 -0.351493
vn 0.936803 -0.150850 -0.315664
vn 0.584478 0.123435 -0.801966
vn 0.518250 0.074167 -0.852007
vn 0.788196 0.542207 0.291135
vn 0.774250 0.540583 0.329099
vn -0.232832 -0.045057 -0.971473
vn -0.805263 -0.231285 0.545948
vn -0.679765 -0.382730 0.625650
vn -0.885312 -0.453593 0.102351
vn -0.846651 0.344800 0.405332
vn -0.232880 -0.150978 -0.960715
vn 0.038649 -0.114933 -0.992621
vn 0.033360 -0.032042 -0.998930
vn 0.607379 -0.374951 -0.700359
vn -0.308858 -0.579578 -0.754120
vn -0.157984 -0.698188 -0.698265
vn -0.231985 -0.815070 -0.530890
vn -0.384278 -0.701255 -0.600477
vn 0.679791 -0.347876 -0.645652
vn -0.822939 -0.555258 0.120249
vn 0.595700 -0.001909 0.803205
vn 0.724642 0.061677 0.686360
vn 0.718931 0.645972 -0.256629
vn -0.464244 -0.854058 0.234655
vn 0.529007 -0.814475 0.238289
vn 0.567260 0.103721 0.816981
vn 0.878542 0.214480 0.426805
vn 0.734717 0.154258 0.660602
vn -0.325792 -0.607800 0.724182
vn 0.417141 -0.897325 0.144225
vn 0.477842 -0.837003 0.266632
vn 0.623932 -0.780955 0.028606
vn 0.559558 -0.806622 -0.190408
vn 0.581958 0.709142 0.398049
vn 0.999477 -0.001936 -0.032295
vn 0.167913 -0.635428 -0.753682
vn -0.457074 -0.804587 -0.379107
vn -0.274884 -0.881702 -0.383458
vn -0.539521 -0.771306 -0.337646
vn 0.973988 -0.216641 0.066440
vn -0.745062 -0.658042 -0.108924
vn -0.495904 -0.027184 0.867952
vn -0.455309 -0.159410 0.875947
vn -0.157512 -0.291998 0.943359
vn -0.591571 0.405630 0.696784
vn -0.503888 0.467916 0.726052
vn -0.632180 0.149074 0.760345
vn -0.687922 0.183836 0.702117
vn 0.809124 0.532499 0.248521
vn 0.851846 -0.245139 -0.462888
vn 0.743665 -0.203892 -0.636702
vn 0.789404 -0.119151 -0.602200
vn -0.740398 -0.644031 0.192444
vn -0.184056 -0.733721 -0.654046
vn -0.029594 -0.738628 -0.673463
vn -0.594882 -0.801872 0.055837
vn -0.654629 0.488707 0.576738
vn -0.841945 0.040725 0.538025
vn 0.259225 0.146908 -0.954579
vn 0.286668 0.287358 -0.913918
vn 0.864815 -0.089492 -0.494051
vn 0.841014 -0.360532 0.403376
vn 0.983872 0.123448 -0.129446
vn 0.963562 0.210103 -0.165543
vn 0.955819 0.115622 -0.270263
vn -0.727971 -0.093729 0.679170
vn -0.726278 0.028050 0.686828
vn 0.969053 0.038641 -0.243809
vn 0.952615 0.259735 -0.158310
vn 0.953914 0.135979 -0.267502
vn 0.939977 0.059729 -0.335969
vn 0.911013 -0.017225 -0.412018
vn 0.342321 0.898569 0.274571
vn 0.831568 0.454859 0.318744
vn 0.805125 0.398733 0.439074
vn -0.903871 0.355504 0.237980
vn -0.958669 -0.021838 -0.283686
vn -0.897755 0.072526 -0.434484
vn -0.950898 0.197686 0.238146
vn 0.330519 0.905015 0.267778
vn 0.179038 0.943673 0.278256
vn 0.127723 0.969157 0.210764
vn -0.652090 0.292730 0.699348
vn -0.575513 0.169430 0.800049
vn -0.397542 0.170242 0.901653
vn -0.597768 0.149475 0.787611
vn 0.258526 0.920848 0.291897
vn 0.427441 0.867697 0.253766
vn 0.888137 0.409793 0.208045
vn 0.362424 0.808730 0.463254
vn 0.374354 0.863441 0.338124
vn 0.345221 0.923752 0.165843
vn 0.371791 0.865458 0.335789
vn 0.363258 0.760359 0.538422
vn 0.443295 0.596770 0.668847
vn -0.486161 -0.873553 0.023510
vn -0.834177 -0.185392 -0.519402
vn -0.531926 -0.843004 0.079992
vn -0.090881 -0.337161 0.937050
vn 0.259665 -0.252184 0.932189
vn -0.260269 -0.252103 0.932043
vn -0.743159 -0.129041 0.656554
vn 0.460757 0.850029 0.255254
vn 0.495768 0.825192 0.270688
vn -0.455408 -0.032015 0.889707
vn 0.452912 0.855183 0.252057
vn 0.643451 0.491349 0.586981
vn 0.725054 -0.555781 0.406699
vn -0.300103 0.092919 0.949370
vn -0.124796 0.381978 0.915707
vn -0.090537 0.772159 0.628946
vn 0.717531 -0.676093 0.167473
vn 0.678137 0.669493 0.303166
vn 0.361214 0.840442 0.403957
vn -0.768697 0.544483 0.335624
vn -0.135136 0.944311 0.300023
vn -0.110829 0.909669 0.400273
vn 0.127443 0.949667 0.286166
vn -0.830960 -0.165397 -0.531177
vn -0.926978 -0.294085 -0.232862
vn -0.837361 -0.541637 0.073862
vn -0.552226 -0.318564 0.770430
vn -0.747369 -0.446301 0.492195
vn -0.800765 0.312142 0.511218
vn -0.802729 0.068426 0.592405
vn -0.900969 -0.314758 0.298635
vn -0.927337 -0.361895 0.095284
vn -0.710346 -0.324236 -0.624724
vn -0.736510 -0.409599 -0.538313
vn 0.217473 0.870475 0.441565
vn 0.597449 0.538539 0.594164
vn 0.443102 -0.032159 0.895894
vn -0.588478 -0.798852 0.124617
vn -0.556480 -0.086441 0.826352
vn -0.795769 0.495149 0.348682
vn -0.378813 0.875047 -0.301321
vn -0.414960 0.754785 -0.508043
vn -0.866451 0.456946 0.201155
vn -0.749419 -0.312398 0.583763
vn -0.967602 0.168783 0.187774
vn -0.942279 0.324677 -0.081819
vn -0.819278 -0.297486 0.490190
vn 0.562560 -0.720632 0.405235
vn 0.615537 0.211420 0.759220
vn 0.630674 -0.032850 0.775353
vn 0.497325 -0.014382 0.867445
vn 0.495566 0.217150 0.840987
vn 0.450611 0.698649 0.555732
vn 0.477707 0.749286 0.458657
vn 0.729048 0.153247 0.667086
vn 0.755475 -0.060105 0.652415
vn -0.917911 -0.395952 -0.025717
vn -0.918449 -0.330295 0.217615
vn -0.898886 -0.399284 0.180489
vn -0.903936 -0.427146 -0.021127
vn -0.630226 0.042318 0.775258
vn -0.712086 -0.096069 0.695489
vn -0.340663 -0.179696 0.922853
vn -0.468428 -0.086715 0.879236
vn -0.374407 0.097644 0.922109
vn -0.219223 0.013982 0.975575
vn 0.415224 0.222484 0.882094
vn 0.399049 0.538229 0.742340
vn 0.750754 -0.256292 0.608838
vn 0.638250 -0.223391 0.736705
vn -0.588697 0.116250 -0.799951
vn -0.987375 0.016638 -0.157523
vn 0.495259 -0.148200 0.856011
vn 0.414424 0.089349 0.905687
vn 0.375812 0.303383 0.875628
vn 0.383246 0.446180 0.808731
vn 0.667789 -0.218472 0.711567
vn 0.667979 -0.181280 0.721763
vn 0.572679 0.043873 0.818605
vn 0.542017 -0.029336 0.839855
vn -0.794544 -0.602439 0.075941
vn -0.592506 -0.455172 0.664646
vn -0.561301 -0.134359 0.816633
vn -0.714267 -0.484323 0.505227
vn -0.924790 -0.369671 0.090037
vn -0.928117 -0.370232 0.039072
vn -0.593235 -0.067324 -0.802209
vn -0.724732 0.035409 -0.688121
vn 0.754013 -0.297797 0.585475
vn 0.794091 -0.188464 0.577842
vn -0.658579 -0.072131 0.749046
vn -0.635133 -0.043658 0.771168
vn 0.999427 -0.031625 0.012075
vn 0.998492 0.022689 0.049999
vn 0.992361 -0.119810 0.029409
vn -0.651651 -0.719353 -0.240586
vn 0.979134 -0.202984 0.009689
vn 0.957124 0.083087 0.277505
vn 0.954723 -0.045474 0.294000
vn 0.956428 0.082060 0.280198
vn -0.364024 -0.273229 0.890411
vn -0.315745 -0.170498 0.933400
vn -0.843190 -0.400483 0.358668
vn -0.745443 -0.125308 0.654685
vn -0.719170 -0.030447 0.694167
vn -0.719148 -0.668740 -0.188715
vn -0.738871 -0.350152 0.575729
vn -0.514308 -0.440289 0.735957
vn -0.305698 -0.560760 0.769478
vn 0.917063 0.220627 0.332143
vn 0.249826 -0.375708 0.892430
vn 0.487669 -0.041768 0.872029
vn 0.939501 0.310574 0.144502
vn 0.896266 0.344632 0.279172
vn 0.922124 0.297696 0.247113
vn 0.994657 -0.096876 0.035667
vn 0.980575 -0.138972 0.138419
vn 0.903076 0.407344 0.136104
vn 0.888308 0.421554 0.182211
vn 0.967821 -0.251027 -0.017560
vn 0.957245 -0.277240 0.082581
vn 0.958945 -0.096102 0.266811
vn 0.941424 -0.260358 0.214323
vn 0.897580 -0.203495 0.391076
vn 0.895080 -0.098653 0.434856
vn 0.798175 0.017461 0.602173
vn -0.882600 -0.405150 0.238477
vn -0.884373 -0.368771 0.286170
vn 0.625834 0.634227 0.453968
vn 0.822670 -0.159063 0.545815
vn 0.881265 -0.350788 0.316733
vn 0.810610 -0.297509 0.504380
vn 0.921626 -0.352225 0.162920
vn 0.951468 -0.302961 0.054059
vn 0.973319 -0.228306 0.022954
vn 0.982595 -0.147678 0.112683
vn 0.992862 -0.069979 0.096583
vn 0.980408 -0.144843 0.133496
vn 0.974442 -0.047412 0.219580
vn 0.975746 -0.138363 0.169634
vn 0.970800 -0.224311 0.085042
vn 0.983255 -0.090672 0.158078
vn 0.981710 -0.019757 0.189354
vn -0.588257 -0.102934 -0.802096
vn -0.618580 -0.343393 -0.706711
vn -0.870562 0.165841 -0.463269
vn -0.295434 0.417326 -0.859394
vn 0.934864 -0.315297 0.163149
vn 0.937367 -0.294580 0.185921
vn 0.884214 -0.387142 0.261318
vn 0.876165 -0.401296 0.267014
vn -0.682142 -0.280316 0.675356
vn -0.315270 -0.236797 0.918984
vn -0.021053 -0.692160 0.721437
vn -0.531030 -0.224630 0.817037
vn 0.810612 -0.371437 0.452706
vn 0.844674 -0.340609 0.412930
vn 0.167802 -0.043321 0.984868
vn 0.190261 -0.118516 0.974554
vn -0.790004 -0.125375 0.600145
vn -0.694717 -0.240591 0.677853
vn 0.214359 0.963617 0.159663
vn 0.238096 0.965284 0.107412
vn 0.090000 0.992671 0.080645
vn 0.081728 0.991374 0.102461
vn 0.151058 0.976631 0.152887
vn 0.620980 -0.641752 -0.450043
vn -0.879758 -0.024592 0.474785
vn -0.943599 0.301347 -0.137156
vn 0.077919 0.987645 0.135966
vn 0.221083 0.952380 0.209986
vn 0.348283 0.879300 0.324854
vn 0.319434 0.874906 0.364008
vn 0.166695 0.950886 0.260821
vn -0.415844 -0.713736 0.563609
vn 0.386240 -0.607898 0.693742
vn 0.309582 0.930984 0.193464
vn 0.387512 0.875689 0.288104
vn 0.398462 0.888792 0.226442
vn -0.798622 -0.122954 0.589139
vn 0.428003 0.864594 0.263229
vn 0.419011 0.879240 0.226644
vn 0.618814 0.055008 0.783609
vn 0.568041 -0.408872 0.714250
vn 0.680809 -0.357386 0.639354
vn 0.736434 0.104161 0.668443
vn 0.261441 -0.327597 -0.907926
vn 0.243949 -0.211773 -0.946383
vn 0.048357 -0.236101 -0.970524
vn 0.933682 0.129364 0.333920
vn 0.917038 0.013922 0.398558
vn 0.958844 -0.047677 0.279904
vn 0.972636 0.001453 0.232331
vn 0.845829 -0.315902 0.429859
vn 0.254003 -0.754438 0.605232
vn 0.476574 -0.615357 0.627864
vn -0.649928 -0.180613 0.738222
vn -0.655039 -0.163228 0.737754
vn -0.647493 0.232836 0.725631
vn -0.037154 -0.748871 0.661674
vn 0.125202 -0.980810 0.149450
vn -0.070438 -0.623208 0.778878
vn -0.432247 -0.123014 0.893325
vn 0.834323 -0.460314 0.303341
vn 0.761850 -0.278327 0.584909
vn -0.481041 0.349927 0.803835
vn -0.576115 0.197900 0.793049
vn -0.722988 -0.326874 0.608640
vn -0.361942 -0.063700 0.930021
vn 0.007725 -0.016512 -0.999834
vn 0.084024 0.127769 -0.988238
vn 0.273346 0.125471 -0.953698
vn 0.292975 0.015213 -0.955999
vn 0.820013 0.253874 0.512959
vn 0.740068 0.487990 0.462780
vn -0.017631 -0.850150 0.526245
vn -0.087058 -0.914792 0.394432
vn -0.458251 0.140706 -0.877615
vn -0.927255 -0.040758 -0.372206
vn -0.645631 0.017777 0.763442
vn -0.740942 -0.101052 0.663923
vn -0.468025 -0.599016 0.649717
vn -0.598566 -0.608237 0.521313
vn -0.397216 -0.589660 -0.703222
vn 0.005057 -0.641010 -0.767516
vn 0.077401 -0.392476 -0.916500
vn -0.056201 -0.882167 -0.467571
vn 0.056626 -0.805098 -0.590433
vn 0.141033 -0.594948 -0.791294
vn -0.295971 -0.930846 0.214305
vn -0.216726 -0.907710 0.359294
vn 0.049365 -0.757846 0.650564
vn -0.118206 -0.813773 0.569036
vn 0.141279 -0.777815 0.612408
vn 0.125244 -0.863244 0.489003
vn 0.127739 -0.907801 0.399475
vn -0.379532 -0.144547 0.913817
vn -0.534997 -0.296552 0.791098
vn 0.196494 -0.555493 0.807971
vn -0.026330 -0.636605 0.770741
vn 0.300213 -0.693536 0.654889
vn -0.456481 -0.883778 -0.102769
vn -0.203924 -0.100145 0.973851
vn -0.205248 -0.056486 0.977079
vn -0.517318 -0.251182 -0.818101
vn 0.256724 -0.235255 0.937416
vn -0.593455 -0.472469 0.651601
vn -0.511195 -0.374075 0.773788
vn -0.673652 -0.435581 0.597044
vn -0.680242 -0.599276 -0.422065
vn -0.667026 -0.422620 -0.613571
vn -0.636518 -0.479548 0.604052
vn -0.865772 0.426519 -0.261762
vn -0.915022 0.402209 -0.031013
vn -0.835338 -0.076664 -0.544364
vn 0.324958 0.263767 0.908201
vn 0.317891 0.650011 0.690240
vn 0.998758 -0.049337 -0.006949
vn 0.983379 0.179095 0.029831
vn 0.344234 -0.903832 -0.254147
vn -0.651557 -0.013968 0.758471
vn 0.378017 0.192886 -0.905482
vn 0.993717 -0.013376 -0.111119
vn 0.495529 0.829039 0.259123
vn -0.654256 -0.148798 0.741490
vn -0.526031 -0.196523 0.827448
vn 0.569664 0.742741 0.351879
vn -0.876677 -0.090853 0.472423
vn -0.836018 -0.125746 0.534100
vn -0.755785 -0.073779 0.650651
vn -0.823663 -0.014185 0.566902
vn 0.337391 0.876086 0.344443
vn 0.102505 -0.409573 -0.906500
vn 0.323616 -0.309382 -0.894179
vn 0.232697 -0.486818 -0.841938
vn 0.146946 -0.572166 -0.806866
vn 0.208757 0.916098 0.342323
vn 0.356988 0.928232 0.104620
vn 0.419016 0.775896 0.471604
vn -0.915827 -0.343235 0.208446
vn -0.734082 -0.219331 0.642665
vn -0.833084 -0.133476 0.536800
vn -0.371260 -0.042984 0.927534
vn 0.680235 0.529461 0.506904
vn 0.900049 0.339399 0.273348
vn 0.229285 0.911097 0.342536
vn 0.307895 0.876101 0.371010
vn 0.310439 0.846729 0.432063
vn -0.328677 -0.636390 0.697839
vn -0.736138 -0.209771 0.643504
vn -0.020975 0.707481 -0.706421
vn 0.551946 0.495841 -0.670445
vn 0.535046 0.627262 -0.565922
vn 0.959376 0.166857 -0.227498
vn 0.187029 0.259626 -0.947425
vn 0.285030 0.877217 0.386326
vn 0.204641 0.930810 0.302844
vn 0.305159 0.870227 0.386760
vn 0.301480 0.832719 0.464424
vn 0.310696 0.799066 0.514743
vn -0.623197 0.140917 0.769264
vn -0.402358 0.068620 0.912907
vn 0.322799 0.846842 0.422682
vn -0.611603 0.094527 0.785498
vn 0.337210 0.778473 0.529405
vn 0.482769 0.572062 0.663083
vn -0.755733 0.107646 -0.645972
vn -0.988249 -0.030910 -0.149694
vn -0.596576 -0.632981 -0.493388
vn -0.609035 -0.791927 0.043895
vn -0.236636 -0.751470 -0.615870
vn -0.050952 -0.510473 -0.858383
vn 0.304210 0.248878 0.919519
vn 0.215630 -0.235486 0.947655
vn 0.522731 0.322745 0.789042
vn -0.114932 0.219111 0.968907
vn 0.390642 -0.290987 0.873342
vn 0.329177 0.624838 0.707969
vn -0.578753 -0.499090 -0.644945
vn -0.592227 -0.509371 -0.624347
vn 0.110023 -0.537161 0.836273
vn 0.076122 -0.661495 0.746077
vn 0.997021 0.004519 0.076996
vn 0.940693 0.158602 0.299903
vn 0.921753 -0.170925 0.348074
vn 0.992211 -0.021596 0.122683
vn 0.328240 0.684304 0.651142
vn 0.771442 0.535737 -0.343312
vn 0.463692 0.882973 -0.073130
vn 0.370603 0.789310 0.489534
vn -0.711863 -0.050271 0.700517
vn 0.969385 -0.077021 0.233151
vn 0.987766 -0.045859 0.149049
vn 0.939131 -0.253974 0.231366
vn 0.951716 -0.218739 0.215383
vn 0.912183 -0.378412 -0.157245
vn -0.816997 -0.386194 0.428218
vn -0.203299 -0.586883 0.783733
vn 0.950506 -0.116794 0.287921
vn 0.965637 -0.066229 0.251314
vn 0.779700 0.307612 0.545383
vn -0.877937 -0.251314 0.407514
vn -0.862791 -0.480834 0.156174
vn 0.092053 -0.425104 0.900452
vn 0.103877 -0.400863 0.910230
vn 0.772586 -0.180029 0.608851
vn 0.927563 -0.357294 0.109396
vn 0.533280 0.243848 0.810031
vn 0.064605 0.393152 0.917201
vn -0.209693 0.696631 0.686101
vn 0.257100 0.759513 0.597527
vn 0.961627 -0.249404 0.114329
vn 0.771467 -0.561603 0.299066
vn 0.719720 -0.647544 0.250381
vn 0.952790 -0.286480 0.100598
vn -0.839733 -0.091052 0.535311
vn -0.868055 -0.234498 0.437596
vn -0.001173 -0.339739 0.940519
vn -0.042610 -0.166687 0.985089
vn 0.974327 -0.200212 0.102969
vn 0.974708 -0.178013 0.135114
vn -0.266480 -0.951259 -0.155224
vn 0.209804 -0.924535 -0.318146
vn 0.981338 -0.097519 0.165729
vn 0.723821 -0.655020 0.216867
vn 0.452453 -0.694996 0.558808
vn 0.130567 -0.569657 0.811445
vn 0.176413 -0.307068 0.935194
vn 0.676864 -0.615872 -0.403183
vn 0.889916 -0.417582 -0.183507
vn 0.202352 -0.866735 0.455877
vn 0.088374 -0.948900 0.302949
vn 0.185700 -0.940800 0.283569
vn -0.544714 -0.139099 0.827006
vn -0.644299 -0.158934 0.748077
vn -0.696639 -0.356905 0.622344
vn -0.633245 -0.103593 0.766987
vn -0.904554 0.403143 0.138769
vn -0.291245 0.226920 0.929346
vn 0.010084 -0.099461 0.994990
vn -0.349364 -0.177878 0.919948
vn -0.579614 -0.097860 0.808994
vn -0.524064 -0.069108 0.848870
vn -0.277450 -0.082094 0.957226
vn -0.228775 0.039369 0.972683
vn -0.043743 0.236384 0.970675
vn 0.285918 -0.887713 0.360856
vn -0.246406 -0.957211 0.151762
vn 0.324765 -0.848599 0.417622
vn -0.606533 0.257958 -0.752047
vn -0.912846 0.400318 0.080358
vn -0.402062 0.887057 0.226882
vn -0.755887 -0.111258 -0.645179
vn -0.856850 -0.053875 -0.512744
vn -0.095997 -0.989054 0.112055
vn 0.584600 -0.387767 0.712656
vn 0.739490 -0.300039 0.602603
vn -0.014952 -0.991751 0.127308
vn 0.157815 -0.955941 0.247532
vn 0.198802 -0.964188 0.175554
vn 0.099568 -0.989707 0.102788
vn 0.529032 -0.067424 0.845919
vn 0.580666 -0.778535 0.238139
vn 0.453256 -0.877246 0.158111
vn 0.479442 -0.555353 0.679499
vn -0.273713 -0.961809 -0.002296
vn -0.868909 0.421914 0.258815
vn -0.299406 0.875218 0.379934
vn -0.158590 0.843857 0.512596
vn -0.010717 0.463279 0.886148
vn -0.276848 -0.802675 0.528270
vn 0.410838 -0.903618 0.121192
vn 0.533970 -0.835016 0.132754
vn 0.469727 -0.851436 0.233265
vn 0.436026 -0.881496 0.181236
vn 0.162261 -0.300983 0.939724
vn -0.440313 -0.321490 0.838313
vn -0.585896 0.025267 0.809992
vn 0.099612 0.021795 0.994788
vn -0.575005 0.065945 0.815488
vn -0.429001 0.049270 0.901959
vn -0.544179 0.391252 0.742153
vn 0.180524 0.934418 0.307039
vn -0.971649 0.206714 -0.114745
vn -0.997965 0.054245 -0.033525
vn 0.622269 -0.735311 0.268515
vn 0.275200 -0.454804 0.847006
vn -0.417425 -0.312085 0.853440
vn -0.757525 -0.194102 -0.623281
vn -0.743513 -0.127903 -0.656376
vn -0.765082 -0.212197 -0.607965
vn -0.776024 -0.290479 -0.559829
vn -0.071657 -0.318696 0.945145
vn -0.128628 0.206283 0.970001
vn -0.244673 -0.086393 0.965749
vn -0.890834 -0.143151 0.431187
vn -0.900506 -0.181020 0.395373
vn -0.883944 -0.222942 0.411022
vn 0.555288 -0.340955 0.758554
vn -0.617005 -0.775399 0.134396
vn -0.573408 -0.483919 -0.661079
vn 0.155499 0.448811 0.879994
vn -0.286752 0.658000 0.696283
vn -0.866826 0.264374 -0.422752
vn -0.012878 -0.146559 -0.989118
vn 0.051821 -0.183507 -0.981651
vn -0.997332 -0.067411 -0.028017
vn -0.691632 -0.684807 0.229532
vn 0.119738 0.956198 0.267110
vn 0.185232 0.872288 0.452551
vn -0.693333 -0.546390 0.469837
vn -0.962196 -0.221311 0.158747
vn -0.712555 -0.060845 0.698973
vn 0.292427 -0.949125 0.116830
vn 0.312194 -0.941676 0.125625
vn 0.289231 -0.302045 -0.908358
vn 0.345716 -0.337355 -0.875598
vn 0.354018 -0.927096 0.123141
vn -0.690608 -0.375981 -0.617818
vn 0.361499 -0.923214 0.130360
vn -0.341249 0.902006 0.264449
vn 0.538388 -0.398358 0.742596
vn 0.237075 -0.967041 0.092886
vn 0.331551 -0.930972 0.152855
vn 0.063137 -0.989837 0.127422
vn -0.850217 -0.203301 -0.485592
vn -0.872830 -0.081313 -0.481203
vn -0.948185 -0.193546 0.251960
vn -0.214545 0.323777 -0.921487
vn -0.229523 0.118604 -0.966050
vn 0.271024 0.864422 0.423463
vn -0.544958 0.081309 0.834512
vn -0.155684 0.167362 0.973526
vn 0.447406 0.778439 0.440295
vn 0.082371 -0.270143 -0.959290
vn 0.177181 -0.314064 -0.932722
vn -0.509179 -0.696062 -0.506196
vn -0.669395 -0.566558 -0.480544
vn 0.021335 0.105340 -0.994207
vn 0.005666 0.283599 -0.958926
vn -0.923053 -0.053823 0.380889
vn -0.839509 -0.066008 0.539321
vn -0.849534 -0.003414 0.527523
vn 0.257990 0.617410 -0.743133
vn 0.231201 0.483164 -0.844452
vn -0.424223 0.639682 -0.640969
vn -0.736993 0.101197 0.668282
vn -0.823484 0.524914 0.215265
vn 0.479787 0.835696 -0.267239
vn -0.651484 -0.147615 -0.744163
vn -0.078233 -0.967834 0.239117
vn 0.138547 -0.939905 0.312063
vn 0.178405 0.252812 -0.950925
vn 0.169492 0.405988 -0.898024
vn 0.018878 0.457084 -0.889223
vn 0.231763 -0.091641 -0.968446
vn -0.002695 0.013124 -0.999910
vn -0.406450 -0.328749 0.852480
vn -0.413483 -0.356801 0.837690
vn 0.549986 -0.711100 0.438010
vn -0.271699 -0.402381 -0.874225
vn 0.465235 -0.757630 0.457770
vn 0.005215 0.408336 0.912817
vn -0.134136 0.166868 0.976812
vn -0.551936 -0.111951 0.826338
vn -0.179340 -0.972984 0.145392
vn 0.621743 -0.673644 0.399548
vn 0.458930 -0.346751 0.818014
vn 0.299912 -0.147013 0.942571
vn 0.221385 -0.115440 0.968330
vn 0.385651 -0.836321 0.389667
vn 0.323475 -0.314920 0.892295
vn 0.411025 -0.242177 0.878868
vn 0.332002 -0.826073 0.455387
vn 0.374722 -0.796285 0.474883
vn 0.615775 -0.196756 0.762960
vn 0.324724 0.183628 0.927812
vn 0.128670 0.096943 0.986938
vn 0.293589 0.228590 0.928198
vn 0.161995 0.016643 0.986651
vn 0.543148 0.520330 0.658974
vn 0.598888 0.354961 0.717869
vn 0.388247 0.548879 0.740268
vn 0.439547 0.444802 0.780352
vn 0.316539 0.803987 0.503396
vn 0.405807 0.799719 0.442459
vn 0.269419 0.885281 0.379066
vn 0.660045 0.565963 0.493990
vn 0.482086 0.220821 0.847839
vn 0.055904 -0.572487 0.818006
vn 0.092016 -0.483342 0.870582
vn 0.349138 0.893386 0.282780
vn 0.117259 0.159938 0.980138
vn 0.290545 -0.094401 0.952193
vn 0.287109 -0.000101 0.957898
vn 0.182510 0.074205 0.980400
vn 0.247259 -0.123726 0.961018
vn 0.062412 0.163215 0.984614
vn 0.357701 0.072403 0.931025
vn 0.371432 0.158626 0.914809
vn 0.300618 -0.013298 0.953652
vn 0.253840 0.043723 0.966257
vn 0.425199 0.032459 0.904518
vn 0.425378 -0.000401 0.905016
vn 0.355395 0.133229 0.925172
vn 0.380153 0.149410 0.912776
vn 0.665045 -0.218139 0.714235
vn 0.792138 -0.184223 0.581876
vn 0.692061 -0.024304 0.721429
vn 0.210892 -0.716184 -0.665286
vn 0.560505 -0.612620 -0.557253
vn 0.283646 -0.788102 -0.546296
vn 0.081491 -0.837553 -0.540245
vn 0.787215 -0.039792 0.615394
vn 0.562748 0.041316 0.825595
vn 0.563079 -0.035603 0.825636
vn 0.915444 -0.176697 0.361582
vn 0.953738 0.137705 0.267247
vn 0.902126 0.309131 0.301010
vn 0.890370 0.305341 0.337649
vn 0.955063 0.089278 0.282639
vn 0.957799 -0.054865 0.282153
vn -0.064086 0.294655 0.953452
vn -0.233176 0.540099 0.808654
vn 0.400966 0.492043 0.772736
vn 0.489073 0.234484 0.840134
vn 0.894418 0.260013 0.363882
vn 0.905307 0.164476 0.391620
vn 0.933527 -0.166529 0.317484
vn 0.883083 -0.180646 0.433049
vn 0.867966 0.063172 0.492589
vn 0.964885 -0.091017 0.246399
vn 0.955871 -0.202668 0.212686
vn 0.966696 -0.043666 0.252176
vn 0.957949 -0.183819 0.220330
vn 0.596045 -0.248211 0.763624
vn 0.037397 -0.418187 0.907591
vn -0.822274 -0.474758 0.313799
vn -0.473045 -0.800091 -0.368893
vn -0.318946 -0.893146 -0.317117
vn 0.594737 0.002100 0.803918
vn 0.782858 -0.308030 0.540603
vn 0.873545 -0.091908 0.477988
vn 0.655025 -0.475153 0.587514
vn 0.491702 -0.386696 0.780189
vn 0.500061 0.185948 0.845791
vn 0.415622 0.189748 0.889524
vn 0.790505 0.297666 0.535254
vn 0.665109 0.427805 0.612056
vn 0.423541 0.025608 0.905515
vn 0.470883 0.122533 0.873645
vn 0.395277 0.190293 0.898635
vn 0.462423 0.286896 0.838961
vn 0.272703 -0.403047 -0.873605
vn 0.231777 -0.096747 -0.967946
vn 0.942544 -0.095223 0.320225
vn 0.884878 -0.205706 0.417942
vn 0.806869 -0.205594 0.553800
vn 0.872914 -0.119808 0.472934
vn 0.980880 0.089039 0.173049
vn 0.995830 0.003717 0.091156
vn 0.966751 -0.147052 0.209208
vn 0.920812 -0.260167 0.290550
vn 0.919551 -0.343717 0.190484
vn 0.915486 -0.361702 0.176232
vn 0.915290 -0.377737 0.139856
vn 0.922661 -0.352665 0.155964
vn 0.943672 -0.293682 0.152430
vn 0.952602 -0.290614 0.089959
vn 0.940873 -0.295914 0.164905
vn 0.923140 -0.330466 0.196482
vn 0.984981 -0.153392 0.079269
vn 0.456763 -0.435820 0.775518
vn 0.441091 -0.400097 0.803344
vn 0.384547 -0.366666 0.847160
vn 0.457294 -0.462058 0.759858
vn 0.517403 -0.531081 0.671004
vn 0.546195 -0.526960 0.651141
vn 0.711547 -0.220221 0.667236
vn 0.661028 -0.262738 0.702859
vn 0.327076 0.225095 0.917798
vn 0.253027 0.085764 0.963650
vn 0.424495 -0.235070 0.874383
vn 0.292058 -0.130912 0.947399
vn 0.353192 0.574289 -0.738544
vn 0.447895 0.652222 -0.611553
vn 0.246952 0.796445 -0.551987
vn 0.158541 0.692438 -0.703843
vn 0.857379 -0.134157 0.496893
vn 0.838815 -0.257975 0.479415
vn 0.881578 -0.308751 0.357061
vn 0.914883 -0.179291 0.361723
vn 0.942263 -0.227216 0.245996
vn 0.889169 -0.368824 0.270826
vn 0.889005 -0.407340 0.209150
vn 0.942058 -0.292812 0.163667
vn 0.950261 -0.281112 0.134090
vn 0.918122 -0.351776 0.182498
vn 0.410667 -0.273001 0.869956
vn 0.441917 -0.394758 0.805528
vn 0.206192 0.100054 -0.973383
vn 0.915628 0.348261 0.200845
vn 0.948322 0.301638 0.098486
vn 0.958537 0.240359 0.153084
vn 0.825017 -0.313104 0.470439
vn 0.860265 -0.357167 0.363834
vn 0.881716 -0.395011 0.257958
vn 0.883323 -0.421589 0.204948
vn 0.872372 -0.459278 0.167423
vn 0.932055 -0.123260 -0.340706
vn 0.974195 -0.132737 -0.182550
vn -0.528010 0.158354 -0.834344
vn -0.532903 0.299997 -0.791212
vn 0.243295 0.254204 -0.936049
vn -0.160352 -0.634723 -0.755919
vn -0.108262 -0.897956 -0.426560
vn 0.846964 0.374320 0.377541
vn 0.926862 0.336864 0.165677
vn -0.616293 0.403189 0.676477
vn 0.844579 0.363080 0.393522
vn -0.499863 -0.614945 0.609901
vn -0.391213 -0.523136 0.757154
vn 0.568117 -0.606611 0.556118
vn 0.258722 -0.420889 -0.869434
vn 0.276201 -0.450689 -0.848877
vn -0.286390 -0.523048 0.802746
vn 0.996024 -0.054971 0.070109
vn -0.828384 0.110361 -0.549182
vn -0.940369 0.041332 -0.337637
vn -0.955619 -0.059852 -0.288463
vn -0.923820 -0.051535 -0.379342
vn -0.965350 -0.102089 -0.240162
vn -0.838590 -0.187044 -0.511646
vn 0.686678 0.433636 0.583467
vn 0.990892 -0.024877 -0.132342
vn -0.476131 -0.732973 -0.485850
vn -0.790913 -0.508171 -0.340910
vn -0.734689 -0.655528 -0.174683
vn 0.985618 -0.142163 -0.091361
vn 0.410152 -0.527973 -0.743653
vn -0.218682 -0.404532 -0.887993
vn 0.853305 -0.041787 -0.519735
vn -0.223876 -0.088583 -0.970584
vn -0.151807 -0.130403 -0.979770
vn -0.033686 -0.048776 -0.998242
vn 0.709541 -0.133454 -0.691912
vn 0.209083 -0.054337 -0.976387
vn 0.952257 -0.093210 -0.290721
vn 0.804736 -0.155836 -0.572814
vn 0.103176 0.984546 -0.141507
vn -0.466648 -0.210663 -0.858988
vn -0.587230 -0.189202 -0.786997
vn -0.579032 -0.243908 -0.777966
vn -0.678307 -0.729582 -0.087230
vn -0.659392 -0.253092 -0.707917
vn -0.263277 -0.438366 -0.859372
vn -0.603023 -0.515367 -0.608901
vn 0.243412 -0.536383 -0.808111
vn 0.623249 -0.509955 -0.592880
vn 0.750046 -0.588572 -0.301686
vn 0.969526 -0.163832 -0.182150
vn 0.977753 -0.209725 0.003758
vn 0.948391 0.283976 -0.141112
vn 0.390358 -0.702918 0.594581
vn 0.593941 -0.429801 -0.680077
vn 0.733693 -0.009939 0.679408
vn 0.468025 0.651306 0.597289
vn 0.328563 0.802858 0.497459
vn 0.695226 0.346425 0.629802
vn 0.861679 0.011030 0.507333
vn 0.854552 -0.497934 -0.147656
vn 0.933140 -0.351754 0.074286
vn 0.985321 -0.169006 0.024082
vn 0.856299 -0.422900 0.296491
vn 0.783351 -0.116999 -0.610469
vn 0.805868 -0.239875 -0.541329
vn 0.643484 0.752985 0.137625
vn 0.543087 -0.721639 0.429295
vn -0.212693 0.014047 -0.977018
vn 0.997168 0.059003 -0.046632
vn 0.996675 -0.060201 0.054906
vn 0.790307 0.548584 0.272892
vn 0.773208 -0.472674 -0.422763
vn 0.751353 -0.355645 -0.555865
vn 0.739736 -0.540060 -0.401405
vn 0.876907 -0.409189 -0.252187
vn -0.159438 -0.077754 -0.984141
vn 0.907132 0.348291 0.236231
vn -0.082380 -0.039001 -0.995838
vn -0.333296 -0.082080 -0.939243
vn -0.280587 -0.145106 -0.948797
vn -0.202204 -0.062322 -0.977358
vn 0.806752 0.588429 0.053871
vn 0.676770 0.736190 -0.002606
vn 0.805737 0.570330 0.159723
vn 0.429629 0.864550 0.260714
vn 0.759198 0.589996 0.274815
vn 0.681880 -0.721740 0.118873
vn 0.811157 -0.452127 -0.370952
vn 0.949884 -0.052144 -0.308224
vn 0.986224 0.041029 -0.160248
vn 0.982633 0.107449 -0.151285
vn -0.978592 0.131231 -0.158542
vn -0.941989 0.236885 -0.237785
vn 0.991243 -0.073964 0.109392
vn 0.977314 -0.075004 0.198072
vn 0.681266 -0.273146 0.679167
vn 0.822645 0.092088 0.561049
vn 0.754851 0.359772 0.548420
vn 0.601190 -0.114119 0.790916
vn -0.512241 0.857516 0.047704
vn -0.490856 0.869952 0.047367
vn -0.267167 0.941526 0.205308
vn -0.093675 0.966885 0.237399
vn 0.800641 0.014449 0.598970
vn 0.733314 -0.095273 0.673182
vn 0.815292 -0.158616 0.556902
vn 0.838807 -0.087198 0.537401
vn -0.995831 0.068336 0.060415
vn -0.991836 -0.067940 0.107912
vn -0.918427 -0.260088 0.298071
vn -0.949731 0.121626 0.288476
vn -0.983833 0.170701 -0.054173
vn -0.904481 0.410941 0.114198
vn -0.995233 0.055866 -0.079945
vn -0.999570 -0.007421 -0.028383
vn 0.862319 -0.208407 0.461489
vn 0.833753 -0.187448 0.519345
vn 0.811452 -0.232804 0.536049
vn 0.860561 -0.210407 0.463857
vn 0.575089 -0.038049 0.817205
vn 0.628188 -0.048620 0.776541
vn 0.723894 0.088725 0.684182
vn 0.703688 0.098385 0.703665
vn 0.843638 -0.028735 0.536143
vn 0.655699 -0.030033 0.754425
vn 0.934075 0.270534 -0.233056
vn 0.906195 0.050869 -0.419790
vn 0.940402 -0.264915 -0.213224
vn 0.930915 0.130541 -0.341111
vn 0.692791 -0.720114 -0.038440
vn 0.897954 -0.330889 -0.290158
vn 0.667758 -0.714786 0.207796
vn 0.619475 -0.568304 0.541555
vn 0.976283 -0.036983 0.213317
vn 0.769207 -0.577516 -0.273489
vn 0.169732 -0.832583 0.527253
vn 0.606902 -0.730574 0.312939
vn 0.744647 -0.662916 -0.077738
vn -0.765361 -0.484088 0.424124
vn -0.719100 -0.692874 -0.053100
vn -0.835476 -0.081775 0.543409
vn -0.557627 -0.401874 0.726326
vn 0.950480 -0.191928 0.244440
vn 0.885594 -0.321972 0.334750
vn 0.578147 -0.378633 0.722760
vn 0.442437 -0.869234 0.220638
vn -0.041156 -0.939015 -0.341405
vn -0.160368 -0.902434 0.399869
vn -0.078273 -0.841639 0.534337
vn 0.223982 -0.926866 -0.301251
vn -0.685038 0.252146 0.683480
vn -0.631888 0.278355 0.723350
vn -0.896577 -0.087581 0.434141
vn 0.851946 -0.393156 -0.345856
vn 0.943296 -0.071249 0.324217
vn 0.467166 0.188143 0.863921
vn 0.932158 -0.144760 0.331851
vn 0.784159 -0.616130 0.074018
vn 0.684238 -0.705920 -0.183016
vn 0.520671 -0.709750 -0.474507
vn 0.909834 0.409793 -0.065362
vn 0.897799 0.439822 0.022666
vn 0.927474 0.372901 -0.027147
vn 0.918560 0.394812 0.019243
vn 0.881814 -0.462882 0.090248
vn 0.995501 -0.085626 -0.040564
vn 0.869568 -0.468913 0.154830
vn 0.998393 -0.017946 0.053750
vn 0.834423 0.056510 0.548220
vn 0.696506 -0.574115 0.430431
vn 0.729833 -0.335158 0.595829
vn 0.560607 -0.789188 0.250802
vn -0.143347 0.625369 -0.767050
vn -0.075978 0.745082 -0.662631
vn 0.078159 0.923062 -0.376627
vn 0.090182 0.953720 -0.286853
vn 0.656860 -0.226228 0.719274
vn 0.634660 0.132212 0.761397
vn -0.406686 -0.875402 -0.261300
vn -0.262565 -0.926852 -0.268337
vn -0.196771 -0.970505 -0.139287
vn -0.326885 -0.934453 -0.141223
vn -0.449567 -0.886024 -0.113362
vn -0.550735 -0.814157 -0.183954
vn -0.475290 -0.826026 -0.302953
vn -0.305315 -0.887239 -0.345816
vn 0.108004 -0.973642 0.200887
vn 0.107274 -0.976746 0.185631
vn 0.467286 -0.725747 0.504911
vn 0.546664 -0.703254 0.454525
vn 0.842900 0.233080 0.484968
vn 0.882151 0.212068 0.420519
vn 0.887892 0.218868 0.404654
vn 0.832348 0.145344 0.534856
vn 0.857039 0.049280 0.512889
vn 0.903897 -0.005941 0.427708
vn 0.865000 -0.149640 0.478938
vn 0.867144 -0.261567 0.423843
vn 0.812531 -0.420056 0.404161
vn 0.842113 -0.136659 0.521700
vn 0.891643 -0.323805 0.316422
vn 0.971503 0.025858 0.235611
vn 0.845043 -0.334303 0.417306
vn 0.757339 0.578176 0.303563
vn 0.781834 0.539974 0.311710
vn 0.808726 0.212530 0.548446
vn 0.607382 0.274960 0.745308
vn 0.595185 0.240464 0.766767
vn 0.769615 0.314964 0.555419
vn 0.841286 0.340735 0.419688
vn 0.899214 0.137875 0.415217
vn 0.714809 -0.183284 0.674874
vn 0.824031 -0.000962 0.566543
vn 0.772238 -0.297662 0.561290
vn 0.896915 -0.071798 0.436335
vn 0.810900 -0.356675 0.463922
vn 0.938058 -0.012862 0.346239
vn 0.882891 0.274673 0.380866
vn 0.891362 0.106468 0.440611
vn 0.918580 -0.174747 0.354507
vn 0.819107 -0.252945 0.514861
vn 0.735671 -0.247104 0.630657
vn 0.735365 -0.407146 0.541729
vn 0.805581 -0.402018 0.435225
vn 0.856044 -0.191616 0.480075
vn 0.868955 -0.190268 0.456853
vn 0.868807 -0.148306 0.472419
vn 0.880373 -0.070919 0.468951
vn 0.873463 -0.300016 0.383474
vn 0.681101 -0.526038 0.509298
vn 0.472833 -0.602650 0.642839
vn 0.736185 -0.545718 0.400280
vn 0.520261 -0.729249 0.444437
vn 0.801003 -0.460121 0.382991
vn 0.613651 -0.676605 0.406987
vn 0.693034 -0.600040 0.399570
vn 0.858756 -0.361921 0.362700
vn -0.371582 -0.925637 0.071570
vn -0.278981 -0.959559 0.037636
vn 0.185680 -0.958935 0.214398
vn -0.022459 -0.982240 0.186282
vn -0.399110 -0.908288 0.125399
vn -0.312028 -0.922932 0.225468
vn -0.811749 -0.550769 0.194208
vn -0.675122 -0.735956 0.050782
vn -0.543973 -0.323399 0.774278
vn -0.678164 -0.138749 0.721694
vn -0.946620 -0.126307 0.296575
vn -0.865146 -0.033868 0.500376
vn 0.070332 0.051845 0.996175
vn 0.162070 -0.859502 0.484758
vn 0.333097 -0.880336 0.337722
vn 0.495385 -0.790954 0.359146
vn 0.700804 -0.556350 0.446484
vn 0.788859 -0.469345 0.396759
vn 0.655376 -0.649754 0.385100
vn 0.536934 -0.754974 0.376452
vn 0.444190 -0.839142 0.313904
vn -0.636989 -0.739487 -0.217726
vn -0.006750 -0.989569 0.143903
vn -0.664403 -0.734696 -0.137077
vn -0.771607 -0.612503 -0.171648
vn -0.526600 -0.847024 -0.072406
vn -0.953548 -0.284908 0.097846
vn -0.848874 -0.528092 -0.023045
vn -0.988622 -0.150038 -0.010702
vn -0.934179 -0.350627 -0.066105
vn -0.118815 -0.987976 0.098926
vn 0.910433 -0.201897 0.361040
vn 0.682408 -0.512080 0.521626
vn 0.601298 -0.499355 0.623768
vn 0.160007 0.290990 0.943251
vn 0.157277 0.316204 0.935563
vn 0.197003 0.351455 0.915243
vn 0.224380 0.316942 0.921521
vn 0.781723 0.463730 0.416969
vn 0.755583 0.570148 0.322531
vn 0.383683 0.783578 0.488664
vn 0.707253 -0.451651 0.543878
vn -0.616612 -0.087646 0.782373
vn -0.376394 0.069597 0.923842
vn 0.246293 0.362291 -0.898935
vn 0.812651 -0.052268 0.580402
vn -0.959902 0.224079 -0.168453
vn -0.908387 0.418064 0.007405
vn 0.882081 -0.189915 0.431122
vn 0.905842 -0.159577 0.392409
vn 0.910981 -0.122494 0.393839
vn 0.873077 -0.146598 0.465023
vn 0.943276 -0.052854 0.327776
vn 0.913237 0.041791 0.405280
vn 0.721694 -0.537526 -0.436147
vn 0.911680 0.145030 0.384455
vn 0.958480 0.042014 0.282049
vn 0.918432 0.246076 0.309725
vn 0.867533 0.327781 0.374094
vn -0.286458 0.955106 -0.075598
vn -0.250660 0.959562 -0.128103
vn -0.569899 0.725674 -0.385504
vn -0.679959 0.663989 -0.311085
vn -0.859566 0.500038 -0.105397
vn -0.466325 0.884368 -0.020845
vn 0.307494 0.734411 -0.605052
vn 0.377750 0.788449 -0.485441
vn 0.548972 0.620340 -0.560186
vn 0.556107 0.542337 -0.629774
vn 0.352047 0.914502 0.199371
vn 0.154878 0.972584 0.173477
vn 0.316764 0.921145 0.226167
vn 0.836132 -0.340520 0.430034
vn 0.617335 0.715252 0.327585
vn 0.752491 0.579006 0.313863
vn 0.720731 0.580733 0.378545
vn 0.887235 0.278441 0.367810
vn 0.954262 -0.005720 0.298918
vn 0.942032 -0.182603 0.281481
vn 0.893486 -0.175947 0.413189
vn 0.903549 -0.119097 0.411602
vn 0.820342 -0.226835 0.524962
vn 0.854174 -0.035010 0.518808
vn 0.841207 -0.371722 0.392674
vn 0.873013 -0.070807 0.482530
vn 0.792824 0.297932 0.531664
vn 0.635064 0.588577 0.500270
vn 0.690544 -0.006881 0.723258
vn 0.797716 -0.574373 0.183696
vn 0.731201 -0.681936 0.017570
vn 0.453723 -0.877415 -0.155813
vn 0.444545 -0.888670 0.112454
vn 0.783712 -0.609598 0.119107
vn 0.705307 -0.700467 0.109031
vn 0.891812 -0.420878 0.165933
vn 0.949417 -0.293096 0.112706
vn 0.721852 -0.677317 0.142026
vn 0.881106 -0.396247 0.258149
vn 0.576295 -0.721319 0.384164
vn 0.755905 -0.373084 0.537973
vn 0.825262 0.228166 0.516607
vn 0.819556 -0.090332 0.565834
vn 0.963665 -0.156368 0.216559
vn 0.989613 0.104105 0.099140
vn -0.633739 -0.078597 0.769544
vn 0.932749 0.360522 -0.001449
vn 0.936859 0.339165 -0.085217
vn 0.231076 0.972283 0.035634
vn 0.314799 0.895566 0.314423
vn -0.180802 0.977158 -0.111681
vn -0.286121 0.507907 0.812506
vn -0.223492 -0.242616 0.944028
vn -0.686004 0.508144 -0.520758
vn -0.658795 0.568201 -0.493088
vn -0.619369 0.574353 -0.535257
vn 0.422206 0.831911 -0.360092
vn -0.104903 0.910895 0.399080
vn -0.659880 0.499973 -0.560879
vn -0.109261 0.988625 -0.103355
vn 0.876998 0.219250 0.427557
vn -0.634085 -0.039685 0.772244
vn 0.184594 -0.722234 0.666561
vn -0.620856 -0.335887 0.708321
vn 0.395852 0.071642 0.915516
vn 0.569474 0.240753 0.785963
vn 0.555275 0.569210 0.606358
vn 0.429005 0.427321 0.795834
vn -0.648492 -0.244476 0.720895
vn -0.443290 0.757158 -0.479798
vn -0.512852 0.743140 -0.429798
vn 0.269704 0.867896 0.417152
vn 0.463990 0.600919 0.650853
vn 0.603937 0.292343 0.741482
vn -0.526617 0.581541 -0.620069
vn -0.555642 0.505528 -0.660078
vn -0.839868 -0.158329 0.519186
vn -0.895848 0.373709 -0.240413
vn -0.571208 0.306863 0.761286
vn -0.393873 0.377025 0.838282
vn -0.778118 -0.461847 -0.425711
vn -0.778925 -0.482615 -0.400449
vn -0.964492 -0.254593 -0.070276
vn -0.868357 0.373577 -0.326186
vn -0.748223 0.529137 -0.400220
vn -0.778317 0.483825 -0.400171
vn 0.721519 0.000800 0.692394
vn 0.678505 -0.226349 0.698854
vn 0.691118 -0.119401 0.712810
vn 0.633020 -0.488295 0.600711
vn 0.008205 0.860090 -0.510077
vn 0.947413 0.310515 -0.077384
vn 0.964374 0.260476 -0.046213
vn 0.566590 -0.712799 0.413392
vn 0.931774 0.359375 0.051454
vn 0.914891 0.403435 0.014669
vn 0.930910 0.358762 -0.068527
vn 0.891062 0.453842 0.005961
vn 0.344510 0.913411 -0.216781
vn 0.427290 0.896846 -0.114416
vn 0.289638 0.957096 -0.008800
vn 0.238604 0.918850 -0.314296
vn 0.338803 0.831013 -0.441169
vn 0.459870 0.824999 -0.328476
vn 0.541277 0.814122 -0.210295
vn -0.173437 0.439591 0.881294
vn -0.469324 0.247408 0.847658
vn -0.445651 0.310568 0.839608
vn -0.427105 -0.080017 0.900655
vn -0.053643 0.172470 -0.983553
vn 0.222936 -0.023685 -0.974545
vn 0.575436 0.811125 -0.104636
vn 0.478239 0.878066 -0.016950
vn 0.552820 0.830321 0.070405
vn 0.636981 0.770880 -0.000240
vn 0.345227 0.934595 0.085736
vn 0.278785 0.949451 0.144294
vn -0.232172 -0.283411 -0.930470
vn 0.784247 0.526767 0.327831
vn 0.431248 -0.222209 -0.874442
vn 0.641860 -0.172048 -0.747272
vn 0.911007 0.022490 -0.411778
vn -0.458304 -0.841555 -0.285907
vn -0.470087 -0.763245 -0.443255
vn 0.779322 -0.025697 -0.626096
vn 0.755446 -0.116654 -0.644742
vn 0.255449 -0.264105 -0.930051
vn -0.547762 -0.273671 -0.790608
vn -0.546250 -0.082260 -0.833574
vn -0.460800 -0.351405 -0.814971
vn -0.648051 -0.164012 -0.743727
vn -0.795780 0.018933 -0.605290
vn -0.792149 -0.294169 -0.534756
vn 0.065681 0.663938 -0.744897
vn -0.591467 0.802712 -0.076284
vn -0.139371 -0.320169 -0.937052
vn -0.309143 -0.283200 -0.907870
vn -0.448815 -0.843156 -0.296064
vn -0.279270 -0.903921 -0.323938
vn 0.155141 -0.700674 0.696411
vn 0.069354 -0.857516 -0.509761
vn 0.177707 -0.805017 -0.566010
vn -0.605756 -0.661142 -0.442663
vn 0.107179 -0.679837 -0.725489
vn 0.921288 -0.001072 -0.388880
vn 0.369711 -0.671778 -0.641894
vn -0.264295 -0.806659 -0.528629
vn -0.091468 -0.894261 -0.438099
vn 0.186438 -0.811025 -0.554509
vn 0.433299 -0.645600 -0.628850
vn 0.013318 -0.637275 -0.770521
vn -0.497578 -0.567441 -0.656069
vn 0.406110 -0.099184 -0.908426
vn 0.348753 -0.210091 -0.913364
vn -0.866561 -0.039270 0.497524
vn -0.963836 0.020053 0.265741
vn -0.941058 0.049837 0.334554
vn -0.818633 -0.003558 0.574306
vn -0.789486 -0.066544 0.610150
vn -0.719395 -0.074587 0.690585
vn -0.820018 -0.102966 0.562999
vn -0.973747 -0.108285 -0.200227
vn -0.921762 -0.339303 -0.187692
vn -0.256943 -0.588926 0.766255
vn -0.108225 -0.394974 0.912295
vn -0.589658 0.670202 -0.450702
vn -0.585088 0.663723 -0.465987
vn -0.898543 0.430638 -0.084680
vn -0.890005 0.455753 -0.013408
vn 0.434148 -0.400568 -0.806883
vn 0.425336 -0.327242 -0.843802
vn -0.292435 0.105055 -0.950497
vn -0.282711 -0.038576 -0.958429
vn 0.660587 -0.113501 -0.742120
vn -0.579156 0.665336 -0.471070
vn -0.863749 0.501522 0.049134
vn -0.588714 0.072978 -0.805040
vn -0.791571 0.487629 0.368284
vn -0.998604 -0.046391 -0.025243
vn -0.881435 0.456597 0.120798
vn -0.915232 0.400131 0.047399
vn -0.949761 0.303535 -0.076288
vn 0.153350 0.539412 -0.827960
vn -0.851326 -0.123278 0.509948
vn -0.832404 -0.117956 0.541470
vn -0.854407 -0.056515 0.516521
vn -0.835733 -0.050794 0.546782
vn 0.643426 -0.307436 -0.701061
vn 0.853021 0.108663 -0.510438
vn 0.746990 0.055054 -0.662551
vn 0.796959 0.299567 -0.524514
vn 0.698952 0.236813 -0.674823
vn 0.551693 0.158001 -0.818945
vn 0.605304 -0.000605 -0.795994
vn 0.781316 -0.223744 -0.582653
vn -0.770206 0.592103 0.237059
vn 0.902269 0.422751 -0.084807
vn 0.924061 0.329048 -0.194522
vn 0.862841 0.505462 0.003783
vn 0.818909 0.573739 -0.014542
vn 0.851176 0.507882 -0.132496
vn 0.877253 0.393196 -0.275361
vn 0.922074 0.026246 -0.386124
vn 0.910315 0.145175 -0.387622
vn 0.932937 0.175865 -0.314167
vn -0.570238 -0.000066 0.821479
vn -0.589125 0.050624 0.806454
vn -0.510838 0.086145 0.855350
vn -0.457859 0.001559 0.889023
vn 0.853842 0.345720 -0.389143
vn 0.763412 0.577432 -0.289437
vn 0.737935 0.550122 -0.390919
vn 0.644668 0.712356 -0.277404
vn 0.602720 0.701528 -0.380246
vn 0.521298 0.697131 -0.492197
vn 0.676355 0.524026 -0.517629
vn 0.776240 0.605804 -0.174506
vn 0.757332 0.651913 -0.038179
vn 0.670438 0.721286 -0.173953
vn 0.687366 0.722827 -0.071058
vn 0.942007 0.206641 -0.264429
vn 0.626568 -0.380059 -0.680417
vn 0.616709 -0.258754 -0.743449
vn 0.126198 0.542725 0.830376
vn 0.261606 0.535637 0.802904
vn 0.196055 0.651802 0.732609
vn 0.083500 0.642525 0.761702
vn 0.865551 -0.128556 -0.484040
vn -0.811166 -0.415420 -0.411627
vn -0.837673 -0.347590 -0.421289
vn -0.645655 -0.400866 -0.649951
vn -0.618548 -0.449976 -0.644143
vn 0.961228 -0.007437 -0.275656
vn 0.964937 0.092264 -0.245732
vn 0.916269 -0.012860 -0.400357
vn 0.910984 -0.090356 -0.402423
vn 0.000021 0.810367 0.585922
vn 0.093111 0.829865 0.550141
vn 0.054433 0.883156 0.465911
vn -0.033384 0.861403 0.506824
vn -0.228531 0.275275 0.933808
vn -0.291954 0.087886 0.952386
vn -0.197139 0.121733 0.972788
vn -0.128524 0.292729 0.947518
vn 0.977639 0.047628 -0.204825
vn 0.950140 0.022868 -0.310985
vn 0.971741 -0.045804 -0.231565
vn 0.987889 -0.001534 -0.155158
vn 0.373820 0.120320 -0.919664
vn 0.402053 0.003194 -0.915611
vn -0.454418 0.083478 0.886868
vn -0.382513 0.154622 0.910921
vn 0.426737 -0.083053 -0.900554
vn 0.956202 0.222547 0.190133
vn 0.019772 0.922310 0.385945
vn -0.063682 0.902819 0.425280
vn -0.184604 0.500816 -0.845639
vn 0.889491 0.436479 0.135250
vn 0.262676 0.470778 -0.842241
vn -0.588529 -0.045510 -0.807194
vn -0.407206 -0.044411 -0.912256
vn 0.072726 0.585462 -0.807431
vn 0.598575 0.465554 -0.651895
vn 0.488848 0.377503 -0.786460
vn 0.330302 0.281432 -0.900942
vn 0.427333 -0.193037 -0.883246
vn 0.703318 0.708955 0.052219
vn 0.979109 -0.175123 0.103334
vn 0.971564 -0.077343 0.223787
vn 0.991982 -0.123352 -0.027493
vn 0.946838 0.154564 0.282149
vn 0.866963 0.448980 0.216315
vn 0.894315 0.410307 0.178460
vn 0.928580 0.306241 0.209653
vn 0.831646 0.403978 0.381007
vn 0.867317 0.262295 0.423039
vn 0.948401 0.311206 -0.060707
vn 0.946323 0.321380 0.034465
vn 0.962574 0.241854 0.122298
vn 0.945896 0.317147 -0.068547
vn 0.927169 0.339362 -0.158719
vn 0.977285 -0.148711 0.150995
vn 0.869816 -0.001925 0.493372
vn 0.968779 0.199390 0.147348
vn 0.753140 0.252404 0.607513
vn 0.741157 0.059783 0.668665
vn 0.908347 0.124776 0.399170
vn 0.735441 0.395899 0.549900
vn 0.861205 0.446921 -0.242048
vn 0.933183 0.285863 -0.217834
vn 0.870651 0.450224 -0.198155
vn 0.883206 0.455320 -0.112389
vn 0.910408 0.399238 -0.108471
vn 0.785039 0.450629 0.425027
vn 0.694802 0.413759 0.588263
vn 0.619325 0.056532 0.783097
vn 0.633824 0.048168 0.771976
vn 0.695226 0.261025 0.669721
vn 0.709201 0.239347 0.663134
vn 0.691139 0.371557 0.619898
vn 0.711742 0.331508 0.619295
vn 0.699981 -0.016855 0.713963
vn 0.784268 -0.086464 0.614368
vn 0.853968 -0.172303 0.490968
vn 0.846664 0.030544 0.531251
vn 0.910453 -0.102887 0.400612
vn 0.848781 0.144877 0.508509
vn 0.931814 -0.018514 0.362464
vn -0.395677 0.484801 0.780005
vn -0.336905 0.480770 0.809540
vn -0.111504 0.513223 0.850981
vn -0.218930 0.494943 0.840893
vn 0.405134 0.245094 0.880792
vn 0.374139 0.280414 0.883962
vn 0.251532 0.290195 0.923319
vn 0.292838 0.263722 0.919074
vn 0.770616 0.156691 0.617737
vn 0.765084 0.262678 0.587917
vn 0.698900 0.343599 0.627278
vn 0.668620 0.375174 0.642022
vn 0.773448 0.307920 0.554043
vn 0.814743 0.231759 0.531490
vn 0.739709 0.308533 0.598028
vn 0.733123 0.314052 0.603243
vn 0.919600 0.088711 0.382710
vn 0.858192 0.242722 0.452319
vn 0.818108 0.337830 0.465371
vn 0.677986 0.117833 0.725569
vn 0.584449 0.156883 0.796120
vn 0.754979 0.132767 0.642167
vn 0.779111 0.318116 0.540174
vn 0.754161 0.286564 0.590866
vn 0.871789 0.385586 0.302169
vn 0.857344 0.383274 0.343601
vn 0.838945 0.270823 0.472045
vn 0.805862 0.186692 0.561900
vn 0.849263 0.343365 0.401065
vn 0.544772 0.251688 0.799923
vn 0.628762 0.412593 0.659110
vn 0.654142 -0.044412 -0.755066
vn 0.921666 0.382137 -0.067108
vn 0.933669 0.357199 -0.025908
vn 0.664575 -0.578524 0.472917
vn 0.804587 -0.457315 0.378818
vn 0.966653 -0.087671 0.240616
vn 0.588856 -0.606139 0.534644
vn 0.773795 0.469127 0.425631
vn 0.171663 0.447460 0.877674
vn 0.062012 0.466984 0.882089
vn 0.896307 0.344003 0.279814
vn 0.960590 0.048882 0.273638
vn 0.917398 -0.261880 0.299667
vn 0.160031 0.720786 0.674432
vn 0.051353 0.705806 0.706541
vn -0.249801 0.963464 0.096625
vn -0.199150 0.965493 0.167818
vn -0.146131 0.980630 0.130424
vn -0.212510 0.977134 0.007007
vn 0.801131 0.146266 0.580341
vn 0.711611 -0.241706 0.659688
vn 0.978347 0.206837 0.007387
vn 0.994098 0.098372 -0.045738
vn 0.971250 0.219736 0.091599
vn 0.989600 0.143369 -0.011745
vn 0.997435 0.036823 -0.061387
vn 0.994198 0.026735 -0.104185
vn 0.986924 0.048093 -0.153844
vn 0.982635 0.121916 -0.139874
vn -0.937681 -0.298671 0.177623
vn -0.907861 -0.269568 0.321126
vn -0.902037 -0.215230 0.374172
vn -0.962667 -0.181239 0.201059
vn 0.838441 0.536633 0.095087
vn -0.404719 -0.482059 0.777059
vn -0.221437 -0.273405 0.936064
vn -0.592017 0.075386 -0.802392
vn -0.403786 0.076636 -0.911638
vn 0.804185 0.588562 0.082961
vn 0.864700 0.489952 0.110639
vn 0.625597 0.771889 0.113208
vn 0.683461 0.717161 0.136238
vn 0.755868 0.651139 0.068414
vn 0.738397 0.654769 0.161392
vn 0.777260 0.603012 0.179564
vn 0.803194 0.561363 0.199378
vn 0.833168 0.494031 0.248524
vn 0.862196 0.373867 0.341821
vn 0.436666 -0.060526 -0.897585
vn -0.314053 -0.940433 0.130215
vn -0.199431 -0.957377 -0.208941
vn -0.410961 0.180783 0.893548
vn -0.423973 0.165627 0.890401
vn -0.501301 0.098829 0.859610
vn -0.511208 0.141143 0.847788
vn 0.682105 -0.504512 0.529340
vn 0.862453 -0.506069 -0.008379
vn 0.844915 0.360168 0.395472
vn 0.897990 0.438142 -0.040568
vn 0.963353 0.258344 0.072180
vn 0.864047 0.131617 0.485901
vn 0.688691 -0.159188 -0.707364
vn 0.421617 0.071011 0.903989
vn 0.365349 0.033516 0.930267
vn 0.334841 -0.142219 0.931480
vn 0.372656 -0.064300 0.925739
vn -0.356678 0.155221 0.921242
vn -0.467975 0.175035 0.866234
vn -0.475779 0.196737 0.857280
vn -0.339237 0.290893 0.894594
vn -0.301479 0.293418 0.907202
vn -0.381127 0.113739 0.917500
vn 0.195895 0.392064 0.898839
vn 0.334326 0.379610 0.862625
vn -0.568628 0.076087 0.819068
vn -0.581397 0.106974 0.806557
vn -0.488553 0.434418 0.756701
vn -0.463845 0.397472 0.791748
vn -0.432274 0.226274 0.872891
vn -0.213051 0.451476 0.866475
vn -0.106477 0.235691 0.965977
vn -0.307229 0.010035 0.951583
vn -0.042942 0.256787 0.965514
vn -0.075362 0.260182 0.962614
vn -0.206633 0.241995 0.948020
vn -0.176185 0.236855 0.955436
vn 0.026803 0.757856 0.651871
vn 0.128040 0.776192 0.617358
vn 0.202334 -0.146001 0.968372
vn 0.096932 -0.335885 0.936902
vn -0.088104 -0.263677 0.960579
vn 0.081732 -0.065665 0.994489
vn 0.210947 0.400169 0.891833
vn 0.256584 0.376417 0.890211
vn -0.683116 -0.722014 -0.109767
vn 0.100400 -0.670868 -0.734749
vn -0.764156 -0.118017 0.634143
vn -0.807645 -0.077246 0.584588
vn -0.829410 -0.020929 0.558248
vn -0.757987 -0.068998 0.648611
vn -0.729888 -0.058557 0.681054
vn -0.760343 0.021108 0.649179
vn -0.754919 -0.088132 0.649869
vn -0.733207 -0.151774 0.662851
vn -0.984878 0.109323 0.134403
vn -0.997180 0.061050 0.043653
vn -0.135357 0.541604 0.829665
vn -0.106408 0.529716 0.841474
vn -0.727332 -0.040231 -0.685105
vn -0.717534 -0.145769 -0.681099
vn -0.881931 -0.104469 -0.459656
vn -0.884759 -0.022433 -0.465508
vn -0.914454 -0.365684 0.173349
vn -0.901578 -0.342239 0.264632
vn 0.513931 -0.557811 -0.651707
vn 0.382426 0.111353 0.917252
vn 0.189914 0.072533 0.979118
vn -0.614728 0.691879 0.378698
vn 0.430678 -0.859040 -0.276708
vn -0.065157 -0.807166 0.586717
vn 0.390638 0.113734 0.913491
vn -0.105817 0.215746 0.970699
vn 0.170427 0.168249 0.970900
vn 0.817247 -0.571148 0.076796
vn -0.080647 -0.887131 0.454417
vn -0.024972 -0.809556 0.586511
vn -0.233050 -0.766198 0.598855
vn -0.401335 -0.803083 0.440440
vn 0.061261 0.747708 0.661195
vn -0.528433 0.016031 0.848824
vn -0.739354 -0.632350 -0.231277
vn -0.073009 -0.800267 -0.595182
vn -0.180889 -0.881595 -0.435969
vn -0.005332 -0.765776 -0.643085
vn -0.420205 -0.271578 0.865837
vn 0.282299 -0.654681 -0.701213
vn -0.174987 0.551040 0.815926
vn -0.789627 -0.310714 0.529099
vn -0.915248 -0.224780 0.334357
vn -0.908633 -0.139766 0.393513
vn -0.829303 -0.152678 0.537537
vn -0.131546 -0.283411 0.949934
vn -0.592075 0.098112 0.799888
vn -0.621481 0.195919 0.758536
vn -0.708357 0.092752 0.699734
vn -0.690105 0.014416 0.723565
vn -0.615093 0.259759 0.744437
vn -0.709830 0.132984 0.691706
vn -0.759149 0.052359 0.648808
vn -0.803304 -0.032856 0.594662
vn 0.101018 0.918314 0.382746
vn -0.153257 0.436831 0.886392
vn -0.007961 0.359628 0.933062
vn 0.079836 0.928354 0.363022
vn 0.249309 0.941051 0.228621
vn 0.163126 0.985681 0.042693
vn 0.174905 0.909295 0.377611
vn 0.012320 0.852468 0.522635
vn -0.273778 0.381953 0.882699
vn 0.112970 0.877327 0.466407
vn 0.001104 0.914558 0.404454
vn -0.080064 0.956620 0.280121
vn 0.051089 0.911127 0.408948
vn 0.256840 0.789687 0.557160
vn 0.348035 0.612225 0.709966
vn -0.026334 0.821264 0.569940
vn -0.066251 0.739585 0.669795
vn 0.001202 0.850395 0.526143
vn 0.184430 0.305066 0.934302
vn 0.028228 -0.701345 0.712263
vn -0.189956 -0.760084 0.621441
vn -0.143542 0.496456 0.856112
vn 0.128587 0.726719 0.674793
vn 0.264363 0.786419 0.558263
vn 0.225141 0.461652 0.858014
vn 0.072345 -0.756880 0.649538
vn 0.350219 0.209329 0.912977
vn 0.358070 -0.042334 0.932734
vn 0.501233 -0.030723 0.864767
vn 0.477741 0.214216 0.851983
vn 0.253850 0.689536 0.678307
vn 0.155908 0.742891 0.651003
vn 0.222722 0.135948 0.965356
vn 0.206088 -0.042524 0.977609
vn 0.566608 0.206911 0.797586
vn 0.435689 0.557603 0.706579
vn 0.173382 -0.285459 0.942577
vn 0.325658 -0.265260 0.907515
vn 0.492757 -0.188224 0.849566
vn 0.581398 0.078263 0.809847
vn 0.561851 0.309077 0.767329
vn 0.502662 0.451886 0.736973
vn 0.291343 -0.295964 0.909684
vn 0.298680 -0.204944 0.932088
vn 0.432961 -0.010677 0.901350
vn 0.462584 -0.104529 0.880392
vn 0.121905 -0.395269 0.910440
vn 0.092856 -0.226856 0.969492
vn -0.465474 0.013262 0.884962
vn -0.418478 0.068001 0.905678
vn -0.436047 -0.056760 0.898132
vn -0.452960 -0.141940 0.880159
vn -0.208816 0.129587 0.969331
vn -0.218243 0.028910 0.975466
vn -0.257823 0.156154 0.953490
vn -0.178625 0.251831 0.951143
vn -0.341078 0.307184 0.888428
vn -0.227874 0.348116 0.909334
vn -0.270757 0.322950 0.906860
vn -0.442300 -0.077120 0.893545
vn -0.378972 -0.139742 0.914796
vn -0.333302 0.388494 0.859059
vn -0.281485 0.417622 0.863920
vn -0.461057 -0.210932 0.861936
vn -0.397871 -0.252292 0.882070
vn -0.255852 -0.106747 0.960804
vn -0.283608 -0.257751 0.923651
vn -0.089335 -0.215168 0.972482
vn -0.050144 -0.110007 0.992665
vn 0.146413 0.008830 0.989184
vn 0.095372 0.614532 0.783106
vn 0.086477 -0.157556 0.983716
vn -0.123680 -0.425739 0.896354
vn 0.014051 -0.485706 0.874009
vn -0.317978 -0.407169 0.856215
vn -0.387664 -0.299250 0.871875
vn -0.412045 -0.177971 0.893614
vn -0.350518 -0.070077 0.933931
vn -0.364525 -0.004678 0.931182
vn -0.316114 -0.085771 0.944836
vn -0.267874 -0.001976 0.963452
vn -0.263578 -0.078090 0.961472
vn -0.334793 -0.197517 0.921358
vn -0.320601 -0.027326 0.946820
vn -0.290742 0.023227 0.956520
vn -0.304109 -0.358915 0.882439
vn -0.237561 -0.220984 0.945902
vn -0.143891 -0.367148 0.918965
vn -0.135433 -0.461229 0.876884
vn -0.004336 -0.539455 0.842003
vn 0.007361 -0.331492 0.943429
vn 0.016756 0.972793 0.231069
vn -0.062308 0.984734 0.162529
vn -0.034668 0.999151 0.022245
vn 0.002375 0.998472 0.055208
vn 0.041606 0.994484 0.096287
vn 0.033250 0.999444 0.002432
vn 0.035294 0.964421 0.262005
vn 0.109204 0.872041 0.477094
vn 0.143829 0.869229 0.473027
vn 0.109907 0.951567 0.287126
vn -0.002396 0.943360 0.331762
vn 0.064385 0.869873 0.489056
vn -0.008892 0.899779 0.436255
vn 0.029363 0.862348 0.505464
vn -0.019085 0.882107 0.470663
vn 0.381363 0.050695 0.923034
vn 0.344026 -0.492741 0.799283
vn 0.255705 -0.429687 0.866016
vn 0.230637 0.075474 0.970108
vn -0.921003 -0.316979 -0.226445
vn -0.945390 -0.199277 -0.257927
vn -0.867578 -0.227493 -0.442217
vn -0.188625 0.188758 0.963738
vn -0.119462 0.080665 0.989556
vn -0.246797 -0.005464 0.969052
vn -0.300402 0.038062 0.953053
vn -0.069239 -0.221588 0.972679
vn -0.171306 -0.379056 0.909380
vn 0.116880 -0.188939 0.975008
vn 0.015275 0.330608 0.943645
vn 0.016706 0.533165 0.845846
vn 0.518660 -0.795333 0.313745
vn 0.422036 -0.892060 0.161600
vn 0.376734 -0.911317 -0.166052
vn 0.491156 -0.870489 0.031862
vn 0.578883 -0.707349 0.405650
vn 0.601181 -0.757960 0.253136
vn 0.523586 -0.696770 0.490275
vn 0.412846 -0.813714 0.409178
vn 0.295756 -0.889287 0.348852
vn 0.639079 -0.471433 0.607725
vn 0.691807 -0.098496 0.715334
vn 0.610225 0.338461 0.716289
vn 0.465175 0.626390 0.625498
vn -0.492808 -0.065129 0.867697
vn -0.454752 0.158092 0.876474
vn -0.573692 -0.029681 0.818533
vn -0.036360 0.809883 0.585463
vn 0.013472 0.727090 0.686409
vn 0.143853 0.876734 0.458959
vn 0.214532 0.775312 0.594027
vn 0.080232 0.518005 0.851607
vn -0.208848 0.352234 0.912312
vn 0.308920 0.872678 0.378156
vn 0.248444 0.834374 0.492032
vn 0.306283 0.799763 0.516304
vn 0.256029 0.860366 0.440703
vn 0.218048 0.927900 0.302419
vn 0.187997 0.855898 0.481763
vn 0.318669 0.792489 0.520010
vn 0.333578 0.773415 0.539031
vn 0.225339 0.847344 0.480864
vn 0.298687 0.783704 0.544605
vn 0.325552 0.573826 0.751492
vn 0.649319 0.236382 0.722848
vn 0.717713 -0.223494 0.659499
vn 0.404257 0.328115 0.853766
vn 0.538240 -0.264403 0.800243
vn 0.463965 0.616491 0.636141
vn 0.679740 -0.510370 0.526760
vn 0.607131 -0.637366 0.474508
vn -0.392324 0.063218 0.917652
vn -0.139049 0.206552 0.968505
vn -0.128614 -0.128063 0.983391
vn -0.342736 0.031010 0.938920
vn -0.262496 -0.020178 0.964722
vn -0.324316 0.012262 0.945869
vn -0.288984 -0.166366 0.942768
vn -0.296107 -0.143920 0.944250
vn -0.230848 -0.032655 0.972442
vn -0.238203 -0.006466 0.971194
vn 0.110099 0.293870 0.949483
vn 0.159450 -0.186593 0.969411
vn -0.362844 -0.260139 0.894803
vn -0.382410 -0.162178 0.909649
vn -0.119450 -0.481711 0.868151
vn -0.158818 -0.566363 0.808709
vn -0.397737 -0.201685 0.895058
vn -0.401952 -0.143509 0.904345
vn -0.385436 -0.110929 0.916042
vn -0.357067 -0.085619 0.930146
vn -0.191338 -0.591306 0.783420
vn 0.252010 -0.642199 0.723928
vn 0.309723 -0.824015 0.474416
vn 0.258935 -0.937885 0.230922
vn 0.175246 -0.927256 0.330886
vn 0.192713 -0.869070 0.455609
vn 0.293663 -0.944708 -0.145909
vn 0.218249 -0.834427 0.506062
vn 0.184271 -0.982829 -0.009554
vn 0.342211 -0.454818 0.822212
vn 0.180109 -0.345900 0.920823
vn 0.139060 -0.984024 0.111168
vn 0.131517 -0.946361 0.295135
vn 0.049209 -0.953659 0.296837
vn 0.057342 -0.973740 0.220322
vn -0.038584 -0.798858 0.600280
vn -0.065816 -0.847314 0.526998
vn -0.106042 -0.884661 0.454016
vn -0.151594 -0.832285 0.533217
vn 0.052291 -0.854923 0.516112
vn 0.045432 -0.838468 0.543053
vn -0.018301 -0.927032 0.374536
vn -0.035914 -0.932573 0.359190
vn -0.064987 -0.914980 0.398232
vn -0.063029 -0.894220 0.443168
vn 0.007708 -0.938259 0.345846
vn 0.044573 -0.881893 0.469338
vn 0.098382 -0.983492 0.151869
vn -0.694598 0.327235 -0.640665
vn -0.725172 0.122573 -0.677570
vn -0.874953 0.112807 -0.470884
vn -0.836740 0.289698 -0.464696
vn 0.255944 -0.963254 0.081455
vn 0.196176 -0.931700 0.305697
vn -0.914801 0.261279 -0.308013
vn -0.864954 0.410721 -0.288380
vn -0.783304 0.461539 -0.416432
vn -0.955967 -0.105175 -0.273981
vn -0.868532 0.005955 -0.495597
vn 0.118374 -0.690583 0.713500
vn 0.222370 -0.710183 0.667976
vn -0.002747 -0.638275 0.769803
vn 0.461343 -0.324539 0.825734
vn 0.669719 -0.108076 0.734708
vn 0.747772 -0.064686 0.660797
vn 0.209043 -0.781368 0.588018
vn 0.631190 -0.269700 0.727228
vn 0.565405 -0.176591 0.805688
vn 0.264951 -0.776632 0.571527
vn 0.233443 -0.795694 0.558906
vn 0.355936 -0.114097 0.927519
vn 0.637678 0.273460 0.720129
vn 0.805988 0.163000 0.569047
vn 0.647548 0.305362 0.698166
vn 0.796239 0.066444 0.601323
vn 0.273472 0.602299 0.749966
vn 0.304732 0.440676 0.844360
vn 0.426232 0.553377 0.715612
vn 0.450522 0.430623 0.782045
vn 0.232974 0.804188 0.546814
vn 0.194180 0.752575 0.629225
vn 0.104787 0.879569 0.464088
vn 0.106959 0.546270 0.830752
vn 0.476546 0.227333 0.849249
vn 0.030130 0.858438 0.512032
vn 0.803936 0.224564 0.550688
vn 0.744629 -0.026534 0.666950
vn 0.676357 0.022721 0.736223
vn 0.768206 0.193785 0.610169
vn 0.706979 -0.101529 0.699909
vn 0.836343 0.231417 0.496967
vn 0.669975 -0.013745 0.742256
vn 0.648746 0.052048 0.759223
vn 0.686918 -0.035198 0.725882
vn 0.723444 -0.028037 0.689813
vn 0.587756 -0.043376 0.807875
vn 0.591002 -0.086422 0.802028
vn 0.650789 0.052556 0.757437
vn 0.636927 0.057565 0.768772
vn 0.295145 -0.200213 0.934240
vn 0.112217 -0.160436 0.980647
vn 0.279940 0.004527 0.960007
vn 0.144247 -0.019591 0.989348
vn 0.397863 0.130145 0.908167
vn 0.420259 0.016670 0.907251
vn -0.115022 -0.145698 0.982620
vn -0.216996 0.173072 0.960708
vn -0.168740 0.318735 0.932703
vn -0.131415 0.289107 0.948234
vn -0.192945 0.112684 0.974718
vn -0.158807 0.005721 0.987293
vn -0.090512 0.241462 0.966180
vn -0.039345 0.150381 0.987845
vn -0.094618 -0.151766 0.983877
vn -0.009251 -0.138309 0.990346
vn 0.024334 0.104249 0.994253
vn -0.281941 0.000374 0.959432
vn -0.273255 -0.156474 0.949130
vn -0.286746 0.037180 0.957285
vn -0.276948 -0.162274 0.947084
vn 0.248311 -0.265914 0.931467
vn 0.274895 0.015007 0.961357
vn -0.023043 -0.301659 0.953137
vn -0.129886 -0.091092 0.987336
vn 0.091000 -0.483998 0.870325
vn 0.332761 -0.425282 0.841668
vn 0.395862 0.243106 0.885546
vn 0.486592 0.247342 0.837884
vn -0.028301 0.318896 0.947367
vn 0.115366 0.475162 0.872303
vn 0.560727 0.055985 0.826106
vn 0.476559 0.207255 0.854363
vn 0.541014 0.241550 0.805579
vn 0.418925 0.368688 0.829802
vn -0.897035 -0.392902 -0.202376
vn -0.957643 -0.081932 -0.276058
vn -0.157846 -0.128245 0.979101
vn -0.062902 -0.219969 0.973477
vn 0.091298 -0.214034 0.972550
vn 0.000997 -0.133959 0.990986
vn -0.300660 0.053790 0.952213
vn -0.378591 -0.046084 0.924416
vn -0.262514 -0.190989 0.945838
vn -0.183381 -0.283392 0.941308
vn -0.254212 -0.346935 0.902781
vn -0.259991 -0.352493 0.898974
vn -0.279018 -0.401906 0.872135
vn -0.275155 -0.378299 0.883844
vn -0.305735 -0.298085 0.904252
vn -0.365744 -0.317082 0.875037
vn -0.281152 -0.328466 0.901701
vn -0.263021 -0.359899 0.895150
vn -0.381451 -0.199563 0.902591
vn 0.396687 -0.488258 0.777331
vn 0.414207 -0.475184 0.776294
vn 0.486411 -0.415073 0.768843
vn 0.343165 -0.519834 0.782311
vn 0.294920 -0.536823 0.790470
vn 0.226152 -0.542207 0.809238
vn 0.226312 -0.210042 0.951139
vn 0.289203 -0.290195 0.912222
vn 0.615943 0.284579 0.734594
vn 0.726067 0.143827 0.672414
vn 0.540857 -0.204490 0.815878
vn 0.691402 -0.103492 0.715019
vn -0.816150 0.575549 -0.051401
vn -0.752420 0.651673 0.095848
vn -0.602058 0.796836 -0.050781
vn -0.691022 0.693639 -0.203353
vn 0.010912 -0.085191 0.996305
vn 0.019105 -0.278751 0.960173
vn -0.117745 -0.309830 0.943473
vn -0.154420 -0.121996 0.980444
vn -0.260999 -0.221261 0.939640
vn -0.200153 -0.376978 0.904337
vn -0.245372 -0.412540 0.877270
vn -0.325879 -0.281519 0.902524
vn -0.340938 -0.232034 0.911000
vn -0.282050 -0.309859 0.907984
vn 0.527892 -0.284025 0.800412
vn 0.444923 -0.421414 0.790224
vn -0.948365 0.110085 -0.297466
vn -0.271766 0.324726 0.905923
vn -0.378749 0.279579 0.882261
vn -0.331642 0.217952 0.917884
vn 0.014090 -0.340524 0.940130
vn -0.095501 -0.379508 0.920246
vn -0.202257 -0.411132 0.888855
vn -0.239725 -0.433189 0.868838
vn -0.256614 -0.447574 0.856637
vn -0.814081 -0.168180 0.555867
vn -0.714714 -0.160416 0.680772
vn -0.400862 0.153666 -0.903159
vn -0.333323 0.337501 -0.880335
vn -0.887935 0.354859 -0.292653
vn -0.591005 -0.624513 -0.510585
vn -0.342219 -0.881570 -0.325148
vn -0.105521 0.389686 0.914883
vn -0.363620 0.309700 0.878559
vn -0.177940 0.295289 0.938692
vn 0.755203 -0.640515 -0.139318
vn 0.835911 -0.548154 0.027914
vn 0.222894 -0.615226 0.756185
vn -0.880750 -0.423982 -0.210996
vn -0.873764 -0.448287 -0.188612
vn 0.832035 -0.536051 0.142712
vn -0.492487 -0.064253 0.867945
vn 0.033074 0.086289 -0.995721
vn 0.287455 0.022694 -0.957525
vn 0.324406 -0.068546 -0.943431
vn 0.262626 -0.064616 -0.962732
vn 0.404148 -0.052711 -0.913174
vn 0.137462 -0.149012 -0.979234
vn 0.066099 0.404220 0.912270
vn -0.595168 -0.010486 0.803533
vn -0.218513 -0.737185 -0.639383
vn 0.049060 -0.574585 -0.816973
vn 0.152579 -0.701100 -0.696548
vn -0.614391 -0.158790 0.772858
vn -0.844668 -0.535206 0.009506
vn -0.677138 -0.428028 -0.598561
vn -0.801982 0.270844 0.532418
vn -0.748767 -0.124669 -0.651003
vn -0.783070 -0.165948 -0.599385
vn -0.853400 -0.079912 -0.515095
vn -0.961067 -0.133435 0.241962
vn -0.953335 -0.102172 -0.284100
vn -0.734698 -0.018195 0.678150
vn -0.912164 -0.062698 0.405001
vn -0.144214 0.989461 0.012974
vn -0.524742 -0.224652 -0.821083
vn -0.423867 -0.217943 -0.879112
vn -0.418212 -0.283032 -0.863129
vn 0.205704 -0.768265 -0.606181
vn -0.337102 -0.307284 -0.889909
vn -0.632958 -0.470201 -0.615041
vn -0.253356 -0.550301 -0.795600
vn -0.812877 -0.553407 -0.181579
vn 0.282851 0.076806 0.956084
vn -0.661999 -0.469644 0.584116
vn -0.702053 -0.138355 0.698556
vn -0.637183 -0.220362 0.738538
vn -0.620966 0.238672 0.746617
vn 0.264159 -0.725152 0.635905
vn -0.911349 -0.365543 0.189263
vn 0.366989 0.061553 0.928187
vn 0.284730 0.681504 0.674152
vn 0.303850 0.808270 0.504355
vn 0.193366 0.394298 0.898409
vn 0.008895 0.092837 0.995642
vn -0.586494 -0.514758 0.625339
vn -0.446876 -0.256413 0.857061
vn -0.493628 -0.078238 0.866147
vn -0.195651 -0.326938 0.924571
vn -0.918858 -0.022937 0.393922
vn -0.876497 -0.145352 0.458939
vn 0.354001 0.864651 0.356457
vn 0.064506 -0.684243 0.726395
vn -0.754295 -0.030431 -0.655830
vn -0.525596 0.163004 0.834972
vn -0.489103 0.032518 0.871620
vn -0.162902 0.629198 0.759982
vn -0.816447 -0.316090 0.483221
vn -0.881224 -0.317513 0.350187
vn -0.726431 -0.508465 0.462344
vn -0.683128 -0.326905 0.653045
vn -0.772827 -0.115890 -0.623946
vn -0.257959 0.334204 0.906512
vn -0.819156 -0.074257 -0.568743
vn -0.667355 -0.120964 -0.734851
vn -0.690133 -0.177646 -0.701540
vn -0.752080 -0.098345 -0.651693
vn -0.345624 0.600142 0.721369
vn -0.295243 0.769054 0.566910
vn -0.188382 0.633269 0.750655
vn 0.079332 0.880129 0.468058
vn -0.038054 0.675437 0.736436
vn -0.271917 -0.737696 0.617953
vn -0.715405 -0.424282 0.555140
vn -0.808411 -0.084150 0.582572
vn -0.615279 0.026128 0.787876
vn -0.605784 0.104462 0.788742
vn 0.381182 0.203108 -0.901913
vn 0.257697 0.311274 -0.914713
vn -0.392267 -0.087614 0.915669
vn -0.308416 -0.082676 0.947652
vn 0.203342 -0.285718 0.936492
vn 0.050416 0.007003 0.998704
vn 0.133210 0.309799 0.941424
vn 0.352909 -0.113232 0.928781
vn 0.172370 0.911734 -0.372867
vn 0.272715 0.857540 -0.436179
vn 0.301929 0.933602 -0.192944
vn 0.220672 0.974816 0.032212
vn 0.071099 0.026305 0.997122
vn 0.189403 -0.070504 0.979365
vn 0.059863 -0.141550 0.988119
vn 0.016717 -0.080211 0.996638
vn 0.555800 0.144622 -0.818640
vn 0.597066 0.013894 -0.802072
vn 0.742881 -0.123107 -0.658006
vn 0.710862 0.187487 -0.677882
vn 0.469750 0.237288 -0.850311
vn 0.580346 0.375777 -0.722489
vn 0.466151 0.121858 -0.876273
vn 0.507961 0.061371 -0.859191
vn -0.013080 -0.248697 0.968493
vn 0.032748 -0.223500 0.974154
vn 0.070102 -0.283037 0.956544
vn -0.004910 -0.265709 0.964041
vn 0.372355 -0.027389 0.927686
vn 0.326594 -0.024571 0.944845
vn 0.176851 0.119318 0.976978
vn 0.195692 0.112683 0.974170
vn -0.037624 -0.071595 0.996724
vn 0.232490 -0.027207 0.972218
vn -0.655792 0.272399 0.704085
vn -0.766886 -0.012161 0.641668
vn -0.575431 -0.312995 0.755588
vn -0.695622 0.095720 0.712003
vn -0.316922 -0.718347 0.619304
vn -0.619067 -0.381898 0.686229
vn -0.132555 -0.713913 0.687573
vn -0.020705 -0.735814 0.676868
vn -0.371890 -0.663613 0.649089
vn -0.240049 -0.229258 0.943301
vn -0.118851 -0.327357 0.937396
vn 0.297461 -0.435556 0.849593
vn -0.015704 -0.869497 0.493689
vn -0.311200 -0.619759 0.720453
vn -0.447732 -0.729097 0.517642
vn -0.633876 -0.723819 0.272557
vn -0.474578 0.429602 0.768257
vn -0.418026 0.442032 0.793638
vn -0.446179 0.401956 0.799597
vn -0.436616 0.404901 0.803381
vn -0.355650 -0.457211 0.815151
vn -0.492674 -0.112837 0.862867
vn -0.296548 -0.436216 0.849573
vn -0.421478 -0.022908 0.906549
vn 0.011900 0.064785 0.997828
vn 0.015306 -0.588284 0.808510
vn 0.125195 -0.356995 0.925678
vn -0.057149 -0.791733 0.608189
vn -0.596883 0.627387 -0.500115
vn -0.540285 0.746378 -0.388604
vn -0.369688 0.922478 -0.111196
vn -0.301917 0.951522 -0.058757
vn 0.284722 -0.224211 0.932021
vn 0.321955 0.156480 0.933734
vn 0.019049 -0.871940 -0.489243
vn -0.096223 -0.923937 -0.370246
vn -0.013179 -0.969921 -0.243064
vn 0.070735 -0.929271 -0.362564
vn 0.195668 -0.866623 -0.458998
vn 0.188264 -0.788806 -0.585100
vn 0.024416 -0.826423 -0.562520
vn -0.138321 -0.881970 -0.450552
vn 0.144364 -0.974028 0.174436
vn 0.111033 -0.979042 0.170730
vn 0.203096 -0.728128 0.654661
vn 0.140956 -0.709437 0.690530
vn -0.034425 0.225469 0.973642
vn -0.068263 0.203672 0.976657
vn -0.076271 0.220585 0.972381
vn 0.052603 0.134128 0.989567
vn 0.006113 0.019907 0.999783
vn -0.065259 0.001660 0.997867
vn -0.037079 -0.202409 0.978599
vn -0.067393 -0.286842 0.955604
vn -0.073430 -0.471024 0.879059
vn -0.007426 -0.226855 0.973900
vn -0.174444 -0.408763 0.895814
vn -0.294927 -0.026892 0.955141
vn -0.070149 -0.371679 0.925707
vn -0.109858 0.578630 0.808157
vn -0.115270 0.550874 0.826590
vn 0.083982 0.209365 0.974224
vn 0.312995 0.291699 0.903851
vn 0.339675 0.226278 0.912918
vn 0.116346 0.288921 0.950257
vn -0.036019 0.311982 0.949405
vn -0.067574 0.117947 0.990718
vn 0.193155 -0.200210 0.960524
vn 0.087987 0.004682 0.996111
vn 0.112173 -0.300225 0.947250
vn -0.046920 -0.087365 0.995071
vn 0.022453 -0.370010 0.928756
vn -0.158739 -0.039181 0.986543
vn -0.113539 0.255552 0.960105
vn -0.096029 0.094804 0.990854
vn -0.157858 -0.223033 0.961944
vn 0.042344 -0.314147 0.948429
vn 0.143043 -0.282023 0.948684
vn 0.089441 -0.423714 0.901370
vn -0.029745 -0.436820 0.899057
vn -0.018053 -0.234824 0.971870
vn -0.027873 -0.244993 0.969124
vn -0.037266 -0.162723 0.985968
vn -0.062024 -0.087866 0.994199
vn -0.111571 -0.352329 0.929202
vn 0.091689 -0.517435 0.850796
vn 0.351551 -0.541211 0.763873
vn -0.026144 -0.554349 0.831874
vn 0.177115 -0.706587 0.685102
vn -0.077911 -0.479586 0.874030
vn 0.072169 -0.682130 0.727661
vn 0.020733 -0.606258 0.794998
vn -0.114943 -0.395888 0.911077
vn 0.472960 -0.806737 -0.354236
vn 0.330113 -0.900046 -0.284503
vn 0.217529 -0.953433 0.208917
vn 0.348341 -0.935763 0.054832
vn 0.590052 -0.694501 -0.411713
vn 0.614208 -0.769407 -0.175390
vn 0.654025 -0.420567 -0.628788
vn 0.491152 -0.645207 -0.585215
vn 0.767679 0.067821 -0.637235
vn 0.874039 0.126551 -0.469085
vn 0.867068 0.104680 0.487068
vn 0.473248 -0.775667 0.417585
vn 0.211888 -0.863185 0.458273
vn 0.122516 -0.795833 0.592992
vn 0.063906 -0.566506 0.821576
vn -0.025842 -0.490631 0.870984
vn 0.046675 -0.663817 0.746437
vn 0.091227 -0.777563 0.622152
vn 0.130037 -0.865806 0.483188
vn 0.203820 -0.703798 -0.680534
vn 0.180641 -0.983428 0.015425
vn 0.308724 -0.671205 -0.673924
vn 0.309313 -0.531380 -0.788645
vn 0.314986 -0.796346 -0.516349
vn 0.591514 -0.207400 -0.779163
vn 0.464577 -0.439188 -0.768949
vn 0.515521 -0.080842 -0.853055
vn 0.447077 -0.267144 -0.853672
vn 0.265332 -0.955792 -0.126729
vn -0.127328 -0.235498 0.963498
vn 0.125703 -0.510539 0.850617
vn 0.235247 -0.498292 0.834484
vn -0.012629 0.450048 0.892915
vn -0.083108 0.561041 0.823605
vn 0.316557 0.804636 0.502347
vn 0.129357 -0.416837 0.899730
vn 0.064886 -0.109136 0.991907
vn 0.328911 0.327751 -0.885661
vn 0.390332 0.489611 -0.779693
vn -0.061815 -0.220378 0.973454
vn -0.101485 -0.206462 0.973177
vn -0.107543 -0.178192 0.978101
vn -0.045464 -0.178438 0.982900
vn -0.180559 -0.108324 0.977581
vn -0.120916 -0.033872 0.992085
vn -0.125017 0.070388 0.989655
vn -0.211082 -0.009335 0.977424
vn -0.165885 0.216499 0.962086
vn -0.066236 0.320369 0.944974
vn 0.017540 0.980795 -0.194253
vn -0.041580 0.972817 -0.227812
vn -0.102589 0.748152 -0.655549
vn 0.055176 0.701045 -0.710980
vn 0.216517 0.610409 -0.761920
vn 0.151735 0.936755 -0.315382
vn -0.053255 0.869731 0.490645
vn 0.030945 0.955658 0.292849
vn -0.010066 0.888494 0.458778
vn -0.027248 -0.299754 0.953627
vn 0.007581 0.735583 0.677392
vn -0.111908 0.541498 0.833221
vn -0.049490 0.531309 0.845731
vn -0.113314 0.246148 0.962586
vn -0.181577 -0.044797 0.982356
vn -0.182552 -0.236965 0.954213
vn -0.062395 -0.244159 0.967726
vn -0.062392 -0.164014 0.984483
vn 0.079241 -0.280425 0.956600
vn 0.048231 -0.074628 0.996044
vn -0.026829 -0.416151 0.908900
vn 0.011217 -0.100973 0.994826
vn 0.062756 0.272352 0.960149
vn 0.079504 0.538544 0.838838
vn 0.247752 -0.021051 0.968595
vn -0.224389 -0.626496 0.746426
vn -0.307777 -0.724206 0.617089
vn -0.326267 -0.878783 0.348268
vn -0.111849 -0.889345 0.443345
vn -0.276321 -0.582251 0.764611
vn -0.214301 -0.681691 0.699552
vn -0.271408 -0.379567 0.884458
vn -0.351045 -0.253631 0.901354
vn -0.172708 -0.656019 0.734719
vn -0.159180 -0.392273 0.905971
vn 0.022076 -0.678052 0.734683
vn 0.068329 -0.353762 0.932836
vn 0.039484 0.228292 0.972792
vn 0.068626 -0.074854 0.994830
vn -0.259842 -0.137875 0.955758
vn -0.369394 0.096449 0.924254
vn -0.429796 0.344890 0.834462
vn -0.509010 0.313935 0.801470
vn -0.096222 0.969465 0.225562
vn 0.054227 0.861882 0.504201
vn -0.066129 0.984007 -0.165401
vn -0.128517 0.531980 -0.836947
vn -0.125924 0.596326 -0.792804
vn -0.193960 0.593458 -0.781145
vn -0.202284 0.516930 -0.831784
vn -0.107000 0.989333 -0.098854
vn -0.230542 0.768420 -0.596977
vn -0.148826 0.763280 -0.628693
vn 0.149249 0.844235 0.514774
vn 0.261229 0.557313 0.788138
vn 0.286922 0.259272 0.922200
vn -0.283984 0.596648 -0.750576
vn -0.303079 0.518150 -0.799790
vn 0.174221 0.444303 -0.878773
vn 0.117961 0.412820 -0.903142
vn 0.004018 0.548252 -0.836304
vn -0.017203 0.485273 -0.874193
vn 0.221435 -0.021176 0.974945
vn 0.260752 -0.261614 0.929283
vn 0.262872 -0.134052 0.955473
vn 0.224576 -0.492822 0.840650
vn -0.449833 0.860970 -0.237447
vn -0.538053 0.297112 0.788811
vn -0.509140 0.228456 0.829810
vn -0.408407 0.324653 0.853114
vn -0.442592 0.389626 0.807653
vn -0.528429 0.358791 0.769436
vn -0.444086 0.456252 0.771117
vn -0.364391 0.909915 0.198175
vn -0.316788 0.893067 0.319494
vn -0.158553 0.954724 0.251721
vn -0.395967 0.916438 0.057895
vn -0.552509 0.829313 0.083513
vn -0.516186 0.821321 0.242865
vn -0.454176 0.810395 0.370114
vn -0.832489 0.168102 -0.527924
vn -0.958239 -0.011433 -0.285740
vn -0.381148 0.807001 0.451084
vn -0.259145 0.874276 0.410471
vn -0.221765 0.827144 0.516384
vn -0.323203 0.767456 0.553671
vn -0.107013 0.932554 0.344807
vn -0.024766 0.947869 0.317698
vn -0.690642 -0.279471 -0.667016
vn -0.108753 0.531570 0.840004
vn -0.970896 -0.232606 -0.057055
vn -0.964169 -0.181005 0.193946
vn -0.778949 0.014833 0.626912
vn -0.085902 -0.840047 -0.535669
vn -0.210162 -0.786233 -0.581093
vn -0.914609 -0.073044 0.397687
vn -0.927385 -0.128028 0.351521
vn -0.932210 -0.272424 -0.238263
vn -0.376703 -0.278874 -0.883360
vn -0.392870 -0.107541 -0.913284
vn -0.397971 -0.349875 -0.848061
vn -0.204563 -0.167010 -0.964501
vn -0.035865 -0.014990 -0.999244
vn 0.071465 -0.240856 -0.967926
vn -0.631480 0.753837 -0.181556
vn 0.342723 0.783111 -0.518921
vn -0.090541 -0.867586 -0.488975
vn -0.230396 -0.914555 -0.332426
vn -0.428243 -0.897197 -0.107918
vn -0.385454 -0.886496 -0.256026
vn -0.113033 -0.675019 -0.729090
vn -0.502109 -0.765183 -0.402966
vn -0.793102 -0.015372 0.608895
vn -0.682444 -0.730472 -0.026095
vn -0.298579 -0.820810 -0.486951
vn -0.298343 -0.902232 -0.311399
vn -0.455535 -0.875484 -0.161292
vn -0.588783 -0.801441 -0.105012
vn -0.578773 -0.684435 -0.443363
vn -0.290978 -0.561510 -0.774621
vn 0.448287 -0.028287 -0.893442
vn 0.357142 -0.279687 -0.891193
vn 0.015394 0.640682 -0.767652
vn 0.021388 0.649311 -0.760222
vn 0.404544 0.384761 -0.829640
vn 0.501657 0.379399 -0.777430
vn -0.921048 -0.388207 -0.031068
vn -0.948691 -0.311513 -0.054272
vn -0.683570 0.102632 -0.722633
vn -0.691637 -0.041271 -0.721065
vn -0.972052 -0.092426 0.215807
vn -0.027386 0.667865 -0.743778
vn 0.549289 0.449105 -0.704689
vn -0.340590 0.046290 -0.939072
vn 0.747125 0.366960 -0.554206
vn 0.569134 0.045184 -0.821002
vn 0.556802 0.453717 -0.695782
vn 0.509816 0.329575 -0.794650
vn 0.461913 0.257232 -0.848804
vn -0.898588 0.399163 0.182230
vn -0.945334 -0.253615 0.204993
vn -0.862070 0.110829 0.494523
vn -0.941537 0.064073 0.330760
vn -0.847536 0.302039 0.436411
vn -0.928606 0.244019 0.279547
vn -0.982310 0.169180 0.080282
vn -0.990116 0.013808 0.139572
vn -0.823582 -0.222293 0.521822
vn 0.616171 0.603478 -0.506110
vn -0.526969 0.422283 0.737551
vn -0.630483 0.328416 0.703303
vn -0.431174 0.506602 0.746622
vn -0.424869 0.573670 0.700278
vn -0.541300 0.506773 0.670951
vn -0.675779 0.391359 0.624629
vn -0.789706 0.022511 0.613073
vn -0.786444 0.143475 0.600767
vn -0.737503 0.173371 0.652711
vn -0.760761 0.344227 0.550228
vn -0.631044 0.574256 0.521550
vn -0.705781 0.547579 0.449478
vn -0.562425 0.708865 0.425663
vn -0.630542 0.698161 0.339099
vn -0.686188 0.694298 0.217015
vn -0.783150 0.523546 0.335523
vn -0.539183 0.603206 0.587728
vn -0.414319 0.650594 0.636448
vn -0.486196 0.717570 0.498704
vn -0.407416 0.719624 0.562275
vn -0.699835 0.206077 0.683932
vn -0.900887 -0.343114 0.265849
vn -0.949313 -0.251357 0.188743
vn -0.855321 -0.140367 0.498722
vn -0.704439 -0.016437 0.709574
vn -0.680802 0.091345 0.726749
vn -0.790012 -0.008991 0.613026
vn -0.779932 -0.106465 0.616742
vn -0.659178 0.069671 0.748752
vn -0.749799 0.047423 0.659964
vn -0.695836 -0.026308 0.717718
vn -0.624724 0.007235 0.780812
vn -0.983243 0.132385 -0.125332
vn -0.994842 0.015583 -0.100231
vn -0.995117 -0.067278 -0.072217
vn -0.300052 0.207925 0.930987
vn -0.644312 0.503502 -0.575628
vn -0.315910 0.401029 0.859870
vn -0.861707 0.473760 -0.181692
vn -0.738788 0.588034 -0.329255
vn -0.859407 0.468354 0.205095
vn -0.922772 0.382997 0.042489
vn -0.944673 0.290306 -0.152696
vn -0.982271 -0.175223 -0.066640
vn -0.310618 0.707593 0.634688
vn -0.361835 -0.200773 0.910366
vn -0.278659 -0.061430 0.958423
vn -0.472816 -0.173483 0.863915
vn -0.247525 0.207000 0.946511
vn -0.255047 0.442171 0.859904
vn -0.307598 0.405298 0.860882
vn -0.313377 0.313948 0.896232
vn -0.103562 0.381424 0.918581
vn -0.115159 0.265282 0.957269
vn -0.510925 0.339986 0.789534
vn -0.440940 0.342326 0.829689
vn -0.402112 0.279317 0.871945
vn -0.527108 0.353916 0.772593
vn -0.569593 0.366663 0.735610
vn -0.400040 -0.193049 0.895936
vn -0.100725 0.032742 0.994375
vn -0.402796 0.254912 0.879076
vn 0.118453 0.236219 0.964453
vn 0.121506 0.097122 0.987828
vn -0.184960 0.178666 0.966368
vn 0.123241 0.349273 0.928881
vn -0.601913 0.436631 0.668622
vn -0.607688 0.252681 0.752906
vn -0.566505 0.439448 0.697107
vn -0.494454 0.453655 0.741426
vn -0.501231 0.425838 0.753280
vn -0.020892 0.428708 0.903202
vn 0.178190 0.376348 0.909181
vn 0.319949 0.064514 0.945236
vn 0.333038 0.045434 0.941818
vn 0.225426 0.227650 0.947290
vn 0.216342 0.218417 0.951572
vn 0.189626 0.317872 0.928978
vn 0.163162 0.301257 0.939480
vn 0.262178 -0.020153 0.964809
vn 0.143331 -0.086122 0.985920
vn 0.012350 -0.168157 0.985683
vn 0.044126 0.022098 0.998782
vn -0.091040 -0.107215 0.990059
vn 0.014156 0.136975 0.990473
vn -0.143879 -0.021453 0.989363
vn 0.149890 0.142492 0.978381
vn 0.116131 0.253036 0.960462
vn 0.146421 0.327591 0.933405
vn 0.183561 0.352722 0.917547
vn 0.096268 0.308443 0.946359
vn 0.048055 0.233200 0.971241
vn 0.124002 0.310083 0.942588
vn 0.131102 0.318105 0.938947
vn -0.123209 0.085076 0.988727
vn -0.030011 0.233650 0.971858
vn 0.009353 0.330329 0.943820
vn 0.262871 0.162658 0.951021
vn 0.361650 0.213555 0.907526
vn 0.167845 0.153093 0.973854
vn 0.090380 0.321695 0.942520
vn 0.122983 0.288682 0.949493
vn -0.171249 0.363051 0.915897
vn -0.111932 0.352895 0.928944
vn 0.033686 0.245025 0.968931
vn 0.090107 0.191038 0.977438
vn -0.043335 0.308964 0.950086
vn 0.365023 0.325978 0.872065
vn 0.195649 0.464644 0.863613
vn -0.975945 -0.070184 0.206412
vn -0.473755 0.413620 0.777480
vn -0.447881 0.392270 0.803447
vn 0.040956 -0.565731 0.823572
vn -0.105774 -0.434925 0.894233
vn -0.201800 -0.080395 0.976122
vn 0.148240 -0.590002 0.793677
vn -0.084045 0.493966 0.865410
vn -0.260570 0.359729 0.895934
vn -0.290240 0.045460 0.955873
vn -0.230276 -0.233172 0.944777
vn 0.108667 0.108801 0.988106
vn 0.205971 -0.233150 0.950377
vn -0.471986 0.186559 0.861641
vn -0.527575 0.089732 0.844756
vn -0.384103 0.222842 0.895995
vn -0.483276 0.127898 0.866075
vn -0.520551 -0.008629 0.853787
vn -0.577127 0.037503 0.815793
vn -0.607305 0.066350 0.791693
vn -0.587992 0.124254 0.799267
vn -0.339379 0.540985 0.769517
vn -0.333295 0.591117 0.734503
vn -0.330692 0.474772 0.815619
vn -0.220484 0.770103 0.598605
vn -0.228468 0.717179 0.658374
vn -0.322069 0.651340 0.687043
vn -0.232292 0.657336 0.716903
vn -0.232022 0.606778 0.760254
vn -0.220984 0.548051 0.806726
vn -0.189397 0.463469 0.865636
vn -0.125104 0.347907 0.929145
vn -0.995318 -0.076402 -0.059208
vn 0.345059 -0.929570 -0.129745
vn -0.048107 -0.952291 -0.301375
vn 0.046679 -0.468186 0.882396
vn -0.503635 -0.477749 0.719797
vn -0.104658 0.402228 0.909538
vn -0.503969 0.420661 0.754361
vn -0.434896 0.262052 0.861507
vn -0.034539 0.146694 0.988579
vn -0.945221 -0.202333 0.256161
vn -0.917361 0.104825 0.384006
vn -0.965789 0.173845 0.192430
vn 0.765721 0.117450 -0.632358
vn 0.626267 0.187533 -0.756717
vn 0.818871 -0.249095 0.517110
vn 0.897560 -0.132874 0.420394
vn 0.885735 -0.136191 0.443763
vn 0.793433 -0.195954 0.576252
vn 0.816516 0.386353 -0.428990
vn 0.797971 0.208197 -0.565593
vn 0.642836 0.340305 -0.686262
vn 0.613828 0.575320 -0.540576
vn 0.398707 0.411285 -0.819681
vn 0.316976 0.634617 -0.704831
vn 0.051195 0.584170 -0.810015
vn 0.151416 0.394864 -0.906176
vn -0.124642 0.330063 -0.935694
vn -0.176079 0.516549 -0.837958
vn 0.971030 -0.088244 0.222068
vn 0.997784 -0.033518 -0.057469
vn 0.998747 0.032083 -0.038399
vn 0.971818 -0.069588 0.225226
vn 0.930880 0.063239 -0.359811
vn 0.934533 0.167744 -0.313862
vn -0.344281 0.458024 -0.819564
vn -0.323037 0.265938 -0.908253
vn 0.734885 -0.103055 0.670316
vn 0.541318 -0.203393 0.815847
vn 0.598937 -0.281311 0.749759
vn 0.768289 -0.154648 0.621141
vn 0.859791 0.294574 0.417116
vn 0.800817 0.495044 0.337080
vn 0.613799 0.655770 0.439564
vn 0.596651 0.653700 0.465493
vn 0.514601 0.762568 0.392015
vn 0.500421 0.848678 0.171241
vn 0.833757 0.176699 0.523094
vn 0.595483 0.630011 0.498484
vn -0.402562 0.529243 -0.746891
vn -0.468430 0.523775 -0.711501
vn -0.410618 0.424920 -0.806744
vn -0.500927 0.424788 -0.754074
vn 0.512087 0.849003 0.130229
vn 0.301492 0.895890 -0.326317
vn 0.340918 0.907848 -0.244104
vn -0.447164 0.460936 -0.766539
vn -0.504653 0.405028 -0.762415
vn -0.336531 0.550362 -0.764100
vn -0.326413 0.574202 -0.750831
vn 0.391074 0.864123 -0.316785
vn 0.081010 0.789874 -0.607894
vn 0.015302 0.776837 -0.629516
vn 0.329973 0.877050 -0.349143
vn -0.378409 0.492816 -0.783543
vn -0.194327 0.649125 -0.735441
vn -0.146621 0.669346 -0.728339
vn -0.304424 0.564641 -0.767142
vn 0.578726 0.810003 0.094715
vn 0.666319 0.745383 0.020598
vn 0.704837 0.660719 0.258175
vn 0.842985 0.529896 0.092661
vn 0.949464 0.274241 0.152674
vn 0.183464 0.780574 -0.597533
vn -0.056573 0.686801 -0.724641
vn -0.242895 0.595728 -0.765578
vn -0.361010 0.536840 -0.762545
vn -0.471107 0.191689 -0.860996
vn -0.511597 0.191412 -0.837634
vn -0.458060 0.249562 -0.853171
vn -0.508869 0.246569 -0.824776
vn -0.424515 0.381458 -0.821143
vn -0.385856 0.498680 -0.776166
vn 0.583825 0.732040 0.351092
vn 0.923820 0.350651 -0.153625
vn 0.993075 0.117207 0.008018
vn 0.383866 0.829567 0.405543
vn 0.469169 0.762323 0.445808
vn 0.420437 0.775728 0.470616
vn 0.320198 0.661695 0.677962
vn -0.478241 0.283769 -0.831120
vn -0.502166 0.215887 -0.837390
vn -0.526318 0.295581 -0.797259
vn -0.460304 0.395529 -0.794781
vn 0.957131 0.058672 0.283651
vn 0.880151 -0.052631 0.471768
vn 0.667500 0.169623 0.725032
vn 0.510904 0.778132 -0.365360
vn 0.772012 0.606530 -0.190050
vn 0.970562 -0.046049 0.236410
vn 0.886575 -0.107590 0.449899
vn 0.653449 -0.317505 0.687165
vn 0.450622 0.550745 0.702581
vn 0.040894 0.826538 -0.561394
vn -0.198544 0.682532 -0.703370
vn -0.227843 0.671393 -0.705208
vn -0.488832 0.366398 -0.791704
vn -0.436667 0.371434 -0.819365
vn 0.469617 -0.333274 0.817550
vn 0.482936 -0.255327 0.837605
vn 0.460711 -0.379833 0.802167
vn -0.048158 0.770208 -0.635972
vn -0.267257 0.609686 -0.746228
vn 0.449144 -0.432243 0.781943
vn -0.414867 0.232355 -0.879714
vn -0.561495 0.230858 -0.794624
vn 0.497348 0.039994 0.866629
vn 0.431280 0.502580 0.749273
vn 0.349112 0.712267 0.608931
vn 0.695535 -0.367613 0.617327
vn 0.284270 0.480725 0.829514
vn 0.447747 0.083626 0.890241
vn 0.210774 0.659108 0.721908
vn -0.443488 0.504188 -0.741022
vn -0.415812 0.494254 -0.763422
vn 0.047891 -0.214459 0.975558
vn -0.064294 -0.099325 0.992976
vn -0.049127 -0.101725 0.993599
vn 0.107812 -0.166754 0.980087
vn -0.762050 0.369673 0.531622
vn -0.877739 0.180702 0.443758
vn -0.912888 0.326295 0.245288
vn -0.771720 0.565055 0.291823
vn -0.914639 0.402055 -0.042280
vn -0.775431 0.628753 -0.058105
vn -0.734562 0.582705 -0.347669
vn -0.867729 0.388773 -0.309680
vn -0.754245 0.327625 -0.569013
vn -0.642812 0.515595 -0.566528
vn -0.267272 -0.068279 0.961199
vn -0.519444 -0.043993 0.853371
vn -0.516858 0.028473 0.855597
vn -0.275063 -0.059351 0.959593
vn -0.750665 0.022066 0.660314
vn -0.714017 0.145466 0.684849
vn -0.544801 0.452305 -0.706125
vn -0.632179 0.263751 -0.728550
vn 0.212335 -0.094446 0.972622
vn 0.435566 -0.204508 0.876618
vn 0.351750 -0.270032 0.896301
vn 0.156216 -0.126842 0.979545
vn -0.087572 0.327652 0.940731
vn -0.095047 0.491949 0.865420
vn 0.067829 0.663410 0.745176
vn 0.089533 0.676614 0.730875
vn 0.072769 0.753055 0.653921
vn -0.120180 0.828421 0.547060
vn 0.015736 0.188947 0.981861
vn 0.120896 0.634030 0.763800
vn -0.157319 0.831238 0.533192
vn -0.447838 0.886906 0.113309
vn -0.405764 0.893943 0.190319
vn -0.439467 0.465582 -0.768181
vn -0.406921 0.406631 -0.817965
vn -0.495510 0.557109 -0.666408
vn -0.489022 0.582763 -0.649033
vn -0.476021 0.857691 0.194344
vn -0.574722 0.787644 -0.222064
vn -0.555503 0.779188 -0.290315
vn -0.474985 0.870844 0.126569
vn -0.488458 0.494574 -0.718892
vn -0.553470 0.644953 -0.526978
vn -0.569121 0.673395 -0.471848
vn -0.520123 0.561825 -0.643292
vn -0.212435 0.795069 0.568099
vn -0.308398 0.732085 0.607406
vn -0.119468 0.643165 0.756350
vn -0.312611 0.522025 0.793577
vn -0.328247 0.271804 0.904642
vn -0.622012 0.772347 -0.128766
vn -0.603596 0.692821 -0.394551
vn -0.541194 0.600958 -0.588181
vn -0.470124 0.552936 -0.687928
vn -0.504899 0.373512 -0.778181
vn -0.475563 0.514292 -0.713683
vn 0.006809 0.715616 0.698461
vn -0.564656 0.342327 0.750984
vn -0.482142 0.112164 0.868884
vn 0.147236 0.826703 0.543032
vn 0.133921 0.769426 0.624538
vn 0.182403 0.776626 0.602978
vn 0.413218 0.672481 0.614020
vn -0.478956 0.282900 -0.831005
vn -0.472233 0.209308 -0.856263
vn -0.426247 0.295152 -0.855102
vn -0.459022 0.398449 -0.794064
vn -0.254791 0.056126 0.965366
vn -0.052263 -0.035797 0.997992
vn 0.285410 0.173440 0.942582
vn -0.568905 0.772643 0.281727
vn -0.529826 0.596757 0.602632
vn -0.284534 -0.039387 0.957856
vn -0.058779 -0.074445 0.995491
vn 0.267889 -0.298506 0.916040
vn 0.367527 0.563411 0.739927
vn -0.526408 0.816975 -0.235469
vn -0.520446 0.683139 -0.512307
vn -0.504309 0.675072 -0.538469
vn -0.537291 0.767766 -0.349076
vn -0.517761 0.612362 -0.597442
vn 0.192701 -0.342496 0.919545
vn 0.566954 0.496546 0.657271
vn 0.542794 0.090060 0.835023
vn 0.508585 0.672621 0.537515
vn -0.213476 0.472445 0.855116
vn -0.798118 -0.161791 0.580371
vn -0.835441 -0.227846 0.500124
vn -0.781385 -0.331590 0.528665
vn -0.746282 -0.231020 0.624254
vn -0.707849 -0.456311 0.539194
vn -0.690695 -0.320596 0.648196
vn -0.642000 -0.537917 0.546335
vn -0.625137 -0.401356 0.669416
vn -0.571598 -0.551551 0.607508
vn -0.543263 -0.425981 0.723468
vn -0.382702 -0.487949 0.784503
vn -0.396264 -0.657130 0.641214
vn -0.353348 -0.716606 0.601349
vn -0.345194 -0.531206 0.773732
vn -0.189953 -0.818998 0.541443
vn -0.173016 -0.627715 0.758973
vn 0.025752 -0.886961 0.461125
vn 0.102078 -0.706379 0.700435
vn 0.263846 -0.886080 0.381114
vn 0.378591 -0.699918 0.605627
vn 0.482377 -0.194954 0.853993
vn 0.214670 -0.197034 0.956606
vn 0.170471 -0.457959 0.872475
vn 0.449968 -0.455465 0.768167
vn -0.037469 -0.158566 0.986637
vn -0.106526 -0.383698 0.917294
vn -0.181033 -0.166755 0.969237
vn -0.274956 -0.325143 0.904810
vn -0.223951 -0.257543 0.939956
vn -0.323889 -0.353627 0.877521
vn -0.239891 -0.327247 0.913981
vn -0.331116 -0.379990 0.863695
vn 0.005131 -0.944595 0.328199
vn 0.181807 -0.955099 0.233950
vn -0.174696 -0.890756 0.419565
vn -0.320081 -0.809416 0.492334
vn -0.375330 -0.761329 0.528682
vn -0.461840 -0.574767 0.675535
vn -0.453633 -0.725230 0.517938
vn -0.556764 -0.671006 0.489658
vn -0.630308 -0.614198 0.474840
vn -0.701758 -0.527011 0.479370
vn -0.803639 -0.388176 0.451092
vn -0.881037 -0.286077 0.376742
vn -0.850143 -0.173946 0.496991
vn 0.022783 -0.003254 0.999735
vn 0.227619 0.002265 0.973748
vn -0.084704 -0.081959 0.993030
vn -0.136541 -0.208173 0.968515
vn -0.132038 -0.270771 0.953546
vn -0.117517 -0.256107 0.959479
vn -0.115964 -0.276008 0.954134
vn -0.048306 -0.183843 0.981768
vn -0.102598 -0.214780 0.971259
vn -0.211231 -0.206200 0.955439
vn -0.288794 -0.248374 0.924612
vn -0.194236 -0.233395 0.952785
vn -0.101789 -0.222057 0.969706
vn -0.288161 -0.158842 0.944316
vn -0.371653 -0.237334 0.897522
vn 0.033391 -0.941973 0.334023
vn 0.188728 -0.952647 0.238422
vn -0.138465 -0.902405 0.408035
vn -0.275278 -0.853278 0.442874
vn -0.344268 -0.830431 0.438022
vn -0.421278 -0.794363 0.437621
vn -0.485816 -0.710759 0.508728
vn -0.569223 -0.608018 0.553443
vn -0.665058 -0.488373 0.564969
vn -0.812380 -0.408651 0.415984
vn -0.908515 -0.294815 0.296116
vn -0.244231 -0.781624 0.573947
vn -0.225226 -0.887585 0.401827
vn -0.208022 -0.936768 0.281412
vn -0.103752 -0.942803 0.316794
vn 0.002435 -0.967547 0.252681
vn 0.153459 -0.971369 0.181365
vn 0.000329 -0.936610 0.350372
vn 0.200158 -0.945455 0.257005
vn 0.092448 -0.764246 0.638264
vn 0.328569 -0.812404 0.481708
vn 0.057070 -0.647675 0.759777
vn 0.385610 -0.684459 0.618725
vn -0.246766 -0.319832 0.914776
vn -0.356655 -0.335029 0.872097
vn -0.345816 -0.266964 0.899523
vn -0.417519 -0.265234 0.869097
vn -0.434227 -0.333024 0.836984
vn -0.249434 -0.264483 0.931575
vn -0.519200 -0.312411 0.795506
vn -0.495144 -0.246959 0.832973
vn -0.429671 -0.211824 0.877789
vn -0.567959 -0.222335 0.792458
vn -0.601017 -0.270912 0.751921
vn -0.498996 -0.199027 0.843440
vn -0.580869 -0.168873 0.796287
vn -0.633633 -0.193708 0.748990
vn -0.657328 -0.219260 0.721003
vn -0.432275 -0.429468 0.792904
vn -0.708279 -0.174763 0.683958
vn -0.651087 -0.133890 0.747101
vn -0.688446 -0.162138 0.706933
vn -0.693923 -0.096642 0.713534
vn -0.721431 -0.140902 0.678000
vn -0.759626 -0.148426 0.633197
vn -0.835523 -0.149429 0.528746
vn 0.476199 -0.046415 0.878112
vn -0.878860 -0.351973 0.322056
vn -0.038955 0.249185 0.967672
vn -0.085441 0.341284 0.936069
vn -0.038229 0.318859 0.947031
vn 0.105966 0.217776 0.970229
vn 0.319370 0.105867 0.941698
vn 0.422582 -0.534045 0.732271
vn 0.484846 -0.020819 0.874352
vn 0.398312 -0.598194 0.695349
vn -0.431159 0.520569 -0.736960
vn 0.032435 0.952997 0.301240
vn 0.235086 0.954282 0.184608
vn 0.471701 -0.019247 0.881548
vn -0.410582 0.604257 -0.682859
vn 0.372702 0.617594 0.692583
vn 0.471458 -0.155339 0.868100
vn 0.470224 -0.190659 0.861707
vn 0.360331 0.592121 0.720801
vn 0.453851 0.369427 0.810891
vn 0.438116 0.301838 0.846728
vn 0.470693 -0.112281 0.875123
vn 0.406701 0.509364 0.758381
vn 0.217367 0.853497 0.473597
vn -0.445979 -0.319856 -0.835940
vn -0.501699 -0.319909 -0.803714
vn 0.417896 -0.546710 0.725583
vn -0.347420 0.761099 -0.547748
vn -0.110464 0.989073 -0.097636
vn -0.201570 -0.914697 -0.350284
vn 0.473519 0.057609 0.878898
vn 0.388093 0.595791 0.703148
vn -0.536163 -0.427222 -0.728018
vn -0.359580 -0.428289 -0.829018
vn 0.359409 0.621570 0.696043
vn 0.338460 0.730114 0.593614
vn 0.417814 0.522327 0.743375
vn 0.357263 0.644727 0.675789
vn -0.629339 0.121951 -0.767503
vn -0.354299 0.118702 -0.927568
vn -0.607597 0.333583 -0.720797
vn -0.326670 0.330440 -0.885492
vn 0.467372 0.230187 0.853568
vn -0.003956 0.965957 -0.258674
vn -0.230384 0.964889 -0.126149
vn 0.452629 0.274685 0.848337
vn 0.188436 -0.928762 0.319206
vn 0.217217 0.898088 0.382434
vn -0.621460 -0.158809 -0.767181
vn -0.354279 -0.161919 -0.921015
vn -0.361055 0.874145 -0.324823
vn -0.110425 0.873606 -0.473940
vn 0.318818 -0.764784 0.559876
vn 0.172087 0.936114 0.306720
vn 0.075821 -0.987533 0.137951
vn 0.304088 -0.751131 0.585946
vn -0.356207 -0.310545 -0.881293
vn -0.584642 -0.307915 -0.750588
vn -0.357661 -0.046540 -0.932691
vn -0.631059 -0.043420 -0.774519
vn 0.454933 0.300034 0.838460
vn 0.461831 0.195896 0.865065
vn -0.038029 0.939462 -0.340538
vn -0.283304 0.939088 -0.194559
vn 0.484734 0.092922 0.869712
vn 0.479197 0.174174 0.860252
vn 0.430154 0.133995 0.892756
vn 0.480551 -0.223272 0.848068
vn 0.433277 -0.502466 0.748197
vn -0.517595 0.641937 -0.565697
vn -0.239041 0.640344 -0.729945
vn 0.419197 -0.524874 0.740798
vn -0.098193 -0.980562 -0.169874
vn 0.364304 0.629960 0.685881
vn -0.159936 -0.946677 -0.279685
vn 0.465733 0.268519 0.843202
vn 0.364869 -0.642541 0.673804
vn 0.333438 -0.753864 0.566134
vn 0.400930 0.374919 0.835878
vn 0.372090 0.653524 0.659132
vn 0.449644 0.035217 0.892513
vn 0.436166 -0.430294 0.790320
vn -0.281614 0.516407 -0.808713
vn -0.564120 0.518905 -0.642266
vn 0.044714 0.982312 -0.181834
vn -0.185529 0.981471 -0.047892
vn -0.110615 0.989059 0.097606
vn 0.129110 0.990687 -0.043250
vn 0.394808 0.514473 0.761212
vn 0.363995 0.626832 0.688904
vn -0.436646 -0.131154 -0.890022
vn -0.553425 -0.131341 -0.822478
vn 0.428554 -0.414495 0.802830
vn 0.471064 -0.080960 0.878376
vn 0.267093 0.842839 0.467209
vn -0.358241 -0.454516 -0.815523
vn -0.524168 -0.454464 -0.720216
vn -0.049136 0.976532 0.209693
vn 0.192351 0.978828 0.069981
vn 0.306368 0.787183 0.535240
vn -0.483063 -0.519530 -0.704797
vn -0.366789 -0.518653 -0.772311
vn -0.345604 -0.514988 -0.784439
vn -0.503338 -0.515150 -0.693737
vn 0.229542 -0.867594 0.441124
vn 0.448142 -0.031057 0.893423
vn 0.176631 -0.930705 0.320296
vn -0.179688 0.763138 -0.620752
vn -0.452805 0.764438 -0.458914
vn 0.279736 -0.841785 0.461677
vn 0.868170 0.431224 0.245615
vn 0.886128 -0.154628 -0.436884
vn 0.832472 -0.227973 -0.504995
vn 0.833701 -0.295197 -0.466692
vn 0.901982 -0.204300 -0.380380
vn 0.819213 -0.420239 -0.390242
vn 0.905903 -0.284072 -0.314074
vn 0.798351 -0.506199 -0.326187
vn 0.900198 -0.365359 -0.236973
vn -0.109259 -0.782234 0.613329
vn -0.178284 -0.862794 0.473077
vn 0.832062 -0.500052 -0.240044
vn 0.914060 -0.380676 -0.139928
vn 0.375601 0.199917 0.904963
vn -0.020448 -0.491949 0.870384
vn -0.317271 0.510920 0.798937
vn -0.134434 0.114989 0.984228
vn 0.895295 -0.444399 0.030928
vn 0.792809 -0.607997 -0.042344
vn 0.745739 -0.663751 -0.057507
vn 0.874919 -0.483182 0.032429
vn 0.090116 -0.702531 0.705924
vn 0.634678 -0.771914 0.036492
vn 0.797559 -0.577984 0.172724
vn 0.460204 -0.863316 0.207118
vn 0.608607 -0.689444 0.392765
vn -0.315267 0.457746 0.831309
vn -0.483615 0.348277 0.803006
vn 0.727668 -0.187916 0.659687
vn 0.699889 -0.447250 0.556886
vn -0.308628 0.493058 0.813414
vn -0.405161 -0.529446 0.745339
vn -0.170753 -0.786770 0.593158
vn -0.061783 -0.109448 0.992071
vn -0.150571 0.184841 0.971165
vn 0.894269 -0.133182 0.427253
vn -0.140871 -0.543921 0.827227
vn -0.058129 -0.649577 0.758070
vn 0.879945 -0.350583 0.320607
vn 0.690328 -0.138112 0.710192
vn -0.204748 -0.259306 0.943842
vn -0.027297 -0.367701 0.929543
vn 0.050747 -0.535742 0.842855
vn -0.006455 -0.239918 0.970772
vn 0.744498 0.098247 0.660356
vn -0.368558 -0.254653 0.894046
vn -0.411880 0.458421 0.787531
vn 0.947918 -0.136230 0.287910
vn 0.943201 -0.289205 0.163501
vn 0.943018 -0.223997 0.246056
vn 0.940432 -0.317247 0.122240
vn -0.386513 -0.345344 0.855187
vn 0.932175 -0.291587 0.214537
vn 0.936395 -0.334241 0.106994
vn 0.356212 -0.928232 0.107228
vn 0.456729 -0.149109 0.877020
vn 0.096590 -0.186313 0.977731
vn -0.315436 0.511883 0.799047
vn 0.527650 -0.849392 -0.010883
vn 0.648696 -0.758023 -0.067780
vn 0.693160 -0.715794 -0.084663
vn 0.846906 -0.523252 -0.094641
vn 0.251352 -0.245364 0.936279
vn -0.188903 -0.793203 0.578917
vn -0.325312 -0.381677 0.865156
vn -0.242325 -0.512844 0.823571
vn -0.150695 -0.635716 0.757071
vn 0.710723 -0.681982 -0.172549
vn 0.728981 -0.616913 -0.296657
vn -0.304803 0.214938 0.927845
vn 0.743523 -0.569794 -0.350012
vn -0.360154 0.477833 0.801227
vn -0.311473 0.452916 0.835375
vn 0.780061 -0.477960 -0.403805
vn 0.790098 -0.335064 -0.513301
vn -0.218027 -0.860486 0.460465
vn 0.751481 -0.286950 -0.594085
vn 0.847180 -0.173573 -0.502153
vn 0.867047 0.018385 0.497887
vn 0.722607 0.000982 0.691258
vn 0.917425 -0.046405 0.395192
vn -0.232222 0.411386 0.881382
vn 0.922520 -0.170134 0.346425
vn 0.910169 -0.243749 0.334930
vn 0.914449 -0.204239 0.349384
vn -0.146124 -0.475288 0.867611
vn 0.910020 -0.236667 0.340370
vn 0.872125 -0.187551 0.451910
vn 0.902892 -0.175823 0.392267
vn 0.940050 -0.202125 0.274683
vn 0.952977 -0.234611 0.191815
vn 0.934421 -0.209112 0.288323
vn 0.366685 -0.605458 0.706373
vn -0.031181 -0.529160 0.847949
vn 0.897918 -0.223231 0.379356
vn 0.965072 -0.155861 0.210577
vn 0.966332 -0.230129 0.115075
vn 0.351008 -0.926346 0.136660
vn 0.353503 -0.378277 0.855536
vn 0.408822 -0.421072 0.809668
vn 0.503966 -0.863370 0.024697
vn 0.586905 -0.807473 -0.059408
vn 0.594841 -0.795817 -0.113307
vn 0.618953 -0.761279 -0.193266
vn 0.702901 -0.674320 -0.226326
vn 0.786426 -0.563568 -0.252836
vn 0.217540 -0.507610 0.833672
vn 0.300737 -0.154999 0.941027
vn 0.241713 -0.300256 0.922725
vn 0.839569 -0.436316 -0.323655
vn 0.471181 0.375446 0.798140
vn 0.015158 -0.977215 0.211709
vn 0.439732 -0.379585 0.813973
vn 0.188669 -0.857205 0.479170
vn 0.460684 -0.199035 0.864960
vn 0.773339 -0.341196 -0.534353
vn 0.490808 0.107800 0.864573
vn 0.697675 -0.283807 -0.657802
vn 0.463122 0.286504 0.838710
vn 0.644581 -0.764338 0.017402
vn 0.269574 -0.435947 0.858650
vn 0.503531 -0.862268 -0.054317
vn 0.419082 -0.902475 -0.099549
vn 0.449898 0.287734 0.845459
vn 0.026578 -0.953996 0.298638
vn 0.406899 -0.913356 0.014593
vn -0.015649 -0.944172 0.329082
vn 0.291417 -0.953509 0.076791
vn 0.470359 -0.070032 0.879692
vn 0.258187 0.046182 0.964991
vn -0.421150 0.238515 0.875067
vn 0.362994 -0.925012 0.112198
vn -0.519818 0.181669 0.834737
vn 0.553329 -0.760348 0.340144
vn -0.099829 0.340008 0.935109
vn -0.185665 0.346230 0.919594
vn 0.278885 -0.216286 0.935651
vn 0.670038 -0.636895 0.381333
vn 0.943009 -0.271963 0.191754
vn 0.955572 -0.280898 0.089319
vn 0.965240 -0.230012 0.124119
vn 0.969419 -0.237850 0.060456
vn 0.087717 0.281273 0.955610
vn -0.125695 0.827560 0.547125
vn 0.125456 0.269381 0.954827
vn -0.139283 0.279495 0.949991
vn 0.958699 -0.283106 0.027351
vn -0.111140 0.775264 0.621782
vn 0.954467 -0.216142 0.205607
vn 0.960727 -0.270074 -0.063739
vn 0.974014 -0.225476 -0.021410
vn 0.977413 -0.203973 0.055310
vn 0.973428 -0.197508 -0.115883
vn -0.283780 0.271398 0.919680
vn 0.959096 -0.233925 -0.159419
vn -0.268607 0.285572 0.919945
vn 0.433892 0.172964 0.884207
vn -0.297488 0.059894 0.952845
vn 0.982238 -0.185311 -0.029463
vn 0.340371 0.181000 0.922706
vn -0.299347 0.951383 0.072543
vn 0.979696 -0.150361 -0.132620
vn 0.965537 -0.167277 -0.199389
vn 0.955877 -0.181975 -0.230619
vn 0.926447 -0.376362 -0.006885
vn 0.104608 -0.522887 0.845959
vn 0.945308 -0.144926 -0.292214
vn 0.112453 0.239042 0.964476
vn 0.063073 0.265689 0.961993
vn 0.968613 -0.121659 -0.216768
vn -0.254199 0.951547 0.173036
vn -0.287818 0.345009 0.893381
vn -0.008312 0.515311 0.856963
vn -0.258432 -0.277063 0.925445
vn -0.076577 -0.468516 0.880130
vn -0.052021 0.614083 0.787525
vn 0.954543 -0.143082 -0.261487
vn 0.960813 -0.086039 -0.263505
vn 0.945248 -0.125684 -0.301182
vn -0.079715 0.671312 0.736876
vn 0.921644 -0.128593 -0.366111
vn 0.866996 -0.117888 -0.484169
vn -0.133532 0.876055 0.463354
vn 0.270441 0.396475 0.877308
vn 0.682843 -0.401146 -0.610580
vn 0.841781 0.245061 0.480988
vn 0.848753 0.346589 0.399368
vn -0.572042 0.077732 0.816533
vn -0.530051 -0.083022 0.843892
vn -0.211432 0.938205 0.273986
vn 0.246226 0.252349 0.935785
vn -0.415579 -0.110782 0.902785
vn -0.255801 0.965961 -0.038545
vn 0.845024 0.330637 0.420255
vn -0.257746 0.354210 0.898945
vn 0.793114 0.235501 0.561702
vn 0.629964 0.121754 0.767021
vn 0.013575 0.247653 0.968754
vn 0.166990 0.228114 0.959207
vn -0.403867 -0.107355 0.908497
vn 0.061191 0.488462 0.870437
vn -0.201610 0.473482 0.857419
vn -0.094240 0.719976 0.687570
vn -0.380481 0.369381 0.847816
vn -0.437730 0.157614 0.885184
vn 0.304526 0.316526 0.898374
vn 0.039215 0.378599 0.924730
vn -0.164201 0.915156 0.368140
vn 0.006073 0.310975 0.950399
vn 0.002035 0.970535 -0.240953
vn -0.216429 0.969668 -0.113592
vn 0.473793 0.172290 0.863618
vn -0.419180 0.306351 0.854656
vn 0.213017 -0.436886 0.873931
vn 0.183057 0.209726 0.960471
vn 0.433464 -0.492961 0.754386
vn -0.088160 -0.241194 0.966464
vn -0.003479 -0.349975 0.936752
vn 0.069121 -0.186774 0.979968
vn -0.138274 0.103522 0.984969
vn -0.144865 -0.068192 0.987099
vn -0.121993 -0.290820 0.948969
vn 0.076556 -0.374374 0.924112
vn 0.024891 -0.450426 0.892467
vn 0.109719 -0.291267 0.950329
vn 0.234029 -0.534305 0.812249
vn 0.450645 0.284628 0.846113
vn 0.105868 0.303015 0.947087
vn 0.359237 0.292083 0.886361
vn -0.054525 0.248278 0.967153
vn -0.075687 -0.124743 0.989298
vn -0.145620 -0.163154 0.975795
vn 0.558133 -0.811442 0.173347
vn 0.483939 -0.874086 0.042148
vn 0.500759 0.123572 0.856721
vn 0.784854 -0.414718 0.460449
vn 0.872179 0.484525 0.067376
vn 0.873995 0.103638 0.474756
vn 0.575776 -0.679236 0.455105
vn 0.906822 0.412118 0.088505
vn 0.952322 0.295925 -0.074233
vn 0.885790 0.456246 0.084944
vn 0.864976 -0.499283 -0.050329
vn 0.606395 -0.786086 0.119809
vn 0.912868 -0.114742 0.391799
vn 0.934983 0.185437 0.302356
vn 0.807369 -0.548153 0.218366
vn 0.668580 -0.687349 0.283817
vn 0.334628 -0.140573 0.931807
vn 0.941535 -0.051552 0.332947
vn 0.843536 -0.365826 0.393216
vn 0.669231 -0.573166 0.472875
vn 0.858458 -0.243192 0.451562
vn 0.232477 -0.030954 0.972109
vn 0.955098 -0.276970 0.105241
vn 0.909002 0.416446 -0.016975
vn 0.939607 -0.335417 0.068078
vn 0.508509 -0.162015 0.845677
vn 0.773313 -0.233230 0.589569
vn 0.863508 0.499893 0.066786
vn 0.709852 -0.142401 0.689806
vn 0.616716 -0.779559 0.109312
vn 0.897255 -0.424247 0.122263
vn 0.829907 -0.537152 0.150740
vn 0.749139 -0.615309 0.245327
vn 0.942904 0.217415 0.252313
vn 0.889527 0.456181 0.025320
vn 0.900685 0.426480 0.082949
vn 0.525832 -0.850529 0.010053
vn 0.892466 0.413724 0.179824
vn 0.847473 -0.422323 0.321610
vn 0.755669 -0.551423 0.353409
vn 0.567328 -0.355870 0.742627
vn 0.509551 -0.348415 0.786743
vn 0.587241 -0.531732 0.610253
vn 0.646146 -0.117400 0.754130
vn 0.660881 -0.287946 0.693054
vn 0.478295 0.273391 0.834560
vn 0.111231 -0.991830 0.062460
vn 0.494731 -0.338102 0.800580
vn 0.304753 -0.872693 0.381487
vn 0.518357 -0.261499 0.814202
vn 0.504525 0.056992 0.861514
vn 0.506244 0.192565 0.840616
vn 0.600315 -0.458062 0.655592
vn 0.522644 0.176569 0.834067
vn 0.187753 -0.975682 0.113112
vn 0.270859 -0.954171 0.127256
vn 0.690231 0.065749 0.720596
vn 0.974426 0.213964 0.068656
vn 0.986533 0.159209 -0.037491
vn 0.859351 0.360630 0.362578
vn 0.882383 0.373678 0.285944
vn 0.638517 -0.226184 0.735620
vn 0.778973 0.292498 0.554659
vn 0.532494 0.829102 0.170411
vn 0.759776 0.289727 0.582064
vn 0.892969 0.291259 0.343183
vn 0.592235 0.775360 0.219260
vn 0.943476 0.259877 0.205709
vn 0.938542 0.248816 0.239226
vn 0.513464 0.172077 0.840681
vn 0.982121 0.037616 0.184456
vn 0.608095 0.197204 0.768981
vn 0.201747 0.954184 -0.220979
vn 0.663960 -0.537809 0.519537
vn 0.775466 0.231625 0.587369
vn 0.812475 0.269049 0.517201
vn 0.267374 0.954273 -0.133692
vn 0.920101 0.330765 0.209781
vn 0.741634 0.538359 0.400184
vn 0.932394 -0.309087 0.187369
vn 0.794721 -0.489133 0.359398
vn 0.705506 0.625090 0.333951
vn 0.680037 0.670901 0.295704
vn 0.462000 0.878490 0.121701
vn 0.606354 0.324849 0.725815
vn 0.990431 0.090966 -0.103787
vn 0.996084 -0.032321 -0.082288
vn 0.335530 0.940951 -0.045068
vn 0.663532 0.205417 0.719395
vn 0.996215 -0.079850 0.034351
vn 0.084299 0.968293 -0.235164
vn 0.903117 0.363218 0.229026
vn 0.829385 0.278589 0.484261
vn 0.733333 0.216887 0.644347
vn 0.986825 -0.154839 0.046918
vn 0.712479 0.443715 0.543590
vn 0.836408 0.456698 0.303065
vn 0.643094 0.718830 0.264034
vn 0.927648 0.355527 0.114322
vn 0.992011 0.122397 0.030560
vn 0.596753 0.232411 0.768031
vn 0.776901 0.394920 0.490370
vn 0.394070 0.917927 0.046043
vn 0.829656 0.328485 0.451407
vn 0.956468 0.285528 0.060353
vn 0.622909 -0.445944 0.642743
vn 0.731520 0.240793 0.637885
vn 0.884592 -0.198156 0.422175
vn 0.831905 -0.293357 0.471037
vn 0.808673 -0.143881 0.570391
vn 0.921656 0.128802 0.366007
vn 0.922604 -0.039886 0.383681
vn 0.910530 -0.221208 0.349287
vn 0.776350 -0.326960 0.538868
vn 0.807891 -0.399808 0.432973
vn 0.771321 -0.245502 0.587191
vn 0.615923 -0.511842 0.598879
vn 0.770569 0.327500 0.546779
vn 0.562029 0.295155 0.772662
vn 0.868863 0.278267 0.409445
vn 0.893449 -0.086016 0.440851
vn 0.927926 -0.110503 0.356010
vn 0.730041 -0.134230 0.670091
vn 0.217425 -0.121262 0.968515
vn 0.313677 -0.035916 0.948850
vn 0.121782 -0.034626 0.991953
vn -0.075571 -0.032266 0.996618
vn -0.135844 -0.030681 0.990255
vn 0.318316 0.001736 0.947983
vn 0.129458 0.040055 0.990776
vn -0.064677 0.076086 0.995001
vn -0.123632 0.086903 0.988516
vn 0.329018 0.040672 0.943447
vn 0.150635 0.113469 0.982056
vn -0.034713 0.181246 0.982825
vn -0.091907 0.201095 0.975251
vn 0.344846 0.074022 0.935736
vn 0.182387 0.180528 0.966512
vn 0.012939 0.279448 0.960074
vn -0.040745 0.307643 0.950629
vn 0.367917 0.104623 0.923954
vn 0.225749 0.239637 0.944252
vn 0.075082 0.364588 0.928137
vn 0.026743 0.400592 0.915866
vn 0.395754 0.131464 0.908898
vn 0.278264 0.288767 0.916069
vn 0.150456 0.434320 0.888104
vn 0.108000 0.476857 0.872321
vn 0.426943 0.150089 0.891736
vn 0.338178 0.324618 0.883322
vn 0.236099 0.486279 0.841302
vn 0.201171 0.532866 0.821939
vn 0.458559 0.161524 0.873861
vn 0.400976 0.346851 0.847887
vn 0.327763 0.517897 0.790160
vn 0.302160 0.566794 0.766449
vn 0.492142 0.164884 0.854757
vn 0.466994 0.353873 0.810365
vn 0.423275 0.528530 0.735863
vn 0.406190 0.578956 0.706979
vn 0.526338 0.161651 0.834768
vn 0.532459 0.347220 0.771962
vn 0.518642 0.517968 0.680235
vn 0.510466 0.566998 0.646481
vn 0.559277 0.149672 0.815357
vn 0.595172 0.325109 0.734898
vn 0.609194 0.486727 0.626082
vn 0.609284 0.532505 0.587547
vn 0.589838 0.131237 0.796786
vn 0.653575 0.289427 0.699337
vn 0.692482 0.435324 0.575293
vn 0.700152 0.477014 0.531267
vn 0.615065 0.106263 0.781283
vn 0.703613 0.241263 0.668372
vn 0.765009 0.366118 0.529830
vn 0.778600 0.401905 0.481928
vn 0.636780 0.075846 0.767306
vn 0.744812 0.182621 0.641798
vn 0.823834 0.281685 0.491886
vn 0.842535 0.310107 0.440418
vn 0.651916 0.041448 0.757157
vn 0.774558 0.115671 0.621836
vn 0.867310 0.184709 0.462229
vn 0.889894 0.204225 0.407898
vn 0.661375 0.004152 0.750044
vn 0.792804 0.042800 0.607972
vn 0.893308 0.079997 0.442269
vn 0.918198 0.089514 0.385874
vn 0.663969 -0.034478 0.746965
vn 0.797770 -0.031581 0.602135
vn 0.901111 -0.028528 0.432648
vn 0.926554 -0.028610 0.375073
vn 0.660443 -0.071306 0.747483
vn 0.790662 -0.105216 0.603144
vn 0.890524 -0.136497 0.433977
vn 0.914809 -0.145672 0.376703
vn 0.650286 -0.106687 0.752160
vn 0.770611 -0.177337 0.612136
vn 0.861718 -0.241306 0.446333
vn 0.883191 -0.259934 0.390394
vn 0.633303 -0.142824 0.760611
vn 0.738253 -0.246250 0.627968
vn 0.814385 -0.340463 0.469960
vn 0.832526 -0.365790 0.416052
vn 0.610901 -0.173633 0.772432
vn 0.695397 -0.305582 0.650417
vn 0.752659 -0.425033 0.502844
vn 0.765652 -0.457942 0.451738
vn 0.583791 -0.199240 0.787078
vn 0.643663 -0.354208 0.678406
vn 0.678252 -0.493928 0.544067
vn 0.683965 -0.535462 0.495451
vn 0.552927 -0.218063 0.804189
vn 0.584142 -0.390135 0.711739
vn 0.592713 -0.546483 0.591648
vn 0.588770 -0.595043 0.547059
vn 0.520152 -0.229651 0.822619
vn 0.519881 -0.412789 0.747883
vn 0.499714 -0.579589 0.643710
vn 0.485312 -0.632667 0.603493
vn 0.484967 -0.233594 0.842758
vn 0.452684 -0.420057 0.786530
vn 0.401396 -0.592065 0.698813
vn 0.379983 -0.644313 0.663681
vn 0.450661 -0.230132 0.862522
vn 0.386091 -0.413272 0.824706
vn 0.305567 -0.581811 0.753741
vn 0.277338 -0.632108 0.723549
vn 0.418322 -0.218679 0.881582
vn 0.322748 -0.390765 0.862054
vn 0.215374 -0.548937 0.807640
vn 0.179990 -0.597274 0.781580
vn 0.388430 -0.200649 0.899368
vn 0.264648 -0.355472 0.896438
vn 0.131538 -0.495203 0.858762
vn 0.088354 -0.538310 0.838103
vn 0.362204 -0.174958 0.915532
vn 0.214398 -0.306959 0.927259
vn 0.059018 -0.425694 0.902941
vn 0.009824 -0.460726 0.887488
vn 0.340955 -0.145393 0.928768
vn 0.173584 -0.249212 0.952766
vn 0.001030 -0.341703 0.939807
vn -0.053137 -0.367970 0.928318
vn 0.499337 -0.034996 0.865701
vn 0.326176 -0.111460 0.938715
vn 0.144666 -0.182859 0.972437
vn -0.042565 -0.244999 0.968588
vn -0.099727 -0.262557 0.959749
vn 0.316784 -0.072618 0.945714
vn 0.126351 -0.109077 0.985970
vn -0.068383 -0.140637 0.987697
vn -0.127432 -0.149044 0.980585
vn -0.128884 -0.031076 0.991173
vn -0.257576 -0.028764 0.965830
vn -0.445955 -0.023303 0.894752
vn -0.610487 -0.017056 0.791843
vn -0.752055 -0.010278 0.659020
vn -0.812145 -0.006565 0.583419
vn -0.910483 0.000913 0.413546
vn -0.945852 0.004884 0.324561
vn -0.990394 0.012250 0.137729
vn -0.998153 0.018820 -0.057768
vn -0.967548 0.024753 -0.251472
vn -0.900138 0.029890 -0.434578
vn -0.797860 0.033891 -0.601890
vn -0.665124 0.036579 -0.745837
vn -0.116564 0.085572 0.989490
vn -0.243691 0.107224 0.963907
vn -0.429923 0.137806 0.892287
vn -0.592163 0.162524 0.789259
vn -0.732729 0.180486 0.656150
vn -0.890500 0.195409 0.410884
vn -0.792600 0.187287 0.580266
vn -0.926624 0.196245 0.320711
vn -0.971688 0.194431 0.134238
vn -0.981626 0.181463 -0.059002
vn -0.953426 0.163154 -0.253692
vn -0.888945 0.139137 -0.436368
vn -0.790188 0.109523 -0.602999
vn -0.661086 0.075913 -0.746460
vn -0.084737 0.198997 0.976330
vn -0.206626 0.239546 0.948643
vn -0.386714 0.294520 0.873905
vn -0.544033 0.336205 0.768761
vn -0.681253 0.365053 0.634531
vn -0.740468 0.374302 0.558217
vn -0.838566 0.381963 0.388474
vn -0.875204 0.380472 0.298763
vn -0.923344 0.366789 0.113586
vn -0.937984 0.337953 -0.077283
vn -0.916259 0.296400 -0.269476
vn -0.859577 0.244131 -0.448919
vn -0.769715 0.182512 -0.611742
vn -0.650441 0.113616 -0.751011
vn -0.034437 0.304358 0.951935
vn -0.148063 0.362785 0.920035
vn -0.317277 0.440046 0.840057
vn -0.467452 0.496790 0.731224
vn -0.599969 0.535155 0.594681
vn -0.657853 0.546897 0.517817
vn -0.755910 0.554442 0.348128
vn -0.793806 0.550274 0.258980
vn -0.846593 0.526728 0.076410
vn -0.868962 0.482261 -0.111041
vn -0.857362 0.419408 -0.298375
vn -0.813112 0.341098 -0.471700
vn -0.737554 0.249537 -0.627491
vn -0.633714 0.148672 -0.759146
vn 0.032643 0.396846 0.917305
vn -0.070315 0.470511 0.879588
vn -0.224891 0.567127 0.792332
vn -0.365142 0.637604 0.678330
vn -0.491868 0.684234 0.538414
vn -0.548270 0.697936 0.460744
vn -0.646446 0.705211 0.291178
vn -0.685857 0.698939 0.202693
vn -0.744166 0.667630 0.022068
vn -0.773880 0.612646 -0.160543
vn -0.778413 0.528608 -0.338597
vn -0.751374 0.426147 -0.503822
vn -0.694695 0.308456 -0.649811
vn -0.611427 0.178961 -0.770798
vn 0.112540 0.472943 0.873876
vn 0.024912 0.559112 0.828718
vn -0.113285 0.671427 0.732361
vn -0.241369 0.753274 0.611817
vn -0.360888 0.806711 0.467950
vn -0.415555 0.822045 0.389302
vn -0.513869 0.829271 0.219655
vn -0.555309 0.821081 0.132130
vn -0.622500 0.781233 -0.046570
vn -0.663450 0.714999 -0.220475
vn -0.684334 0.617934 -0.387098
vn -0.676534 0.496049 -0.544276
vn -0.642829 0.356877 -0.677797
vn -0.584745 0.204144 -0.785111
vn 0.201625 0.528973 0.824339
vn 0.132347 0.625973 0.768533
vn 0.015053 0.749613 0.661706
vn -0.100581 0.839341 0.534219
vn -0.212169 0.897867 0.385771
vn -0.264662 0.914576 0.305785
vn -0.363072 0.921721 0.136413
vn -0.406858 0.912117 0.050085
vn -0.482693 0.866979 -0.123916
vn -0.539200 0.790714 -0.289886
vn -0.576312 0.683900 -0.447377
vn -0.591571 0.548109 -0.591287
vn -0.584123 0.392841 -0.710265
vn -0.554049 0.222799 -0.802116
vn 0.302524 0.565628 0.767166
vn 0.246244 0.668825 0.701454
vn 0.152851 0.796978 0.584348
vn 0.051712 0.891842 0.449382
vn -0.051311 0.954049 0.295224
vn -0.200464 0.978675 0.044834
vn -0.101970 0.971480 0.214076
vn -0.246245 0.968360 -0.040530
vn -0.331297 0.920063 -0.209110
vn -0.402778 0.838325 -0.367396
vn -0.457971 0.724660 -0.514908
vn -0.499908 0.580259 -0.642956
vn -0.520450 0.415205 -0.746148
vn -0.520920 0.234443 -0.820779
vn 0.406008 0.578592 0.707382
vn 0.363136 0.683263 0.633470
vn 0.290339 0.813281 0.504259
vn 0.208414 0.909324 0.360129
vn 0.115246 0.972933 0.200301
vn 0.067025 0.990797 0.117593
vn -0.031565 0.998117 -0.052586
vn -0.079946 0.987454 -0.136176
vn -0.174245 0.938238 -0.298913
vn -0.261326 0.853635 -0.450573
vn -0.335836 0.737571 -0.585835
vn -0.403737 0.592523 -0.697075
vn -0.454485 0.422819 -0.784007
vn -0.486720 0.238384 -0.840403
vn 0.509664 0.566358 0.647673
vn 0.482036 0.669919 0.564667
vn 0.426954 0.799297 0.422889
vn 0.362140 0.892523 0.268806
vn 0.280015 0.954372 0.103760
vn 0.234630 0.971895 0.019209
vn 0.137085 0.979085 -0.150335
vn 0.085904 0.968816 -0.232414
vn -0.017991 0.920608 -0.390074
vn -0.121212 0.837438 -0.532921
vn -0.218745 0.723299 -0.654972
vn -0.306332 0.581481 -0.753684
vn -0.388005 0.416079 -0.822393
vn -0.452813 0.234633 -0.860179
vn 0.610448 0.530265 0.588365
vn 0.598357 0.627896 0.497711
vn 0.562678 0.752486 0.342284
vn 0.509715 0.841601 0.178600
vn 0.437995 0.898927 0.009476
vn 0.297172 0.922644 -0.245799
vn 0.394884 0.915576 -0.076072
vn 0.244362 0.913066 -0.326494
vn 0.131508 0.868071 -0.478705
vn 0.013596 0.790243 -0.612643
vn -0.105144 0.682277 -0.723493
vn -0.216540 0.549091 -0.807223
vn -0.325138 0.395181 -0.859137
vn -0.420250 0.223180 -0.879534
vn 0.699890 0.473888 0.534401
vn 0.703576 0.561641 0.435363
vn 0.688933 0.673763 0.267236
vn 0.647267 0.756313 0.095059
vn 0.582801 0.808747 -0.079189
vn 0.444455 0.830685 -0.335294
vn 0.542253 0.823697 -0.165788
vn 0.389500 0.822492 -0.414485
vn 0.268480 0.782861 -0.561291
vn 0.136981 0.713525 -0.687109
vn 0.000235 0.616915 -0.787029
vn -0.135610 0.497187 -0.856980
vn -0.264391 0.356325 -0.896175
vn -0.389107 0.204925 -0.898110
vn 0.777403 0.397652 0.487357
vn 0.795516 0.472544 0.379285
vn 0.796698 0.570155 0.200489
vn 0.767305 0.640940 0.020954
vn 0.709366 0.686807 -0.158414
vn 0.572725 0.707088 -0.414744
vn 0.670388 0.700132 -0.245755
vn 0.515893 0.700809 -0.492668
vn 0.387769 0.668161 -0.634978
vn 0.244529 0.610129 -0.753624
vn 0.091847 0.528875 -0.843715
vn -0.064499 0.427355 -0.901780
vn -0.214536 0.308304 -0.926781
vn -0.362877 0.180872 -0.914115
vn 0.841021 0.306177 0.446025
vn 0.870443 0.363952 0.331465
vn 0.885582 0.441472 0.144388
vn 0.865304 0.499535 -0.041405
vn 0.812607 0.537777 -0.224645
vn 0.774924 0.549318 -0.312638
vn 0.677077 0.556614 -0.481401
vn 0.618688 0.552548 -0.558494
vn 0.484649 0.528400 -0.697072
vn 0.332029 0.484194 -0.809514
vn 0.166517 0.421535 -0.891392
vn -0.005662 0.342675 -0.939437
vn -0.176368 0.251265 -0.951714
vn -0.341544 0.150625 -0.927718
vn 0.887604 0.201399 0.414244
vn 0.924257 0.242728 0.294674
vn 0.949191 0.297887 0.101490
vn 0.936336 0.339728 -0.088656
vn 0.887993 0.368292 -0.275372
vn 0.753896 0.384574 -0.532676
vn 0.851412 0.377257 -0.364382
vn 0.694265 0.383183 -0.609235
vn 0.555807 0.369032 -0.744912
vn 0.396075 0.340702 -0.852670
vn 0.221123 0.299169 -0.928225
vn 0.037386 0.246215 -0.968494
vn -0.146598 0.184092 -0.971915
vn -0.326319 0.115371 -0.938193
vn 0.915503 0.087321 0.392720
vn 0.956300 0.110092 0.270870
vn 0.987163 0.141845 0.073408
vn 0.978629 0.166559 -0.120596
vn 0.932674 0.184949 -0.309697
vn 0.896788 0.191307 -0.398964
vn 0.799533 0.198674 -0.566811
vn 0.739413 0.199769 -0.642931
vn 0.598408 0.196238 -0.776787
vn 0.434241 0.185019 -0.881591
vn 0.253646 0.166547 -0.952851
vn 0.063052 0.141854 -0.987878
vn -0.128981 0.111846 -0.985319
vn -0.316797 0.076851 -0.945375
vn 0.923369 -0.029862 0.382750
vn 0.965212 -0.027544 0.260014
vn 0.997948 -0.021566 0.060284
vn 0.990735 -0.015334 -0.134943
vn 0.945726 -0.006902 -0.324893
vn 0.910136 -0.001799 -0.414305
vn 0.812450 0.005975 -0.583001
vn 0.752351 0.009538 -0.658693
vn 0.610784 0.016302 -0.791629
vn 0.445388 0.022732 -0.895049
vn 0.263067 0.028412 -0.964359
vn 0.070593 0.032782 -0.996966
vn -0.123146 0.037820 -0.991668
vn -0.314731 0.038340 -0.948406
vn 0.911959 -0.144959 0.383820
vn 0.951590 -0.161485 0.261532
vn 0.981622 -0.180206 0.062802
vn 0.972587 -0.191624 -0.131735
vn 0.926882 -0.195435 -0.320460
vn 0.792558 -0.187630 -0.580212
vn 0.891191 -0.193847 -0.410123
vn 0.732678 -0.181227 -0.656003
vn 0.592084 -0.163708 -0.789073
vn 0.428872 -0.139732 -0.892493
vn 0.248883 -0.109974 -0.962270
vn 0.059341 -0.076379 -0.995311
vn -0.132794 -0.038091 -0.990411
vn -0.319708 -0.001137 -0.947515
vn 0.880547 -0.257356 0.398001
vn 0.915725 -0.290379 0.277719
vn 0.938878 -0.334465 0.081495
vn 0.924621 -0.364242 -0.111372
vn 0.875171 -0.379727 -0.299807
vn 0.838049 -0.382150 -0.389403
vn 0.740228 -0.374898 -0.558134
vn 0.681120 -0.365924 -0.634173
vn 0.543524 -0.337515 -0.768547
vn 0.385225 -0.296254 -0.873977
vn 0.211750 -0.243374 -0.946536
vn 0.029908 -0.181299 -0.982973
vn -0.153254 -0.112598 -0.981751
vn -0.330454 -0.039425 -0.942998
vn 0.830720 -0.362111 0.422825
vn 0.856707 -0.414978 0.306344
vn 0.868594 -0.482159 0.114311
vn 0.846917 -0.526461 -0.074634
vn 0.793268 -0.550525 -0.260094
vn 0.657559 -0.547326 -0.517736
vn 0.755485 -0.554633 -0.348748
vn 0.599677 -0.535871 -0.594331
vn 0.466850 -0.497795 -0.730925
vn 0.316039 -0.440750 -0.840154
vn 0.152732 -0.366802 -0.917676
vn -0.016698 -0.279002 -0.960145
vn -0.185296 -0.179620 -0.966127
vn -0.347128 -0.074474 -0.934856
vn 0.763763 -0.455195 0.457671
vn 0.777546 -0.525456 0.345424
vn 0.775364 -0.610400 0.161931
vn 0.744238 -0.667577 -0.021214
vn 0.684925 -0.699688 -0.203260
vn 0.547811 -0.698392 -0.460599
vn 0.645728 -0.705802 -0.291340
vn 0.491511 -0.684859 -0.537945
vn 0.364832 -0.638330 -0.677815
vn 0.223948 -0.567487 -0.792342
vn 0.073922 -0.474752 -0.877010
vn -0.079710 -0.363570 -0.928150
vn -0.228153 -0.238538 -0.943952
vn -0.369461 -0.104683 -0.923331
vn 0.680977 -0.534682 0.500386
vn 0.681480 -0.615975 0.395170
vn 0.663405 -0.714534 0.222115
vn 0.620563 -0.782773 0.046573
vn 0.554102 -0.821941 -0.131851
vn 0.512997 -0.829963 -0.219080
vn 0.415081 -0.822465 -0.388921
vn 0.360632 -0.807214 -0.467279
vn 0.241291 -0.753786 -0.611217
vn 0.112539 -0.671618 -0.732301
vn -0.020125 -0.563363 -0.825964
vn -0.153103 -0.433278 -0.888161
vn -0.280015 -0.287029 -0.916082
vn -0.396068 -0.129887 -0.908988
vn -0.500666 0.037916 -0.864810
vn 0.586702 -0.594217 0.550171
vn 0.574070 -0.681533 0.453824
vn 0.537835 -0.791011 0.291606
vn 0.481311 -0.867646 0.124619
vn 0.405888 -0.912592 -0.049303
vn 0.362305 -0.922195 -0.135243
vn 0.264467 -0.914822 -0.305218
vn 0.212129 -0.898208 -0.384998
vn 0.101103 -0.839521 -0.533838
vn -0.013388 -0.749069 -0.662356
vn -0.127912 -0.629487 -0.766411
vn -0.237843 -0.485333 -0.841358
vn -0.338807 -0.322963 -0.883688
vn -0.426861 -0.148537 -0.892035
vn 0.486238 -0.629966 0.605571
vn 0.459132 -0.721332 0.518534
vn 0.402558 -0.837889 0.368630
vn 0.331083 -0.920000 0.209723
vn 0.245859 -0.968442 0.040909
vn 0.102180 -0.971652 -0.213192
vn 0.199689 -0.978890 -0.043564
vn 0.051712 -0.954290 -0.294375
vn -0.050392 -0.892344 -0.448534
vn -0.149759 -0.797404 -0.584567
vn -0.243677 -0.671260 -0.700022
vn -0.329524 -0.517516 -0.789678
vn -0.402481 -0.345358 -0.847784
vn -0.459750 -0.160218 -0.873476
vn 0.383625 -0.640626 0.665154
vn 0.340148 -0.735149 0.586391
vn 0.262708 -0.853813 0.449430
vn 0.175561 -0.937935 0.299092
vn 0.080634 -0.987489 0.135514
vn -0.066081 -0.990953 -0.116816
vn 0.031925 -0.998121 0.052308
vn -0.114134 -0.973255 -0.199372
vn -0.206906 -0.910122 -0.358982
vn -0.287954 -0.814259 -0.504047
vn -0.363662 -0.686183 -0.630002
vn -0.424608 -0.528558 -0.735074
vn -0.468310 -0.352844 -0.810054
vn -0.493955 -0.164156 -0.853851
vn 0.280499 -0.628391 0.725566
vn 0.221784 -0.720927 0.656563
vn 0.123045 -0.838394 0.530995
vn 0.019862 -0.920904 0.389283
vn -0.084589 -0.969148 0.231511
vn -0.135419 -0.979417 0.149682
vn -0.233340 -0.972205 -0.019258
vn -0.279125 -0.954674 -0.103379
vn -0.360434 -0.893961 -0.266310
vn -0.426814 -0.799735 -0.422200
vn -0.483421 -0.671129 -0.562041
vn -0.519286 -0.517999 -0.679720
vn -0.533803 -0.345752 -0.771693
vn -0.528046 -0.160425 -0.833925
vn 0.184095 -0.593941 0.783162
vn 0.109499 -0.680901 0.724143
vn -0.011898 -0.791859 0.610588
vn -0.129917 -0.869051 0.477360
vn -0.243029 -0.913808 0.325410
vn -0.295970 -0.923284 0.244843
vn -0.393890 -0.916026 0.075804
vn -0.437484 -0.899174 -0.009691
vn -0.509578 -0.842209 -0.176109
vn -0.565337 -0.751812 -0.339371
vn -0.599512 -0.629920 -0.493747
vn -0.609709 -0.486325 -0.625894
vn -0.596688 -0.323742 -0.734271
vn -0.560547 -0.148973 -0.814613
vn 0.094240 -0.536266 0.838771
vn 0.004597 -0.616116 0.787642
vn -0.136369 -0.715696 0.684969
vn -0.267412 -0.784456 0.559570
vn -0.388461 -0.823658 0.413141
vn -0.541461 -0.824423 0.164762
vn -0.443573 -0.831682 0.333987
vn -0.582441 -0.809089 0.078339
vn -0.644370 -0.758982 -0.093452
vn -0.688673 -0.674602 -0.265784
vn -0.704813 -0.564434 -0.429712
vn -0.692735 -0.434787 -0.575394
vn -0.654114 -0.288147 -0.699361
vn -0.590596 -0.130517 -0.796343
vn 0.016234 -0.458602 0.888493
vn -0.087821 -0.527332 0.845108
vn -0.245019 -0.612036 0.751916
vn -0.387523 -0.669825 0.633373
vn -0.515366 -0.702226 0.491199
vn -0.572114 -0.708371 0.413396
vn -0.669659 -0.701343 0.244283
vn -0.708221 -0.687990 0.158403
vn -0.766718 -0.641738 -0.017751
vn -0.797744 -0.568875 -0.199963
vn -0.796372 -0.476336 -0.372687
vn -0.765032 -0.365379 -0.530305
vn -0.704232 -0.240057 -0.668154
vn -0.616380 -0.105488 -0.780351
vn -0.046711 -0.366217 0.929356
vn -0.161768 -0.419549 0.893202
vn -0.332980 -0.485600 0.808280
vn -0.484997 -0.529782 0.695780
vn -0.618544 -0.554016 0.557198
vn -0.676609 -0.558168 0.480259
vn -0.774267 -0.551022 0.311265
vn -0.811950 -0.539452 0.223000
vn -0.864817 -0.500201 0.043481
vn -0.884749 -0.443958 -0.141850
vn -0.870881 -0.368999 -0.324662
vn -0.823843 -0.280675 -0.492446
vn -0.745035 -0.181381 -0.641890
vn -0.637621 -0.075330 -0.766659
vn -0.092834 -0.261136 0.960828
vn -0.215931 -0.296556 0.930284
vn -0.397386 -0.340802 0.852020
vn -0.556295 -0.369850 0.744142
vn -0.694177 -0.384671 0.608397
vn -0.851019 -0.379303 0.363175
vn -0.753542 -0.386233 0.531976
vn -0.887553 -0.370240 0.274176
vn -0.935301 -0.342128 0.090339
vn -0.948740 -0.300245 -0.098716
vn -0.925516 -0.246456 -0.287539
vn -0.866942 -0.184052 -0.463180
vn -0.774867 -0.114547 -0.621659
vn -0.653123 -0.040364 -0.756175
vn -0.120844 -0.147830 0.981602
vn -0.248310 -0.164301 0.954645
vn -0.435236 -0.184376 0.881235
vn -0.598489 -0.196705 0.776606
vn -0.739314 -0.200928 0.642684
vn -0.896819 -0.193539 0.397818
vn -0.799268 -0.200224 0.566640
vn -0.932860 -0.186472 0.308222
vn -0.977863 -0.169815 0.122258
vn -0.987066 -0.144109 -0.070234
vn -0.958120 -0.113508 -0.262912
vn -0.892696 -0.079279 -0.443632
vn -0.792805 -0.041702 -0.608047
vn -0.662457 -0.002726 -0.749095
vn 0.315888 -0.033457 0.948206
vn 0.124823 -0.031539 0.991678
vn -0.073272 -0.029976 0.996861
vn -0.135422 -0.031756 0.990279
vn 0.319649 0.003427 0.947530
vn 0.132221 0.040816 0.990380
vn -0.060968 0.076534 0.995201
vn -0.121764 0.085486 0.988871
vn 0.330066 0.039471 0.943132
vn 0.152902 0.112743 0.981789
vn -0.031381 0.180902 0.983000
vn -0.089130 0.200584 0.975614
vn 0.346352 0.074449 0.935146
vn 0.184849 0.179995 0.966143
vn 0.015598 0.278406 0.960337
vn -0.037908 0.306190 0.951215
vn 0.368953 0.104546 0.923550
vn 0.228010 0.238932 0.943887
vn 0.077861 0.363718 0.928249
vn 0.029883 0.399114 0.916414
vn 0.395625 0.130494 0.909094
vn 0.279502 0.287791 0.915999
vn 0.152904 0.433520 0.888077
vn 0.111647 0.475199 0.872766
vn 0.426982 0.149159 0.891873
vn 0.338770 0.323783 0.883402
vn 0.237827 0.485442 0.841299
vn 0.204426 0.531413 0.822076
vn 0.460347 0.161392 0.872945
vn 0.402514 0.346551 0.847281
vn 0.329695 0.517482 0.789628
vn 0.304791 0.566734 0.765451
vn 0.494325 0.164871 0.853499
vn 0.468577 0.353819 0.809473
vn 0.425423 0.528840 0.734400
vn 0.409530 0.579847 0.704317
vn 0.528689 0.161528 0.833305
vn 0.534662 0.347080 0.770501
vn 0.520418 0.518976 0.678107
vn 0.512521 0.568500 0.643529
vn 0.560833 0.150264 0.814179
vn 0.597084 0.325093 0.733352
vn 0.610385 0.487759 0.624117
vn 0.610443 0.535030 0.584040
vn 0.590659 0.132152 0.796026
vn 0.654876 0.289622 0.698038
vn 0.693581 0.436096 0.573381
vn 0.700042 0.478931 0.529685
vn 0.617278 0.106053 0.779565
vn 0.705356 0.241096 0.666593
vn 0.766191 0.366451 0.527887
vn 0.779197 0.402099 0.480800
vn 0.638820 0.075971 0.765596
vn 0.746251 0.182798 0.640074
vn 0.825076 0.281893 0.489680
vn 0.843605 0.309286 0.438944
vn 0.653726 0.042060 0.755561
vn 0.775955 0.116090 0.620014
vn 0.868862 0.184323 0.459461
vn 0.890790 0.203650 0.406226
vn 0.663276 0.004152 0.748363
vn 0.794562 0.042611 0.605686
vn 0.895004 0.078676 0.439066
vn 0.918867 0.088598 0.384493
vn 0.665996 -0.034060 0.745177
vn 0.799940 -0.031819 0.599236
vn 0.902649 -0.029239 0.429383
vn 0.926897 -0.028876 0.374202
vn 0.662323 -0.071396 0.745809
vn 0.792705 -0.105799 0.600355
vn 0.892056 -0.136373 0.430857
vn 0.915300 -0.144780 0.375853
vn 0.652274 -0.107320 0.750347
vn 0.772234 -0.179415 0.609479
vn 0.862792 -0.241581 0.444105
vn 0.884083 -0.257634 0.389899
vn 0.635769 -0.142579 0.758596
vn 0.740739 -0.246829 0.624805
vn 0.816013 -0.339112 0.468108
vn 0.833477 -0.364289 0.415463
vn 0.613912 -0.172892 0.770208
vn 0.698315 -0.305230 0.647450
vn 0.754970 -0.423991 0.500252
vn 0.766098 -0.458741 0.450168
vn 0.586603 -0.198756 0.785107
vn 0.646217 -0.354606 0.675764
vn 0.680086 -0.494581 0.541177
vn 0.684915 -0.536254 0.493277
vn 0.556965 -0.217130 0.801651
vn 0.587872 -0.390241 0.708603
vn 0.594353 -0.547730 0.588843
vn 0.591267 -0.594648 0.544792
vn 0.523515 -0.228496 0.820805
vn 0.523700 -0.413274 0.744945
vn 0.502610 -0.580889 0.640275
vn 0.490831 -0.630253 0.601553
vn 0.488756 -0.232703 0.840813
vn 0.457384 -0.420488 0.783575
vn 0.407823 -0.591870 0.695248
vn 0.387567 -0.643187 0.660381
vn 0.454486 -0.228442 0.860963
vn 0.390487 -0.412993 0.822774
vn 0.311217 -0.580778 0.752224
vn 0.282947 -0.631667 0.721760
vn 0.421363 -0.217063 0.880532
vn 0.327057 -0.390249 0.860662
vn 0.219460 -0.548524 0.806820
vn 0.182047 -0.595841 0.782197
vn 0.391000 -0.197588 0.898932
vn 0.268466 -0.353810 0.895960
vn 0.134586 -0.495892 0.857891
vn 0.088897 -0.537520 0.838552
vn 0.364356 -0.172045 0.915230
vn 0.218232 -0.305213 0.926941
vn 0.061391 -0.426739 0.902289
vn 0.009722 -0.461059 0.887316
vn 0.343695 -0.141709 0.928328
vn 0.177859 -0.245843 0.952852
vn 0.002266 -0.341824 0.939761
vn -0.054471 -0.369439 0.927657
vn 0.501168 -0.033938 0.864685
vn 0.327058 -0.104506 0.939208
vn 0.147458 -0.176171 0.973252
vn -0.041712 -0.242099 0.969354
vn -0.101898 -0.262157 0.959630
vn 0.318503 -0.070472 0.945299
vn 0.129810 -0.104934 0.985971
vn -0.067021 -0.136477 0.988374
vn -0.129217 -0.146656 0.980711
vn -0.126639 -0.033907 0.991369
vn -0.253650 -0.031962 0.966768
vn -0.443284 -0.026582 0.895987
vn -0.610052 -0.020026 0.792109
vn -0.753464 -0.012128 0.657377
vn -0.910291 0.000121 0.413968
vn -0.813478 -0.007594 0.581546
vn -0.946003 0.003905 0.324134
vn -0.990737 0.011210 0.135334
vn -0.998056 0.018216 -0.059596
vn -0.967387 0.024521 -0.252113
vn -0.899787 0.029773 -0.435311
vn -0.798006 0.033743 -0.601705
vn -0.665215 0.036714 -0.745748
vn -0.114407 0.083464 0.989922
vn -0.240559 0.105673 0.964865
vn -0.427902 0.137499 0.893305
vn -0.592510 0.162526 0.788998
vn -0.734212 0.180249 0.654556
vn -0.890858 0.193365 0.411074
vn -0.793851 0.185896 0.579002
vn -0.926881 0.194453 0.321060
vn -0.972597 0.191266 0.132186
vn -0.981583 0.180583 -0.062333
vn -0.953302 0.162747 -0.254418
vn -0.888601 0.138916 -0.437140
vn -0.790907 0.108283 -0.602279
vn -0.661266 0.075505 -0.746342
vn -0.082330 0.197640 0.976811
vn -0.204808 0.238485 0.949304
vn -0.385575 0.294445 0.874433
vn -0.544388 0.336085 0.768563
vn -0.682657 0.363922 0.633672
vn -0.839283 0.380088 0.388764
vn -0.741766 0.372738 0.557539
vn -0.875919 0.378558 0.299099
vn -0.924485 0.364575 0.111412
vn -0.938169 0.336612 -0.080814
vn -0.916281 0.295658 -0.270213
vn -0.859454 0.243509 -0.449490
vn -0.769294 0.183804 -0.611884
vn -0.650275 0.113401 -0.751187
vn -0.031956 0.302731 0.952540
vn -0.146525 0.361209 0.920901
vn -0.317138 0.438820 0.840750
vn -0.468746 0.495673 0.731153
vn -0.601533 0.533907 0.594223
vn -0.659400 0.545379 0.517448
vn -0.757140 0.552702 0.348224
vn -0.794887 0.548584 0.259249
vn -0.848160 0.524577 0.073783
vn -0.869377 0.480650 -0.114713
vn -0.857553 0.418490 -0.299115
vn -0.813425 0.340103 -0.471879
vn -0.739213 0.248751 -0.625849
vn -0.633821 0.148619 -0.759068
vn 0.034758 0.395471 0.917821
vn -0.068265 0.470792 0.879599
vn -0.223719 0.567495 0.792401
vn -0.365956 0.637699 0.677802
vn -0.493443 0.683638 0.537730
vn -0.549945 0.696954 0.460234
vn -0.647832 0.703952 0.291146
vn -0.687054 0.697665 0.203029
vn -0.746440 0.665126 0.020850
vn -0.777672 0.607271 -0.162632
vn -0.779308 0.526361 -0.340035
vn -0.751735 0.426262 -0.503185
vn -0.696973 0.306760 -0.648172
vn -0.611345 0.178685 -0.770928
vn 0.114512 0.472073 0.874090
vn 0.025258 0.560476 0.827785
vn -0.112176 0.672149 0.731869
vn -0.241427 0.753854 0.611079
vn -0.361834 0.806532 0.467527
vn -0.515160 0.828509 0.219504
vn -0.416781 0.821530 0.389077
vn -0.556502 0.820224 0.132428
vn -0.623353 0.780598 -0.045808
vn -0.666645 0.711347 -0.222642
vn -0.684699 0.614951 -0.391181
vn -0.679473 0.495358 -0.541236
vn -0.643580 0.357381 -0.676819
vn -0.584588 0.203904 -0.785290
vn 0.205676 0.528936 0.823362
vn 0.131170 0.627534 0.767461
vn 0.014703 0.750573 0.660624
vn -0.100591 0.839180 0.534470
vn -0.213237 0.897611 0.385777
vn -0.364226 0.921259 0.136458
vn -0.265885 0.914211 0.305817
vn -0.407971 0.911599 0.050458
vn -0.483581 0.866562 -0.123373
vn -0.540664 0.788760 -0.292473
vn -0.577594 0.681812 -0.448907
vn -0.594612 0.548907 -0.587484
vn -0.584107 0.392704 -0.710354
vn -0.553905 0.222576 -0.802278
vn 0.306990 0.565826 0.765243
vn 0.247317 0.669240 0.700680
vn 0.150651 0.797400 0.584343
vn 0.050986 0.891239 0.450659
vn -0.052472 0.953878 0.295571
vn -0.103524 0.971284 0.214220
vn -0.201808 0.978381 0.045208
vn -0.247443 0.968071 -0.040130
vn -0.332221 0.919803 -0.208787
vn -0.404445 0.836565 -0.369572
vn -0.462798 0.723446 -0.512294
vn -0.499330 0.582730 -0.641167
vn -0.520521 0.415030 -0.746196
vn -0.521062 0.234116 -0.820782
vn 0.410324 0.577921 0.705438
vn 0.365240 0.682255 0.633347
vn 0.288994 0.812978 0.505519
vn 0.206416 0.909222 0.361536
vn 0.113610 0.973003 0.200894
vn -0.032918 0.998075 -0.052566
vn 0.065675 0.990848 0.117932
vn -0.081251 0.987353 -0.136135
vn -0.175050 0.938116 -0.298824
vn -0.262236 0.854521 -0.448360
vn -0.342828 0.739043 -0.579901
vn -0.405526 0.592058 -0.696431
vn -0.454608 0.422647 -0.784029
vn -0.486929 0.238086 -0.840366
vn 0.513857 0.564731 0.645778
vn 0.484235 0.667955 0.565113
vn 0.427528 0.797827 0.425079
vn 0.361057 0.892575 0.270089
vn 0.278650 0.954773 0.103745
vn 0.135757 0.979250 -0.150467
vn 0.233465 0.972174 0.019286
vn 0.084516 0.968878 -0.232665
vn -0.019000 0.920370 -0.390586
vn -0.121773 0.840410 -0.528094
vn -0.217182 0.726268 -0.652202
vn -0.310165 0.580612 -0.752787
vn -0.388944 0.415366 -0.822310
vn -0.452873 0.234307 -0.860236
vn 0.611371 0.529826 0.587801
vn 0.599306 0.625999 0.498957
vn 0.563698 0.750850 0.344192
vn 0.510472 0.840872 0.179870
vn 0.437227 0.899304 0.009231
vn 0.394094 0.915923 -0.075995
vn 0.296050 0.923000 -0.245817
vn 0.243009 0.913333 -0.326757
vn 0.131216 0.869926 -0.475407
vn 0.011622 0.795608 -0.605700
vn -0.105310 0.684534 -0.721334
vn -0.219652 0.548943 -0.806482
vn -0.326130 0.393379 -0.859588
vn -0.420346 0.222944 -0.879548
vn 0.698873 0.474747 0.534970
vn 0.704351 0.560636 0.435405
vn 0.688921 0.673491 0.267950
vn 0.647847 0.755673 0.096191
vn 0.582413 0.809063 -0.078820
vn 0.443259 0.831436 -0.335015
vn 0.541470 0.824311 -0.165295
vn 0.388001 0.823195 -0.414494
vn 0.270450 0.784928 -0.557445
vn 0.140622 0.716218 -0.683563
vn 0.000525 0.617578 -0.786510
vn -0.136551 0.497348 -0.856737
vn -0.268691 0.357779 -0.894315
vn -0.390309 0.204425 -0.897702
vn 0.777795 0.398606 0.485951
vn 0.795693 0.473040 0.378294
vn 0.796760 0.570032 0.200590
vn 0.767271 0.640948 0.021935
vn 0.708867 0.687562 -0.157373
vn 0.571405 0.708444 -0.414250
vn 0.669576 0.701212 -0.244886
vn 0.514300 0.702089 -0.492510
vn 0.389678 0.670469 -0.631366
vn 0.248250 0.612476 -0.750497
vn 0.092268 0.529430 -0.843321
vn -0.064040 0.427860 -0.901573
vn -0.218392 0.309570 -0.925457
vn -0.364443 0.179322 -0.913797
vn 0.841643 0.305845 0.445079
vn 0.870041 0.365563 0.330746
vn 0.884590 0.443610 0.143908
vn 0.864527 0.500949 -0.040543
vn 0.811884 0.539426 -0.223302
vn 0.675687 0.558666 -0.480978
vn 0.774046 0.551125 -0.311632
vn 0.617176 0.554414 -0.558318
vn 0.486540 0.530505 -0.694149
vn 0.335823 0.485837 -0.806961
vn 0.166889 0.422061 -0.891074
vn -0.005168 0.343103 -0.939284
vn -0.177520 0.250810 -0.951620
vn -0.343146 0.149103 -0.927372
vn 0.888146 0.200672 0.413434
vn 0.924629 0.242055 0.294058
vn 0.949163 0.298271 0.100618
vn 0.936000 0.340731 -0.088357
vn 0.887658 0.370001 -0.274158
vn 0.752611 0.387069 -0.532686
vn 0.850924 0.379272 -0.363429
vn 0.692723 0.385902 -0.609273
vn 0.556466 0.372442 -0.742720
vn 0.399492 0.341983 -0.850561
vn 0.221531 0.299421 -0.928047
vn 0.037984 0.246414 -0.968420
vn -0.147689 0.183993 -0.971769
vn -0.327601 0.114012 -0.937912
vn 0.915777 0.087172 0.392114
vn 0.956639 0.110023 0.269696
vn 0.987282 0.141633 0.072206
vn 0.978624 0.166952 -0.120096
vn 0.933052 0.185562 -0.308189
vn 0.799175 0.201061 -0.566475
vn 0.896963 0.192665 -0.397916
vn 0.739139 0.202460 -0.642404
vn 0.598563 0.200468 -0.775586
vn 0.435656 0.186105 -0.880664
vn 0.254050 0.166492 -0.952753
vn 0.063771 0.141707 -0.987852
vn -0.129776 0.111231 -0.985285
vn -0.318300 0.076285 -0.944916
vn 0.923394 -0.029347 0.382730
vn 0.965584 -0.025630 0.258825
vn 0.998039 -0.019294 0.059554
vn 0.990800 -0.012298 -0.134776
vn 0.946189 -0.005135 -0.323573
vn 0.812501 0.006214 -0.582927
vn 0.910538 -0.001228 -0.413424
vn 0.752598 0.009937 -0.658405
vn 0.611324 0.017164 -0.791195
vn 0.445712 0.023061 -0.894879
vn 0.263431 0.028275 -0.964264
vn 0.071130 0.032486 -0.996938
vn -0.124736 0.035194 -0.991566
vn -0.315704 0.036329 -0.948162
vn 0.911897 -0.144004 0.384325
vn 0.951790 -0.160541 0.261385
vn 0.981691 -0.180038 0.062196
vn 0.972514 -0.191757 -0.132086
vn 0.926608 -0.195701 -0.321091
vn 0.792773 -0.188270 -0.579711
vn 0.890513 -0.194991 -0.411054
vn 0.732960 -0.181740 -0.655546
vn 0.592422 -0.164333 -0.788689
vn 0.429161 -0.139727 -0.892355
vn 0.249206 -0.110010 -0.962182
vn 0.059778 -0.076699 -0.995261
vn -0.132971 -0.041182 -0.990264
vn -0.319567 -0.003066 -0.947559
vn 0.881201 -0.255663 0.397645
vn 0.915670 -0.291651 0.276564
vn 0.938398 -0.336185 0.079929
vn 0.924218 -0.365094 -0.111924
vn 0.875288 -0.379797 -0.299374
vn 0.838564 -0.381396 -0.389035
vn 0.740535 -0.374498 -0.557996
vn 0.681313 -0.365595 -0.634155
vn 0.544226 -0.337172 -0.768201
vn 0.385885 -0.295542 -0.873927
vn 0.212029 -0.243066 -0.946553
vn 0.030271 -0.181290 -0.982964
vn -0.153157 -0.112766 -0.981747
vn -0.329803 -0.039800 -0.943210
vn 0.830884 -0.362562 0.422114
vn 0.857125 -0.415380 0.304625
vn 0.869194 -0.481274 0.113478
vn 0.847608 -0.525328 -0.074775
vn 0.794011 -0.549564 -0.259857
vn 0.756129 -0.553791 -0.348691
vn 0.657983 -0.546650 -0.517911
vn 0.600359 -0.535148 -0.594294
vn 0.468155 -0.496401 -0.731038
vn 0.316362 -0.439643 -0.840612
vn 0.153089 -0.366030 -0.917925
vn -0.016109 -0.278070 -0.960426
vn -0.184780 -0.178424 -0.966448
vn -0.346198 -0.073831 -0.935252
vn 0.763649 -0.456394 0.456666
vn 0.778977 -0.523640 0.344958
vn 0.777202 -0.608200 0.161399
vn 0.745614 -0.666022 -0.021791
vn 0.685936 -0.698522 -0.203859
vn 0.548435 -0.697639 -0.460998
vn 0.646536 -0.704834 -0.291892
vn 0.492174 -0.684082 -0.538328
vn 0.365746 -0.637049 -0.678527
vn 0.224326 -0.566209 -0.793149
vn 0.074686 -0.473803 -0.877458
vn -0.077912 -0.363241 -0.928432
vn -0.227896 -0.238203 -0.944099
vn -0.368851 -0.104146 -0.923636
vn 0.682812 -0.533109 0.499562
vn 0.684777 -0.611988 0.395664
vn 0.665900 -0.712381 0.221564
vn 0.622258 -0.781523 0.044906
vn 0.555281 -0.820911 -0.133297
vn 0.514006 -0.828974 -0.220455
vn 0.415858 -0.821653 -0.389805
vn 0.361177 -0.806429 -0.468213
vn 0.241883 -0.752638 -0.612396
vn 0.113003 -0.670341 -0.733398
vn -0.020206 -0.562487 -0.826559
vn -0.152939 -0.433160 -0.888247
vn -0.280030 -0.286962 -0.916098
vn -0.396057 -0.129937 -0.908986
vn -0.500492 0.037473 -0.864930
vn 0.590672 -0.590560 0.549860
vn 0.577638 -0.677829 0.454843
vn 0.539567 -0.789902 0.291414
vn 0.482267 -0.867418 0.122493
vn 0.406664 -0.912147 -0.051113
vn 0.363027 -0.921625 -0.137178
vn 0.265113 -0.914248 -0.306376
vn 0.212609 -0.897489 -0.386408
vn 0.101499 -0.838734 -0.534999
vn -0.013249 -0.747765 -0.663831
vn -0.128081 -0.628512 -0.767182
vn -0.237982 -0.485204 -0.841392
vn -0.338943 -0.322927 -0.883649
vn -0.427503 -0.148929 -0.891662
vn 0.490828 -0.626314 0.605656
vn 0.461404 -0.718628 0.520269
vn 0.403240 -0.837568 0.368616
vn 0.331080 -0.920442 0.207779
vn 0.245919 -0.968500 0.039125
vn 0.199851 -0.978773 -0.045418
vn 0.102338 -0.971389 -0.214315
vn 0.052103 -0.953884 -0.295619
vn -0.049929 -0.891619 -0.450025
vn -0.149927 -0.795354 -0.587311
vn -0.244486 -0.669212 -0.701700
vn -0.329589 -0.517326 -0.789775
vn -0.402831 -0.345176 -0.847692
vn -0.462938 -0.160614 -0.871718
vn 0.387591 -0.639418 0.664017
vn 0.341812 -0.732347 0.588925
vn 0.262326 -0.853651 0.449961
vn 0.174417 -0.938598 0.297679
vn 0.079836 -0.987739 0.134158
vn 0.031844 -0.998200 0.050830
vn -0.065819 -0.990850 -0.117834
vn -0.113644 -0.973123 -0.200293
vn -0.206554 -0.909640 -0.360404
vn -0.290583 -0.811428 -0.507096
vn -0.364882 -0.683183 -0.632552
vn -0.424594 -0.528335 -0.735243
vn -0.468263 -0.352545 -0.810211
vn -0.493821 -0.164479 -0.853866
vn 0.285130 -0.628608 0.723569
vn 0.224104 -0.719584 0.657248
vn 0.122122 -0.838203 0.531509
vn 0.018483 -0.921277 0.388467
vn -0.085186 -0.969283 0.230726
vn -0.233333 -0.972193 -0.019896
vn -0.135219 -0.979566 0.148886
vn -0.278650 -0.954764 -0.103826
vn -0.361519 -0.892696 -0.269069
vn -0.430546 -0.796081 -0.425307
vn -0.484561 -0.669076 -0.563505
vn -0.519169 -0.517847 -0.679924
vn -0.533382 -0.345548 -0.772075
vn -0.524711 -0.160802 -0.835955
vn 0.185427 -0.592983 0.783574
vn 0.109503 -0.679872 0.725109
vn -0.012835 -0.791526 0.611000
vn -0.130649 -0.869268 0.476764
vn -0.243338 -0.913893 0.324940
vn -0.295867 -0.923379 0.244611
vn -0.393985 -0.916008 0.075528
vn -0.437132 -0.899347 -0.009516
vn -0.510944 -0.840631 -0.179652
vn -0.566202 -0.748516 -0.345165
vn -0.599485 -0.628346 -0.495781
vn -0.609508 -0.486241 -0.626154
vn -0.596333 -0.323714 -0.734572
vn -0.559499 -0.149409 -0.815253
vn 0.094812 -0.534885 0.839589
vn 0.004470 -0.614631 0.788802
vn -0.136439 -0.714857 0.685830
vn -0.267719 -0.784299 0.559644
vn -0.388591 -0.823735 0.412866
vn -0.541428 -0.824453 0.164718
vn -0.443314 -0.831798 0.334042
vn -0.582309 -0.809163 0.078556
vn -0.647742 -0.755746 -0.096320
vn -0.688509 -0.672977 -0.270290
vn -0.701513 -0.564386 -0.435141
vn -0.692481 -0.434734 -0.575740
vn -0.653792 -0.288205 -0.699638
vn -0.590119 -0.130714 -0.796664
vn 0.016516 -0.456895 0.889367
vn -0.086384 -0.525812 0.846203
vn -0.244206 -0.611444 0.752661
vn -0.387450 -0.669456 0.633807
vn -0.515277 -0.702151 0.491400
vn -0.571763 -0.708535 0.413600
vn -0.669660 -0.701262 0.244517
vn -0.708729 -0.687742 0.157208
vn -0.767042 -0.641218 -0.022050
vn -0.796499 -0.570264 -0.200970
vn -0.793503 -0.477575 -0.377194
vn -0.763766 -0.364720 -0.532580
vn -0.703961 -0.240098 -0.668425
vn -0.616085 -0.105550 -0.780575
vn -0.046961 -0.365243 0.929727
vn -0.159447 -0.417669 0.894500
vn -0.331807 -0.485404 0.808880
vn -0.484651 -0.529692 0.696089
vn -0.618115 -0.554166 0.557525
vn -0.774046 -0.551199 0.311499
vn -0.676179 -0.558421 0.480570
vn -0.811602 -0.539859 0.223281
vn -0.864075 -0.501761 0.040118
vn -0.884032 -0.444460 -0.144714
vn -0.869996 -0.368593 -0.327485
vn -0.821448 -0.281871 -0.495754
vn -0.744329 -0.181474 -0.642684
vn -0.637404 -0.075299 -0.766842
vn -0.093632 -0.260605 0.960894
vn -0.213367 -0.294233 0.931612
vn -0.395880 -0.339911 0.853076
vn -0.555333 -0.370531 0.744521
vn -0.693552 -0.385631 0.608502
vn -0.752946 -0.387147 0.532156
vn -0.850547 -0.380004 0.363548
vn -0.887136 -0.371014 0.274477
vn -0.935471 -0.342242 0.088114
vn -0.948414 -0.300327 -0.101557
vn -0.924914 -0.246801 -0.289176
vn -0.865318 -0.187376 -0.464881
vn -0.773850 -0.113862 -0.623050
vn -0.652910 -0.040366 -0.756359
vn -0.120707 -0.148056 0.981585
vn -0.244955 -0.165738 0.955263
vn -0.432151 -0.186671 0.882269
vn -0.596799 -0.199909 0.777089
vn -0.739200 -0.202994 0.642165
vn -0.799166 -0.200869 0.566556
vn -0.896600 -0.193736 0.398214
vn -0.932725 -0.186861 0.308395
vn -0.978324 -0.168649 0.120162
vn -0.986886 -0.144038 -0.072866
vn -0.957914 -0.113634 -0.263605
vn -0.892038 -0.079529 -0.444908
vn -0.791487 -0.041981 -0.609742
vn -0.662159 -0.002669 -0.749358

f 4/1/4 2/2/2 1/3/1
f 8/4/8 6/5/6 5/6/5
f 13/7/13 15/8/15 14/9/14
f 17/10/17 19/11/19 18/12/18
f 32/13/32 30/14/30 29/15/29
f 36/16/36 34/17/34 33/18/33
f 37/19/37 39/20/39 38/21/38
f 21/22/21 23/23/23 20/24/20
f 25/25/25 27/26/27 24/27/24
f 41/28/41 43/29/43 42/30/42
f 48/31/48 46/32/46 45/33/45
f 52/34/52 50/35/50 49/36/49
f 53/37/53 55/38/55 54/39/54
f 60/40/60 58/41/58 57/42/57
f 29/15/29 62/43/62 61/44/61
f 66/45/66 64/46/64 63/47/63
f 67/48/67 6/5/6 68/49/68
f 72/50/72 70/51/70 69/52/69
f 76/53/76 74/54/74 73/55/73
f 77/56/77 79/57/79 78/58/78
f 81/59/81 83/60/83 82/61/82
f 59/62/59 86/63/86 85/64/85
f 88/65/88 90/66/90 89/67/89
f 96/68/96 94/69/94 93/70/93
f 100/71/100 98/72/98 97/73/97
f 101/74/101 103/75/103 102/76/102
f 106/77/106 34/17/34 87/78/87
f 108/79/108 115/80/115 107/81/107
f 117/82/117 36/16/36 118/83/118
f 124/84/124 126/85/126 125/86/125
f 131/87/131 129/88/129 128/89/128
f 132/90/132 134/91/134 133/92/133
f 142/93/142 140/94/140 139/95/139
f 148/96/148 60/40/60 147/97/147
f 144/98/144 127/99/127 124/84/124
f 149/100/149 151/101/151 150/102/150
f 156/103/156 154/104/154 153/105/153
f 159/106/159 158/107/158 157/108/157
f 116/109/116 164/110/164 105/111/105
f 171/112/171 169/113/169 168/114/168
f 174/115/174 173/116/173 172/117/172
f 179/118/179 181/119/181 180/120/180
f 186/121/186 188/122/188 187/123/187
f 194/124/194 196/125/196 195/126/195
f 199/127/199 139/95/139 198/128/198
f 206/129/206 208/130/208 207/131/207
f 213/132/213 211/133/211 210/134/210
f 202/135/202 214/136/214 201/137/201
f 96/68/96 216/138/216 54/39/54
f 92/139/92 43/29/43 44/140/44
f 97/73/97 246/141/246 100/71/100
f 250/142/250 229/143/229 228/144/228
f 252/145/252 58/41/58 253/146/253
f 258/147/258 256/148/256 255/149/255
f 260/150/260 229/143/229 259/151/259
f 110/152/110 112/153/112 113/154/113
f 114/155/114 263/156/263 109/157/109
f 265/158/265 267/159/267 266/160/266
f 56/161/56 270/162/270 269/163/269
f 274/164/274 249/165/249 250/142/250
f 185/166/185 63/47/63 64/46/64
f 280/167/280 278/168/278 276/169/276
f 285/170/285 283/171/283 157/108/157
f 288/172/288 211/133/211 212/173/212
f 141/174/141 92/139/92 46/32/46
f 289/175/289 175/176/175 176/177/176
f 148/96/148 105/111/105 106/77/106
f 312/178/312 170/179/170 171/112/171
f 238/180/238 42/30/42 43/29/43
f 318/181/318 160/182/160 317/183/317
f 310/184/310 308/185/308 307/186/307
f 241/187/241 325/188/325 324/189/324
f 160/182/160 240/190/240 317/183/317
f 47/191/47 307/186/307 308/185/308
f 108/79/108 315/192/315 164/110/164
f 345/193/345 86/63/86 119/194/119
f 348/195/348 350/196/350 349/197/349
f 356/198/356 358/199/358 357/200/357
f 355/201/355 353/202/353 352/203/352
f 363/204/363 32/13/32 362/205/362
f 149/100/149 150/102/150 176/177/176
f 364/206/364 253/146/253 365/207/365
f 366/208/366 368/209/368 367/210/367
f 183/211/183 371/212/371 63/47/63
f 163/213/163 161/214/161 160/182/160
f 209/215/209 101/74/101 208/130/208
f 378/216/378 165/217/165 166/218/166
f 379/219/379 381/220/381 380/221/380
f 383/222/383 3/223/3 4/1/4
f 284/224/284 386/225/386 385/226/385
f 387/227/387 389/228/389 388/229/388
f 391/230/391 229/143/229 249/165/249
f 73/55/73 397/231/397 396/232/396
f 405/233/405 407/234/407 406/235/406
f 203/236/203 411/237/411 410/238/410
f 414/239/414 413/240/413 412/241/412
f 1/3/1 357/200/357 4/1/4
f 277/242/277 131/87/131 275/243/275
f 254/244/254 57/42/57 58/41/58
f 358/199/358 415/245/415 351/246/351
f 417/247/417 386/225/386 408/248/408
f 401/249/401 192/250/192 420/251/420
f 419/252/419 127/99/127 143/253/143
f 421/254/421 182/255/182 422/256/422
f 103/75/103 302/257/302 409/258/409
f 428/259/428 368/209/368 174/115/174
f 380/221/380 359/260/359 356/198/356
f 62/43/62 266/160/266 323/261/323
f 140/94/140 431/262/431 430/263/430
f 357/200/357 351/246/351 348/195/348
f 356/198/356 379/219/379 380/221/380
f 415/245/415 403/264/403 434/265/434
f 437/266/437 436/267/436 435/268/435
f 438/269/438 440/270/440 439/271/439
f 188/122/188 450/272/450 449/273/449
f 452/274/452 454/275/454 453/276/453
f 265/158/265 181/119/181 421/254/421
f 224/277/224 64/46/64 225/278/225
f 237/279/237 213/132/213 427/280/427
f 275/243/275 128/89/128 458/281/458
f 281/282/281 460/283/460 459/284/459
f 50/35/50 79/57/79 461/285/461
f 73/55/73 282/286/282 281/282/281
f 468/287/468 466/288/466 465/289/465
f 390/290/390 352/203/352 359/260/359
f 482/291/482 484/292/484 483/293/483
f 489/294/489 487/295/487 486/296/486
f 493/297/493 495/298/495 494/299/494
f 472/300/472 470/301/470 469/302/469
f 502/303/502 500/304/500 499/305/499
f 220/306/220 222/307/222 223/308/223
f 512/309/512 143/253/143 66/45/66
f 518/310/518 511/311/511 80/312/80
f 513/313/513 230/314/230 286/315/286
f 205/316/205 31/317/31 244/318/244
f 189/319/189 451/320/451 188/122/188
f 163/213/163 532/321/532 8/4/8
f 533/322/533 225/278/225 251/323/251
f 446/324/446 447/325/447 412/241/412
f 335/326/335 540/327/540 334/328/334
f 544/329/544 546/330/546 545/331/545
f 329/332/329 291/333/291 292/334/292
f 199/127/199 262/335/262 238/180/238
f 385/226/385 416/336/416 550/337/550
f 532/321/532 191/338/191 247/339/247
f 363/204/363 118/83/118 243/340/243
f 236/341/236 237/279/237 250/142/250
f 578/342/578 580/343/580 579/344/579
f 573/345/573 571/346/571 570/347/570
f 561/348/561 562/349/562 272/350/272
f 241/187/241 259/151/259 240/190/240
f 590/351/590 592/352/592 591/353/591
f 545/331/545 595/354/595 594/355/594
f 503/356/503 155/357/155 504/358/504
f 606/359/606 624/360/624 623/361/623
f 478/362/478 480/363/480 479/364/479
f 646/365/646 648/366/648 647/367/647
f 590/351/590 689/368/689 684/369/684
f 564/370/564 651/371/651 650/372/650
f 728/373/728 184/374/184 727/375/727
f 714/376/714 716/377/716 715/378/715
f 692/379/692 575/380/575 693/381/693
f 541/382/541 581/383/581 578/342/578
f 346/384/346 248/385/248 400/386/400
f 161/214/161 230/314/230 160/182/160
f 128/89/128 94/69/94 95/387/95
f 698/388/698 704/389/704 703/390/703
f 574/391/574 576/392/576 575/380/575
f 290/393/290 401/249/401 328/394/328
f 630/395/630 725/396/725 726/397/726
f 733/398/733 735/399/735 734/400/734
f 755/401/755 496/402/496 493/297/493
f 759/403/759 481/404/481 760/405/760
f 757/406/757 762/407/762 761/408/761
f 764/409/764 466/288/466 467/410/467
f 768/411/768 3808/412/3808 3809/413/3809
f 759/403/759 488/414/488 489/294/489
f 492/415/492 475/416/475 771/417/771
f 474/418/474 769/419/769 473/420/473
f 773/421/773 465/289/465 772/422/772
f 771/417/771 486/296/486 483/293/483
f 484/292/484 775/423/775 491/424/491
f 774/425/774 489/294/489 486/296/486
f 495/298/495 764/409/764 756/426/756
f 495/298/495 761/408/761 494/299/494
f 137/427/137 784/428/784 136/429/136
f 325/188/325 797/430/797 547/431/547
f 165/217/165 51/432/51 52/34/52
f 369/433/369 29/15/29 370/434/370
f 730/435/730 568/436/568 569/437/569
f 90/66/90 301/438/301 89/67/89
f 243/340/243 516/439/516 242/440/242
f 800/441/800 806/442/806 805/443/805
f 817/444/817 808/445/808 816/446/816
f 816/446/816 823/447/823 822/448/822
f 306/449/306 447/325/447 807/450/807
f 815/451/815 809/452/809 808/445/808
f 829/453/829 828/454/828 825/455/825
f 726/397/726 501/456/501 502/303/502
f 274/164/274 424/457/424 423/458/423
f 879/459/879 881/460/881 880/461/880
f 884/462/884 879/459/879 885/463/885
f 219/464/219 217/465/217 211/133/211
f 906/466/906 904/467/904 897/468/897
f 455/469/455 205/316/205 542/470/542
f 898/471/898 830/472/830 829/453/829
f 903/473/903 880/461/880 881/460/881
f 906/466/906 897/468/897 898/471/898
f 377/474/377 519/475/519 165/217/165
f 923/476/923 948/477/948 946/478/946
f 946/478/946 951/479/951 950/480/950
f 3519/481/3519 739/482/739 3517/483/3517
f 900/484/900 886/485/886 880/461/880
f 225/278/225 65/486/65 144/98/144
f 182/255/182 442/487/442 422/256/422
f 809/452/809 947/488/947 824/489/824
f 954/490/954 962/491/962 961/492/961
f 927/493/927 965/494/965 966/495/966
f 885/463/885 880/461/880 886/485/886
f 925/496/925 966/495/966 967/497/967
f 343/498/343 341/499/341 340/500/340
f 965/494/965 971/501/971 968/502/968
f 968/502/968 970/503/970 969/504/969
f 972/505/972 969/504/969 973/506/973
f 963/507/963 981/508/981 978/509/978
f 336/510/336 338/511/338 339/512/339
f 992/513/992 827/514/827 828/454/828
f 810/515/810 996/516/996 959/517/959
f 1007/518/1007 1002/519/1002 1008/520/1008
f 1012/521/1012 827/514/827 1009/522/1009
f 1011/523/1011 1007/518/1007 1008/520/1008
f 294/524/294 292/334/292 291/333/291
f 907/525/907 920/526/920 919/527/919
f 1017/528/1017 1019/529/1019 1018/530/1018
f 1020/531/1020 1022/532/1022 1021/533/1021
f 1035/534/1035 1020/531/1020 1044/535/1044
f 1061/536/1061 1047/537/1047 1046/538/1046
f 1063/539/1063 1046/538/1046 1062/540/1062
f 1044/535/1044 1021/533/1021 1045/541/1045
f 1102/542/1102 1097/543/1097 1109/544/1109
f 1116/545/1116 1118/546/1118 1117/547/1117
f 1016/548/1016 1014/549/1014 1013/550/1013
f 881/460/881 904/467/904 903/473/903
f 816/446/816 1127/551/1127 817/444/817
f 1094/552/1094 949/553/949 1097/543/1097
f 514/554/514 167/555/167 515/556/515
f 146/557/146 81/59/81 82/61/82
f 1133/558/1133 1130/559/1130 1129/560/1129
f 1102/542/1102 1126/561/1126 822/448/822
f 822/448/822 1116/545/1116 816/446/816
f 1145/562/1145 1148/563/1148 1136/564/1136
f 1076/565/1076 1151/566/1151 1069/567/1069
f 1148/563/1148 1086/568/1086 1087/569/1087
f 1109/544/1109 1114/570/1114 1136/564/1136
f 1154/571/1154 1156/572/1156 1155/573/1155
f 1153/574/1153 967/497/967 1156/572/1156
f 3464/575/3464 463/576/463 3714/577/3714
f 1144/578/1144 1152/579/1152 1151/566/1151
f 1156/572/1156 1163/580/1163 1162/581/1162
f 1164/582/1164 1169/583/1169 1165/584/1165
f 1145/562/1145 1176/585/1176 1147/586/1147
f 1114/570/1114 1154/571/1154 1171/587/1171
f 1183/588/1183 1164/582/1164 1177/589/1177
f 1184/590/1184 1177/589/1177 1185/591/1185
f 1069/567/1069 1062/540/1062 1064/592/1064
f 1023/593/1023 1194/594/1194 1022/532/1022
f 1162/581/1162 1170/595/1170 1169/583/1169
f 1195/596/1195 1185/591/1185 1191/597/1191
f 1183/588/1183 1176/585/1176 1155/573/1155
f 1201/598/1201 1152/579/1152 1196/599/1196
f 1061/536/1061 1201/598/1201 1202/600/1202
f 3825/601/3825 843/602/843 3836/603/3836
f 1203/604/1203 1195/596/1195 1034/605/1034
f 1202/600/1202 1184/590/1184 1195/596/1195
f 1218/606/1218 1203/604/1203 1217/607/1217
f 1060/608/1060 1202/600/1202 1203/604/1203
f 1225/609/1225 1217/607/1217 1219/610/1219
f 671/611/671 694/612/694 670/613/670
f 1219/610/1219 1024/614/1024 1035/534/1035
f 1217/607/1217 1034/605/1034 1024/614/1024
f 1226/615/1226 1015/616/1015 1227/617/1227
f 1243/618/1243 1234/619/1234 1233/620/1233
f 1231/621/1231 1229/622/1229 1228/623/1228
f 847/624/847 1233/620/1233 843/602/843
f 843/602/843 1244/625/1244 878/626/878
f 1233/620/1233 1245/627/1245 1244/625/1244
f 1923/628/1923 233/629/233 216/138/216
f 2100/630/2100 499/305/499 500/304/500
f 3914/631/3914 2135/632/2135 3900/633/3900
f 61/44/61 323/261/323 505/634/505
f 210/134/210 217/465/217 457/635/457
f 1299/636/1299 1309/637/1309 1300/638/1300
f 3863/639/3863 1231/621/1231 3862/640/3862
f 1066/641/1066 1321/642/1321 1322/643/1322
f 1322/643/1322 1228/623/1228 1229/622/1229
f 1060/608/1060 1321/642/1321 1047/537/1047
f 1325/644/1325 1323/645/1323 1310/646/1310
f 1244/625/1244 1332/647/1332 1330/648/1330
f 1290/649/1290 1242/650/1242 1288/651/1288
f 1337/652/1337 1339/653/1339 1338/654/1338
f 1330/648/1330 1340/655/1340 1339/653/1339
f 1341/656/1341 1245/627/1245 1294/657/1294
f 1342/658/1342 1332/647/1332 1341/656/1341
f 1343/659/1343 1341/656/1341 1344/660/1344
f 1344/660/1344 1294/657/1294 1293/661/1293
f 3857/662/3857 1345/663/1345 1346/664/1346
f 1347/665/1347 1342/658/1342 1343/659/1343
f 3856/666/3856 1295/667/1295 1345/663/1345
f 1349/668/1349 1348/669/1348 1347/665/1347
f 3861/670/3861 1347/665/1347 3853/671/3853
f 3853/671/3853 1343/659/1343 3857/662/3857
f 906/466/906 829/453/829 1353/672/1353
f 905/673/905 1353/672/1353 1354/674/1354
f 865/675/865 1355/676/1355 1357/677/1357
f 1355/676/1355 829/453/829 825/455/825
f 1357/677/1357 825/455/825 826/678/826
f 1356/679/1356 1353/672/1353 1355/676/1355
f 3834/680/3834 1338/654/1338 3833/681/3833
f 866/682/866 1356/679/1356 865/675/865
f 1358/683/1358 1354/674/1354 1356/679/1356
f 3828/684/3828 1337/652/1337 3834/680/3834
f 838/685/838 1012/521/1012 841/686/841
f 1363/687/1363 1338/654/1338 1339/653/1339
f 1368/688/1368 1339/653/1339 1340/655/1340
f 1348/669/1348 1340/655/1340 1342/658/1342
f 1371/689/1371 3824/690/3824 3829/691/3829
f 524/692/524 526/693/526 523/694/523
f 528/695/528 530/696/530 527/697/527
f 1372/698/1372 1369/699/1369 1371/689/1371
f 535/700/535 537/701/537 538/702/538
f 1367/703/1367 1348/669/1348 1350/704/1350
f 1370/705/1370 1359/706/1359 1369/699/1369
f 1369/699/1369 3833/681/3833 3824/690/3824
f 1373/707/1373 903/473/903 904/467/904
f 555/708/555 557/709/557 558/710/558
f 1374/711/1374 910/712/910 1373/707/1373
f 1373/707/1373 905/673/905 1375/713/1375
f 1374/711/1374 1375/713/1375 1376/714/1376
f 1375/713/1375 1354/674/1354 1370/705/1370
f 1378/715/1378 908/716/908 1377/717/1377
f 376/718/376 651/371/651 1387/719/1387
f 1388/720/1388 973/506/973 969/504/969
f 586/721/586 588/722/588 585/723/585
f 1390/724/1390 1388/720/1388 1391/725/1391
f 1391/725/1391 969/504/969 970/503/970
f 597/726/597 599/727/599 596/728/596
f 600/729/600 602/730/602 603/731/603
f 1392/732/1392 970/503/970 979/733/979
f 608/734/608 610/735/610 607/736/607
f 612/737/612 523/694/523 611/738/611
f 614/739/614 616/740/616 613/741/613
f 617/742/617 25/25/25 24/27/24
f 620/743/620 622/744/622 619/745/619
f 1397/746/1397 1391/725/1391 1392/732/1392
f 1398/747/1398 1392/732/1392 1399/748/1399
f 1400/749/1400 920/526/920 1378/715/1378
f 1402/750/1402 1165/584/1165 1169/583/1169
f 636/751/636 638/752/638 635/753/635
f 930/754/930 1402/750/1402 929/755/929
f 641/756/641 643/757/643 644/758/644
f 929/755/929 1169/583/1169 1170/595/1170
f 1404/759/1404 1403/760/1403 1402/750/1402
f 1411/761/1411 1365/762/1365 1406/763/1406
f 1412/764/1412 1415/765/1415 1414/766/1414
f 652/767/652 654/768/654 655/769/655
f 609/770/609 657/771/657 658/772/658
f 659/773/659 661/774/661 662/775/662
f 558/710/558 586/721/586 585/723/585
f 665/776/665 667/777/667 664/778/664
f 1413/779/1413 1406/763/1406 1412/764/1412
f 1418/780/1418 3810/781/3810 3813/782/3813
f 1417/783/1417 1371/689/1371 1416/784/1416
f 1416/784/1416 3829/691/3829 3810/781/3810
f 1419/785/1419 1416/784/1416 1418/780/1418
f 1386/786/1386 1374/711/1374 1420/787/1420
f 677/788/677 679/789/679 676/790/676
f 1385/791/1385 1420/787/1420 1421/792/1421
f 1420/787/1420 1376/714/1376 1422/793/1422
f 685/794/685 687/795/687 688/796/688
f 1421/792/1421 1422/793/1422 1423/797/1423
f 528/695/528 691/798/691 658/772/658
f 1422/793/1422 1372/698/1372 1417/783/1417
f 1018/530/1018 747/799/747 1425/800/1425
f 699/801/699 701/802/701 702/803/702
f 1424/804/1424 579/344/579 1017/528/1017
f 3663/805/3663 1767/806/1767 3660/807/3660
f 700/808/700 711/809/711 712/810/712
f 1093/811/1093 3754/812/3754 1571/813/1571
f 717/814/717 530/696/530 719/815/719
f 721/816/721 723/817/723 720/818/720
f 704/389/704 3543/819/3543 3554/820/3554
f 19/11/19 1426/821/1426 1430/822/1430
f 1429/823/1429 1427/824/1427 1426/821/1426
f 1658/825/1658 3542/826/3542 3544/827/3544
f 1439/828/1439 1434/829/1434 1438/830/1438
f 1437/831/1437 1435/832/1435 1434/829/1434
f 1426/821/1426 1433/833/1433 1432/834/1432
f 1442/835/1442 1432/834/1432 1440/836/1440
f 742/837/742 744/838/744 745/839/745
f 1432/834/1432 1441/840/1441 1440/836/1440
f 751/841/751 753/842/753 750/843/750
f 1438/830/1438 1403/760/1403 1405/844/1405
f 1446/845/1446 1444/846/1444 1443/847/1443
f 1447/848/1447 1446/845/1446 1443/847/1443
f 3860/849/3860 1443/847/1443 3848/850/3848
f 1415/765/1415 1445/851/1445 1446/845/1446
f 1414/766/1414 1446/845/1446 1448/852/1448
f 2173/853/2173 469/302/469 470/301/470
f 777/854/777 779/855/779 686/856/686
f 780/857/780 782/858/782 783/859/783
f 1676/860/1676 1806/861/1806 1675/862/1675
f 3859/863/3859 1349/668/1349 3861/670/3861
f 789/864/789 791/865/791 788/866/788
f 745/839/745 793/867/793 742/837/742
f 652/767/652 795/868/795 653/869/653
f 1455/870/1455 1457/871/1457 1456/872/1456
f 1454/873/1454 1350/704/1350 1452/874/1452
f 610/735/610 802/875/802 801/876/801
f 3831/877/3831 698/388/698 703/390/703
f 1352/878/1352 1045/541/1045 1351/879/1351
f 1015/616/1015 1459/880/1459 1460/881/1460
f 811/882/811 813/883/813 814/884/814
f 2118/885/2118 3817/886/3817 2117/887/2117
f 819/888/819 821/889/821 818/890/818
f 1466/891/1466 1194/594/1194 1190/892/1190
f 1467/893/1467 1465/894/1465 1466/891/1466
f 1182/895/1182 1468/896/1468 1467/893/1467
f 832/897/832 833/898/833 831/899/831
f 835/900/835 837/901/837 834/902/834
f 1467/893/1467 1190/892/1190 1182/895/1182
f 1469/903/1469 1444/846/1444 1445/851/1445
f 840/904/840 712/810/712 690/905/690
f 1453/906/1453 1469/903/1469 1454/873/1454
f 599/727/599 845/907/845 846/908/846
f 1226/615/1226 3849/909/3849 3855/910/3855
f 851/911/851 853/912/853 850/913/850
f 855/914/855 856/915/856 854/916/854
f 858/917/858 860/918/860 857/919/857
f 861/920/861 863/921/863 864/922/864
f 1014/549/1014 3855/910/3855 3858/923/3858
f 867/924/867 868/925/868 869/926/869
f 870/927/870 872/928/872 873/929/873
f 874/930/874 876/931/876 877/932/877
f 1310/646/1310 1471/933/1471 1309/637/1309
f 1476/934/1476 1427/824/1427 1475/935/1475
f 1461/936/1461 1475/935/1475 1460/881/1460
f 887/937/887 889/938/889 890/939/890
f 788/866/788 892/940/892 891/941/891
f 894/942/894 896/943/896 893/944/893
f 1460/881/1460 1227/617/1227 1015/616/1015
f 901/945/901 524/692/524 612/737/612
f 1465/894/1465 1477/946/1477 1464/947/1464
f 1865/948/1865 3500/949/3500 1864/950/1864
f 911/951/911 913/952/913 914/953/914
f 916/954/916 918/955/918 915/956/915
f 1850/957/1850 3507/958/3507 1851/959/1851
f 921/960/921 895/961/895 894/942/894
f 1479/962/1479 1436/963/1436 1478/964/1478
f 926/965/926 667/777/667 601/966/601
f 1481/967/1481 563/968/563 1480/969/1480
f 269/163/269 84/970/84 1482/971/1482
f 931/972/931 933/973/933 916/954/916
f 934/974/934 614/739/614 869/926/869
f 936/975/936 688/796/688 937/976/937
f 938/977/938 662/775/662 939/978/939
f 1484/979/1484 122/980/122 123/981/123
f 941/982/941 835/900/835 834/902/834
f 320/983/320 509/984/509 510/985/510
f 1849/986/1849 3505/987/3505 1850/957/1850
f 84/970/84 1484/979/1484 83/60/83
f 1487/988/1487 1488/989/1488 539/990/539
f 1757/991/1757 3502/992/3502 3509/993/3509
f 365/207/365 1491/994/1491 364/206/364
f 461/285/461 80/312/80 511/311/511
f 117/82/117 362/205/362 1496/995/1496
f 1494/996/1494 541/382/541 1495/997/1495
f 926/965/926 957/998/957 958/999/958
f 1477/946/1477 1433/833/1433 1476/934/1476
f 1709/1000/1709 1585/1001/1585 1700/1002/1700
f 119/194/119 1496/995/1496 345/193/345
f 271/1003/271 504/358/504 156/103/156
f 511/311/511 189/319/189 186/121/186
f 345/193/345 1492/1004/1492 365/207/365
f 255/149/255 344/1005/344 254/244/254
f 57/42/57 299/1006/299 132/90/132
f 1501/1007/1501 268/1008/268 1500/1009/1500
f 267/159/267 1499/1010/1499 145/1011/145
f 974/1012/974 976/1013/976 977/1014/977
f 1678/1015/1678 1693/1016/1693 1676/860/1676
f 3846/1017/3846 1807/1018/1807 3840/1019/3840
f 557/709/557 663/1020/663 558/710/558
f 983/1021/983 984/1022/984 985/1023/985
f 1443/847/1443 3849/909/3849 3848/850/3848
f 421/254/421 268/1008/268 265/158/265
f 989/1024/989 991/1025/991 988/1026/988
f 1490/1027/1490 418/1028/418 1504/1029/1504
f 279/1030/279 309/1031/309 310/184/310
f 997/1032/997 676/790/676 679/789/679
f 998/1033/998 999/1034/999 875/1035/875
f 1504/1029/1504 38/21/38 1505/1036/1505
f 1506/1037/1506 1507/1038/1507 1486/1039/1486
f 360/1040/360 1508/1041/1508 1506/1037/1506
f 1506/1037/1506 207/131/207 360/1040/360
f 939/978/939 1006/1042/1006 938/977/938
f 270/162/270 1483/1043/1483 269/163/269
f 66/45/66 546/330/546 512/309/512
f 1010/1044/1010 793/867/793 935/1045/935
f 367/210/367 437/266/437 1509/1046/1509
f 244/318/244 363/204/363 243/340/243
f 1670/1047/1670 3534/1048/3534 1669/1049/1669
f 209/215/209 1510/1050/1510 226/1051/226
f 235/1052/235 1512/1053/1512 1511/1054/1511
f 1511/1054/1511 234/1055/234 235/1052/235
f 388/229/388 426/1056/426 425/1057/425
f 427/280/427 250/142/250 237/279/237
f 161/214/161 521/1058/521 231/1059/231
f 100/71/100 45/33/45 44/140/44
f 1025/1060/1025 608/734/608 1027/1061/1027
f 1029/1062/1029 1031/1063/1031 1028/1064/1028
f 939/978/939 1033/1065/1033 1032/1066/1032
f 41/28/41 594/355/594 99/1067/99
f 1036/1068/1036 783/859/783 1037/1069/1037
f 702/803/702 1038/1070/1038 1039/1071/1039
f 1040/1072/1040 1042/1073/1042 1043/1074/1043
f 362/205/362 369/433/369 1493/1075/1493
f 187/123/187 477/1076/477 186/121/186
f 70/51/70 539/990/539 198/128/198
f 1511/1054/1511 1521/1077/1521 234/1055/234
f 1049/1078/1049 603/731/603 1048/1079/1048
f 613/741/613 869/926/869 614/739/614
f 860/918/860 1051/1080/1051 857/919/857
f 1005/1081/1005 1053/1082/1053 1006/1042/1006
f 753/842/753 1056/1083/1056 1054/1084/1054
f 1057/1085/1057 1059/1086/1059 1055/1087/1055
f 293/1088/293 1522/1089/1522 292/334/292
f 288/172/288 1521/1077/1521 1522/1089/1522
f 292/334/292 1523/1090/1523 329/332/329
f 331/1091/331 1508/1041/1508 1524/1092/1524
f 306/449/306 453/276/453 305/1093/305
f 100/71/100 41/28/41 99/1067/99
f 462/1094/462 78/58/78 79/57/79
f 330/1095/330 1524/1092/1524 462/1094/462
f 635/753/635 1068/1096/1068 636/751/636
f 1485/1097/1485 1526/1098/1526 1528/1099/1528
f 206/129/206 1528/1099/1528 1510/1050/1510
f 1070/1100/1070 1072/1101/1072 831/899/831
f 942/1102/942 1073/1103/1073 1074/1104/1074
f 916/954/916 1075/1105/1075 917/1106/917
f 440/270/440 1530/1107/1530 439/271/439
f 157/108/157 1514/1108/1514 285/170/285
f 1529/1109/1529 5/6/5 1530/1107/1530
f 371/212/371 546/330/546 63/47/63
f 790/1110/790 663/1020/663 791/865/791
f 1077/1111/1077 857/919/857 1078/1112/1078
f 1403/760/1403 1435/832/1435 1165/584/1165
f 1080/1113/1080 1082/1114/1082 1079/1115/1079
f 531/1116/531 1529/1109/1529 440/270/440
f 21/22/21 1084/1117/1084 1085/1118/1085
f 272/350/272 1531/1119/1531 561/348/561
f 137/427/137 396/232/396 397/231/397
f 690/905/690 802/875/802 691/798/691
f 335/326/335 3567/1120/3567 581/383/581
f 1090/1121/1090 1029/1062/1029 1091/1122/1091
f 1092/1123/1092 794/1124/794 1042/1073/1042
f 1533/1125/1533 137/427/137 138/1126/138
f 661/774/661 1095/1127/1095 1096/1128/1096
f 69/52/69 445/1129/445 72/50/72
f 1099/1130/1099 1101/1131/1101 1098/1132/1098
f 38/21/38 1536/1133/1536 1505/1036/1505
f 1104/1134/1104 1106/1135/1106 1103/1136/1103
f 852/1137/852 1108/1138/1108 853/912/853
f 1377/717/1377 909/1139/909 1386/786/1386
f 291/333/291 411/237/411 294/524/294
f 316/1140/316 516/439/516 33/18/33
f 539/990/539 1533/1125/1533 534/1141/534
f 1505/1036/1505 316/1140/316 313/1142/313
f 1110/1143/1110 1112/1144/1112 1113/1145/1113
f 1539/1146/1539 460/283/460 264/1147/264
f 522/1148/522 1537/1149/1537 1539/1146/1539
f 834/902/834 1120/1150/1120 1119/1151/1119
f 1122/1152/1122 1124/1153/1124 1121/1154/1121
f 612/737/612 1041/1155/1041 901/945/901
f 935/1045/935 615/1156/615 614/739/614
f 276/169/276 130/1157/130 131/87/131
f 1686/1158/1686 3522/1159/3522 1685/1160/1685
f 193/1161/193 1541/1162/1541 273/1163/273
f 231/1059/231 1540/1164/1540 287/1165/287
f 556/1166/556 982/1167/982 557/709/557
f 365/207/365 85/64/85 345/193/345
f 190/1168/190 318/181/318 1541/1162/1541
f 1810/1169/1810 3574/1170/3574 3528/1171/3528
f 3924/1172/3924 3512/1173/3512 3791/1174/3791
f 1132/1175/1132 985/1023/985 1131/1176/1131
f 208/130/208 102/76/102 132/90/132
f 1134/1177/1134 662/775/662 661/774/661
f 1491/994/1491 80/312/80 77/56/77
f 429/1178/429 1542/1179/1542 147/97/147
f 1137/1180/1137 915/956/915 918/955/918
f 172/117/172 428/259/428 174/115/174
f 1139/1181/1139 1141/1182/1141 1142/1183/1142
f 549/1184/549 54/39/54 55/38/55
f 1517/1185/1517 1518/1186/1518 296/1187/296
f 976/1013/976 1146/1188/1146 938/977/938
f 834/902/834 984/1022/984 941/982/941
f 1543/1189/1543 286/315/286 115/80/115
f 1544/1190/1544 239/1191/239 513/313/513
f 133/92/133 1544/1190/1544 1542/1179/1542
f 506/1192/506 257/1193/257 258/147/258
f 420/251/420 328/394/328 401/249/401
f 1158/1194/1158 1160/1195/1160 1157/1196/1157
f 587/1197/587 1103/1136/1103 588/722/588
f 1513/1198/1513 1514/1108/1514 151/101/151
f 607/736/607 1027/1061/1027 608/734/608
f 304/1199/304 1545/1200/1545 303/1201/303
f 364/206/364 77/56/77 506/1192/506
f 69/52/69 198/128/198 139/95/139
f 1006/1042/1006 976/1013/976 938/977/938
f 700/808/700 1112/1144/1112 701/802/701
f 3877/1202/3877 3525/1203/3525 3787/1204/3787
f 1166/1205/1166 657/771/657 656/1206/656
f 1167/1207/1167 858/917/858 1077/1111/1077
f 1300/638/1300 3524/1208/3524 1299/636/1299
f 1172/1209/1172 1174/1210/1174 1175/1211/1175
f 218/1212/218 200/1213/200 217/465/217
f 1179/1214/1179 1181/1215/1181 1178/1216/1178
f 372/1217/372 97/73/97 98/72/98
f 89/67/89 227/1218/227 88/65/88
f 1186/1219/1186 1188/1220/1188 1189/1221/1189
f 172/117/172 1517/1185/1517 1549/1222/1549
f 1482/971/1482 81/59/81 1498/1223/1498
f 1090/1121/1090 1193/1224/1193 1030/1225/1030
f 394/1226/394 353/202/353 1551/1227/1551
f 526/693/526 1198/1228/1198 1197/1229/1197
f 811/882/811 858/917/858 812/1230/812
f 1199/1231/1199 1026/1232/1026 1025/1060/1025
f 606/359/606 697/1233/697 696/1234/696
f 1204/1235/1204 1206/1236/1206 743/1237/743
f 1207/1238/1207 523/694/523 526/693/526
f 1209/1239/1209 867/924/867 613/741/613
f 914/953/914 685/794/685 936/975/936
f 1478/964/1478 1441/840/1441 1477/946/1477
f 1029/1062/1029 1161/1240/1161 1091/1122/1091
f 1211/1241/1211 1213/1242/1213 1214/1243/1214
f 3858/923/3858 1451/1244/1451 3859/863/3859
f 844/1245/844 1216/1246/1216 845/907/845
f 423/458/423 273/1163/273 274/164/274
f 1220/1247/1220 1222/1248/1222 1083/1249/1083
f 22/1250/22 1224/1251/1224 23/23/23
f 882/1252/882 897/468/897 881/460/881
f 1519/1253/1519 173/116/173 387/227/387
f 1189/1221/1189 1232/1254/1232 1178/1216/1178
f 349/197/349 550/337/550 416/336/416
f 1071/1255/1071 1236/1256/1236 1072/1101/1072
f 1237/1257/1237 1239/1258/1239 745/839/745
f 1221/1259/1221 1189/1221/1189 1240/1260/1240
f 1510/1050/1510 1512/1053/1512 333/1261/333
f 939/978/939 1241/1262/1241 1005/1081/1005
f 1556/1263/1556 5/6/5 67/48/67
f 1553/1264/1553 394/1226/394 1551/1227/1551
f 404/1265/404 67/48/67 347/1266/347
f 1247/1267/1247 1249/1268/1249 1246/1269/1246
f 142/93/142 238/180/238 92/139/92
f 1251/1270/1251 635/753/635 1250/1271/1250
f 850/913/850 1253/1272/1253 851/911/851
f 1254/1273/1254 1077/1111/1077 1255/1274/1255
f 57/42/57 133/92/133 429/1178/429
f 443/1275/443 552/1276/552 551/1277/551
f 1187/1278/1187 1175/1211/1175 1188/1220/1188
f 1256/1279/1256 831/899/831 833/898/833
f 432/1280/432 382/1281/382 383/222/383
f 741/1282/741 747/799/747 746/1283/746
f 434/265/434 351/246/351 415/245/415
f 349/197/349 383/222/383 348/195/348
f 251/323/251 1481/967/1481 1480/969/1480
f 395/1284/395 352/203/352 353/202/353
f 1518/1186/1518 1550/1285/1550 1551/1227/1551
f 1558/1286/1558 378/216/378 340/500/340
f 109/157/109 314/1287/314 315/192/315
f 285/170/285 1513/1198/1513 407/234/407
f 395/1284/395 393/1288/393 392/1289/392
f 202/135/202 410/238/410 1558/1286/1558
f 417/247/417 405/233/405 432/1280/432
f 1246/1269/1246 1258/1290/1258 1247/1267/1247
f 3/223/3 297/1291/297 2/2/2
f 1259/1292/1259 1261/1293/1261 1262/1294/1262
f 403/264/403 347/1266/347 284/224/284
f 955/1295/955 953/1296/953 952/1297/952
f 462/1094/462 51/432/51 330/1095/330
f 1096/1128/1096 687/795/687 1263/1298/1263
f 429/1178/429 60/40/60 57/42/57
f 896/943/896 1265/1299/1265 932/1300/932
f 1267/1301/1267 1268/1302/1268 1266/1303/1266
f 423/458/423 327/1304/327 420/251/420
f 37/19/37 180/120/180 40/1305/40
f 20/24/20 1187/1278/1187 1186/1219/1186
f 1256/1279/1256 1071/1255/1071 1070/1100/1070
f 155/357/155 156/103/156 504/358/504
f 1188/1220/1188 1269/1306/1269 1232/1254/1232
f 1236/1256/1236 1271/1307/1271 1262/1294/1262
f 1272/1308/1272 535/700/535 621/1309/621
f 565/1310/565 463/576/463 464/1311/464
f 1273/1312/1273 745/839/745 1239/1258/1239
f 876/931/876 1255/1274/1255 1274/1313/1274
f 316/1140/316 164/110/164 315/192/315
f 437/266/437 503/356/503 1509/1046/1509
f 194/124/194 1495/997/1495 197/1314/197
f 1275/1315/1275 864/922/864 863/921/863
f 624/360/624 631/1316/631 630/395/630
f 1277/1317/1277 1137/1180/1137 1278/1318/1278
f 569/437/569 567/1319/567 566/1320/566
f 1481/967/1481 125/86/125 366/208/366
f 324/189/324 547/431/547 326/1321/326
f 1279/1322/1279 1107/1323/1107 1280/1324/1280
f 1525/1325/1525 329/332/329 1523/1090/1523
f 1281/1326/1281 1137/1180/1137 918/955/918
f 171/112/171 1553/1264/1553 1552/1327/1552
f 1488/989/1488 396/232/396 1533/1125/1533
f 1557/1328/1557 1562/1329/1562 1559/1330/1559
f 1282/1331/1282 1206/1236/1206 1205/1332/1205
f 1053/1082/1053 1278/1318/1278 1281/1326/1281
f 778/1333/778 607/736/607 1283/1334/1283
f 713/1335/713 3566/1336/3566 3569/1337/3569
f 251/323/251 144/98/144 124/84/124
f 4/1/4 348/195/348 383/222/383
f 709/1338/709 707/1339/707 706/1340/706
f 728/373/728 45/33/45 246/141/246
f 261/1341/261 1563/1342/1563 544/329/544
f 789/864/789 1287/1343/1287 790/1110/790
f 74/54/74 263/156/263 282/286/282
f 403/264/403 385/226/385 434/265/434
f 1178/1216/1178 1240/1260/1240 1189/1221/1189
f 1223/1344/1223 1289/1345/1289 1224/1251/1224
f 158/107/158 150/102/150 151/101/151
f 1220/1247/1220 1186/1219/1186 1221/1259/1221
f 296/1187/296 354/1346/354 433/1347/433
f 784/428/784 1538/1348/1538 1566/1349/1566
f 1181/1215/1181 1291/1350/1291 1222/1248/1222
f 1269/1306/1269 1257/1351/1257 1246/1269/1246
f 1566/1349/1566 438/269/438 399/1352/399
f 136/429/136 1566/1349/1566 1564/1353/1564
f 1563/1342/1563 169/113/169 1565/1354/1565
f 107/81/107 109/157/109 108/79/108
f 1297/1355/1297 1298/1356/1298 1296/1357/1296
f 1464/947/1464 1476/934/1476 1461/936/1461
f 1520/1358/1520 507/1359/507 508/1360/508
f 1301/1361/1301 1303/1362/1303 1304/1363/1304
f 1306/1364/1306 1308/1365/1308 1305/1366/1305
f 175/176/175 1532/1367/1532 272/350/272
f 1532/1367/1532 200/1213/200 201/137/201
f 1311/1368/1311 1312/1369/1312 1313/1370/1313
f 872/928/872 1315/1371/1315 1316/1372/1316
f 1317/1373/1317 1318/1374/1318 1319/1375/1319
f 3836/603/3836 878/626/878 3828/684/3828
f 1305/1366/1305 864/922/864 1276/1376/1276
f 1040/1072/1040 863/921/863 1320/1377/1320
f 1564/1353/1564 399/1352/399 169/113/169
f 592/352/592 1575/1378/1575 591/353/591
f 591/353/591 1088/1379/1088 689/368/689
f 1581/1380/1581 1583/1381/1583 1582/1382/1582
f 1196/599/1196 1147/586/1147 1176/585/1176
f 710/1383/710 583/1384/583 713/1335/713
f 285/170/285 408/248/408 386/225/386
f 953/1296/953 961/492/961 963/507/963
f 1594/1385/1594 1589/1386/1589 1593/1387/1593
f 1585/1001/1585 1587/1388/1587 1586/1389/1586
f 1592/1390/1592 1590/1391/1590 1589/1386/1589
f 3885/1392/3885 944/1393/944 3899/1394/3899
f 1600/1395/1600 1598/1396/1598 1597/1397/1597
f 1604/1398/1604 1602/1399/1602 1601/1400/1601
f 1399/748/1399 979/733/979 980/1401/980
f 1589/1386/1589 1596/1402/1596 1595/1403/1595
f 1610/1404/1610 1608/1405/1608 1607/1406/1607
f 298/1407/298 361/1408/361 360/1040/360
f 551/1277/551 276/169/276 277/242/277
f 1627/1409/1627 3814/1410/3814 3819/1411/3819
f 859/1412/859 818/890/818 860/918/860
f 1078/1112/1078 1328/1413/1328 1329/1414/1329
f 1555/1415/1555 1530/1107/1530 1556/1263/1556
f 572/1416/572 680/1417/680 681/1418/681
f 772/422/772 776/1419/776 774/425/774
f 977/1014/977 918/955/918 917/1106/917
f 404/1265/404 392/1289/392 393/1288/393
f 1054/1084/1054 750/843/750 753/842/753
f 1644/1420/1644 1643/1421/1643 1642/1422/1642
f 932/1300/932 1082/1114/1082 933/973/933
f 1067/1423/1067 1334/1424/1334 1068/1096/1068
f 1540/1164/1540 264/1147/264 114/155/114
f 597/726/597 643/757/643 1336/1425/1336
f 471/1426/471 762/407/762 470/301/470
f 1642/1422/1642 3831/877/3831 3842/1427/3842
f 1644/1420/1644 3842/1427/3842 3843/1428/3843
f 923/476/923 950/480/950 927/493/927
f 96/68/96 548/1429/548 95/387/95
f 520/1430/520 522/1148/522 521/1058/521
f 445/1129/445 443/1275/443 442/487/442
f 849/1431/849 848/1432/848 842/1433/842
f 480/363/480 755/401/755 493/297/493
f 1646/1434/1646 481/404/481 1639/1435/1639
f 311/1436/311 1567/1437/1567 170/179/170
f 464/1311/464 3497/1438/3497 3495/1439/3495
f 3497/1438/3497 1361/1440/1361 3495/1439/3495
f 234/1055/234 236/341/236 235/1052/235
f 190/1168/190 192/250/192 191/338/191
f 153/105/153 152/1441/152 149/100/149
f 231/1059/231 286/315/286 230/314/230
f 1552/1327/1552 1551/1227/1551 1550/1285/1550
f 760/405/760 1648/1442/1648 488/414/488
f 3832/1443/3832 1649/1444/1649 3830/1445/3830
f 828/454/828 826/678/826 825/455/825
f 52/34/52 166/218/166 165/217/165
f 1663/1446/1663 1661/1447/1661 1660/1448/1660
f 287/1165/287 115/80/115 286/315/286
f 668/1449/668 670/613/670 669/1450/669
f 634/1451/634 640/1452/640 639/1453/639
f 553/1454/553 559/1455/559 554/1456/554
f 118/83/118 33/18/33 516/439/516
f 492/415/492 491/424/491 490/1457/490
f 3552/1458/3552 1651/1459/1651 3553/1460/3553
f 582/1461/582 584/1462/584 583/1384/583
f 384/1463/384 392/1289/392 415/245/415
f 1381/1464/1381 1383/1465/1383 1380/1466/1380
f 1562/1329/1562 435/268/435 436/267/436
f 952/1297/952 951/479/951 947/488/947
f 3529/1467/3529 583/1384/583 584/1462/584
f 1660/1448/1660 1667/1468/1667 1666/1469/1666
f 1394/1470/1394 1396/1471/1396 1393/1472/1393
f 1660/1448/1660 1664/1473/1664 1663/1446/1663
f 1671/1474/1671 1669/1049/1669 1668/1475/1668
f 1624/1476/1624 1673/1477/1673 1672/1478/1672
f 1407/1479/1407 1409/1480/1409 1410/1481/1410
f 1677/1482/1677 1675/862/1675 1674/1483/1674
f 1613/1484/1613 1677/1482/1677 1625/1485/1625
f 1679/1486/1679 1676/860/1676 1677/1482/1677
f 1626/1487/1626 3811/1488/3811 3814/1410/3814
f 534/1141/534 198/128/198 539/990/539
f 176/177/176 150/102/150 159/106/159
f 803/1489/803 734/400/734 800/441/800
f 400/386/400 191/338/191 192/250/192
f 65/486/65 143/253/143 144/98/144
f 3526/1490/3526 1656/1491/1656 3540/1492/3540
f 402/1493/402 157/108/157 283/171/283
f 629/1494/629 627/1495/627 626/1496/626
f 461/285/461 49/36/49 50/35/50
f 758/1497/758 495/298/495 756/426/756
f 796/1498/796 786/1499/786 785/1500/785
f 406/235/406 1513/1198/1513 1560/1501/1560
f 342/1502/342 166/218/166 167/555/167
f 1694/1503/1694 1658/825/1658 1695/1504/1695
f 1692/1505/1692 1694/1503/1694 1696/1506/1696
f 3557/1507/3557 1652/1508/1652 3552/1458/3552
f 3921/1509/3921 1703/1510/1703 3923/1511/3923
f 326/1321/326 302/257/302 90/66/90
f 3916/1512/3916 1702/1513/1702 1706/1514/1706
f 3919/1515/3919 1698/1516/1698 1701/1517/1701
f 1699/1518/1699 3927/1519/3927 3918/1520/3918
f 1557/1328/1557 1560/1501/1560 1561/1521/1561
f 1127/551/1127 1117/547/1117 1128/1522/1128
f 400/386/400 289/175/289 346/384/346
f 1706/1514/1706 1707/1523/1707 1708/1524/1708
f 1707/1523/1707 1599/1525/1599 1600/1395/1600
f 1709/1000/1709 1708/1524/1708 1588/1526/1588
f 1714/1527/1714 1711/1528/1711 1713/1529/1713
f 3919/1515/3919 1709/1000/1709 1700/1002/1700
f 1704/1530/1704 1577/1531/1577 1703/1510/1703
f 1716/1532/1716 1713/1529/1713 1715/1533/1715
f 1559/1330/1559 1549/1222/1549 297/1291/297
f 1722/1534/1722 1720/1535/1720 1719/1536/1719
f 1335/1537/1335 596/728/596 1489/1538/1489
f 410/238/410 377/474/377 378/216/378
f 973/506/973 1163/580/1163 972/505/972
f 168/114/168 399/1352/399 398/1539/398
f 1571/813/1571 1089/1540/1089 1093/811/1093
f 1572/1541/1572 682/1542/682 1571/813/1571
f 749/1543/749 647/367/647 754/1544/754
f 1730/1545/1730 1723/1546/1723 1729/1547/1729
f 1594/1385/1594 1729/1547/1729 1592/1390/1592
f 1729/1547/1729 1591/1548/1591 1592/1390/1592
f 1731/1549/1731 1730/1545/1730 1583/1381/1583
f 1384/1550/1384 1377/717/1377 1379/1551/1379
f 1732/1552/1732 1712/1553/1712 1714/1527/1714
f 1724/1554/1724 1731/1549/1731 1732/1552/1732
f 1712/1553/1712 1731/1549/1731 1580/1555/1580
f 1722/1534/1722 1732/1552/1732 1733/1556/1733
f 1721/1557/1721 1733/1556/1733 1734/1558/1734
f 1734/1558/1734 1716/1532/1716 1717/1559/1717
f 1735/1560/1735 1736/1561/1736 1697/1562/1697
f 1733/1556/1733 1714/1527/1714 1716/1532/1716
f 1663/1446/1663 1741/1563/1741 1668/1475/1668
f 1742/1564/1742 1740/1565/1740 1743/1566/1743
f 1738/1567/1738 1737/1568/1737 1735/1560/1735
f 1665/1569/1665 1666/1469/1666 1740/1565/1740
f 1665/1569/1665 1744/1570/1744 1664/1473/1664
f 1725/1571/1725 1746/1572/1746 1745/1573/1745
f 1591/1548/1591 1745/1573/1745 1590/1391/1590
f 1590/1391/1590 1747/1574/1747 1596/1402/1596
f 1745/1573/1745 1748/1575/1748 1747/1574/1747
f 1659/1576/1659 3538/1577/3538 3542/826/3542
f 3287/1578/3287 3545/1579/3545 3282/1580/3282
f 1185/591/1185 1182/895/1182 1190/892/1190
f 1664/1473/1664 1749/1581/1749 1741/1563/1741
f 1741/1563/1741 1739/1582/1739 1738/1567/1738
f 1746/1572/1746 1743/1566/1743 1748/1575/1748
f 1726/1583/1726 1742/1564/1742 1746/1572/1746
f 1153/574/1153 924/1584/924 925/496/925
f 1115/1585/1115 1153/574/1153 1154/571/1154
f 1654/1586/1654 3575/1587/3575 1655/1588/1655
f 1896/1589/1896 3549/1590/3549 1686/1158/1686
f 1720/1535/1720 1744/1570/1744 1726/1583/1726
f 1721/1557/1721 1749/1581/1749 1720/1535/1720
f 1750/1591/1750 1701/1517/1701 1698/1516/1698
f 1697/1562/1697 1750/1591/1750 1696/1506/1696
f 1151/566/1151 1063/539/1063 1062/540/1062
f 1751/1592/1751 1670/1047/1670 1671/1474/1671
f 1695/1504/1695 1752/1593/1752 1751/1592/1751
f 961/492/961 986/1594/986 981/508/981
f 1770/1595/1770 1768/1596/1768 1767/806/1767
f 1766/1597/1766 1593/1387/1593 1765/1598/1765
f 1731/1549/1731 1579/1599/1579 1580/1555/1580
f 1579/1599/1579 1774/1600/1774 1578/1601/1578
f 3928/1602/3928 1771/1603/1771 3929/1604/3929
f 1764/1605/1764 3928/1602/3928 3917/1606/3917
f 1777/1607/1777 1775/1608/1775 1774/1600/1774
f 3762/1609/3762 1699/1518/1699 1700/1002/1700
f 1004/1610/1004 1128/1522/1128 1003/1611/1003
f 1774/1600/1774 1771/1603/1771 1772/1612/1772
f 987/1613/987 1399/748/1399 980/1401/980
f 1578/1601/1578 1772/1612/1772 1764/1605/1764
f 1783/1614/1783 1781/1615/1781 1778/1616/1778
f 1597/1397/1597 1770/1595/1770 1767/806/1767
f 639/1453/639 3895/1617/3895 3884/1618/3884
f 3928/1602/3928 1769/1619/1769 1770/1595/1770
f 1793/1620/1793 1789/1621/1789 1788/1622/1788
f 3929/1604/3929 1798/1623/1798 1769/1619/1769
f 3508/1624/3508 3773/1625/3773 1806/861/1806
f 1802/1626/1802 3924/1172/3924 3922/1627/3922
f 1788/1622/1788 1794/1628/1794 1793/1620/1793
f 1793/1620/1793 1795/1629/1795 1776/1630/1776
f 3773/1625/3773 1675/862/1675 1806/861/1806
f 1584/1631/1584 1783/1614/1783 1789/1621/1789
f 1771/1603/1771 3920/1632/3920 3929/1604/3929
f 1801/1633/1801 1798/1623/1798 1800/1634/1800
f 1768/1596/1768 1798/1623/1798 1799/1635/1799
f 1775/1608/1775 1797/1636/1797 1771/1603/1771
f 508/1360/508 515/556/515 1520/1358/1520
f 1796/1637/1796 1802/1626/1802 1797/1636/1797
f 1800/1634/1800 3920/1632/3920 3922/1627/3922
f 1794/1628/1794 1804/1638/1804 1795/1629/1795
f 3532/1639/3532 1752/1593/1752 3547/1640/3547
f 485/1641/485 1807/1018/1807 775/423/775
f 3809/413/3809 1640/1642/1640 768/411/768
f 3837/1643/3837 1810/1169/1810 1653/1644/1653
f 485/1641/485 1640/1642/1640 1808/1645/1808
f 1690/1646/1690 3770/1647/3770 3772/1648/3772
f 487/295/487 1648/1442/1648 1811/1649/1811
f 3839/1650/3839 1816/1651/1816 3822/1652/3822
f 3838/1653/3838 1648/1442/1648 3830/1445/3830
f 3839/1650/3839 1811/1649/1811 3838/1653/3838
f 1812/1654/1812 487/295/487 1811/1649/1811
f 1641/1655/1641 767/1656/767 768/411/768
f 465/289/465 755/401/755 776/1419/776
f 767/1656/767 3823/1657/3823 3808/412/3808
f 3822/1652/3822 3826/1658/3826 3847/1659/3847
f 1809/1660/1809 1815/1661/1815 767/1656/767
f 3837/1643/3837 1651/1459/1651 3840/1019/3840
f 675/1662/675 3541/1663/3541 3496/1664/3496
f 1814/1665/1814 1822/1666/1822 1821/1667/1821
f 1821/1667/1821 3821/1668/3821 3820/1669/3820
f 1824/1670/1824 1649/1444/1649 1825/1671/1825
f 1827/1672/1827 1850/957/1850 1805/1673/1805
f 1668/1475/1668 1662/1674/1662 1663/1446/1663
f 1779/1675/1779 1848/1676/1848 1828/1677/1828
f 1790/1678/1790 1805/1673/1805 1794/1628/1794
f 1833/1679/1833 1853/1680/1853 1852/1681/1852
f 3521/1682/3521 693/381/693 575/380/575
f 1614/1683/1614 1616/1684/1616 1617/1685/1617
f 1852/1681/1852 3498/1686/3498 3501/1687/3501
f 1620/1688/1620 1622/1689/1622 1623/1690/1623
f 1855/1691/1855 1574/1692/1574 1861/1693/1861
f 1847/1694/1847 3501/1687/3501 3513/1695/3513
f 1766/1597/1766 1855/1691/1855 1782/1696/1782
f 1629/1697/1629 1631/1698/1631 1628/1699/1628
f 1633/1700/1633 1634/1701/1634 1632/1702/1632
f 1635/1703/1635 1637/1704/1637 1638/1705/1638
f 1848/1676/1848 1852/1681/1852 1847/1694/1847
f 1855/1691/1855 1863/1706/1863 1862/1707/1862
f 1803/1708/1803 1867/1709/1867 1802/1626/1802
f 1862/1707/1862 1831/1710/1831 1832/1711/1832
f 1782/1696/1782 1862/1707/1862 1781/1615/1781
f 3922/1627/3922 1865/948/1865 1800/1634/1800
f 1873/1712/1873 1870/1713/1870 1869/1714/1869
f 1874/1715/1874 799/1716/799 804/1717/804
f 2045/1718/2045 3897/1719/3897 2044/1720/2044
f 1219/610/1219 1295/667/1295 1225/609/1225
f 1615/1721/1615 1396/1471/1396 1395/1722/1395
f 3884/1618/3884 1877/1723/1877 1876/1724/1876
f 645/1725/645 3786/1726/3786 3559/1727/3559
f 1345/663/1345 1035/534/1035 1346/664/1346
f 634/1451/634 3884/1618/3884 3880/1728/3880
f 15/8/15 1327/1729/1327 14/9/14
f 3910/1730/3910 1878/1731/1878 1893/1732/1893
f 1894/1733/1894 605/1734/605 1893/1732/1893
f 3506/1735/3506 627/1495/627 693/381/693
f 3560/1736/3560 645/1725/645 3559/1727/3559
f 340/500/340 454/275/454 1558/1286/1558
f 1897/1737/1897 195/126/195 1898/1738/1898
f 1889/1739/1889 1877/1723/1877 1890/1740/1890
f 1901/1741/1901 129/88/129 1900/1742/1900
f 196/125/196 754/1544/754 232/1743/232
f 1705/1744/1705 3921/1509/3921 3916/1512/3916
f 340/500/340 166/218/166 343/498/343
f 1570/1745/1570 563/968/563 561/348/561
f 1904/1746/1904 194/124/194 1897/1737/1897
f 1781/1615/1781 1832/1711/1832 1780/1747/1780
f 1905/1748/1905 55/38/55 1906/1749/1906
f 1000/1750/1000 995/1751/995 996/516/996
f 986/1594/986 920/526/920 987/1613/987
f 1191/597/1191 1190/892/1190 1194/594/1194
f 2094/1752/2094 2075/1753/2075 2093/1754/2093
f 1920/1755/1920 1919/1756/1919 1915/1757/1915
f 453/276/453 1912/1758/1912 1911/1759/1911
f 1915/1757/1915 1918/1760/1918 1916/1761/1916
f 3882/1762/3882 2106/1763/2106 3901/1764/3901
f 1655/1588/1655 3531/1765/3531 1868/1766/1868
f 1916/1761/1916 1926/1767/1926 1925/1768/1925
f 704/389/704 3561/1769/3561 703/390/703
f 278/168/278 1925/1768/1925 1900/1742/1900
f 3565/1770/3565 1818/1771/1818 1820/1772/1820
f 1097/543/1097 1115/1585/1115 1114/570/1114
f 1927/1773/1927 727/375/727 1923/628/1923
f 3578/1774/3578 3654/1775/3654 3758/1776/3758
f 1920/1755/1920 307/186/307 1929/1777/1929
f 1929/1777/1929 48/31/48 728/373/728
f 503/356/503 1497/1778/1497 1509/1046/1509
f 1902/1779/1902 787/1780/787 796/1498/796
f 1816/1651/1816 3820/1669/3820 3826/1658/3826
f 1925/1768/1925 1923/628/1923 1924/1781/1924
f 1535/1782/1535 1568/1783/1568 1534/1784/1534
f 254/244/254 258/147/258 255/149/255
f 1509/1046/1509 366/208/366 367/210/367
f 119/194/119 35/1785/35 36/16/36
f 219/464/219 293/1088/293 294/524/294
f 141/174/141 47/191/47 431/262/431
f 542/470/542 244/318/244 245/1786/245
f 1940/1787/1940 430/263/430 431/262/431
f 1779/1675/1779 1827/1672/1827 1790/1678/1790
f 1701/1517/1701 3915/1788/3915 3919/1515/3919
f 1661/1447/1661 3515/1789/3515 1667/1468/1667
f 270/162/270 754/1544/754 647/367/647
f 197/1314/197 749/1543/749 196/125/196
f 1727/1790/1727 1212/1791/1212 1211/1241/1211
f 53/37/53 232/1743/232 754/1544/754
f 1465/894/1465 1479/962/1479 1478/964/1478
f 1284/1792/1284 3854/1793/3854 1293/661/1293
f 1951/1794/1951 412/241/412 413/240/413
f 168/114/168 1554/1795/1554 1553/1264/1553
f 1486/1039/1486 206/129/206 207/131/207
f 506/1192/506 78/58/78 361/1408/361
f 994/1796/994 1007/518/1007 993/1797/993
f 951/479/951 963/507/963 964/1798/964
f 1013/550/1013 3861/670/3861 1351/879/1351
f 3826/1658/3826 1820/1772/1820 1818/1771/1818
f 1498/1223/1498 1954/1799/1954 1482/971/1482
f 299/1006/299 543/1800/543 132/90/132
f 1754/1801/1754 1756/1802/1756 1753/1803/1753
f 1681/1804/1681 1683/1805/1683 1682/1806/1682
f 1696/1506/1696 1695/1504/1695 1697/1562/1697
f 13/7/13 738/1807/738 737/1808/737
f 473/420/473 475/416/475 474/418/474
f 482/291/482 768/411/768 1640/1642/1640
f 204/1809/204 30/14/30 205/316/205
f 1761/1810/1761 820/1811/820 819/888/819
f 611/738/611 1125/1812/1125 612/737/612
f 1501/1007/1501 1908/1813/1908 1909/1814/1909
f 1074/1104/1074 711/809/711 699/801/699
f 1960/1815/1960 82/61/82 83/60/83
f 120/1816/120 1960/1815/1960 123/981/123
f 35/1785/35 87/78/87 34/17/34
f 1773/1817/1773 1025/1060/1025 1031/1063/1031
f 1965/1818/1965 1569/1819/1569 1535/1782/1535
f 494/299/494 471/1426/471 479/364/479
f 1966/1820/1966 1969/1821/1969 1968/1822/1968
f 446/324/446 1971/1823/1971 1967/1824/1967
f 174/115/174 125/86/125 126/85/126
f 1580/1555/1580 1578/1601/1578 1577/1531/1577
f 1785/1825/1785 1787/1826/1787 1784/1827/1784
f 1972/1828/1972 304/1199/304 305/1093/305
f 1254/1273/1254 875/1035/875 999/1034/999
f 1973/1829/1973 342/1502/342 514/554/514
f 321/1830/321 1973/1829/1973 509/984/509
f 1910/1831/1910 275/243/275 1907/1832/1907
f 509/984/509 514/554/514 508/1360/508
f 1486/1039/1486 1527/1833/1527 1485/1097/1485
f 1974/1834/1974 804/1717/804 1975/1835/1975
f 1977/1836/1977 1974/1834/1974 1978/1837/1978
f 1980/1838/1980 1966/1820/1966 1981/1839/1981
f 379/219/379 2/2/2 295/1840/295
f 1718/1841/1718 1710/1842/1710 1701/1517/1701
f 884/462/884 992/513/992 883/1843/883
f 1680/1844/1680 1678/1015/1678 1679/1486/1679
f 902/1845/902 525/1846/525 524/692/524
f 344/1005/344 256/148/256 299/1006/299
f 135/1847/135 137/427/137 136/429/136
f 236/341/236 228/144/228 333/1261/333
f 448/1848/448 1967/1824/1967 1966/1820/1966
f 589/1849/589 604/1850/604 584/1462/584
f 910/712/910 908/716/908 907/525/907
f 1981/1839/1981 1968/1822/1968 1987/1851/1987
f 1982/1852/1982 1987/1851/1987 1979/1853/1979
f 1988/1854/1988 1987/1851/1987 1989/1855/1989
f 1990/1856/1990 1989/1855/1989 1991/1857/1991
f 1991/1857/1991 1993/1858/1993 1992/1859/1992
f 322/1860/322 320/983/320 319/1861/319
f 992/513/992 830/472/830 883/1843/883
f 1144/578/1144 1086/568/1086 1143/1862/1143
f 1995/1863/1995 1978/1837/1978 1994/1864/1994
f 1133/558/1133 1118/546/1118 1126/561/1126
f 1997/1865/1997 1994/1864/1994 1996/1866/1996
f 870/927/870 1335/1537/1335 1489/1538/1489
f 805/443/805 1982/1852/1982 1998/1867/1998
f 727/375/727 2000/1868/2000 1999/1869/1999
f 1996/1866/1996 1988/1854/1988 1990/1856/1990
f 1994/1864/1994 1979/1853/1979 1988/1854/1988
f 1829/1870/1829 792/1871/792 1273/1312/1273
f 1830/1872/1830 941/982/941 983/1021/983
f 798/1873/798 800/441/800 799/1716/799
f 729/1874/729 731/1875/731 730/435/730
f 2011/1876/2011 2023/1877/2023 2022/1878/2022
f 1834/1879/1834 846/908/846 1159/1880/1159
f 402/1493/402 284/224/284 347/1266/347
f 2022/1878/2022 2024/1881/2024 2025/1882/2025
f 1838/1883/1838 989/1024/989 988/1026/988
f 810/515/810 952/1297/952 809/452/809
f 1823/1884/1823 1840/1885/1840 644/758/644
f 1430/822/1430 1432/834/1432 1431/1886/1431
f 1215/1887/1215 1841/1888/1841 1079/1115/1079
f 149/100/149 176/177/176 177/1889/177
f 1316/1372/1316 873/929/873 872/928/872
f 2112/1890/2112 1384/1550/1384 2106/1763/2106
f 1842/1891/1842 1844/1892/1844 1845/1893/1845
f 1159/1880/1159 845/907/845 1160/1195/1160
f 837/901/837 1846/1894/1846 1120/1150/1120
f 1971/1823/1971 2030/1895/2030 2027/1896/2027
f 517/1897/517 370/434/370 189/319/189
f 858/917/858 833/898/833 812/1230/812
f 1471/933/1471 2027/1896/2027 1888/1898/1888
f 3551/1899/3551 626/1496/626 627/1495/627
f 2174/1900/2174 770/1901/770 490/1457/490
f 935/1045/935 1854/1902/1854 1010/1044/1010
f 1613/1484/1613 1611/1903/1611 1618/1904/1618
f 1231/621/1231 1225/609/1225 1295/667/1295
f 1856/1905/1856 891/941/891 892/940/892
f 1300/638/1300 748/1906/748 741/1282/741
f 1150/1907/1150 1858/1908/1858 1859/1909/1859
f 1643/1421/1643 696/1234/696 1642/1422/1642
f 1215/1887/1215 1264/1910/1264 1216/1246/1216
f 1320/1377/1320 902/1845/902 901/945/901
f 1956/1911/1956 1944/1912/1944 1960/1815/1960
f 2031/1913/2031 669/1450/669 1474/1914/1474
f 2034/1915/2034 1310/646/1310 1299/636/1299
f 1879/1916/1879 1656/1491/1656 1657/1917/1657
f 40/1305/40 242/440/242 39/20/39
f 1992/1859/1992 2039/1918/2039 1456/872/1456
f 888/1919/888 957/998/957 889/938/889
f 1882/1920/1882 1996/1866/1996 1990/1856/1990
f 1078/1112/1078 1255/1274/1255 1077/1111/1077
f 1871/1921/1871 1192/1922/1192 1090/1121/1090
f 294/524/294 218/1212/218 219/464/219
f 1323/645/1323 2026/1923/2026 1471/933/1471
f 123/981/123 83/60/83 1484/979/1484
f 1324/1924/1324 2041/1925/2041 1323/645/1323
f 384/1463/384 359/260/359 352/203/352
f 1324/1924/1324 2038/1926/2038 2036/1927/2036
f 1883/1928/1883 1885/1929/1885 1829/1870/1829
f 287/1165/287 114/155/114 107/81/107
f 1096/1128/1096 1134/1177/1134 661/774/661
f 915/956/915 931/972/931 916/954/916
f 806/442/806 1981/1839/1981 1982/1852/1982
f 3533/1930/3533 584/1462/584 604/1850/604
f 1425/800/1425 2042/1931/2042 1018/530/1018
f 1018/530/1018 1948/1932/1948 1017/528/1017
f 3562/1933/3562 740/1934/740 3519/481/3519
f 1948/1932/1948 649/1935/649 646/365/646
f 1881/1936/1881 1990/1856/1990 1991/1857/1991
f 1900/1742/1900 130/1157/130 278/168/278
f 992/513/992 994/1796/994 993/1797/993
f 923/476/923 925/496/925 924/1584/924
f 3878/1937/3878 2047/1938/2047 3876/1939/3876
f 1643/1421/1643 625/1940/625 606/359/606
f 2050/1941/2050 2051/1942/2051 2049/1943/2049
f 2045/1718/2045 1404/759/1404 2047/1938/2047
f 3876/1939/3876 945/1944/945 3885/1392/3885
f 1139/1181/1139 1079/1115/1079 1841/1888/1841
f 1037/1069/1037 892/940/892 982/1167/982
f 2055/1945/2055 2057/1946/2057 2056/1947/2056
f 1198/1228/1198 718/1948/718 717/814/717
f 1619/1949/1619 1612/1950/1612 1611/1903/1611
f 2058/1951/2058 1606/1952/1606 2059/1953/2059
f 2059/1953/2059 1607/1406/1607 2058/1951/2058
f 2058/1951/2058 1624/1476/1624 1605/1954/1605
f 71/1955/71 179/118/179 37/19/37
f 405/233/405 1557/1328/1557 382/1281/382
f 976/1013/976 1006/1042/1006 977/1014/977
f 322/1860/322 1972/1828/1972 1911/1759/1911
f 2061/1956/2061 2063/1957/2063 2062/1958/2062
f 2066/1959/2066 2067/1960/2067 1825/1671/1825
f 2052/1961/2052 2064/1962/2064 2051/1942/2051
f 1609/1963/1609 2066/1959/2066 1647/1964/1647
f 1515/1965/1515 152/1441/152 1516/1966/1516
f 1009/522/1009 993/1797/993 1007/518/1007
f 1644/1420/1644 3815/1967/3815 2118/885/2118
f 279/1030/279 1916/1761/1916 278/168/278
f 1285/1968/1285 3862/640/3862 1284/1792/1284
f 1647/1964/1647 1825/1671/1825 1649/1444/1649
f 2056/1947/2056 2067/1960/2067 2065/1969/2065
f 319/1861/319 1953/1970/1953 1952/1971/1952
f 667/777/667 1913/1972/1913 1914/1973/1914
f 2070/1974/2070 625/1940/625 2048/1975/2048
f 2052/1961/2052 2055/1945/2055 2063/1957/2063
f 2038/1926/2038 1655/1588/1655 1458/1976/1458
f 1606/1952/1606 2073/1977/2073 2072/1978/2072
f 1235/1979/1235 1270/1980/1270 1236/1256/1236
f 2072/1978/2072 2075/1753/2075 2074/1981/2074
f 2059/1953/2059 2072/1978/2072 2062/1958/2062
f 2074/1981/2074 2077/1982/2077 2076/1983/2076
f 1601/1400/1601 2078/1984/2078 2073/1977/2073
f 2049/1943/2049 1643/1421/1643 1645/1985/1645
f 1000/1750/1000 1001/1986/1001 994/1796/994
f 1089/1540/1089 684/369/684 689/368/689
f 1931/1987/1931 1306/1364/1306 1930/1988/1930
f 1462/1989/1462 1021/533/1021 1022/532/1022
f 1932/1990/1932 1934/1991/1934 1935/1992/1935
f 875/1035/875 1846/1894/1846 998/1033/998
f 1936/1993/1936 1937/1994/1937 1938/1995/1938
f 44/140/44 46/32/46 92/139/92
f 1534/1784/1534 1956/1911/1956 120/1816/120
f 1541/1162/1541 317/183/317 391/230/391
f 2081/1996/2081 2084/1997/2084 2083/1998/2083
f 146/557/146 1959/1999/1959 300/2000/300
f 1360/2001/1360 1942/2002/1942 1361/1440/1361
f 985/1023/985 1032/1066/1032 1033/1065/1033
f 1995/1863/1995 1892/2003/1892 2043/2004/2043
f 2079/2005/2079 2082/2006/2082 2081/1996/2081
f 2095/2007/2095 2076/1983/2076 2077/1982/2077
f 2081/1996/2081 2078/1984/2078 2079/2005/2079
f 2055/1945/2055 2054/2008/2054 2053/2009/2053
f 501/456/501 2095/2007/2095 500/304/500
f 2097/2010/2097 2099/2011/2099 2098/2012/2098
f 2098/2012/2098 2094/1752/2094 2083/1998/2083
f 2140/2013/2140 3893/2014/3893 3866/2015/3866
f 2141/2016/2141 3894/2017/3894 3893/2014/3893
f 2051/1942/2051 2048/1975/2048 2049/1943/2049
f 592/352/592 2101/2018/2101 1576/2019/1576
f 2071/2020/2071 2076/1983/2076 2096/2021/2096
f 2102/2022/2102 2098/2012/2098 2101/2018/2101
f 593/2023/593 2102/2022/2102 592/352/592
f 1019/529/1019 746/1283/746 747/799/747
f 1950/2024/1950 12/2025/12 1327/1729/1327
f 725/396/725 2096/2021/2096 501/456/501
f 1385/791/1385 2104/2026/2104 1379/1551/1379
f 1379/1551/1379 2106/1763/2106 1384/1550/1384
f 2107/2027/2107 2100/630/2100 2097/2010/2097
f 3908/2028/3908 502/303/502 3896/2029/3896
f 3896/2029/3896 499/305/499 3901/1764/3901
f 940/2030/940 2109/2031/2109 944/1393/944
f 928/2032/928 1170/595/1170 973/506/973
f 3868/2033/3868 684/369/684 3899/1394/3899
f 1962/2034/1962 1964/2035/1964 1961/2036/1961
f 3878/1937/3878 573/345/573 3897/1719/3897
f 2039/1918/2039 1968/1822/1968 1969/1821/1969
f 1389/2037/1389 2110/2038/2110 2109/2031/2109
f 1398/747/1398 2113/2039/2113 1397/746/1397
f 3757/2040/3757 3753/2041/3753 3743/2042/3743
f 3911/2043/3911 2107/2027/2107 2103/2044/2103
f 949/553/949 924/1584/924 1115/1585/1115
f 260/150/260 324/189/324 326/1321/326
f 1390/724/1390 2113/2039/2113 2110/2038/2110
f 2070/1974/2070 2064/1962/2064 2071/2020/2071
f 3867/2045/3867 2103/2044/2103 593/2023/593
f 2105/2046/2105 1421/792/1421 2114/2047/2114
f 2114/2047/2114 1423/797/1423 2115/2048/2115
f 3892/2049/3892 2115/2048/2115 3903/2050/3903
f 3908/2028/3908 2114/2047/2114 3892/2049/3892
f 554/1456/554 1902/1779/1902 553/1454/553
f 972/505/972 967/497/967 966/495/966
f 1765/1598/1765 1573/2051/1573 1574/1692/1574
f 1984/2052/1984 1986/2053/1986 1983/2054/1983
f 2053/2009/2053 2069/2055/2069 2057/1946/2057
f 3573/2056/3573 724/2057/724 714/376/714
f 1625/1485/1625 1674/1483/1674 1673/1477/1673
f 3881/2058/3881 2119/2059/2119 2122/2060/2122
f 3903/2050/3903 2123/2061/2123 3904/2062/3904
f 56/161/56 1906/1749/1906 55/38/55
f 626/1496/626 3879/2063/3879 629/1494/629
f 2001/2064/2001 2003/2065/2003 2004/2066/2004
f 3912/2067/3912 2127/2068/2127 3907/2069/3907
f 2006/2070/2006 2008/2071/2008 2009/2072/2009
f 2127/2068/2127 1412/764/1412 2128/2073/2128
f 2014/2074/2014 2016/2075/2016 2017/2076/2017
f 2018/2077/2018 2020/2078/2020 2021/2079/2021
f 1495/997/1495 1947/2080/1947 197/1314/197
f 1379/1551/1379 1386/786/1386 1385/791/1385
f 3814/1410/3814 1680/1844/1680 1618/1904/1618
f 2029/2081/2029 1884/2082/1884 2028/2083/2028
f 3902/2084/3902 2120/2085/2120 3887/2086/3887
f 629/1494/629 3914/631/3914 3872/2087/3872
f 682/1542/682 943/2088/943 1089/1540/1089
f 724/2057/724 2121/2089/2121 716/377/716
f 1757/991/1757 3821/1668/3821 3845/2090/3845
f 765/2091/765 3844/2092/3844 3809/413/3809
f 3851/2093/3851 715/378/715 3852/2094/3852
f 706/1340/706 3870/2095/3870 3872/2087/3872
f 981/508/981 987/1613/987 980/1401/980
f 1457/871/1457 1656/1491/1656 1880/2096/1880
f 2017/2076/2017 2032/2097/2032 2033/2098/2033
f 1458/1976/1458 1868/1766/1868 1457/871/1457
f 1776/1630/1776 1792/2099/1792 1793/1620/1793
f 1959/1999/1959 1946/2100/1946 1958/2101/1958
f 3663/805/3663 3725/2102/3725 3661/2103/3661
f 3913/2104/3913 2122/2060/2122 3850/2105/3850
f 1093/811/1093 689/368/689 1088/1379/1088
f 966/495/966 968/502/968 972/505/972
f 3852/2094/3852 3881/2058/3881 3913/2104/3913
f 2172/2106/2172 2170/2107/2170 2171/2108/2171
f 670/613/670 2137/2109/2137 669/1450/669
f 3761/2110/3761 1903/2111/1903 233/629/233
f 1429/823/1429 28/2112/28 1449/2113/1449
f 964/1798/964 978/509/978 971/501/971
f 3841/2114/3841 1413/779/1413 2127/2068/2127
f 1473/2115/1473 669/1450/669 2137/2109/2137
f 3834/680/3834 1359/706/1359 1358/683/1358
f 2138/2116/2138 1870/1713/1870 2137/2109/2137
f 1872/2117/1872 2137/2109/2137 1870/1713/1870
f 715/378/715 3888/2118/3888 3881/2058/3881
f 1881/1936/1881 1992/1859/1992 1880/2096/1880
f 3843/1428/3843 739/482/739 740/1934/740
f 1837/2119/1837 3513/1695/3513 3514/2120/3514
f 253/146/253 59/62/59 85/64/85
f 1808/1645/1808 3840/1019/3840 1807/1018/1807
f 1647/1964/1647 3818/2121/3818 1609/1963/1609
f 3865/2122/3865 671/611/671 668/1449/668
f 2112/1890/2112 3883/2123/3883 2111/2124/2111
f 1405/844/1405 2044/1720/2044 1438/830/1438
f 3829/691/3829 1364/2125/1364 1366/2126/1366
f 273/1163/273 391/230/391 249/165/249
f 576/392/576 3520/2127/3520 3555/2128/3555
f 3875/2129/3875 668/1449/668 2031/1913/2031
f 1430/822/1430 2140/2013/2140 2139/2130/2139
f 2136/2131/2136 3860/849/3860 28/2112/28
f 1430/822/1430 18/12/18 19/11/19
f 3893/2014/3893 570/347/570 695/2132/695
f 1442/835/1442 2046/2133/2046 2141/2016/2141
f 1431/1886/1431 2141/2016/2141 2140/2013/2140
f 3869/2134/3869 3850/2105/3850 2136/2131/2136
f 3808/412/3808 1817/2135/1817 766/2136/766
f 3866/2015/3866 695/2132/695 671/611/671
f 2142/2137/2142 798/1873/798 2138/2116/2138
f 571/346/571 2142/2137/2142 694/612/694
f 3819/1411/3819 1618/1904/1618 1611/1903/1611
f 2143/2138/2143 2025/1882/2025 2142/2137/2142
f 694/612/694 2138/2116/2138 670/613/670
f 681/1418/681 2144/2139/2144 572/1416/572
f 2144/2139/2144 2022/1878/2022 2143/2138/2143
f 328/394/328 457/635/457 290/393/290
f 1572/1541/1572 2011/1876/2011 2144/2139/2144
f 630/395/630 3903/2050/3903 624/360/624
f 2085/2140/2085 2087/2141/2087 2088/2142/2088
f 2090/2143/2090 2092/2144/2092 2089/2145/2089
f 572/1416/572 2143/2138/2143 571/346/571
f 1875/2146/1875 2153/2147/2153 2149/2148/2149
f 1873/1712/1873 2149/2148/2149 2154/2149/2154
f 2103/2044/2103 2097/2010/2097 2102/2022/2102
f 2157/2150/2157 2155/2151/2155 2156/2152/2156
f 2128/2073/2128 1414/766/1414 2120/2085/2120
f 3874/2153/3874 589/1849/589 582/1461/582
f 3872/2087/3872 628/2154/628 629/1494/629
f 2149/2148/2149 2158/2155/2158 2159/2156/2159
f 2159/2156/2159 3905/2157/3905 3890/2158/3890
f 698/388/698 3902/2084/3902 705/2159/705
f 3823/1657/3823 3827/2160/3827 1817/2135/1817
f 2158/2155/2158 3874/2153/3874 3905/2157/3905
f 1438/830/1438 2046/2133/2046 1439/828/1439
f 2035/2161/2035 2160/2162/2160 2161/2163/2161
f 2161/2163/2161 3889/2164/3889 3886/2165/3886
f 3871/2166/3871 605/1734/605 589/1849/589
f 3873/2167/3873 18/12/18 3875/2129/3875
f 370/434/370 61/44/61 451/320/451
f 649/1935/649 413/240/413 648/366/648
f 2153/2147/2153 2156/2152/2156 2158/2155/2158
f 1428/2168/1428 1449/2113/1449 1450/2169/1450
f 1490/1027/1490 73/55/73 1488/989/1488
f 3890/2158/3890 710/1383/710 633/2170/633
f 2155/2151/2155 3891/2171/3891 3871/2166/3871
f 1456/872/1456 1880/2096/1880 1992/1859/1992
f 2125/2172/2125 2087/2141/2087 2124/2173/2124
f 2160/2162/2160 3890/2158/3890 3889/2164/3889
f 300/2000/300 505/634/505 323/261/323
f 1064/592/1064 1046/538/1046 1065/2174/1065
f 2043/2004/2043 1891/2175/1891 2155/2151/2155
f 2129/2176/2129 2004/2066/2004 2003/2065/2003
f 2131/2177/2131 2133/2178/2133 2134/2179/2134
f 3848/850/3848 1450/2169/1450 1449/2113/1449
f 1998/1867/1998 804/1717/804 805/443/805
f 3879/2063/3879 3864/2180/3864 3914/631/3914
f 474/418/474 490/1457/490 770/1901/770
f 1164/582/1164 1182/895/1182 1177/589/1177
f 707/1339/707 3909/2181/3909 3870/2095/3870
f 708/2182/708 2162/2183/2162 707/1339/707
f 2162/2183/2162 3886/2165/3886 3909/2181/3909
f 548/1429/548 1905/1748/1905 458/281/458
f 1145/562/1145 1114/570/1114 1171/587/1171
f 705/2159/705 1650/2184/1650 704/389/704
f 2043/2004/2043 1977/1836/1977 1995/1863/1995
f 737/1808/737 554/1456/554 559/1455/559
f 1034/605/1034 1191/597/1191 1023/593/1023
f 458/281/458 1907/1832/1907 275/243/275
f 195/126/195 232/1743/232 233/629/233
f 2040/2185/2040 1969/1821/1969 1970/2186/1970
f 2145/2187/2145 2147/2188/2147 2148/2189/2148
f 2054/2008/2054 2049/1943/2049 1645/1985/1645
f 3832/1443/3832 1639/1435/1639 3818/2121/3818
f 9/2190/9 11/2191/11 10/2192/10
f 252/145/252 506/1192/506 258/147/258
f 472/300/472 479/364/479 471/1426/471
f 1865/948/1865 3791/1174/3791 3503/2193/3503
f 900/484/900 910/712/910 907/525/907
f 1941/2194/1941 2151/2195/2151 1942/2002/1942
f 1921/2196/1921 1927/1773/1927 1919/1756/1919
f 2163/2197/2163 1898/1738/1898 2116/2198/2116
f 271/1003/271 153/105/153 178/2199/178
f 1904/1746/1904 12/2025/12 9/2190/9
f 282/286/282 264/1147/264 460/283/460
f 1872/2117/1872 2154/2149/2154 2035/2161/2035
f 1326/2200/1326 1897/1737/1897 2163/2197/2163
f 628/2154/628 693/381/693 627/1495/627
f 1724/1554/1724 1719/1536/1719 1723/1546/1723
f 1549/1222/1549 436/267/436 172/117/172
f 1582/1382/1582 1730/1545/1730 1729/1547/1729
f 1921/2196/1921 1929/1777/1929 1928/2201/1928
f 3563/2202/3563 10/2192/10 11/2191/11
f 2152/2203/2152 1950/2024/1950 1949/2204/1949
f 475/416/475 774/425/774 771/417/771
f 769/419/769 2171/2108/2171 473/420/473
f 2171/2108/2171 476/2205/476 473/420/473
f 476/2205/476 772/422/772 475/416/475
f 1791/2206/1791 464/1311/464 1760/2207/1760
f 2166/2208/2166 2168/2209/2168 2169/2210/2169
f 595/354/595 372/1217/372 98/72/98
f 483/293/483 1641/1655/1641 482/291/482
f 762/407/762 2173/853/2173 470/301/470
f 771/417/771 484/292/484 492/415/492
f 486/296/486 1809/1660/1809 483/293/483
f 297/1291/297 1517/1185/1517 296/1187/296
f 763/2211/763 2174/1900/2174 762/407/762
f 776/1419/776 759/403/759 489/294/489
f 184/374/184 2176/2212/2176 2000/1868/2000
f 412/241/412 303/1201/303 414/239/414
f 2005/2213/2005 185/166/185 224/277/224
f 3811/1488/3811 1682/1806/1682 3846/1017/3846
f 2164/2214/2164 756/426/756 764/409/764
f 1472/2215/1472 2161/2163/2161 2162/2183/2162
f 950/480/950 964/1798/964 965/494/965
f 2177/2216/2177 2179/2217/2179 2180/2218/2180
f 227/1218/227 1510/1050/1510 333/1261/333
f 764/409/764 467/410/467 2164/2214/2164
f 2182/2219/2182 2184/2220/2184 2181/2221/2181
f 2186/2222/2186 2018/2077/2018 2185/2223/2185
f 1985/2224/1985 2181/2221/2181 1986/2053/1986
f 214/136/214 729/1874/729 1531/1119/1531
f 1545/1200/1545 1546/2225/1546 1569/1819/1569
f 865/675/865 842/1433/842 866/682/866
f 849/1431/849 1357/677/1357 1362/2226/1362
f 452/274/452 1558/1286/1558 454/275/454
f 559/1455/559 3188/2227/3188 737/1808/737
f 16/2228/16 737/1808/737 3188/2227/3188
f 560/2229/560 498/2230/498 374/2231/374
f 3193/2232/3193 3195/2233/3195 3194/2234/3194
f 3200/2235/3200 3198/2236/3198 3199/2237/3199
f 3211/2238/3211 3213/2239/3213 3212/2240/3212
f 3215/2241/3215 3217/2242/3217 3216/2243/3216
f 2187/2244/2187 2002/2245/2002 2001/2064/2001
f 2169/2210/2169 2189/2246/2189 2190/2247/2190
f 2192/2248/2192 2085/2140/2085 2191/2249/2191
f 2193/2250/2193 2195/2251/2195 2196/2252/2196
f 2198/2253/2198 2200/2254/2200 2197/2255/2197
f 1998/1867/1998 1979/1853/1979 1975/1835/1975
f 3664/2256/3664 3668/2257/3668 3671/2258/3671
f 2116/2198/2116 1903/2111/1903 1902/1779/1902
f 1859/1909/1859 2009/2072/2009 1150/1907/1150
f 3904/2062/3904 2126/2259/2126 3906/2260/3906
f 1135/2261/1135 1087/569/1087 1130/559/1130
f 2201/2262/2201 2015/2263/2015 2014/2074/2014
f 1149/2264/1149 110/152/110 1858/1908/1858
f 3221/2265/3221 3218/2266/3218 3215/2241/3215
f 2203/2267/2203 2205/2268/2205 2206/2269/2206
f 579/344/579 1895/2270/1895 1019/529/1019
f 1755/2271/1755 2208/2272/2208 1756/1802/1756
f 3891/2171/3891 1893/1732/1893 605/1734/605
f 1211/1241/1211 2150/2273/2150 1727/1790/1727
f 868/925/868 2210/2274/2210 2209/2275/2209
f 944/1393/944 930/754/930 940/2030/940
f 2130/2276/2130 2202/2277/2202 2201/2262/2201
f 233/629/233 1898/1738/1898 195/126/195
f 665/776/665 750/843/750 666/2278/666
f 1167/1207/1167 999/1034/999 618/2279/618
f 2211/2280/2211 2213/2281/2213 2214/2282/2214
f 2215/2283/2215 2217/2284/2217 2218/2285/2218
f 3867/2045/3867 590/351/590 3868/2033/3868
f 2220/2286/2220 220/306/220 2219/2287/2219
f 823/447/823 948/477/948 1094/552/1094
f 3225/2288/3225 3227/2289/3227 3226/2290/3226
f 266/160/266 455/469/455 265/158/265
f 3882/1762/3882 2107/2027/2107 3883/2123/3883
f 2221/2291/2221 3519/481/3519 3517/483/3517
f 2223/2292/2223 2225/2293/2225 2226/2294/2226
f 2207/2295/2207 2124/2173/2124 2208/2272/2208
f 673/2296/673 3869/2134/3869 3864/2180/3864
f 817/444/817 996/516/996 815/451/815
f 2227/2297/2227 2146/2298/2146 2145/2187/2145
f 1947/2080/1947 646/365/646 749/1543/749
f 3900/633/3900 17/10/17 3873/2167/3873
f 2229/2299/2229 1638/1705/1638 1381/1464/1381
f 1679/1486/1679 1618/1904/1618 1680/1844/1680
f 1637/1704/1637 2232/2300/2232 2230/2301/2230
f 2233/2302/2233 1617/1685/1617 1616/1684/1616
f 2231/2303/2231 2236/2304/2236 2237/2305/2237
f 1381/1464/1381 2238/2306/2238 1382/2307/1382
f 3586/2308/3586 2242/2309/2242 3587/2310/3587
f 1630/2311/1630 2233/2302/2233 1631/1698/1631
f 1681/1804/1681 472/300/472 469/302/469
f 1408/2312/1408 2243/2313/2243 2244/2314/2244
f 3236/2315/3236 3238/2316/3238 3237/2317/3237
f 3232/2318/3232 3240/2319/3240 3235/2320/3235
f 1637/1704/1637 2238/2306/2238 1638/1705/1638
f 3237/2317/3237 3233/2321/3233 3234/2322/3234
f 1409/1480/1409 1634/1701/1634 2245/2323/2245
f 1380/1466/1380 2247/2324/2247 2246/2325/2246
f 1628/1699/1628 2245/2323/2245 1621/2326/1621
f 2249/2327/2249 1622/1689/1622 1633/1700/1633
f 1632/1702/1632 1408/2312/1408 2244/2314/2244
f 2248/2328/2248 1631/1698/1631 2250/2329/2250
f 2235/2330/2235 1637/1704/1637 1636/2331/1636
f 3245/2332/3245 3199/2237/3199 3198/2236/3198
f 631/1316/631 2071/2020/2071 725/396/725
f 515/556/515 52/34/52 49/36/49
f 782/858/782 2251/2333/2251 1251/1270/1251
f 2253/2334/2253 2255/2335/2255 2252/2336/2252
f 397/231/397 459/284/459 784/428/784
f 1456/872/1456 2040/2185/2040 1455/870/1455
f 2040/2185/2040 2036/1927/2036 1455/870/1455
f 1401/2337/1401 2111/2124/2111 1398/747/1398
f 2041/1925/2041 1970/2186/1970 2026/1923/2026
f 1535/1782/1535 414/239/414 1965/1818/1965
f 1586/1389/1586 2080/2338/2080 2079/2005/2079
f 2256/2339/2256 1132/1175/1132 1886/2340/1886
f 1700/1002/1700 3918/1520/3918 3919/1515/3919
f 3815/1967/3815 1686/1158/1686 3817/886/3817
f 1263/1298/1263 1886/2340/1886 1096/1128/1096
f 598/2341/598 844/1245/844 599/727/599
f 2257/2342/2257 2259/2343/2259 2260/2344/2260
f 2258/2345/2258 2262/2346/2262 2259/2343/2259
f 2259/2343/2259 2263/2347/2263 2216/2348/2216
f 2260/2344/2260 2216/2348/2216 2215/2283/2215
f 1967/1824/1967 1970/2186/1970 1969/1821/1969
f 2212/2349/2212 1963/2350/1963 2213/2281/2213
f 922/2351/922 2218/2285/2218 2217/2284/2217
f 1312/1369/1312 1101/1131/1101 2264/2352/2264
f 1307/2353/1307 1286/2354/1286 789/864/789
f 1548/2355/1548 1546/2225/1546 1972/1828/1972
f 2266/2356/2266 2268/2357/2268 2265/2358/2265
f 2265/2358/2265 2270/2359/2270 2269/2360/2269
f 2272/2361/2272 2269/2360/2269 2271/2362/2271
f 2273/2363/2273 2265/2358/2265 2272/2361/2272
f 2275/2364/2275 2277/2365/2277 2274/2366/2274
f 2278/2367/2278 2277/2365/2277 2279/2368/2279
f 2284/2369/2284 3617/2370/3617 3639/2371/3639
f 2287/2372/2287 2286/2373/2286 2281/2374/2281
f 2288/2375/2288 2283/2376/2283 2287/2372/2287
f 2290/2377/2290 3639/2371/3639 3620/2378/3620
f 2291/2379/2291 2293/2380/2293 2294/2381/2294
f 2295/2382/2295 2294/2381/2294 2279/2368/2279
f 2296/2383/2296 2291/2379/2291 2295/2382/2295
f 2297/2384/2297 2292/2385/2292 2291/2379/2291
f 2294/2381/2294 2299/2386/2299 2300/2387/2300
f 2279/2368/2279 2300/2387/2300 2278/2367/2278
f 2298/2388/2298 2302/2389/2302 2292/2385/2292
f 2292/2385/2292 2303/2390/2303 2293/2380/2293
f 2293/2380/2293 2304/2391/2304 2299/2386/2299
f 2304/2391/2304 2306/2392/2306 2299/2386/2299
f 2306/2392/2306 2300/2387/2300 2299/2386/2299
f 2308/2393/2308 2310/2394/2310 2307/2395/2307
f 2302/2389/2302 2310/2394/2310 2303/2390/2303
f 2301/2396/2301 2307/2395/2307 2302/2389/2302
f 2312/2397/2312 2307/2395/2307 2311/2398/2311
f 2313/2399/2313 2315/2400/2315 2316/2401/2316
f 2318/2402/2318 2320/2403/2320 2317/2404/2317
f 3748/2405/3748 2322/2406/2322 2323/2407/2323
f 2324/2408/2324 2273/2363/2273 2326/2409/2326
f 2313/2399/2313 2326/2409/2326 2327/2410/2327
f 2328/2411/2328 2313/2399/2313 2316/2401/2316
f 2329/2412/2329 2324/2408/2324 2328/2411/2328
f 2331/2413/2331 2333/2414/2333 2330/2415/2330
f 2330/2415/2330 2267/2416/2267 2266/2356/2266
f 2325/2417/2325 2266/2356/2266 2273/2363/2273
f 2329/2412/2329 2330/2415/2330 2325/2417/2325
f 2333/2414/2333 2335/2418/2335 2267/2416/2267
f 2336/2419/2336 2333/2414/2333 2332/2420/2332
f 2338/2421/2338 2332/2420/2332 2337/2422/2337
f 2331/2413/2331 2337/2422/2337 2332/2420/2332
f 2329/2412/2329 2339/2423/2339 2331/2413/2331
f 2328/2411/2328 2340/2424/2340 2329/2412/2329
f 2316/2401/2316 2341/2425/2341 2328/2411/2328
f 2342/2426/2342 2315/2400/2315 2343/2427/2343
f 2344/2428/2344 2346/2429/2346 2347/2430/2347
f 2341/2425/2341 2347/2430/2347 2340/2424/2340
f 2342/2426/2342 2344/2428/2344 2341/2425/2341
f 2348/2431/2348 2345/2432/2345 2344/2428/2344
f 2350/2433/2350 2352/2434/2352 2353/2435/2353
f 2339/2423/2339 2353/2435/2353 2337/2422/2337
f 2340/2424/2340 2350/2433/2350 2339/2423/2339
f 2347/2430/2347 2351/2436/2351 2350/2433/2350
f 2337/2422/2337 2354/2437/2354 2338/2421/2338
f 2353/2435/2353 2355/2438/2355 2354/2437/2354
f 2356/2439/2356 2276/2440/2276 2357/2441/2357
f 2356/2439/2356 2358/2442/2358 2359/2443/2359
f 2356/2439/2356 2296/2383/2296 2295/2382/2295
f 2279/2368/2279 2356/2439/2356 2295/2382/2295
f 2360/2444/2360 2270/2359/2270 2268/2357/2268
f 2267/2416/2267 2360/2444/2360 2268/2357/2268
f 2362/2445/2362 2364/2446/2364 2365/2447/2365
f 2362/2445/2362 2361/2448/2361 2358/2442/2358
f 2366/2449/2366 2358/2442/2358 2357/2441/2357
f 2366/2449/2366 2363/2450/2363 2362/2445/2362
f 2357/2441/2357 2368/2451/2368 2366/2449/2366
f 2366/2449/2366 2369/2452/2369 2367/2453/2367
f 2276/2440/2276 2370/2454/2370 2368/2451/2368
f 2368/2451/2368 2282/2455/2282 2369/2452/2369
f 2372/2456/2372 2374/2457/2374 2371/2458/2371
f 2375/2459/2375 2377/2460/2377 2007/2461/2007
f 2378/2462/2378 2380/2463/2380 2381/2464/2381
f 2382/2465/2382 2381/2464/2381 2383/2466/2383
f 2384/2467/2384 2378/2462/2378 2382/2465/2382
f 2385/2468/2385 2379/2469/2379 2378/2462/2378
f 2388/2470/2388 2390/2471/2390 2387/2472/2387
f 2387/2472/2387 2392/2473/2392 2391/2474/2391
f 2393/2475/2393 2387/2472/2387 2391/2474/2391
f 2394/2476/2394 2388/2470/2388 2387/2472/2387
f 2186/2222/2186 2402/2477/2402 2400/2478/2400
f 2403/2479/2403 2327/2410/2327 2326/2409/2326
f 2272/2361/2272 2326/2409/2326 2273/2363/2273
f 2271/2362/2271 2403/2479/2403 2272/2361/2272
f 2405/2480/2405 2404/2481/2404 2403/2479/2403
f 2404/2481/2404 2408/2482/2408 2327/2410/2327
f 2409/2483/2409 2411/2484/2411 2412/2485/2412
f 2409/2483/2409 2271/2362/2271 2269/2360/2269
f 2413/2486/2413 2269/2360/2269 2270/2359/2270
f 2413/2486/2413 2410/2487/2410 2409/2483/2409
f 2417/2488/2417 2416/2489/2416 2418/2490/2418
f 2417/2488/2417 2406/2491/2406 2405/2480/2405
f 2412/2485/2412 2405/2480/2405 2271/2362/2271
f 2411/2484/2411 2417/2488/2417 2412/2485/2412
f 2406/2491/2406 2407/2492/2407 2404/2481/2404
f 3569/1337/3569 632/2493/632 713/1335/713
f 2420/2494/2420 2397/2495/2397 2421/2496/2421
f 2420/2494/2420 2423/2497/2423 2422/2498/2422
f 2424/2499/2424 2422/2498/2422 2419/2500/2419
f 2424/2499/2424 2398/2501/2398 2420/2494/2420
f 2425/2502/2425 2392/2473/2392 2426/2503/2426
f 2421/2496/2421 2426/2503/2426 2423/2497/2423
f 2397/2495/2397 2425/2502/2425 2421/2496/2421
f 2396/2504/2396 2391/2474/2391 2425/2502/2425
f 2427/2505/2427 2315/2400/2315 2314/2506/2314
f 2427/2505/2427 2408/2482/2408 2428/2507/2428
f 2430/2508/2430 2428/2507/2428 2429/2509/2429
f 2343/2427/2343 2427/2505/2427 2430/2508/2430
f 2432/2510/2432 2430/2508/2430 2431/2511/2431
f 2431/2511/2431 2429/2509/2429 2433/2512/2433
f 2435/2513/2435 2433/2512/2433 2434/2514/2434
f 2436/2515/2436 2431/2511/2431 2435/2513/2435
f 2428/2507/2428 2407/2492/2407 2437/2516/2437
f 2422/2498/2422 2407/2492/2407 2419/2500/2419
f 2438/2517/2438 2422/2498/2422 2423/2497/2423
f 2429/2509/2429 2437/2516/2437 2438/2517/2438
f 2440/2518/2440 2433/2512/2433 2439/2519/2439
f 2441/2520/2441 2433/2512/2433 2429/2509/2429
f 2442/2521/2442 2439/2519/2439 2441/2520/2441
f 2443/2522/2443 2440/2518/2440 2439/2519/2439
f 2445/2523/2445 2444/2524/2444 2443/2522/2443
f 2447/2525/2447 2443/2522/2443 2442/2521/2442
f 2383/2466/2383 2445/2523/2445 2447/2525/2447
f 2381/2464/2381 2446/2526/2446 2445/2523/2445
f 2448/2527/2448 2423/2497/2423 2426/2503/2426
f 2449/2528/2449 2426/2503/2426 2392/2473/2392
f 2441/2520/2441 2449/2528/2449 2442/2521/2442
f 2441/2520/2441 2438/2517/2438 2448/2527/2448
f 2449/2528/2449 2390/2471/2390 2450/2529/2450
f 2450/2529/2450 2389/2530/2389 2451/2531/2451
f 2447/2525/2447 2451/2531/2451 2383/2466/2383
f 2442/2521/2442 2450/2529/2450 2447/2525/2447
f 2451/2531/2451 2453/2532/2453 2452/2533/2452
f 2452/2533/2452 2455/2534/2455 2454/2535/2454
f 2382/2465/2382 2454/2535/2454 2384/2467/2384
f 2383/2466/2383 2452/2533/2452 2382/2465/2382
f 2456/2536/2456 2373/2537/2373 2372/2456/2372
f 2459/2538/2459 2461/2539/2461 2458/2540/2458
f 2463/2541/2463 2465/2542/2465 2462/2543/2462
f 2462/2543/2462 2285/2544/2285 2284/2369/2284
f 2466/2545/2466 2284/2369/2284 2290/2377/2290
f 2467/2546/2467 2462/2543/2462 2466/2545/2466
f 2461/2539/2461 3703/2547/3703 3701/2548/3701
f 2468/2549/2468 2470/2550/2470 2471/2551/2471
f 2472/2552/2472 2471/2551/2471 2473/2553/2473
f 2474/2554/2474 3701/2548/3701 3688/2555/3688
f 2475/2556/2475 2477/2557/2477 2478/2558/2478
f 2458/2540/2458 2453/2532/2453 2479/2559/2479
f 2479/2559/2479 2389/2530/2389 2388/2470/2388
f 2395/2560/2395 2479/2559/2479 2388/2470/2388
f 2480/2561/2480 2458/2540/2458 2479/2559/2479
f 2481/2562/2481 2483/2563/2483 2478/2558/2478
f 2484/2564/2484 2485/2565/2485 221/2566/221
f 2471/2551/2471 2464/2567/2464 2463/2541/2463
f 2473/2553/2473 2463/2541/2463 2467/2546/2467
f 2487/2568/2487 2466/2545/2466 2486/2569/2486
f 2486/2569/2486 2290/2377/2290 2488/2570/2488
f 2490/2571/2490 2488/2570/2488 2489/2572/2489
f 2491/2573/2491 2486/2569/2486 2490/2571/2490
f 2492/2574/2492 2467/2546/2467 2487/2568/2487
f 2493/2575/2493 2487/2568/2487 2491/2573/2491
f 2494/2576/2494 2492/2574/2492 2493/2575/2493
f 2495/2577/2495 2473/2553/2473 2492/2574/2492
f 3690/2578/3690 2474/2554/2474 3688/2555/3688
f 3691/2579/3691 2496/2580/2496 3690/2578/3690
f 2498/2581/2498 2493/2575/2493 2499/2582/2499
f 2500/2583/2500 2499/2582/2499 2501/2584/2501
f 3700/2585/3700 2498/2581/2498 2500/2583/2500
f 3687/2586/3687 2494/2576/2494 2498/2581/2498
f 2306/2392/2306 2278/2367/2278 2300/2387/2300
f 2305/2587/2305 2504/2588/2504 2306/2392/2306
f 2504/2588/2504 2507/2589/2507 2506/2590/2506
f 2506/2590/2506 2288/2375/2288 2508/2591/2508
f 2274/2366/2274 2508/2591/2508 2275/2364/2275
f 2278/2367/2278 2506/2590/2506 2274/2366/2274
f 3633/2592/3633 2489/2572/2489 2488/2570/2488
f 3620/2378/3620 2488/2570/2488 2290/2377/2290
f 2507/2589/2507 2289/2593/2289 2288/2375/2288
f 2505/2594/2505 2509/2595/2509 2507/2589/2507
f 2508/2591/2508 2287/2372/2287 2511/2596/2511
f 2511/2596/2511 2281/2374/2281 2280/2597/2280
f 2370/2454/2370 2280/2597/2280 2282/2455/2282
f 2275/2364/2275 2511/2596/2511 2370/2454/2370
f 2512/2598/2512 2489/2572/2489 2513/2599/2513
f 2514/2600/2514 2513/2599/2513 2515/2601/2515
f 2517/2602/2517 2514/2600/2514 2516/2603/2516
f 2517/2602/2517 2490/2571/2490 2512/2598/2512
f 2499/2582/2499 2491/2573/2491 2517/2602/2517
f 2499/2582/2499 2516/2603/2516 2501/2584/2501
f 2510/2604/2510 2519/2605/2519 2518/2606/2518
f 2518/2606/2518 2521/2607/2521 2520/2608/2520
f 3616/2609/3616 2520/2608/2520 3621/2610/3621
f 3632/2611/3632 2518/2606/2518 3616/2609/3616
f 2522/2612/2522 2303/2390/2303 2310/2394/2310
f 2523/2613/2523 2310/2394/2310 2309/2614/2309
f 2305/2587/2305 2522/2612/2522 2524/2615/2524
f 2524/2615/2524 2523/2613/2523 2525/2616/2525
f 2519/2605/2519 2525/2616/2525 2521/2607/2521
f 2505/2594/2505 2524/2615/2524 2519/2605/2519
f 2308/2393/2308 2527/2617/2527 2526/2618/2526
f 2526/2618/2526 2529/2619/2529 2528/2620/2528
f 2531/2621/2531 2528/2620/2528 2530/2622/2530
f 2309/2614/2309 2526/2618/2526 2531/2621/2531
f 1214/1243/1214 2151/2195/2151 1211/1241/1211
f 2419/2500/2419 2418/2490/2418 2424/2499/2424
f 2533/2623/2533 2349/2624/2349 2317/2404/2317
f 2534/2625/2534 2317/2404/2317 2320/2403/2320
f 2535/2626/2535 2533/2623/2533 2534/2625/2534
f 2536/2627/2536 2345/2432/2345 2533/2623/2533
f 2537/2628/2537 2346/2429/2346 2536/2627/2536
f 2538/2629/2538 2536/2627/2536 2535/2626/2535
f 2539/2630/2539 2537/2628/2537 2538/2629/2538
f 2540/2631/2540 2351/2436/2351 2537/2628/2537
f 2312/2397/2312 2541/2632/2541 2527/2617/2527
f 2527/2617/2527 2542/2633/2542 2529/2619/2529
f 2543/2634/2543 2434/2514/2434 2544/2635/2544
f 2545/2636/2545 2544/2635/2544 2546/2637/2546
f 2319/2638/2319 2543/2634/2543 2545/2636/2545
f 2318/2402/2318 2435/2513/2435 2543/2634/2543
f 2514/2600/2514 2548/2639/2548 2547/2640/2547
f 2547/2640/2547 2550/2641/2550 2549/2642/2549
f 2552/2643/2552 2549/2642/2549 2551/2644/2551
f 2552/2643/2552 2514/2600/2514 2547/2640/2547
f 2520/2608/2520 2554/2645/2554 2553/2646/2553
f 2553/2646/2553 2556/2647/2556 2555/2648/2555
f 3590/2649/3590 2555/2648/2555 3593/2650/3593
f 3621/2610/3621 2553/2646/2553 3590/2649/3590
f 2523/2613/2523 2531/2621/2531 2557/2651/2557
f 2557/2651/2557 2530/2622/2530 2558/2652/2558
f 2525/2616/2525 2557/2651/2557 2559/2653/2559
f 2559/2653/2559 2558/2652/2558 2560/2654/2560
f 2554/2645/2554 2560/2654/2560 2556/2647/2556
f 2521/2607/2521 2559/2653/2559 2554/2645/2554
f 2561/2655/2561 2007/2461/2007 2006/2070/2006
f 2376/2656/2376 2225/2293/2225 2377/2460/2377
f 2564/2657/2564 2566/2658/2566 2563/2659/2563
f 2563/2659/2563 338/511/338 2567/2660/2567
f 2569/2661/2569 2567/2660/2567 2568/2662/2568
f 2570/2663/2570 2563/2659/2563 2569/2661/2569
f 2572/2664/2572 2574/2665/2574 2571/2666/2571
f 2571/2666/2571 2576/2667/2576 2575/2668/2575
f 2544/2635/2544 2575/2668/2575 2546/2637/2546
f 2544/2635/2544 2572/2664/2572 2571/2666/2571
f 2578/2669/2578 2569/2661/2569 2577/2670/2577
f 2579/2671/2579 2569/2661/2569 2568/2662/2568
f 2574/2665/2574 2579/2671/2579 2576/2667/2576
f 2573/2672/2573 2577/2670/2577 2574/2665/2574
f 2581/2673/2581 2583/2674/2583 2580/2675/2580
f 2584/2676/2584 2583/2674/2583 2585/2677/2585
f 3697/2678/3697 2580/2675/2580 2584/2676/2584
f 3676/2679/3676 2580/2675/2580 3675/2680/3675
f 2582/2681/2582 2552/2643/2552 2583/2674/2583
f 2583/2674/2583 2551/2644/2551 2585/2677/2585
f 2500/2583/2500 2589/2682/2589 2588/2683/2588
f 2590/2684/2590 2589/2682/2589 2591/2685/2591
f 3693/2686/3693 2588/2683/2588 2590/2684/2590
f 3695/2687/3695 2500/2583/2500 2588/2683/2588
f 2501/2584/2501 2591/2685/2591 2589/2682/2589
f 2592/2688/2592 2594/2689/2594 2595/2690/2595
f 2386/2691/2386 2503/2692/2503 2502/2693/2502
f 2596/2694/2596 2386/2691/2386 2374/2457/2374
f 2596/2694/2596 2373/2537/2373 2597/2695/2597
f 2599/2696/2599 2597/2695/2597 2598/2697/2598
f 2599/2696/2599 2379/2469/2379 2596/2694/2596
f 2600/2698/2600 2380/2463/2380 2599/2696/2599
f 2600/2698/2600 2598/2697/2598 2601/2699/2601
f 2603/2700/2603 2601/2699/2601 2602/2701/2602
f 2603/2700/2603 2446/2526/2446 2600/2698/2600
f 2604/2702/2604 2602/2701/2602 2605/2703/2605
f 2440/2518/2440 2605/2703/2605 2434/2514/2434
f 2444/2524/2444 2604/2702/2604 2440/2518/2440
f 2606/2704/2606 2581/2673/2581 2607/2705/2607
f 2606/2704/2606 2590/2684/2590 2591/2685/2591
f 2591/2685/2591 2582/2681/2582 2606/2704/2606
f 3676/2679/3676 2456/2536/2456 3689/2706/3689
f 3689/2706/3689 2372/2456/2372 3693/2686/3693
f 2478/2558/2478 2608/2707/2608 2481/2562/2481
f 2609/2708/2609 2611/2709/2611 2199/2710/2199
f 2564/2657/2564 2613/2711/2613 2612/2712/2612
f 2612/2712/2612 2598/2697/2598 2597/2695/2597
f 2457/2713/2457 2597/2695/2597 2373/2537/2373
f 2565/2714/2565 2612/2712/2612 2457/2713/2457
f 2614/2715/2614 2570/2663/2570 2578/2669/2578
f 2615/2716/2615 2578/2669/2578 2573/2672/2573
f 2602/2701/2602 2614/2715/2614 2615/2716/2615
f 2601/2699/2601 2613/2711/2613 2614/2715/2614
f 2572/2664/2572 2605/2703/2605 2616/2717/2616
f 2616/2717/2616 2602/2701/2602 2615/2716/2615
f 2573/2672/2573 2616/2717/2616 2615/2716/2615
f 1459/880/1459 1045/541/1045 1021/533/1021
f 1265/1299/1265 1079/1115/1079 1082/1114/1082
f 1612/1950/1612 1609/1963/1609 1611/1903/1611
f 2067/1960/2067 2069/2055/2069 2068/2718/2068
f 1135/2261/1135 1136/564/1136 1148/563/1148
f 1938/1995/1938 2618/2719/2618 2617/2720/2617
f 95/387/95 458/281/458 128/89/128
f 2058/1951/2058 1608/1405/1608 1612/1950/1612
f 1454/873/1454 1445/851/1445 1367/703/1367
f 655/769/655 1048/1079/1048 2619/2721/2619
f 722/2722/722 2621/2723/2621 723/817/723
f 1131/1176/1131 1033/1065/1033 1134/1177/1134
f 562/349/562 366/208/366 1497/1778/1497
f 1723/1546/1723 1725/1571/1725 1591/1548/1591
f 1786/2724/1786 1122/1152/1122 1787/1826/1787
f 267/159/267 323/261/323 266/160/266
f 1325/644/1325 1654/1586/1654 2038/1926/2038
f 1468/896/1468 1435/832/1435 1479/962/1479
f 658/772/658 529/2725/529 528/695/528
f 8/4/8 247/339/247 7/2726/7
f 382/1281/382 1559/1330/1559 3/223/3
f 788/866/788 1307/2353/1307 789/864/789
f 940/2030/940 929/755/929 928/2032/928
f 911/951/911 2623/2727/2623 912/2728/912
f 2621/2723/2621 655/769/655 654/768/654
f 2624/2729/2624 2625/2730/2625 2626/2731/2626
f 998/1033/998 27/26/27 26/2732/26
f 635/753/635 2626/2731/2626 2625/2730/2625
f 2627/2733/2627 644/758/644 1840/1885/1840
f 2628/2734/2628 1840/1885/1840 2629/2735/2629
f 1200/2736/1200 2627/2733/2627 2628/2734/2628
f 1199/1231/1199 641/756/641 2627/2733/2627
f 1520/1358/1520 49/36/49 477/1076/477
f 1452/874/1452 1349/668/1349 1451/1244/1451
f 2630/2737/2630 1859/1909/1859 1858/1908/1858
f 644/758/644 1335/1537/1335 1823/1884/1823
f 1197/1229/1197 717/814/717 2632/2738/2632
f 2632/2738/2632 719/815/719 1166/1205/1166
f 2628/2734/2628 1166/1205/1166 1200/2736/1200
f 2629/2735/2629 2632/2738/2632 2628/2734/2628
f 1762/2739/1762 1050/2740/1050 821/889/821
f 1823/1884/1823 873/929/873 1839/2741/1839
f 2634/2742/2634 794/1124/794 652/767/652
f 1028/1064/1028 1027/1061/1027 1161/1240/1161
f 1042/1073/1042 2635/2743/2635 1043/1074/1043
f 93/70/93 1901/1741/1901 1924/1781/1924
f 2036/1927/2036 1458/1976/1458 1455/870/1455
f 1527/1833/1527 1525/1325/1525 1526/1098/1526
f 877/932/877 1274/1313/1274 1277/1317/1277
f 134/91/134 797/430/797 1544/1190/1544
f 1328/1413/1328 931/972/931 1329/1414/1329
f 607/736/607 1091/1122/1091 1161/1240/1161
f 1043/1074/1043 2637/2744/2637 2636/2745/2636
f 2636/2745/2636 2639/2746/2639 2638/2747/2638
f 1275/1315/1275 2638/2747/2638 1276/1376/1276
f 1275/1315/1275 1043/1074/1043 2636/2745/2636
f 1272/1308/1272 2626/2731/2626 2640/2748/2640
f 2640/2748/2640 638/752/638 637/2749/637
f 1110/1143/1110 2640/2748/2640 637/2749/637
f 536/2750/536 2640/2748/2640 2641/2751/2641
f 1472/2215/1472 1474/1914/1474 1473/2115/1473
f 2042/1931/2042 1951/1794/1951 649/1935/649
f 1058/2752/1058 1105/2753/1105 1059/1086/1059
f 2642/2754/2642 2643/2755/2643 2644/2756/2644
f 1192/1922/1192 2644/2756/2644 1193/1224/1193
f 912/2728/912 2642/2754/2642 1192/1922/1192
f 3898/2757/3898 3526/1490/3526 3786/1726/3786
f 1049/1078/1049 2620/2758/2620 2621/2723/2621
f 616/740/616 1885/1929/1885 613/741/613
f 1331/2759/1331 666/2278/666 750/843/750
f 990/2760/990 1198/1228/1198 525/1846/525
f 1911/1759/1911 321/1830/321 322/1860/322
f 1298/1356/1298 1205/1332/1205 2645/2761/2645
f 76/53/76 1504/1029/1504 75/2762/75
f 1502/2763/1502 421/254/421 422/256/422
f 610/735/610 658/772/658 691/798/691
f 1146/1188/1146 659/773/659 938/977/938
f 2646/2764/2646 914/953/914 936/975/936
f 1280/1324/1280 1238/2765/1238 1279/1322/1279
f 975/2766/975 2647/2767/2647 2648/2768/2648
f 2647/2767/2647 975/2766/975 974/1012/974
f 1453/906/1453 1452/874/1452 1451/1244/1451
f 1514/1108/1514 158/107/158 151/101/151
f 835/900/835 1843/2769/1843 1842/1891/1842
f 1271/1307/1271 1173/2770/1173 1289/1345/1289
f 2649/2771/2649 813/883/813 2650/2772/2650
f 1893/1732/1893 1826/2773/1826 1894/1733/1894
f 1050/2740/1050 1937/1994/1937 1051/1080/1051
f 2651/2774/2651 814/884/814 813/883/813
f 1006/1042/1006 1281/1326/1281 977/1014/977
f 2653/2775/2653 2654/2776/2654 2655/2777/2655
f 1001/1986/1001 1003/1611/1003 1002/519/1002
f 585/723/585 679/789/679 558/710/558
f 2624/2729/2624 621/1309/621 620/743/620
f 555/708/555 2028/2083/2028 556/1166/556
f 1207/1238/1207 1197/1229/1197 2629/2735/2629
f 1626/1487/1626 478/362/478 472/300/472
f 426/1056/426 419/252/419 1567/1437/1567
f 1030/1225/1030 1773/1817/1773 1031/1063/1031
f 3898/2757/3898 634/1451/634 3880/1728/3880
f 534/1141/534 138/1126/138 262/335/262
f 1125/1812/1125 1042/1073/1042 1041/1155/1041
f 333/1261/333 88/65/88 227/1218/227
f 569/437/569 561/348/561 730/435/730
f 1489/1538/1489 871/2778/871 870/927/870
f 1857/2779/1857 620/743/620 891/941/891
f 1673/1477/1673 3770/1647/3770 3763/2780/3763
f 622/744/622 864/922/864 1308/1365/1308
f 2647/2767/2647 974/1012/974 2657/2781/2657
f 619/745/619 891/941/891 620/743/620
f 261/1341/261 545/331/545 262/335/262
f 393/1288/393 1556/1263/1556 404/1265/404
f 2658/2782/2658 2647/2767/2647 2657/2781/2657
f 1075/1105/1075 2657/2781/2657 917/1106/917
f 1081/2783/1081 2658/2782/2658 1075/1105/1075
f 1080/1113/1080 2659/2784/2659 2658/2782/2658
f 2644/2756/2644 1141/1182/1141 2660/2785/2660
f 2660/2785/2660 1140/2786/1140 1336/1425/1336
f 642/2787/642 1336/1425/1336 643/757/643
f 1193/1224/1193 2660/2785/2660 642/2787/642
f 679/789/679 555/708/555 558/710/558
f 1503/2788/1503 1500/1009/1500 1502/2763/1502
f 1318/1374/1318 1101/1131/1101 1100/2789/1100
f 2661/2790/2661 1139/1181/1139 1142/1183/1142
f 2661/2790/2661 2663/2791/2663 2662/2792/2662
f 2662/2792/2662 2659/2784/2659 2661/2790/2661
f 2662/2792/2662 2622/2793/2622 2664/2794/2664
f 2664/2794/2664 911/951/911 2646/2764/2646
f 2648/2768/2648 2646/2764/2646 1146/1188/1146
f 2648/2768/2648 2662/2792/2662 2664/2794/2664
f 2083/1998/2083 2093/1754/2093 2081/1996/2081
f 1442/835/1442 1437/831/1437 1439/828/1439
f 519/475/519 330/1095/330 51/432/51
f 1885/1929/1885 1209/1239/1209 613/741/613
f 799/1716/799 805/443/805 804/1717/804
f 1946/2100/1946 1952/1971/1952 1953/1970/1953
f 1302/2795/1302 1253/1272/1253 1252/2796/1252
f 566/1320/566 224/277/224 533/322/533
f 1389/2037/1389 928/2032/928 1388/720/1388
f 683/2797/683 681/1418/681 680/1417/680
f 836/2798/836 1842/1891/1842 2665/2799/2665
f 2665/2799/2665 1845/1893/1845 1303/1362/1303
f 2666/2800/2666 1303/1362/1303 1302/2795/1302
f 24/27/24 2665/2799/2665 2666/2800/2666
f 831/899/831 2650/2772/2650 832/897/832
f 1845/1893/1845 1304/1363/1304 1303/1362/1303
f 2010/2801/2010 2012/2802/2012 2011/1876/2011
f 1051/1080/1051 2667/2803/2667 2668/2804/2668
f 1522/1089/1522 1511/1054/1511 1523/1090/1523
f 531/1116/531 441/2805/441 522/1148/522
f 782/858/782 1251/1270/1251 1250/1271/1250
f 1250/1271/1250 2625/2730/2625 2669/2806/2669
f 2669/2806/2669 1857/2779/1857 1856/1905/1856
f 783/859/783 1856/1905/1856 1037/1069/1037
f 782/858/782 2669/2806/2669 783/859/783
f 720/818/720 2671/2807/2671 721/816/721
f 1055/1087/1055 1930/1988/1930 1056/1083/1056
f 1333/2808/1333 1251/1270/1251 2251/2333/2251
f 619/745/619 1308/1365/1308 1307/2353/1307
f 652/767/652 2619/2721/2619 2634/2742/2634
f 521/1058/521 1539/1146/1539 1540/1164/1540
f 1838/1883/1838 537/701/537 2672/2809/2672
f 2672/2809/2672 536/2750/536 2641/2751/2641
f 1113/1145/1113 2641/2751/2641 1110/1143/1110
f 1113/1145/1113 1838/1883/1838 2672/2809/2672
f 1016/548/1016 1351/879/1351 1045/541/1045
f 3897/1719/3897 570/347/570 3894/2017/3894
f 226/1051/226 104/2810/104 101/74/101
f 3564/2811/3564 3827/2160/3827 1818/1771/1818
f 1036/1068/1036 1884/2082/1884 1883/1928/1883
f 2674/2812/2674 1304/1363/1304 2673/2813/2673
f 2673/2813/2673 1844/1892/1844 2675/2814/2675
f 1334/1424/1334 2675/2814/2675 1039/1071/1039
f 1333/2808/1333 2673/2813/2673 1334/1424/1334
f 2676/2815/2676 1039/1071/1039 2675/2814/2675
f 1843/2769/1843 2675/2814/2675 1844/1892/1844
f 942/1102/942 2676/2815/2676 1843/2769/1843
f 1074/1104/1074 702/803/702 2676/2815/2676
f 811/882/811 859/1412/859 858/917/858
f 752/2816/752 1055/1087/1055 753/842/753
f 1200/2736/1200 656/1206/656 1026/1232/1026
f 1120/1150/1120 874/930/874 2677/2817/2677
f 2677/2817/2677 877/932/877 1052/2818/1052
f 1241/1262/1241 1052/2818/1052 1005/1081/1005
f 1119/1151/1119 2677/2817/2677 1241/1262/1241
f 1560/1501/1560 151/101/151 1515/1965/1515
f 1208/2819/1208 611/738/611 523/694/523
f 215/2820/215 736/2821/736 214/136/214
f 1460/881/1460 1462/1989/1462 1461/936/1461
f 1208/2819/1208 1839/2741/1839 873/929/873
f 854/916/854 1282/1331/1282 1297/1355/1297
f 72/50/72 182/255/182 179/118/179
f 544/329/544 1565/1354/1565 512/309/512
f 217/465/217 456/2822/456 457/635/457
f 2047/1938/2047 930/754/930 945/1944/945
f 1204/1235/1204 1937/1994/1937 2633/2823/2633
f 913/952/913 686/856/686 685/794/685
f 840/904/840 1113/1145/1113 1112/1144/1112
f 1531/1119/1531 730/435/730 561/348/561
f 2678/2824/2678 1283/1334/1283 801/876/801
f 601/966/601 1914/1973/1914 602/730/602
f 1537/1149/1537 459/284/459 460/283/460
f 1819/2825/1819 3509/993/3509 3527/2826/3527
f 991/1025/991 862/2827/862 538/702/538
f 2679/2828/2679 1073/1103/1073 1830/1872/1830
f 2680/2829/2680 983/1021/983 2256/2339/2256
f 779/855/779 2256/2339/2256 1263/1298/1263
f 778/1333/778 2680/2829/2680 779/855/779
f 2678/2824/2678 1830/1872/1830 2680/2829/2680
f 180/120/180 245/1786/245 40/1305/40
f 1886/2340/1886 1131/1176/1131 1134/1177/1134
f 1138/2830/1138 1274/1313/1274 1255/1274/1255
f 1841/1888/1841 1140/2786/1140 1139/1181/1139
f 75/2762/75 314/1287/314 74/54/74
f 193/1161/193 420/251/420 192/250/192
f 2681/2831/2681 1099/1130/1099 1098/1132/1098
f 170/179/170 1565/1354/1565 169/113/169
f 349/197/349 417/247/417 432/1280/432
f 1121/1154/1121 2684/2832/2684 2683/2833/2683
f 547/431/547 409/258/409 302/257/302
f 123/981/123 121/2834/121 120/1816/120
f 2643/2755/2643 1142/1183/1142 1141/1182/1141
f 1542/1179/1542 513/313/513 1543/1189/1543
f 899/2835/899 907/525/907 919/527/919
f 1210/2836/1210 676/790/676 867/924/867
f 791/865/791 982/1167/982 892/940/892
f 24/27/24 837/901/837 836/2798/836
f 893/944/893 932/1300/932 931/972/931
f 1860/2837/1860 863/921/863 862/2827/862
f 535/700/535 862/2827/862 861/920/861
f 832/897/832 813/883/813 812/1230/812
f 2650/2772/2650 813/883/813 832/897/832
f 1569/1819/1569 1547/2838/1547 1568/1783/1568
f 181/119/181 542/470/542 180/120/180
f 660/2839/660 937/976/937 688/796/688
f 2013/2840/2013 568/436/568 2012/2802/2012
f 887/937/887 2631/2841/2631 2630/2737/2630
f 1524/1092/1524 361/1408/361 78/58/78
f 520/1430/520 162/2842/162 1529/1109/1529
f 2653/2775/2653 854/916/854 2685/2843/2685
f 1238/2765/1238 2655/2777/2655 2686/2844/2686
f 718/1948/718 527/697/527 530/696/530
f 1492/1004/1492 518/310/518 1491/994/1491
f 792/1871/792 615/1156/615 793/867/793
f 599/727/599 1835/2845/1835 596/728/596
f 290/393/290 456/2822/456 175/176/175
f 312/178/312 1552/1327/1552 425/1057/425
f 1248/2846/1248 1179/1214/1179 1249/1268/1249
f 153/105/153 177/1889/177 178/2199/178
f 1240/1260/1240 1222/1248/1222 1221/1259/1221
f 1257/1351/1257 1235/1979/1235 1071/1255/1071
f 1291/1350/1291 1083/1249/1083 1222/1248/1222
f 1052/2818/1052 1277/1317/1277 1053/1082/1053
f 743/1237/743 2618/2719/2618 1204/1235/1204
f 444/2847/444 430/263/430 443/1275/443
f 23/23/23 1172/1209/1172 1187/1278/1187
f 2687/2848/2687 1180/2849/1180 1179/1214/1179
f 102/76/102 409/258/409 134/91/134
f 1283/1334/1283 610/735/610 801/876/801
f 373/2850/373 650/372/650 651/371/651
f 1180/2849/1180 1084/1117/1084 1291/1350/1291
f 855/914/855 2655/2777/2655 1237/1257/1237
f 1173/2770/1173 1917/2851/1917 1174/1210/1174
f 2689/2852/2689 853/912/853 2688/2853/2688
f 2688/2853/2688 1108/1138/1108 1279/1322/1279
f 2686/2844/2686 1279/1322/1279 1238/2765/1238
f 2687/2848/2687 2688/2853/2688 2686/2844/2686
f 2691/2854/2691 1252/2796/1252 2690/2855/2690
f 2690/2855/2690 850/913/850 2689/2852/2689
f 1248/2846/1248 2689/2852/2689 2687/2848/2687
f 1248/2846/1248 2691/2854/2691 2690/2855/2690
f 2692/2856/2692 24/27/24 2666/2800/2666
f 2691/2854/2691 2666/2800/2666 1302/2795/1302
f 1247/1267/1247 2692/2856/2692 2691/2854/2691
f 1258/1290/1258 617/742/617 2692/2856/2692
f 394/1226/394 1555/1415/1555 393/1288/393
f 2693/2857/2693 1259/1292/1259 1223/1344/1223
f 1072/1101/1072 1262/1294/1262 1261/1293/1261
f 1257/1351/1257 1168/2858/1168 1258/1290/1258
f 398/1539/398 1555/1415/1555 1554/1795/1554
f 871/2778/871 1314/2859/1314 872/928/872
f 1178/1216/1178 1249/1268/1249 1179/1214/1179
f 1224/1251/1224 1173/2770/1173 1172/1209/1172
f 1010/1044/1010 2618/2719/2618 742/837/742
f 1175/1211/1175 1292/2860/1292 1269/1306/1269
f 2654/2776/2654 2686/2844/2686 2655/2777/2655
f 2694/2861/2694 1216/1246/1216 1264/1910/1264
f 71/1955/71 1487/988/1487 70/51/70
f 701/802/701 1111/2862/1111 1038/1070/1038
f 1072/1101/1072 2649/2771/2649 2650/2772/2650
f 1085/1118/1085 22/1250/22 21/22/21
f 895/961/895 1264/1910/1264 896/943/896
f 1601/1400/1601 1605/1954/1605 1604/1398/1604
f 1259/1292/1259 1271/1307/1271 1289/1345/1289
f 21/22/21 1220/1247/1220 1083/1249/1083
f 988/1026/988 538/702/538 537/701/537
f 598/2341/598 1336/1425/1336 1140/2786/1140
f 820/1811/820 1762/2739/1762 821/889/821
f 1050/2740/1050 818/890/818 821/889/821
f 1298/1356/1298 1761/1810/1761 2652/2863/2652
f 1168/2858/1168 618/2279/618 617/742/617
f 858/917/858 1256/1279/1256 833/898/833
f 39/20/39 516/439/516 1536/1133/1536
f 2652/2863/2652 819/888/819 814/884/814
f 313/1142/313 315/192/315 314/1287/314
f 2026/1923/2026 1971/1823/1971 2027/1896/2027
f 2656/2864/2656 596/728/596 1835/2845/1835
f 814/884/814 818/890/818 811/882/811
f 2696/2865/2696 813/883/813 2649/2771/2649
f 1260/2866/1260 2649/2771/2649 1261/1293/1261
f 2693/2857/2693 2696/2865/2696 1260/2866/1260
f 2697/2867/2697 2651/2774/2651 2696/2865/2696
f 381/220/381 390/290/390 380/221/380
f 3818/2121/3818 1611/1903/1611 1609/1963/1609
f 1475/935/1475 1428/2168/1428 1227/617/1227
f 1292/2860/1292 1917/2851/1917 1235/1979/1235
f 1551/1227/1551 354/1346/354 1518/1186/1518
f 1526/1098/1526 1523/1090/1523 1511/1054/1511
f 1593/1387/1593 1595/1403/1595 1573/2051/1573
f 1232/1254/1232 1246/1269/1246 1249/1268/1249
f 2695/2868/2695 1223/1344/1223 22/1250/22
f 2698/2869/2698 1296/1357/1296 2697/2867/2697
f 2698/2869/2698 2693/2857/2693 2695/2868/2695
f 2685/2843/2685 2695/2868/2695 1085/1118/1085
f 2685/2843/2685 1297/1355/1297 2698/2869/2698
f 562/349/562 271/1003/271 272/350/272
f 2652/2863/2652 1296/1357/1296 1298/1356/1298
f 1365/762/1365 1364/2125/1364 1363/687/1363
f 1958/2101/1958 1953/1970/1953 1957/2870/1957
f 585/723/585 2210/2274/2210 997/1032/997
f 1561/1521/1561 1515/1965/1515 435/268/435
f 975/2766/975 1146/1188/1146 976/1013/976
f 347/1266/347 68/49/68 346/384/346
f 1038/1070/1038 636/751/636 1068/1096/1068
f 2700/2871/2700 780/857/780 2699/2872/2699
f 2699/2872/2699 1036/1068/1036 1883/1928/1883
f 2701/2873/2701 1883/1928/1883 1829/1870/1829
f 851/911/851 2699/2872/2699 2701/2873/2701
f 2674/2812/2674 2251/2333/2251 2702/2874/2702
f 2702/2874/2702 781/2875/781 2700/2871/2700
f 1253/1272/1253 2700/2871/2700 851/911/851
f 1301/1361/1301 2702/2874/2702 1253/1272/1253
f 1519/1253/1519 388/229/388 1550/1285/1550
f 1273/1312/1273 1280/1324/1280 2703/2876/2703
f 2703/2876/2703 1107/1323/1107 852/1137/852
f 2701/2873/2701 852/1137/852 851/911/851
f 1829/1870/1829 2703/2876/2703 2701/2873/2701
f 91/2877/91 326/1321/326 90/66/90
f 1784/1827/1784 2656/2864/2656 1785/1825/1785
f 2683/2833/2683 2705/2878/2705 2704/2879/2704
f 604/1850/604 3499/2880/3499 3533/1930/3533
f 1669/1049/1669 3548/2881/3548 1662/1674/1662
f 2062/1958/2062 2060/2882/2060 2059/1953/2059
f 621/1309/621 861/920/861 622/744/622
f 2023/1877/2023 732/2883/732 2024/1881/2024
f 686/856/686 1263/1298/1263 687/795/687
f 857/919/857 2668/2804/2668 1328/1413/1328
f 883/1843/883 882/1252/882 879/459/879
f 637/2749/637 1111/2862/1111 1110/1143/1110
f 2668/2804/2668 893/944/893 1328/1413/1328
f 2667/2803/2667 894/942/894 2668/2804/2668
f 1039/1071/1039 1068/1096/1068 1334/1424/1334
f 313/1142/313 1504/1029/1504 1505/1036/1505
f 1911/1759/1911 305/1093/305 453/276/453
f 1936/1993/1936 1964/2035/1964 2212/2349/2212
f 2707/2884/2707 2401/2885/2401 2183/2886/2183
f 2708/2887/2708 2183/2886/2183 2182/2219/2182
f 738/1807/738 2116/2198/2116 554/1456/554
f 2349/2624/2349 2432/2510/2432 2436/2515/2436
f 2711/2888/2711 2020/2078/2020 2019/2889/2019
f 2400/2478/2400 2019/2889/2019 2186/2222/2186
f 2714/2890/2714 2716/2891/2716 2713/2892/2713
f 2717/2893/2717 2719/2894/2719 2720/2895/2720
f 2721/2896/2721 2723/2897/2723 2724/2898/2724
f 2726/2899/2726 2728/2900/2728 2725/2901/2725
f 2725/2901/2725 2730/2902/2730 2729/2903/2729
f 2731/2904/2731 2729/2903/2729 2709/2905/2709
f 2732/2906/2732 2725/2901/2725 2731/2904/2731
f 2734/2907/2734 2736/2908/2736 2733/2909/2733
f 2738/2910/2738 2740/2911/2740 2737/2912/2737
f 2737/2912/2737 2741/2913/2741 2742/2914/2742
f 2744/2915/2744 2746/2916/2746 2743/2917/2743
f 2745/2918/2745 2748/2919/2748 2747/2920/2747
f 2749/2921/2749 2747/2920/2747 2751/2922/2751
f 2753/2923/2753 2751/2922/2751 2752/2924/2752
f 2250/2329/2250 2246/2325/2246 2248/2328/2248
f 2754/2925/2754 1614/1683/1614 2755/2926/2755
f 3598/2927/3598 2755/2926/2755 3609/2928/3609
f 3608/2929/3608 2747/2920/2747 3609/2928/3609
f 1617/1685/1617 2755/2926/2755 1614/1683/1614
f 2242/2309/2242 1620/1688/1620 2757/2930/2757
f 2191/2249/2191 2760/2931/2760 2759/2932/2759
f 2761/2933/2761 2760/2931/2760 2762/2934/2762
f 3648/2935/3648 2761/2933/2761 3649/2936/3649
f 3623/2937/3623 2759/2932/2759 3648/2935/3648
f 3209/2938/3209 3223/2939/3223 3224/2940/3224
f 1395/1722/1395 2236/2304/2236 2235/2330/2235
f 1395/1722/1395 1636/2331/1636 1615/1721/1615
f 1616/1684/1616 2229/2299/2229 2233/2302/2233
f 1617/1685/1617 2763/2941/2763 2756/2942/2756
f 2756/2942/2756 3628/2943/3628 3608/2929/3608
f 2765/2944/2765 2234/2945/2234 1630/2311/1630
f 2766/2946/2766 3628/2943/3628 3622/2947/3622
f 3202/2948/3202 3246/2949/3246 3247/2950/3247
f 1516/1966/1516 435/268/435 1515/1965/1515
f 2768/2951/2768 3552/1458/3552 3553/1460/3553
f 1495/997/1495 578/342/578 1424/804/1424
f 2135/632/2135 28/2112/28 17/10/17
f 3526/2952/3526 2773/2953/2773 2774/2954/2774
f 1690/1646/1690 3926/2955/3926 3925/2956/3925
f 2778/2957/2778 2780/2958/2780 2777/2959/2777
f 2777/2959/2777 2781/2960/2781 2782/2961/2782
f 2784/2962/2784 2777/2959/2777 2783/2963/2783
f 3555/2128/3555 575/380/575 576/392/576
f 1494/996/1494 9/2190/9 540/327/540
f 3529/1467/3529 2015/2263/2015 3566/1336/3566
f 451/320/451 505/634/505 450/272/450
f 2786/2964/2786 2788/2965/2788 2785/2966/2785
f 2779/2967/2779 2785/2966/2785 2780/2958/2780
f 2789/2968/2789 2741/2913/2741 2740/2911/2740
f 2790/2969/2790 2752/2924/2752 2789/2968/2789
f 2792/2970/2792 2794/2971/2794 2791/2972/2791
f 2793/2973/2793 2796/2974/2796 2794/2971/2794
f 2796/2974/2796 2750/2975/2750 2749/2921/2749
f 2794/2971/2794 2749/2921/2749 2753/2923/2753
f 2798/2976/2798 1396/1471/1396 2754/2925/2754
f 3591/2977/3591 2754/2925/2754 3598/2927/3598
f 2798/2976/2798 2800/2978/2800 1393/1472/1393
f 3591/2977/3591 2799/2979/2799 2798/2976/2798
f 2797/2980/2797 2795/2981/2795 2801/2982/2801
f 2791/2972/2791 2753/2923/2753 2790/2969/2790
f 216/138/216 232/1743/232 54/39/54
f 3804/2983/3804 2807/2984/2807 3803/2985/3803
f 3805/2986/3805 2804/2987/2804 3803/2985/3803
f 2769/2988/2769 3557/1507/3557 3552/1458/3552
f 183/211/183 184/374/184 97/73/97
f 2811/2989/2811 2775/2990/2775 2776/2991/2776
f 2804/2987/2804 2776/2991/2776 2805/2992/2805
f 2809/2993/2809 2811/2989/2811 2804/2987/2804
f 2812/2994/2812 2813/2995/2813 2814/2996/2814
f 3805/2986/3805 2816/2997/2816 3795/2998/3795
f 3796/2999/3796 2815/3000/2815 3795/2998/3795
f 3798/3001/3798 2820/3002/2820 2821/3003/2821
f 3793/3004/3793 2819/3005/2819 3798/3001/3798
f 2824/3006/2824 2735/3007/2735 2819/3005/2819
f 2823/3008/2823 2824/3006/2824 2819/3005/2819
f 2825/3009/2825 2826/3010/2826 2724/2898/2724
f 3793/3004/3793 2827/3011/2827 3792/3012/3792
f 3796/2999/3796 2826/3010/2826 3792/3012/3792
f 2713/2892/2713 2829/3013/2829 2828/3014/2828
f 2828/3014/2828 2831/3015/2831 2830/3016/2830
f 2822/3017/2822 2828/3014/2828 2830/3016/2830
f 2821/3003/2821 2713/2892/2713 2828/3014/2828
f 2832/3018/2832 2822/3017/2822 2830/3016/2830
f 2833/3019/2833 2830/3016/2830 2831/3015/2831
f 2834/3020/2834 2832/3018/2832 2833/3019/2833
f 2835/3021/2835 2827/3011/2827 2832/3018/2832
f 2837/3022/2837 2839/3023/2839 2836/3024/2836
f 2836/3024/2836 2841/3025/2841 2840/3026/2840
f 2842/3027/2842 2840/3026/2840 2727/3028/2727
f 2843/3029/2843 2836/3024/2836 2842/3027/2842
f 2840/3026/2840 2845/3030/2845 2844/3031/2844
f 2718/3032/2718 2845/3030/2845 2719/2894/2719
f 2730/2902/2730 2844/3031/2844 2718/3032/2718
f 2727/3028/2727 2844/3031/2844 2728/2900/2728
f 2846/3033/2846 2719/2894/2719 2845/3030/2845
f 2846/3033/2846 2841/3025/2841 2847/3034/2847
f 2829/3013/2829 2847/3034/2847 2831/3015/2831
f 2829/3013/2829 2716/2891/2716 2846/3033/2846
f 2847/3034/2847 2839/3023/2839 2848/3035/2848
f 2848/3035/2848 2838/3036/2838 2849/3037/2849
f 2833/3019/2833 2849/3037/2849 2834/3020/2834
f 2831/3015/2831 2848/3035/2848 2833/3019/2833
f 2850/3038/2850 2851/3039/2851 2852/3040/2852
f 2853/3041/2853 2852/3040/2852 2854/3042/2854
f 2783/2963/2783 2782/2961/2782 2855/3043/2855
f 2785/2966/2785 2853/3041/2853 2856/3044/2856
f 2780/2958/2780 2856/3044/2856 2781/2960/2781
f 2857/3045/2857 2855/3043/2855 2782/2961/2782
f 2859/3046/2859 2782/2961/2782 2781/2960/2781
f 2861/3047/2861 2842/3027/2842 2860/3048/2860
f 2860/3048/2860 2727/3028/2727 2726/2899/2726
f 2862/3049/2862 2726/2899/2726 2732/2906/2732
f 2863/3050/2863 2860/3048/2860 2862/3049/2862
f 2861/3047/2861 2858/3051/2858 2857/3045/2857
f 2843/3029/2843 2857/3045/2857 2859/3046/2859
f 2856/3044/2856 2854/3042/2854 2864/3052/2864
f 2781/2960/2781 2864/3052/2864 2859/3046/2859
f 2837/3022/2837 2859/3046/2859 2864/3052/2864
f 2838/3036/2838 2864/3052/2864 2854/3042/2854
f 2852/3040/2852 2834/3020/2834 2849/3037/2849
f 2854/3042/2854 2849/3037/2849 2838/3036/2838
f 2865/3053/2865 2818/3054/2818 2835/3021/2835
f 2851/3039/2851 2835/3021/2835 2834/3020/2834
f 2813/2995/2813 2815/3000/2815 2865/3053/2865
f 2814/2996/2814 2865/3053/2865 2851/3039/2851
f 2866/3055/2866 2814/2996/2814 2850/3038/2850
f 2788/2965/2788 2850/3038/2850 2853/3041/2853
f 2866/3055/2866 2787/3056/2787 2867/3057/2867
f 2812/2994/2812 2867/3057/2867 2775/2990/2775
f 1892/2003/1892 1890/1740/1890 1891/2175/1891
f 2720/2895/2720 2846/3033/2846 2870/3058/2870
f 298/1407/298 256/148/256 257/1193/257
f 2872/3059/2872 2713/2892/2713 2820/3002/2820
f 3794/3060/3794 2735/3007/2735 2734/2907/2734
f 2729/2903/2729 2874/3061/2874 2873/3062/2873
f 2846/3033/2846 2715/3063/2715 2870/3058/2870
f 2876/3064/2876 2878/3065/2878 2875/3066/2875
f 2733/2909/2733 2878/3065/2878 2734/2907/2734
f 3806/3067/3806 2879/3068/2879 2880/3069/2880
f 3806/3067/3806 2872/3059/2872 3794/3060/3794
f 2882/3070/2882 2884/3071/2884 2881/3072/2881
f 2881/3072/2881 2715/3063/2715 2714/2890/2714
f 2880/3069/2880 2714/2890/2714 2872/3059/2872
f 2879/3068/2879 2881/3072/2881 2880/3069/2880
f 2885/3073/2885 2887/3074/2887 2888/3075/2888
f 2888/3075/2888 2890/3076/2890 2885/3073/2885
f 2885/3073/2885 2892/3077/2892 2891/3078/2891
f 2893/3079/2893 2885/3073/2885 2891/3078/2891
f 1942/2002/1942 2532/3080/2532 2894/3081/2894
f 2895/3082/2895 2720/2895/2720 2870/3058/2870
f 2884/3071/2884 2870/3058/2870 2715/3063/2715
f 2883/3083/2883 2895/3082/2895 2884/3071/2884
f 2896/3084/2896 2892/3077/2892 2895/3082/2895
f 2889/3085/2889 2717/2893/2717 2890/3076/2890
f 2890/3076/2890 2720/2895/2720 2892/3077/2892
f 2897/3086/2897 2891/3078/2891 2896/3084/2896
f 2898/3087/2898 2896/3084/2896 2883/3083/2883
f 2899/3088/2899 2883/3083/2883 2882/3070/2882
f 2900/3089/2900 2882/3070/2882 2879/3068/2879
f 3797/3090/3797 2879/3068/2879 3807/3091/3807
f 2876/3064/2876 2901/3092/2901 2877/3093/2877
f 2901/3092/2901 2904/3094/2904 2903/3095/2903
f 1785/1825/1785 1835/2845/1835 1834/1879/1834
f 2905/3096/2905 2899/3088/2899 2900/3089/2900
f 2907/3097/2907 2897/3086/2897 2898/3087/2898
f 3797/3090/3797 2903/3095/2903 3799/3098/3799
f 632/2493/632 577/3099/577 633/2170/633
f 3532/1639/3532 2867/3057/2867 2787/3056/2787
f 434/265/434 550/337/550 350/196/350
f 2768/2951/2768 3640/3100/3640 3643/3101/3643
f 2910/3102/2910 1623/1690/1623 2249/2327/2249
f 2241/3103/2241 2758/3104/2758 2242/2309/2242
f 3640/3100/3640 2913/3105/2913 3652/3106/3652
f 1623/1690/1623 2757/2930/2757 1620/1688/1620
f 3587/2310/3587 2757/2930/2757 3652/3106/3652
f 2229/2299/2229 1380/1466/1380 2250/2329/2250
f 2765/2944/2765 1629/1697/1629 2914/3107/2914
f 2915/3108/2915 1629/1697/1629 2912/3109/2912
f 3642/3110/3642 2914/3107/2914 2915/3108/2915
f 3641/3111/3641 2765/2944/2765 2914/3107/2914
f 2919/3112/2919 3642/3110/3642 3613/3113/3613
f 2918/3114/2918 2912/3109/2912 2241/3103/2241
f 3614/3115/3614 2241/3103/2241 3586/2308/3586
f 3618/3116/3618 3613/3113/3613 3670/3117/3670
f 3541/1663/3541 2180/2218/2180 3496/1664/3496
f 3521/1682/3521 2188/3118/2188 3506/1735/3506
f 3705/3119/3705 714/376/714 3851/2093/3851
f 2925/3120/2925 2917/3121/2917 2924/3122/2924
f 2924/3122/2924 2916/3123/2916 2919/3112/2919
f 3610/3124/3610 2919/3112/2919 3618/3116/3618
f 3611/3125/3611 2924/3122/2924 3610/3124/3610
f 2926/3126/2926 2766/2946/2766 2925/3120/2925
f 3658/3127/3658 2925/3120/2925 3611/3125/3611
f 1715/1533/1715 1705/1744/1705 1710/1842/1710
f 785/1500/785 498/2230/498 796/1498/796
f 1387/719/1387 565/1310/565 1791/2206/1791
f 374/2231/374 1899/3128/1899 560/2229/560
f 3573/2056/3573 2206/2269/2206 3556/3129/3556
f 2929/3130/2929 2886/3131/2886 2893/3079/2893
f 2932/3132/2932 2934/3133/2934 2931/3134/2931
f 1905/1748/1905 1908/1813/1908 1907/1832/1907
f 2930/3135/2930 2936/3136/2936 2937/3137/2937
f 2938/3138/2938 2930/3135/2930 2929/3130/2929
f 1493/1075/1493 517/1897/517 518/310/518
f 1603/3139/1603 1586/1389/1586 1602/1399/1602
f 2939/3140/2939 2929/3130/2929 2908/3141/2908
f 2940/3142/2940 2908/3141/2908 2907/3097/2907
f 3665/3143/3665 1600/1395/1600 3661/2103/3661
f 2886/3131/2886 2937/3137/2937 2887/3074/2887
f 2906/3144/2906 2898/3087/2898 2899/3088/2899
f 2908/3141/2908 2893/3079/2893 2897/3086/2897
f 2942/3145/2942 2933/3146/2933 2941/3147/2941
f 2941/3147/2941 2937/3137/2937 2936/3136/2936
f 3501/1687/3501 2936/3136/2936 3513/1695/3513
f 3498/1686/3498 2941/3147/2941 3501/1687/3501
f 2943/3148/2943 2710/3149/2710 2873/3062/2873
f 2943/3148/2943 2874/3061/2874 2889/3085/2889
f 2945/3150/2945 2889/3085/2889 2888/3075/2888
f 2946/3151/2946 2943/3148/2943 2945/3150/2945
f 2932/3132/2932 2888/3075/2888 2887/3074/2887
f 2931/3134/2931 2945/3150/2945 2932/3132/2932
f 727/375/727 1929/1777/1929 728/373/728
f 2903/3095/2903 2947/3152/2947 2948/3153/2948
f 545/331/545 42/30/42 262/335/262
f 1480/969/1480 533/322/533 251/323/251
f 2907/3097/2907 2949/3154/2949 2940/3142/2940
f 2906/3144/2906 2950/3155/2950 2949/3154/2949
f 1558/1286/1558 215/2820/215 202/135/202
f 3799/3098/3799 2948/3153/2948 3801/3156/3801
f 2054/2008/2054 1644/1420/1644 2118/885/2118
f 3705/3119/3705 2203/2267/2203 3573/2056/3573
f 1828/1677/1828 1849/986/1849 1827/1672/1827
f 2953/3157/2953 2955/3158/2955 2952/3159/2952
f 2952/3159/2952 2957/3160/2957 2956/3161/2956
f 2956/3161/2956 2258/2345/2258 2952/3159/2952
f 2953/3157/2953 2258/2345/2258 2257/2342/2257
f 2454/2535/2454 2474/2554/2474 2496/2580/2496
f 3747/3162/3747 2959/3163/2959 3766/3164/3766
f 3747/3162/3747 2131/2177/2131 3737/3165/3737
f 2961/3166/2961 2963/3167/2963 2958/3168/2958
f 2958/3168/2958 2964/3169/2964 2959/3163/2959
f 222/307/222 2485/2565/2485 2965/3170/2965
f 2477/2557/2477 2966/3171/2966 2608/2707/2608
f 2631/2841/2631 2006/2070/2006 1859/1909/1859
f 2384/2467/2384 2496/2580/2496 2497/3172/2497
f 2967/3173/2967 2959/3163/2959 2964/3169/2964
f 2968/3174/2968 2970/3175/2970 2969/3176/2969
f 3759/3177/3759 2971/3178/2971 3784/3179/3784
f 3784/3179/3784 2960/3180/2960 3766/3164/3766
f 2972/3181/2972 2033/2098/2033 2032/2097/2032
f 2007/2461/2007 2973/3182/2973 2008/2071/2008
f 3560/3183/3560 2134/2179/2134 2133/2178/2133
f 1836/3184/1836 1832/1711/1832 1831/1710/1831
f 3506/1735/3506 2090/2143/2090 3551/1899/3551
f 955/1295/955 959/517/959 956/3185/956
f 672/3186/672 674/3187/674 673/2296/673
f 633/2170/633 713/1335/713 632/2493/632
f 2024/1881/2024 733/398/733 803/1489/803
f 2025/1882/2025 803/1489/803 798/1873/798
f 425/1057/425 1550/1285/1550 388/229/388
f 2975/3188/2975 888/1919/888 887/937/887
f 1319/1375/1319 1157/1196/1157 2694/2861/2694
f 1212/1791/1212 2977/3189/2977 1213/1242/1213
f 889/938/889 2228/3190/2228 2227/2297/2227
f 1978/1837/1978 1975/1835/1975 1979/1853/1979
f 1138/2830/1138 1329/1414/1329 915/956/915
f 751/841/751 2979/3191/2979 2978/3192/2978
f 1619/1949/1619 1625/1485/1625 1624/1476/1624
f 2252/2336/2252 1728/3193/1728 1727/1790/1727
f 1157/1196/1157 845/907/845 1216/1246/1216
f 2706/3194/2706 1938/1995/1938 2617/2720/2617
f 2980/3195/2980 2254/3196/2254 2981/3197/2981
f 2982/3198/2982 887/937/887 2630/2737/2630
f 802/875/802 711/809/711 2679/2828/2679
f 678/3199/678 2029/2081/2029 2028/2083/2028
f 527/697/527 690/905/690 528/695/528
f 1839/2741/1839 2629/2735/2629 1840/1885/1840
f 2983/3200/2983 602/730/602 1914/1973/1914
f 2983/3200/2983 1913/1972/1913 1331/2759/1331
f 2985/3201/2985 1331/2759/1331 1054/1084/1054
f 2986/3202/2986 2983/3200/2983 2985/3201/2985
f 2987/3203/2987 2635/2743/2635 2634/2742/2634
f 2985/3201/2985 2639/2746/2639 2986/3202/2986
f 2990/3204/2990 1318/1374/1318 2989/3205/2989
f 2991/3206/2991 2993/3207/2993 2994/3208/2994
f 2995/3209/2995 2994/3208/2994 2996/3210/2996
f 1106/1135/1106 2991/3206/2991 2995/3209/2995
f 1058/2752/1058 2992/3211/2992 2991/3206/2991
f 1415/765/1415 1365/762/1365 1367/703/1367
f 1317/1373/1317 2217/2284/2217 2997/3212/2997
f 1932/1990/1932 2255/2335/2255 2980/3195/2980
f 926/965/926 2999/3213/2999 664/778/664
f 3001/3214/3001 2992/3211/2992 3000/3215/3000
f 3000/3215/3000 1057/1085/1057 2978/3192/2978
f 2999/3213/2999 2978/3192/2978 2979/3191/2979
f 2998/3216/2998 3000/3215/3000 2999/3213/2999
f 3002/3217/3002 2209/2275/2209 3003/3218/3003
f 3002/3217/3002 2996/3210/2996 2994/3208/2994
f 2993/3207/2993 3002/3217/3002 2994/3208/2994
f 3001/3214/3001 2998/3216/2998 3002/3217/3002
f 1103/1136/1103 2995/3209/2995 3004/3219/3004
f 3004/3219/3004 2996/3210/2996 3003/3218/3003
f 2209/2275/2209 3004/3219/3004 3003/3218/3003
f 588/722/588 3004/3219/3004 2210/2274/2210
f 295/1840/295 433/1347/433 381/220/381
f 2638/2747/2638 2988/3220/2988 3005/3221/3005
f 3005/3221/3005 1056/1083/1056 1930/1988/1930
f 1305/1366/1305 1930/1988/1930 1306/1364/1306
f 1276/1376/1276 3005/3221/3005 1305/1366/1305
f 1987/1851/1987 1993/1858/1993 1989/1855/1989
f 2633/2823/2633 1761/1810/1761 2645/2761/2645
f 1423/797/1423 1417/783/1417 1419/785/1419
f 3561/1769/3561 739/482/739 703/390/703
f 2671/2807/2671 2704/2879/2704 2705/2878/2705
f 1473/2115/1473 2035/2161/2035 1472/2215/1472
f 922/2351/922 2694/2861/2694 895/961/895
f 1401/2337/1401 1378/715/1378 1384/1550/1384
f 556/1166/556 1884/2082/1884 1037/1069/1037
f 842/1433/842 3825/601/3825 3836/603/3836
f 1854/1902/1854 2617/2720/2617 1010/1044/1010
f 933/973/933 1081/2783/1081 1075/1105/1075
f 1440/836/1440 1436/963/1436 1437/831/1437
f 529/2725/529 719/815/719 530/696/530
f 1031/1063/1031 1027/1061/1027 1028/1064/1028
f 777/854/777 912/2728/912 1871/1921/1871
f 2645/2761/2645 1204/1235/1204 2633/2823/2633
f 441/2805/441 1538/1348/1538 1537/1149/1537
f 790/1110/790 587/1197/587 586/721/586
f 2065/1969/2065 1610/1404/1610 1607/1406/1607
f 1860/2837/1860 990/2760/990 902/1845/902
f 60/40/60 87/78/87 59/62/59
f 1424/804/1424 1948/1932/1948 1947/2080/1947
f 332/3222/332 1507/1038/1507 331/1091/331
f 261/1341/261 138/1126/138 135/1847/135
f 187/123/187 449/273/449 507/1359/507
f 1719/1536/1719 1726/1583/1726 1725/1571/1725
f 1931/1987/1931 1059/1086/1059 3006/3223/3006
f 3006/3223/3006 1105/2753/1105 1104/1134/1104
f 1287/1343/1287 1104/1134/1104 587/1197/587
f 1286/2354/1286 3006/3223/3006 1287/1343/1287
f 3007/3224/3007 3009/3225/3009 3010/3226/3010
f 3009/3225/3009 653/869/653 795/868/795
f 618/2279/618 26/2732/26 25/25/25
f 2029/2081/2029 1210/2836/1210 1209/1239/1209
f 957/998/957 600/729/600 2228/3190/2228
f 1049/1078/1049 2228/3190/2228 600/729/600
f 2631/2841/2631 3011/3227/3011 2561/2655/2561
f 890/939/890 2227/2297/2227 3011/3227/3011
f 3011/3227/3011 2145/2187/2145 3012/3228/3012
f 2561/2655/2561 3012/3228/3012 2375/2459/2375
f 1026/1232/1026 609/770/609 608/734/608
f 2706/3194/2706 1961/2036/1961 1964/2035/1964
f 3013/3229/3013 2485/2565/2485 3014/3230/3014
f 2148/2189/2148 1267/1301/1267 3015/3231/3015
f 3015/3231/3015 1266/1303/1266 1311/1368/1311
f 2997/3212/2997 1101/1131/1101 1317/1373/1317
f 642/2787/642 1773/1817/1773 1193/1224/1193
f 186/121/186 461/285/461 511/311/511
f 1041/1155/1041 1320/1377/1320 901/945/901
f 1121/1154/1121 3017/3232/3017 1122/1152/1122
f 2984/3233/2984 2987/3203/2987 3018/3234/3018
f 3018/3234/3018 2634/2742/2634 2619/2721/2619
f 1048/1079/1048 3018/3234/3018 2619/2721/2619
f 603/731/603 2984/3233/2984 3018/3234/3018
f 2679/2828/2679 801/876/801 802/875/802
f 2062/1958/2062 2074/1981/2074 2061/1956/2061
f 2061/1956/2061 2076/1983/2076 2064/1962/2064
f 414/239/414 1545/1200/1545 1965/1818/1965
f 3016/3235/3016 2683/2833/2683 3019/3236/3019
f 3019/3236/3019 2704/2879/2704 2670/3237/2670
f 3020/3238/3020 2670/3237/2670 720/818/720
f 3007/3224/3007 3019/3236/3019 3020/3238/3020
f 1871/1921/1871 1091/1122/1091 777/854/777
f 3021/3239/3021 1122/1152/1122 3017/3232/3017
f 3022/3240/3022 3017/3232/3017 3010/3226/3010
f 1314/2859/1314 3022/3240/3022 1315/1371/1315
f 1784/1827/1784 3021/3239/3021 1314/2859/1314
f 1316/1372/1316 1763/3241/1763 611/738/611
f 3023/3242/3023 3010/3226/3010 3009/3225/3009
f 3023/3242/3023 795/868/795 1092/1123/1092
f 1763/3241/1763 1092/1123/1092 1125/1812/1125
f 1315/1371/1315 3023/3242/3023 1763/3241/1763
f 3016/3235/3016 3010/3226/3010 3017/3232/3017
f 752/2816/752 2978/3192/2978 1057/1085/1057
f 2986/3202/2986 2637/2744/2637 2987/3203/2987
f 3024/3243/3024 653/869/653 3008/3244/3008
f 3020/3238/3020 3008/3244/3008 3007/3224/3007
f 720/818/720 3024/3243/3024 3020/3238/3020
f 723/817/723 654/768/654 3024/3243/3024
f 2681/2831/2681 1268/1302/1268 3025/3245/3025
f 2671/2807/2671 1268/1302/1268 721/816/721
f 2705/2878/2705 3025/3245/3025 2671/2807/2671
f 1313/1370/1313 3027/3246/3027 1311/1368/1311
f 3026/3247/3026 3029/3248/3029 3027/3246/3027
f 3027/3246/3027 3030/3249/3030 3031/3250/3031
f 1311/1368/1311 3031/3250/3031 3015/3231/3015
f 2012/2802/2012 731/1875/731 2023/1877/2023
f 917/1106/917 974/1012/974 977/1014/977
f 743/1237/743 856/915/856 744/838/744
f 1888/1898/1888 2030/1895/2030 1425/800/1425
f 2682/3251/2682 2684/2832/2684 3032/3252/3032
f 3032/3252/3032 1124/1153/1124 2989/3205/2989
f 1100/2789/1100 2989/3205/2989 1318/1374/1318
f 1099/1130/1099 3032/3252/3032 1100/2789/1100
f 1123/3253/1123 2989/3205/2989 1124/1153/1124
f 3033/3254/3033 1159/1880/1159 1158/1194/1158
f 2990/3204/2990 1158/1194/1158 1319/1375/1319
f 1123/3253/1123 3033/3254/3033 2990/3204/2990
f 1786/2724/1786 1834/1879/1834 3033/3254/3033
f 1054/1084/1054 2988/3220/2988 2985/3201/2985
f 2979/3191/2979 664/778/664 2999/3213/2999
f 2623/2727/2623 2663/2791/2663 2643/2755/2643
f 1095/1127/1095 688/796/688 687/795/687
f 3034/3255/3034 2261/3256/2261 2956/3161/2956
f 3036/3257/3036 2956/3161/2956 2957/3160/2957
f 3037/3258/3037 3034/3255/3034 3036/3257/3036
f 3038/3259/3038 3035/3260/3035 3034/3255/3034
f 3040/3261/3040 3026/3247/3026 1313/1370/1313
f 2263/2347/2263 3041/3262/3041 3040/3261/3040
f 3042/3263/3042 3043/3264/3043 3041/3262/3041
f 3041/3262/3041 3028/3265/3028 3026/3247/3026
f 3044/3266/3044 3043/3264/3043 3039/3267/3039
f 3046/3268/3046 3045/3269/3045 3044/3266/3044
f 3047/3270/3047 3049/3271/3049 3045/3269/3045
f 3043/3264/3043 3049/3271/3049 3028/3265/3028
f 3038/3259/3038 3051/3272/3051 3050/3273/3050
f 3050/3273/3050 3053/3274/3053 3052/3275/3052
f 3052/3275/3052 3044/3266/3044 3050/3273/3050
f 3039/3267/3039 3050/3273/3050 3044/3266/3044
f 3054/3276/3054 3039/3267/3039 3042/3263/3042
f 3042/3263/3042 2262/2346/2262 3054/3276/3054
f 2261/3256/2261 3054/3276/3054 2262/2346/2262
f 2216/2348/2216 2997/3212/2997 2217/2284/2217
f 2212/2349/2212 2667/2803/2667 1936/1993/1936
f 3056/3277/3056 2209/2275/2209 3055/3278/3055
f 934/974/934 1961/2036/1961 1854/1902/1854
f 2013/2840/2013 3757/2040/3757 567/1319/567
f 3058/3279/3058 3060/3280/3060 3061/3281/3061
f 3059/3282/3059 3063/3283/3063 3060/3280/3060
f 3060/3280/3060 2213/2281/2213 1963/2350/1963
f 3061/3281/3061 1963/2350/1963 1962/2034/1962
f 3063/3283/3063 2214/2282/2214 2213/2281/2213
f 3062/3284/3062 3064/3285/3064 3063/3283/3063
f 3065/3286/3065 2260/2344/2260 3064/3285/3064
f 3064/3285/3064 2215/2283/2215 2214/2282/2214
f 3066/3287/3066 3031/3250/3031 3030/3249/3030
f 2608/2707/2608 3067/3288/3067 3066/3287/3066
f 2966/3171/2966 3068/3289/3068 3067/3288/3067
f 3031/3250/3031 3068/3289/3068 3015/3231/3015
f 2455/2534/2455 2461/2539/2461 2474/2554/2474
f 2476/3290/2476 2226/2294/2226 2477/2557/2477
f 3551/1899/3551 2089/2145/2089 3525/1203/3525
f 3526/2952/3526 3769/3291/3769 3786/3292/3786
f 433/1347/433 355/201/355 381/220/381
f 2115/2048/2115 1419/785/1419 2123/2061/2123
f 3509/993/3509 2922/3293/2922 3527/2826/3527
f 3769/3291/3769 2131/2177/2131 2134/2179/2134
f 3069/3294/3069 2167/3295/2167 2166/2208/2166
f 2971/3178/2971 2928/3296/2928 2960/3180/2960
f 2961/3166/2961 2773/2953/2773 2962/3297/2962
f 3070/3298/3070 2478/2558/2478 2483/2563/2483
f 2610/3299/2610 3071/3300/3071 2954/3301/2954
f 2502/2693/2502 2374/2457/2374 2386/2691/2386
f 3072/3302/3072 2595/2690/2595 3073/3303/3073
f 2964/3169/2964 3052/3275/3052 2967/3173/2967
f 3048/3304/3048 3074/3305/3074 3049/3271/3049
f 2593/3306/2593 3075/3307/3075 3074/3305/3074
f 3075/3307/3075 3029/3248/3029 3074/3305/3074
f 3074/3305/3074 3028/3265/3028 3049/3271/3049
f 3072/3302/3072 3075/3307/3075 2592/2688/2592
f 3076/3308/3076 2482/3309/2482 2481/2562/2481
f 2481/2562/2481 3066/3287/3066 3076/3308/3076
f 3076/3308/3076 3030/3249/3030 3075/3307/3075
f 2967/3173/2967 3053/3274/3053 2970/3175/2970
f 2482/3309/2482 3073/3303/3073 2483/2563/2483
f 479/364/479 493/297/493 494/299/494
f 706/1340/706 3873/2167/3873 709/1338/709
f 3561/1769/3561 2221/2291/2221 3517/483/3517
f 2013/2840/2013 3754/812/3754 3755/3310/3755
f 3533/1930/3533 2016/2075/2016 3529/1467/3529
f 3562/1933/3562 2222/3311/2222 2974/3312/2974
f 1171/587/1171 1155/573/1155 1176/585/1176
f 2586/3313/2586 2565/2714/2565 2587/3314/2587
f 2982/3198/2982 113/154/113 2484/2564/2484
f 2562/3315/2562 3077/3316/3077 3068/3289/3068
f 2376/2656/2376 3012/3228/3012 3077/3316/3077
f 3012/3228/3012 2148/2189/2148 3077/3316/3077
f 3077/3316/3077 3015/3231/3015 3068/3289/3068
f 2963/3167/2963 3046/3268/3046 2964/3169/2964
f 3051/3272/3051 2970/3175/2970 3053/3274/3053
f 1683/1805/1683 491/424/491 775/423/775
f 3850/2105/3850 1447/848/1447 3860/849/3860
f 1986/2053/1986 3734/3317/3734 3768/3318/3768
f 3079/3319/3079 2546/2637/2546 2575/2668/2575
f 3081/3320/3081 2575/2668/2575 2576/2667/2576
f 1983/2054/1983 3768/3318/3768 3765/3321/3765
f 3082/3322/3082 2319/2638/2319 2545/2636/2545
f 3080/3323/3080 2545/2636/2545 2546/2637/2546
f 3734/3317/3734 3082/3322/3082 3080/3323/3080
f 3732/3324/3732 2323/2407/2323 3082/3322/3082
f 1309/637/1309 1888/1898/1888 748/1906/748
f 3073/3303/3073 2772/3325/2772 2771/3326/2771
f 2760/2931/2760 3084/3327/3084 2762/2934/2762
f 2760/2931/2760 2088/2142/2088 3083/3328/3083
f 3085/3329/3085 3086/3330/3086 3087/3331/3087
f 3089/3332/3089 3090/3333/3090 3088/3334/3088
f 3089/3332/3089 3084/3327/3084 3085/3329/3085
f 3092/3335/3092 3090/3333/3090 3091/3336/3091
f 3093/3337/3093 2744/2915/2744 2743/2917/2743
f 2751/2922/2751 2748/2919/2748 3093/3337/3093
f 3093/3337/3093 2752/2924/2752 2751/2922/2751
f 2742/2914/2742 3093/3337/3093 3094/3338/3094
f 3094/3338/3094 2743/2917/2743 3095/3339/3095
f 3096/3340/3096 3098/3341/3098 3087/3331/3087
f 3099/3342/3099 3087/3331/3087 3086/3330/3086
f 3097/3343/3097 3095/3339/3095 3098/3341/3098
f 3100/3344/3100 2746/2916/2746 3101/3345/3101
f 3101/3345/3101 3102/3346/3102 3100/3344/3100
f 2764/3347/2764 2927/3348/2927 3101/3345/3101
f 2745/2918/2745 3101/3345/3101 2746/2916/2746
f 3102/3346/3102 3091/3336/3091 3100/3344/3100
f 3100/3344/3100 3095/3339/3095 2743/2917/2743
f 2869/3349/2869 3592/3350/3592 3634/3351/3634
f 3102/3346/3102 3104/3352/3104 3092/3335/3092
f 3658/3127/3658 2869/3349/2869 3634/3351/3634
f 2927/3348/2927 3103/3353/3103 3102/3346/3102
f 3098/3341/3098 3091/3336/3091 3090/3333/3090
f 3087/3331/3087 3090/3333/3090 3085/3329/3085
f 2088/2142/2088 3105/3354/3105 3083/3328/3083
f 3083/3328/3083 3086/3330/3086 3084/3327/3084
f 2483/2563/2483 2771/3326/2771 3070/3298/3070
f 2401/2885/2401 2185/2223/2185 2321/3355/2321
f 3099/3342/3099 3105/3354/3105 3106/3356/3106
f 2125/2172/2125 3106/3356/3106 3105/3354/3105
f 3108/3357/3108 2742/2914/2742 3107/3358/3107
f 3107/3358/3107 3094/3338/3094 3097/3343/3097
f 3110/3359/3110 3107/3358/3107 3109/3360/3109
f 3109/3360/3109 3097/3343/3097 3096/3340/3096
f 3111/3361/3111 3096/3340/3096 3099/3342/3099
f 3112/3362/3112 3109/3360/3109 3111/3361/3111
f 3113/3363/3113 2737/2912/2737 3108/3357/3108
f 3115/3364/3115 2722/3365/2722 3114/3366/3114
f 3117/3367/3117 3114/3366/3114 3116/3368/3116
f 3119/3369/3119 3116/3368/3116 3118/3370/3118
f 3118/3370/3118 3120/3371/3120 3121/3372/3121
f 3116/3368/3116 3113/3363/3113 3120/3371/3120
f 3122/3373/3122 3111/3361/3111 3123/3374/3123
f 3122/3373/3122 1755/2271/1755 1754/1801/1754
f 3124/3375/3124 3126/3376/3126 3127/3377/3127
f 3125/3378/3125 3121/3372/3121 3126/3376/3126
f 3128/3379/3128 3118/3370/3118 3125/3378/3125
f 3129/3380/3129 3125/3378/3125 3124/3375/3124
f 2020/2078/2020 3128/3379/3128 3129/3380/3129
f 3853/671/3853 1346/664/1346 1352/878/1352
f 1065/2174/1065 1047/537/1047 1066/641/1066
f 1814/1665/1814 3830/1445/3830 1649/1444/1649
f 2021/2079/2021 3129/3380/3129 3130/3381/3130
f 3111/3361/3111 3106/3356/3106 3123/3374/3123
f 3123/3374/3123 2207/2295/2207 1755/2271/1755
f 2377/2460/2377 2224/3382/2224 2973/3182/2973
f 3014/3230/3014 113/154/113 112/153/112
f 1756/1802/1756 3782/3383/3782 3767/3384/3767
f 3131/3385/3131 2530/2622/2530 2528/2620/2528
f 3133/3386/3133 2528/2620/2528 2529/2619/2529
f 1753/1803/1753 3767/3384/3767 3775/3387/3775
f 3134/3388/3134 3127/3377/3127 3135/3389/3135
f 2327/2410/2327 2314/2506/2314 2313/2399/2313
f 2436/2515/2436 2317/2404/2317 2349/2624/2349
f 2018/2077/2018 3711/3390/3711 3712/3391/3712
f 2534/2625/2534 3137/3392/3137 2535/2626/2535
f 2320/2403/2320 3136/3393/3136 2534/2625/2534
f 2185/2223/2185 3712/3391/3712 3771/3394/3771
f 3138/3395/3138 2542/2633/2542 2539/2630/2539
f 3134/3388/3134 3744/3396/3744 3745/3397/3745
f 3785/3398/3785 3134/3388/3134 3745/3397/3745
f 3140/3399/3140 2539/2630/2539 2538/2629/2538
f 2535/2626/2535 3140/3399/3140 2538/2629/2538
f 3711/3390/3711 3130/3381/3130 3785/3398/3785
f 2558/2652/2558 3132/3400/3132 3141/3401/3141
f 3782/3383/3782 3141/3401/3141 3132/3400/3132
f 2560/2654/2560 3141/3401/3141 3142/3402/3142
f 3760/3403/3760 3142/3402/3142 3141/3401/3141
f 958/999/958 2976/3404/2976 2981/3197/2981
f 1933/3405/1933 2980/3195/2980 3143/3406/3143
f 2399/3407/2399 2418/2490/2418 2416/2489/2416
f 2348/2431/2348 2343/2427/2343 2432/2510/2432
f 2322/2406/2322 2319/2638/2319 2323/2407/2323
f 2718/3032/2718 2874/3061/2874 2730/2902/2730
f 2709/2905/2709 2873/3062/2873 2710/3149/2710
f 2894/3081/2894 1361/1440/1361 1942/2002/1942
f 346/384/346 176/177/176 347/1266/347
f 1876/1724/1876 1882/1920/1882 1881/1936/1881
f 2802/3408/2802 3607/3409/3607 3592/3350/3592
f 3104/3352/3104 3088/3334/3088 3092/3335/3092
f 2974/3312/2974 3649/2936/3649 3603/3410/3603
f 3089/3332/3089 2761/2933/2761 2762/2934/2762
f 3088/3334/3088 3145/3411/3145 3089/3332/3089
f 2803/3412/2803 3603/3410/3603 3607/3409/3607
f 3870/2095/3870 692/379/692 628/2154/628
f 2123/2061/2123 1418/780/1418 2126/2259/2126
f 1365/762/1365 1368/688/1368 1367/703/1367
f 1581/1380/1581 1782/1696/1782 1783/1614/1783
f 3569/1337/3569 2129/2176/2129 3520/2127/3520
f 3555/2128/3555 2002/2245/2002 3521/1682/3521
f 3146/3413/3146 2551/2644/2551 3147/3414/3147
f 3751/3415/3751 3147/3414/3147 3750/3416/3750
f 3742/3417/3742 3146/3413/3146 3751/3415/3751
f 3149/3418/3149 2585/2677/2585 3146/3413/3146
f 3196/3419/3196 3197/3420/3197 3195/2233/3195
f 3604/3421/3604 2191/2249/2191 3623/2937/3623
f 3142/3402/3142 2556/2647/2556 2560/2654/2560
f 3777/3422/3777 3150/3423/3150 3142/3402/3142
f 3646/3424/3646 2550/2641/2550 3593/2650/3593
f 3150/3423/3150 2555/2648/2555 2556/2647/2556
f 3778/3425/3778 3151/3426/3151 3150/3423/3150
f 3788/3427/3788 3152/3428/3152 3646/3424/3646
f 3153/3429/3153 2551/2644/2551 2549/2642/2549
f 3152/3428/3152 2549/2642/2549 2550/2641/2550
f 3781/3430/3781 3153/3429/3153 3152/3428/3152
f 3776/3431/3776 3147/3414/3147 3153/3429/3153
f 3148/3432/3148 2206/2269/2206 2205/2268/2205
f 2183/2886/2183 2321/3355/2321 2184/2220/2184
f 2132/3433/2132 2928/3296/2928 2133/2178/2133
f 3684/3434/3684 2204/3435/2204 2203/2267/2203
f 3719/3436/3719 2197/2255/2197 3721/3437/3721
f 2594/2689/2594 2773/2953/2773 2951/3438/2951
f 2595/2690/2595 2951/3438/2951 2772/3325/2772
f 1870/1713/1870 799/1716/799 1869/1714/1869
f 3713/3439/3713 2178/3440/2178 3706/3441/3706
f 3706/3441/3706 3736/3442/3736 3790/3443/3790
f 336/510/336 3774/3444/3774 3722/3445/3722
f 339/512/339 3154/3446/3154 336/510/336
f 3789/3447/3789 3149/3418/3149 3742/3417/3742
f 3683/3448/3683 2584/2676/2584 3149/3418/3149
f 2963/3167/2963 3048/3304/3048 3047/3270/3047
f 3722/3445/3722 337/3449/337 336/510/336
f 339/512/339 2566/2658/2566 2586/3313/2586
f 3156/3450/3156 2168/2209/2168 2167/3295/2167
f 2610/3299/2610 2167/3295/2167 2611/2709/2611
f 2954/3301/2954 3156/3450/3156 2610/3299/2610
f 3157/3451/3157 2953/3157/2953 2257/2342/2257
f 3707/3452/3707 2169/2210/2169 3709/3453/3709
f 2567/2660/2567 3159/3454/3159 2568/2662/2568
f 337/3449/337 2567/2660/2567 338/511/338
f 3730/3455/3730 2166/2208/2166 3707/3452/3707
f 3764/3456/3764 1983/2054/1983 3765/3321/3765
f 2579/2671/2579 3081/3320/3081 2576/2667/2576
f 2568/2662/2568 3160/3457/3160 2579/2671/2579
f 3709/3453/3709 2190/2247/2190 3764/3456/3764
f 3065/3286/3065 3162/3458/3162 3161/3459/3161
f 3161/3459/3161 1984/2052/1984 2189/2246/2189
f 3157/3451/3157 2189/2246/2189 2168/2209/2168
f 2257/2342/2257 3161/3459/3161 3157/3451/3157
f 734/400/734 1922/3460/1922 806/442/806
f 3059/3282/3059 2708/2887/2708 3163/3461/3163
f 3163/3461/3163 2182/2219/2182 1985/2224/1985
f 3162/3458/3162 1985/2224/1985 1984/2052/1984
f 3062/3284/3062 3163/3461/3163 3162/3458/3162
f 3203/3462/3203 3205/3463/3205 3204/3464/3204
f 2122/2060/2122 1448/852/1448 1447/848/1447
f 3817/886/3817 1685/1160/1685 3812/3465/3812
f 139/95/139 444/2847/444 69/52/69
f 1570/1745/1570 566/1320/566 533/322/533
f 2957/3160/2957 3165/3466/3165 3036/3257/3036
f 2955/3158/2955 3164/3467/3164 2957/3160/2957
f 1912/1758/1912 341/499/341 1973/1829/1973
f 3130/3381/3130 3124/3375/3124 3134/3388/3134
f 1548/2355/1548 319/1861/319 1547/2838/1547
f 1949/2204/1949 1327/1729/1327 1887/3468/1887
f 2969/3176/2969 3078/3469/3078 3167/3470/3167
f 3167/3470/3167 3169/3471/3169 3168/3472/3168
f 3724/3473/3724 2017/2076/2017 3720/3474/3720
f 3720/3474/3720 2033/2098/2033 3759/3177/3759
f 3168/3472/3168 3165/3466/3165 3170/3475/3170
f 3170/3475/3170 3164/3467/3164 3171/3476/3171
f 3779/3477/3779 3171/3476/3171 3756/3478/3756
f 3724/3473/3724 3170/3475/3170 3779/3477/3779
f 3171/3476/3171 3166/3479/3166 3172/3480/3172
f 3172/3480/3172 3071/3300/3071 3173/3481/3173
f 3752/3482/3752 3173/3481/3173 3749/3483/3749
f 3756/3478/3756 3172/3480/3172 3752/3482/3752
f 3169/3471/3169 3036/3257/3036 3165/3466/3165
f 2593/3306/2593 2962/3297/2962 2594/2689/2594
f 3173/3481/3173 2609/2708/2609 3174/3484/3174
f 3174/3484/3174 2199/2710/2199 2198/2253/2198
f 3783/3485/3783 2198/2253/2198 3719/3436/3719
f 3749/3483/3749 3174/3484/3174 3783/3485/3783
f 2190/2247/2190 1984/2052/1984 1983/2054/1983
f 2196/2252/2196 2767/3486/2767 3148/3432/3148
f 2119/2059/2119 1414/766/1414 1448/852/1448
f 1464/947/1464 1466/891/1466 1465/894/1465
f 2199/2710/2199 3069/3294/3069 2200/2254/2200
f 2457/2713/2457 2587/3314/2587 2565/2714/2565
f 2226/2294/2226 2562/3315/2562 2966/3171/2966
f 481/404/481 1627/1409/1627 1639/1435/1639
f 333/1261/333 235/1052/235 236/341/236
f 3078/3469/3078 3037/3258/3037 3169/3471/3169
f 3040/3261/3040 2997/3212/2997 2263/2347/2263
f 2219/2287/2219 1933/3405/1933 2220/2286/2220
f 2385/2468/2385 2497/3172/2497 2503/2692/2503
f 221/2566/221 3175/3487/3175 2484/2564/2484
f 2220/2286/2220 3143/3406/3143 3175/3487/3175
f 3175/3487/3175 2976/3404/2976 2975/3188/2975
f 2484/2564/2484 2975/3188/2975 2982/3198/2982
f 2954/3301/2954 3166/3479/3166 2955/3158/2955
f 2630/2737/2630 110/152/110 2982/3198/2982
f 1547/2838/1547 1952/1971/1952 1955/3488/1955
f 2091/3489/2091 2188/3118/2188 2187/2244/2187
f 3733/3490/3733 2178/3440/2178 2177/2216/2177
f 1918/1760/1918 1927/1773/1927 1926/1767/1926
f 3563/3491/3563 111/3492/111 3511/3493/3511
f 955/1295/955 960/3494/960 954/490/954
f 2037/3495/2037 112/153/112 3563/3491/3563
f 3143/3406/3143 2981/3197/2981 2976/3404/2976
f 2218/2285/2218 2214/2282/2214 2215/2283/2215
f 672/3186/672 3787/1204/3787 3541/1663/3541
f 2152/3496/2152 3014/3230/3014 2037/3495/2037
f 1147/586/1147 1143/1862/1143 1145/562/1145
f 2248/2328/2248 1409/1480/1409 2245/2323/2245
f 1615/1721/1615 1635/1703/1635 1616/1684/1616
f 1410/1481/1410 2246/2325/2246 2247/2324/2247
f 3241/3497/3241 3242/3498/3242 3240/2319/3240
f 3177/3499/3177 1383/1465/1383 1382/2307/1382
f 2238/2306/2238 3176/3500/3176 1382/2307/1382
f 3176/3500/3176 2230/2301/2230 3178/3501/3178
f 1410/1481/1410 3179/3502/3179 1407/1479/1407
f 3179/3502/3179 2243/2313/2243 1407/1479/1407
f 1633/1700/1633 2800/2978/2800 2249/2327/2249
f 1621/2326/1621 2758/3104/2758 2912/3109/2912
f 1622/1689/1622 2245/2323/2245 1634/1701/1634
f 2236/2304/2236 3181/3503/3181 3182/3504/3182
f 2237/2305/2237 3182/3504/3182 3183/3505/3183
f 2250/2329/2250 2233/2302/2233 2229/2299/2229
f 2912/3109/2912 1628/1699/1628 1621/2326/1621
f 135/1847/135 1564/1353/1564 1563/1342/1563
f 1567/1437/1567 512/309/512 1565/1354/1565
f 1085/1118/1085 2653/2775/2653 2685/2843/2685
f 3184/3506/3184 868/925/868 3056/3277/3056
f 869/926/869 3057/3507/3057 934/974/934
f 1266/1303/1266 1098/1132/1098 1312/1369/1312
f 1267/1301/1267 722/2722/722 721/816/721
f 937/976/937 2646/2764/2646 936/975/936
f 2146/2298/2146 722/2722/722 2147/2188/2147
f 2211/2280/2211 921/960/921 2667/2803/2667
f 1957/2870/1957 507/1359/507 449/273/449
f 1313/1370/1313 2264/2352/2264 3040/3261/3040
f 1496/995/1496 1493/1075/1493 1492/1004/1492
f 2681/2831/2681 2705/2878/2705 2682/3251/2682
f 2887/3074/2887 2933/3146/2933 2932/3132/2932
f 1687/3508/1687 1659/1576/1659 1694/1503/1694
f 145/1011/145 1498/1223/1498 81/59/81
f 1317/1373/1317 1319/1375/1319 2694/2861/2694
f 37/19/37 418/1028/418 71/1955/71
f 1935/1992/1935 3185/3509/3185 2977/3189/2977
f 104/2810/104 301/438/301 103/75/103
f 2101/2018/2101 2083/1998/2083 2084/1997/2084
f 543/1800/543 360/1040/360 207/131/207
f 1934/1991/1934 3186/3510/3186 3185/3509/3185
f 234/1055/234 212/173/212 237/279/237
f 3845/2090/3845 1822/1666/1822 1824/1670/1824
f 1976/3511/1976 1874/1715/1874 1974/1834/1974
f 223/308/223 2219/2287/2219 220/306/220
f 3655/3512/3655 3605/3513/3605 3612/3514/3612
f 468/287/468 773/421/773 2165/3515/2165
f 1935/1992/1935 1728/3193/1728 1932/1990/1932
f 3240/2319/3240 3226/2290/3226 3235/2320/3235
f 3261/3516/3261 3250/3517/3250 3260/3518/3260
f 3215/2241/3215 3244/3519/3244 3264/3520/3264
f 3265/3521/3265 3215/2241/3215 3264/3520/3264
f 3267/3522/3267 3198/2236/3198 3196/3419/3196
f 3205/3463/3205 3269/3523/3269 3255/3524/3255
f 3214/3525/3214 3265/3521/3265 3270/3526/3270
f 3271/3527/3271 3214/3525/3214 3192/3528/3192
f 3251/3529/3251 3239/3530/3239 3236/2315/3236
f 3222/3531/3222 3266/3532/3266 3272/3533/3272
f 3232/2318/3232 3234/2322/3234 3233/2321/3233
f 3216/2243/3216 3243/3534/3243 3244/3519/3244
f 3196/3419/3196 3268/3535/3268 3267/3522/3267
f 3244/3519/3244 3254/3536/3254 3255/3524/3255
f 3238/2316/3238 3247/2950/3247 3246/2949/3246
f 3264/3520/3264 3255/3524/3255 3269/3523/3269
f 3253/3537/3253 3216/2243/3216 3217/2242/3217
f 3211/2238/3211 3221/2265/3221 3265/3521/3265
f 3257/3538/3257 3218/2266/3218 3256/3539/3256
f 3258/3540/3258 3272/3533/3272 3259/3541/3259
f 3274/3542/3274 3280/3543/3280 3273/3544/3273
f 3228/3545/3228 3262/3546/3262 3263/3547/3263
f 3275/3548/3275 3281/3549/3281 3280/3543/3280
f 3226/2290/3226 3273/3544/3273 3280/3543/3280
f 3236/2315/3236 3260/3518/3260 3251/3529/3251
f 3281/3549/3281 3236/2315/3236 3237/2317/3237
f 3287/1578/3287 3192/3528/3192 3189/3550/3189
f 3235/2320/3235 3280/3543/3280 3234/2322/3234
f 3234/2322/3234 3281/3549/3281 3237/2317/3237
f 3288/3551/3288 3259/3541/3259 3272/3533/3272
f 3260/3518/3260 3276/3552/3276 3251/3529/3251
f 3289/3553/3289 3278/3554/3278 3284/3555/3284
f 3210/3556/3210 3224/2940/3224 3283/3557/3283
f 3199/2237/3199 3201/3558/3201 3200/2235/3200
f 3228/3545/3228 3230/3559/3230 3229/3560/3229
f 3290/3561/3290 3285/3562/3285 3286/3563/3286
f 3282/1580/3282 3271/3527/3271 3287/1578/3287
f 3260/3518/3260 3262/3546/3262 3261/3516/3261
f 3243/3534/3243 3268/3535/3268 3254/3536/3254
f 3267/3522/3267 3241/3497/3241 3232/2318/3232
f 3194/2234/3194 3208/3564/3208 3193/2232/3193
f 3191/3565/3191 3269/3523/3269 3206/3566/3206
f 3270/3526/3270 3192/3528/3192 3214/3525/3214
f 3275/3548/3275 3230/3559/3230 3231/3567/3231
f 3264/3520/3264 3270/3526/3270 3265/3521/3265
f 3252/3568/3252 3276/3552/3276 3291/3569/3291
f 3248/3570/3248 3291/3569/3291 3223/2939/3223
f 3213/2239/3213 3279/3571/3279 3277/3572/3277
f 3272/3533/3272 3289/3553/3289 3288/3551/3288
f 3277/3572/3277 3212/2240/3212 3213/2239/3213
f 3228/3545/3228 3281/3549/3281 3231/3567/3231
f 3220/3573/3220 3253/3537/3253 3219/3574/3219
f 3219/3574/3219 3217/2242/3217 3257/3538/3257
f 3256/3539/3256 3222/3531/3222 3258/3540/3258
f 3247/2950/3247 3252/3568/3252 3248/3570/3248
f 3245/2332/3245 3232/2318/3232 3233/2321/3233
f 3266/3532/3266 3212/2240/3212 3289/3553/3289
f 3208/3564/3208 3255/3524/3255 3254/3536/3254
f 3288/3551/3288 3284/3555/3284 3285/3562/3285
f 3204/3464/3204 3208/3564/3208 3207/3575/3207
f 560/2229/560 3187/3576/3187 559/1455/559
f 3209/2938/3209 3201/3558/3201 3202/2948/3202
f 3189/3550/3189 3191/3565/3191 3190/3577/3190
f 448/1848/448 807/450/807 447/325/447
f 647/367/647 122/980/122 270/162/270
f 1833/1679/1833 1780/1747/1780 1832/1711/1832
f 510/985/510 508/1360/508 507/1359/507
f 3210/3556/3210 1887/3468/1887 3201/3558/3201
f 1887/3468/1887 3200/2235/3200 3201/3558/3201
f 15/8/15 3197/3420/3197 3200/2235/3200
f 16/2228/16 3195/2233/3195 3197/3420/3197
f 3195/2233/3195 3187/3576/3187 3194/2234/3194
f 3194/2234/3194 1899/3128/1899 3207/3575/3207
f 3207/3575/3207 375/3578/375 3204/3464/3204
f 387/227/387 126/85/126 127/99/127
f 3189/3550/3189 1760/2207/1760 3287/1578/3287
f 3577/3579/3577 757/406/757 758/1497/758
f 763/2211/763 2172/2106/2172 2175/3580/2175
f 3583/3581/3583 3580/3582/3580 3581/3583/3581
f 3581/3583/3581 3579/3584/3579 3578/1774/3578
f 3594/3585/3594 3596/3586/3596 3595/3587/3595
f 3400/3588/3400 3602/3589/3602 3401/3590/3401
f 3626/3591/3626 3625/3592/3625 3627/3593/3627
f 3631/3594/3631 3599/3595/3599 3601/3596/3601
f 3636/3597/3636 3595/3587/3595 3596/3586/3596
f 3647/3598/3647 3588/3599/3588 3645/3600/3645
f 3650/3601/3650 3584/3602/3584 3647/3598/3647
f 3653/3603/3653 3580/3582/3580 3651/3604/3651
f 3653/3603/3653 3654/1775/3654 3579/3584/3579
f 1801/1633/1801 3656/3605/3656 3655/3512/3655
f 3651/3604/3651 3582/3606/3582 3650/3601/3650
f 3644/3607/3644 3595/3587/3595 3637/3608/3637
f 1767/806/1767 3659/3609/3659 3660/807/3660
f 1597/1397/1597 3661/2103/3661 1600/1395/1600
f 1708/1524/1708 3665/3143/3665 3664/2256/3664
f 3671/2258/3671 3667/3610/3667 3666/3611/3666
f 3666/3611/3666 3673/3612/3673 3672/3613/3672
f 1588/1526/1588 3664/2256/3664 1587/1388/1587
f 2080/2338/2080 3666/3611/3666 2082/2006/2082
f 2082/2006/2082 3672/3613/3672 2084/1997/2084
f 3674/3614/3674 3635/3615/3635 3631/3594/3631
f 3677/3616/3677 3636/3597/3636 3635/3615/3635
f 3682/3617/3682 3645/3600/3645 3681/3618/3681
f 3692/3619/3692 3650/3601/3650 3686/3620/3686
f 3681/3618/3681 3644/3607/3644 3680/3621/3680
f 786/1499/786 3692/3619/3692 785/1500/785
f 3694/3622/3694 3651/3604/3651 3692/3619/3692
f 785/1500/785 3686/3620/3686 497/3623/497
f 497/3623/497 3682/3617/3682 650/372/650
f 650/372/650 3681/3618/3681 564/370/564
f 3696/3624/3696 3681/3618/3681 3680/3621/3680
f 3405/3625/3405 3605/3513/3605 3402/3626/3402
f 3702/3627/3702 3678/3628/3678 3677/3616/3677
f 3699/3629/3699 3679/3630/3679 3678/3628/3678
f 3645/3600/3645 3638/3631/3638 3644/3607/3644
f 1799/1635/1799 3659/3609/3659 1768/1596/1768
f 3708/3632/3708 3458/3633/3458 3460/3634/3460
f 3462/3635/3462 3708/3632/3708 3460/3634/3460
f 3714/577/3714 564/370/564 3696/3624/3696
f 3615/3636/3615 3602/3589/3602 3600/3637/3600
f 3710/3638/3710 3696/3624/3696 3698/3639/3698
f 3635/3615/3635 3596/3586/3596 3599/3595/3599
f 3629/3640/3629 3627/3593/3627 3630/3641/3630
f 3597/3642/3597 3599/3595/3599 3596/3586/3596
f 3630/3641/3630 3715/3643/3715 3629/3640/3629
f 3627/3593/3627 3597/3642/3597 3594/3585/3594
f 3717/3644/3717 3723/3645/3723 3718/3646/3718
f 3715/3643/3715 3660/807/3660 3629/3640/3629
f 3716/3647/3716 3725/2102/3725 3715/3643/3715
f 3668/2257/3668 3661/2103/3661 3725/2102/3725
f 3668/2257/3668 3717/3644/3717 3667/3610/3667
f 3667/3610/3667 3718/3646/3718 3673/3612/3673
f 3727/3648/3727 3673/3612/3673 3718/3646/3718
f 3728/3649/3728 3672/3613/3672 3673/3612/3673
f 3726/3650/3726 3718/3646/3718 3723/3645/3723
f 1576/2019/1576 2084/1997/2084 3672/3613/3672
f 3727/3648/3727 3731/3651/3731 3729/3652/3729
f 3203/3462/3203 1387/719/1387 3190/3577/3190
f 3190/3577/3190 1791/2206/1791 3189/3550/3189
f 3283/3557/3283 1949/2204/1949 3210/3556/3210
f 317/183/317 259/151/259 391/230/391
f 2000/1868/2000 3653/3603/3653 3694/3622/3694
f 3601/3596/3601 3600/3637/3600 3602/3589/3602
f 3589/3653/3589 3584/3602/3584 3585/3654/3585
f 3577/3579/3577 756/426/756 2170/2107/2170
f 3585/3654/3585 3582/3606/3582 3583/3581/3583
f 3678/3628/3678 3637/3608/3637 3636/3597/3636
f 3204/3464/3204 376/718/376 3203/3462/3203
f 1801/1633/1801 3657/3655/3657 1799/1635/1799
f 3729/3652/3729 3728/3649/3728 3727/3648/3727
f 1575/1378/1575 3738/3656/3738 1088/1379/1088
f 3735/3657/3735 1576/2019/1576 3728/3649/3728
f 1776/1630/1776 1796/1637/1796 1775/1608/1775
f 1293/661/1293 1290/649/1290 1284/1792/1284
f 1326/2200/1326 1327/1729/1327 12/2025/12
f 1294/657/1294 1234/619/1234 1290/649/1290
f 878/626/878 1330/648/1330 1337/652/1337
f 497/3623/497 374/2231/374 498/2230/498
f 122/980/122 413/240/413 121/2834/121
f 3699/3629/3699 3704/3658/3704 3708/3632/3708
f 3606/3659/3606 3401/3590/3401 3602/3589/3602
f 3708/3632/3708 3698/3639/3698 3699/3629/3699
f 3464/575/3464 3710/3638/3710 3462/3635/3462
f 3704/3658/3704 3443/3660/3443 3458/3633/3458
f 439/271/439 399/1352/399 438/269/438
f 1512/1053/1512 1526/1098/1526 1511/1054/1511
f 1668/1475/1668 1738/1567/1738 1671/1474/1671
f 839/3661/839 1362/2226/1362 838/685/838
f 1362/2226/1362 826/678/826 1012/521/1012
f 3843/1428/3843 1896/1589/1896 3815/1967/3815
f 2053/2009/2053 2118/885/2118 2117/887/2117
f 3888/2118/3888 2120/2085/2120 2119/2059/2119
f 696/1234/696 3816/3662/3816 3831/877/3831
f 1826/2773/1826 639/1453/639 640/1452/640
f 3740/3663/3740 3729/3652/3729 3731/3651/3731
f 956/3185/956 886/485/886 960/3494/960
f 1980/1838/1980 1922/3460/1922 807/450/807
f 33/18/33 105/111/105 164/110/164
f 1343/659/1343 3856/666/3856 3857/662/3857
f 3907/2069/3907 2128/2073/2128 3902/2084/3902
f 1766/1597/1766 1582/1382/1582 1594/1385/1594
f 14/9/14 2163/2197/2163 738/1807/738
f 595/354/595 99/1067/99 594/355/594
f 3233/2321/3233 3246/2949/3246 3245/2332/3245
f 1346/664/1346 1044/535/1044 1352/878/1352
f 748/1906/748 1425/800/1425 747/799/747
f 3193/2232/3193 3254/3536/3254 3268/3535/3268
f 3190/3577/3190 3206/3566/3206 3203/3462/3203
f 3612/3514/3612 3606/3659/3606 3615/3636/3615
f 3624/3664/3624 3615/3636/3615 3625/3592/3625
f 3631/3594/3631 3443/3660/3443 3674/3614/3674
f 3679/3630/3679 3644/3607/3644 3637/3608/3637
f 3686/3620/3686 3647/3598/3647 3682/3617/3682
f 3702/3627/3702 3674/3614/3674 3704/3658/3704
f 3625/3592/3625 3600/3637/3600 3597/3642/3597
f 3601/3596/3601 3415/3665/3415 3631/3594/3631
f 3739/3666/3739 3735/3657/3735 3729/3652/3729
f 3630/3641/3630 3594/3585/3594 3741/3667/3741
f 3741/3667/3741 3716/3647/3716 3630/3641/3630
f 1284/1792/1284 1288/651/1288 1285/1968/1285
f 3698/3639/3698 3680/3621/3680 3679/3630/3679
f 1778/1616/1778 1780/1747/1780 1779/1675/1779
f 1792/2099/1792 1584/1631/1584 1789/1621/1789
f 695/2132/695 571/346/571 694/612/694
f 3638/3631/3638 3594/3585/3594 3595/3587/3595
f 3741/3667/3741 3588/3599/3588 3589/3653/3589
f 3247/2950/3247 3209/2938/3209 3202/2948/3202
f 3292/3668/3292 3294/3669/3294 3295/3670/3295
f 3296/3671/3296 3298/3672/3298 3299/3673/3299
f 3299/3673/3299 3300/3674/3300 3301/3675/3301
f 3302/3676/3302 3304/3677/3304 3305/3678/3305
f 3306/3679/3306 3308/3680/3308 3309/3681/3309
f 3307/3682/3307 3311/3683/3311 3308/3680/3308
f 3303/3684/3303 3301/3675/3301 3300/3674/3300
f 3312/3685/3312 3304/3677/3304 3313/3686/3313
f 3314/3687/3314 3316/3688/3316 3317/3689/3317
f 3318/3690/3318 3320/3691/3320 3321/3692/3321
f 3324/3693/3324 3321/3692/3321 3325/3694/3325
f 3326/3695/3326 3328/3696/3328 3323/3697/3323
f 3329/3698/3329 3331/3699/3331 3332/3700/3332
f 3333/3701/3333 3335/3702/3335 3336/3703/3336
f 3337/3704/3337 3339/3705/3339 3340/3706/3340
f 3333/3701/3333 3341/3707/3341 3342/3708/3342
f 3342/3708/3342 3343/3709/3343 3344/3710/3344
f 3319/3711/3319 3344/3710/3344 3343/3709/3343
f 3338/3712/3338 3334/3713/3334 3339/3705/3339
f 3346/3714/3346 3302/3676/3302 3347/3715/3347
f 3305/3678/3305 3347/3715/3347 3302/3676/3302
f 3312/3685/3312 3223/3716/3223 3349/3717/3349
f 3350/3718/3350 3340/3706/3340 3351/3719/3351
f 3312/3685/3312 3348/3720/3348 3305/3678/3305
f 3352/3721/3352 3341/3707/3341 3326/3695/3326
f 3311/3683/3311 3354/3722/3354 3308/3680/3308
f 3341/3707/3341 3327/3723/3327 3326/3695/3326
f 3359/3724/3359 3361/3725/3361 3362/3726/3362
f 3360/3727/3360 3250/3728/3250 3249/3729/3249
f 3318/3690/3318 3345/3730/3345 3319/3711/3319
f 3364/3731/3364 3318/3690/3318 3324/3693/3324
f 3314/3687/3314 3324/3693/3324 3365/3732/3365
f 3366/3733/3366 3301/3675/3301 3346/3714/3346
f 3299/3673/3299 3367/3734/3367 3296/3671/3296
f 3308/3680/3308 3368/3735/3368 3309/3681/3309
f 3369/3736/3369 3295/3670/3295 3294/3669/3294
f 3317/3689/3317 3364/3731/3364 3314/3687/3314
f 3370/3737/3370 3317/3689/3317 3316/3688/3316
f 3325/3694/3325 3365/3732/3365 3324/3693/3324
f 3352/3721/3352 3319/3711/3319 3343/3709/3343
f 3296/3671/3296 3353/3738/3353 3311/3683/3311
f 3297/3739/3297 3311/3683/3311 3310/3740/3310
f 3363/3741/3363 3354/3722/3354 3345/3730/3345
f 3345/3730/3345 3353/3738/3353 3344/3710/3344
f 3344/3710/3344 3367/3734/3367 3342/3708/3342
f 3366/3733/3366 3342/3708/3342 3367/3734/3367
f 3347/3715/3347 3334/3713/3334 3346/3714/3346
f 3339/3705/3339 3348/3720/3348 3340/3706/3340
f 3348/3720/3348 3351/3719/3351 3340/3706/3340
f 3363/3741/3363 3369/3736/3369 3368/3735/3368
f 3294/3669/3294 3368/3735/3368 3369/3736/3369
f 3293/3742/3293 3309/3681/3309 3294/3669/3294
f 3331/3699/3331 3374/3743/3374 3332/3700/3332
f 3346/3714/3346 3333/3701/3333 3366/3733/3366
f 3323/3697/3323 3352/3721/3352 3326/3695/3326
f 3356/3744/3356 3321/3692/3321 3320/3691/3320
f 3355/3745/3355 3325/3694/3325 3321/3692/3321
f 3357/3746/3357 3371/3747/3371 3325/3694/3325
f 3322/3748/3322 3320/3691/3320 3352/3721/3352
f 3361/3725/3361 3329/3698/3329 3362/3726/3362
f 3373/3749/3373 3375/3750/3375 3374/3743/3374
f 3374/3743/3374 3376/3751/3376 3332/3700/3332
f 3329/3698/3329 3376/3751/3376 3362/3726/3362
f 3327/3723/3327 3372/3752/3372 3328/3696/3328
f 3336/3703/3336 3375/3750/3375 3327/3723/3327
f 3335/3702/3335 3376/3751/3376 3375/3750/3375
f 3376/3751/3376 3337/3704/3337 3362/3726/3362
f 3337/3704/3337 3359/3724/3359 3362/3726/3362
f 3359/3724/3359 3276/3753/3276 3250/3728/3250
f 3377/3754/3377 3295/3670/3295 3370/3737/3370
f 3277/3572/3277 3315/3755/3315 3278/3554/3278
f 3371/3747/3371 3379/3756/3379 3365/3732/3365
f 3378/3757/3378 3358/3758/3358 3380/3759/3380
f 3365/3732/3365 3315/3755/3315 3314/3687/3314
f 3316/3688/3316 3279/3571/3279 3370/3737/3370
f 3282/1580/3282 3370/3737/3370 3279/3571/3279
f 3313/3686/3313 3224/3760/3224 3312/3685/3312
f 3378/3757/3378 3284/3555/3284 3379/3756/3379
f 3380/3759/3380 3285/3562/3285 3378/3757/3378
f 3379/3756/3379 3278/3554/3278 3315/3755/3315
f 3276/3753/3276 3351/3719/3351 3291/3761/3291
f 3291/3761/3291 3349/3717/3349 3223/3716/3223
f 3313/3686/3313 2965/3170/2965 3013/3229/3013
f 2965/3170/2965 3303/3684/3303 222/307/222
f 222/307/222 3300/3674/3300 223/308/223
f 223/308/223 3298/3672/3298 3186/3510/3186
f 3298/3672/3298 3185/3509/3185 3186/3510/3186
f 3297/3739/3297 2977/3189/2977 3185/3509/3185
f 3310/3740/3310 1213/1242/1213 2977/3189/2977
f 3307/3682/3307 1214/1243/1214 1213/1242/1213
f 2532/3080/2532 3306/3679/3306 3293/3742/3293
f 2894/3081/2894 3293/3742/3293 3292/3668/3292
f 2871/3762/2871 3292/3668/3292 3377/3754/3377
f 3253/3537/3253 3240/2319/3240 3242/3498/3242
f 3283/3763/3283 3013/3229/3013 2152/3496/2152
f 1997/1865/1997 1889/1739/1889 1892/2003/1892
f 1237/1257/1237 744/838/744 855/914/855
f 1535/1782/1535 120/1816/120 121/2834/121
f 1531/1119/1531 201/137/201 214/136/214
f 1119/1151/1119 1032/1066/1032 984/1022/984
f 946/478/946 824/489/824 947/488/947
f 163/213/163 5/6/5 162/2842/162
f 3589/3653/3589 3723/3645/3723 3741/3667/3741
f 1155/573/1155 1162/581/1162 1164/582/1164
f 427/280/427 327/1304/327 424/457/424
f 553/1454/553 796/1498/796 498/2230/498
f 3381/3764/3381 2231/2303/2231 2237/2305/2237
f 3381/3764/3381 2230/2301/2230 2232/2300/2232
f 2237/2305/2237 3180/3765/3180 3381/3764/3381
f 3383/3766/3383 3385/3767/3385 3382/3768/3382
f 3384/3769/3384 3387/3770/3387 3385/3767/3385
f 3386/3771/3386 3389/3772/3389 3387/3770/3387
f 3388/3773/3388 3391/3774/3391 3389/3772/3389
f 3392/3775/3392 3394/3776/3394 3395/3777/3395
f 3395/3777/3395 3396/3778/3396 3397/3779/3397
f 3398/3780/3398 3397/3779/3397 3396/3778/3396
f 3400/3588/3400 3399/3781/3399 3398/3780/3398
f 3403/3782/3403 3405/3625/3405 3402/3626/3402
f 3406/3783/3406 3404/3784/3404 3403/3782/3403
f 3408/3785/3408 3407/3786/3407 3406/3783/3406
f 3410/3787/3410 3409/3788/3409 3408/3785/3408
f 3412/3789/3412 3411/3790/3411 3410/3787/3410
f 3415/3665/3415 3398/3780/3398 3414/3791/3414
f 3414/3791/3414 3396/3778/3396 3416/3792/3416
f 3416/3792/3416 3394/3776/3394 3417/3793/3417
f 3417/3793/3417 3393/3794/3393 3418/3795/3418
f 3393/3794/3393 3420/3796/3420 3418/3795/3418
f 3419/3797/3419 3421/3798/3421 3420/3796/3420
f 3390/3799/3390 3422/3800/3422 3421/3798/3421
f 3388/3773/3388 3423/3801/3423 3422/3800/3422
f 3386/3771/3386 3424/3802/3424 3423/3801/3423
f 3384/3769/3384 3425/3803/3425 3424/3802/3424
f 3425/3803/3425 3426/3804/3426 3184/3506/3184
f 2904/3094/2904 3428/3805/3428 2947/3152/2947
f 3429/3806/3429 2904/3094/2904 2902/3807/2902
f 3430/3808/3430 2902/3807/2902 2876/3064/2876
f 2875/3066/2875 3430/3808/3430 2876/3064/2876
f 3432/3809/3432 2733/2909/2733 2736/2908/2736
f 2825/3009/2825 3435/3810/3435 2824/3006/2824
f 3437/3811/3437 3439/3812/3439 3436/3813/3436
f 3441/3814/3441 3436/3813/3436 3440/3815/3440
f 2724/2898/2724 3434/3816/3434 2825/3009/2825
f 3436/3813/3436 3115/3364/3115 3117/3367/3117
f 3440/3815/3440 3117/3367/3117 3119/3369/3119
f 3443/3660/3443 3414/3791/3414 3442/3817/3442
f 3442/3817/3442 3416/3792/3416 3444/3818/3444
f 3444/3818/3444 3417/3793/3417 3445/3819/3445
f 3445/3819/3445 3418/3795/3418 3446/3820/3446
f 3446/3820/3446 3420/3796/3420 3447/3821/3447
f 3420/3796/3420 3448/3822/3448 3447/3821/3447
f 3421/3798/3421 3449/3823/3449 3448/3822/3448
f 3422/3800/3422 3450/3824/3450 3449/3823/3449
f 3423/3801/3423 3451/3825/3451 3450/3824/3450
f 3424/3802/3424 3452/3826/3452 3451/3825/3451
f 3425/3803/3425 3056/3277/3056 3452/3826/3452
f 3451/3825/3451 2253/2334/2253 2252/2336/2252
f 3450/3824/3450 2252/2336/2252 1727/1790/1727
f 3449/3823/3449 1727/1790/1727 2150/2273/2150
f 3448/3822/3448 2150/2273/2150 1941/2194/1941
f 3453/3827/3453 3448/3822/3448 1941/2194/1941
f 3454/3828/3454 3447/3821/3447 3453/3827/3453
f 3455/3829/3455 3446/3820/3446 3454/3828/3454
f 3456/3830/3456 3445/3819/3445 3455/3829/3455
f 3442/3817/3442 3456/3830/3456 3457/3831/3457
f 3443/3660/3443 3457/3831/3457 3458/3633/3458
f 3459/3832/3459 3458/3633/3458 3457/3831/3457
f 3457/3831/3457 3455/3829/3455 3459/3832/3459
f 3459/3832/3459 3454/3828/3454 3461/3833/3461
f 3462/3635/3462 3459/3832/3459 3461/3833/3461
f 3461/3833/3461 3453/3827/3453 3463/3834/3463
f 3464/575/3464 3461/3833/3461 3463/3834/3463
f 3463/3834/3463 1941/2194/1941 1360/2001/1360
f 3404/3784/3404 3401/3590/3401 3405/3625/3405
f 3407/3786/3407 3399/3781/3399 3404/3784/3404
f 3409/3788/3409 3397/3779/3397 3407/3786/3407
f 3411/3790/3411 3395/3777/3395 3409/3788/3409
f 3465/3835/3465 3413/3836/3413 3412/3789/3412
f 3467/3837/3467 3469/3838/3469 3466/3839/3466
f 3465/3835/3465 3431/3840/3431 3433/3841/3433
f 3470/3842/3470 3466/3839/3466 3465/3835/3465
f 3438/3843/3438 3432/3809/3432 3435/3810/3435
f 3467/3837/3467 3438/3843/3438 3437/3811/3437
f 3468/3844/3468 3437/3811/3437 3441/3814/3441
f 3471/3845/3471 3468/3844/3468 3472/3846/3472
f 3472/3846/3472 3441/3814/3441 3473/3847/3473
f 3473/3847/3473 3440/3815/3440 2712/3848/2712
f 2712/3848/2712 3119/3369/3119 3128/3379/3128
f 3475/3849/3475 3472/3846/3472 3474/3850/3474
f 3474/3850/3474 3473/3847/3473 3476/3851/3476
f 3476/3851/3476 2712/3848/2712 2711/2888/2711
f 3477/3852/3477 2711/2888/2711 2400/2478/2400
f 3478/3853/3478 3476/3851/3476 3477/3852/3477
f 3479/3854/3479 3474/3850/3474 3478/3853/3478
f 3392/3775/3392 3413/3836/3413 3480/3855/3480
f 3466/3839/3466 3480/3855/3480 3413/3836/3413
f 3419/3797/3419 3392/3775/3392 3480/3855/3480
f 3390/3799/3390 3480/3855/3480 3391/3774/3391
f 3469/3838/3469 3391/3774/3391 3480/3855/3480
f 3389/3772/3389 3471/3845/3471 3475/3849/3475
f 3387/3770/3387 3475/3849/3475 3479/3854/3479
f 3385/3767/3385 3479/3854/3479 3481/3856/3481
f 3482/3857/3482 2400/2478/2400 2402/2477/2402
f 3483/3858/3483 3477/3852/3477 3482/3857/3482
f 3481/3856/3481 3478/3853/3478 3483/3858/3483
f 3484/3859/3484 2402/2477/2402 2707/2884/2707
f 3058/3279/3058 2707/2884/2707 2708/2887/2708
f 3061/3281/3061 3484/3859/3484 3058/3279/3058
f 3485/3860/3485 3482/3857/3482 3484/3859/3484
f 3382/3768/3382 3481/3856/3481 3486/3861/3486
f 3486/3861/3486 3483/3858/3483 3485/3860/3485
f 3426/3804/3426 3382/3768/3382 3487/3862/3487
f 3487/3862/3487 3486/3861/3486 1962/2034/1962
f 3486/3861/3486 3061/3281/3061 1962/2034/1962
f 1961/2036/1961 3487/3862/3487 1962/2034/1962
f 3057/3507/3057 3426/3804/3426 3487/3862/3487
f 3428/3805/3428 3402/3626/3402 3488/3863/3488
f 3427/3864/3427 3403/3782/3403 3428/3805/3428
f 3429/3806/3429 3406/3783/3406 3427/3864/3427
f 3430/3808/3430 3408/3785/3408 3429/3806/3429
f 3431/3840/3431 3410/3787/3410 3430/3808/3430
f 3470/3842/3470 3433/3841/3433 3432/3809/3432
f 3434/3816/3434 3438/3843/3438 3435/3810/3435
f 2723/2897/2723 3439/3812/3439 3434/3816/3434
f 2875/3066/2875 3433/3841/3433 3431/3840/3431
f 2736/2908/2736 3435/3810/3435 3432/3809/3432
f 2947/3152/2947 3488/3863/3488 3500/949/3500
f 3464/575/3464 1360/2001/1360 3497/1438/3497
f 1900/1742/1900 1924/1781/1924 1901/1741/1901
f 1736/1561/1736 1718/1841/1718 1750/1591/1750
f 1955/3488/1955 1943/3865/1943 1956/1911/1956
f 1671/1474/1671 1735/1560/1735 1751/1592/1751
f 1696/1506/1696 1698/1516/1698 1692/1505/1692
f 1800/1634/1800 1864/950/1864 1801/1633/1801
f 2063/1957/2063 2056/1947/2056 2060/2882/2060
f 1737/1568/1737 1717/1559/1717 1736/1561/1736
f 1751/1592/1751 1697/1562/1697 1695/1504/1695
f 943/2088/943 3899/1394/3899 684/369/684
f 3656/3605/3656 3402/3626/3402 3605/3513/3605
f 1577/1531/1577 1764/1605/1764 1703/1510/1703
f 3917/1606/3917 1599/1525/1599 3923/1511/3923
f 1945/3866/1945 82/61/82 1944/1912/1944
f 68/49/68 7/2726/7 248/385/248
f 147/97/147 1543/1189/1543 148/96/148
f 1109/544/1109 1133/558/1133 1102/542/1102
f 1503/2788/1503 1907/1832/1907 1908/1813/1908
f 1499/1010/1499 1909/1814/1909 1498/1223/1498
f 452/274/452 735/399/735 215/2820/215
f 1824/1670/1824 3835/3867/3835 3845/2090/3845
f 1825/1671/1825 2068/2718/2068 1824/1670/1824
f 1463/3868/1463 1022/532/1022 1194/594/1194
f 841/686/841 1009/522/1009 1011/523/1011
f 1568/1783/1568 1955/3488/1955 1534/1784/1534
f 1926/1767/1926 1927/1773/1927 1923/628/1923
f 1910/1831/1910 1502/2763/1502 1939/3869/1939
f 1939/3869/1939 422/256/422 442/487/442
f 309/1031/309 1940/1787/1940 308/185/308
f 1804/1638/1804 1866/3870/1866 1803/1708/1803
f 269/163/269 1954/1799/1954 56/161/56
f 2065/1969/2065 2060/2882/2060 2056/1947/2056
f 3812/3465/3812 1758/3871/1758 3835/3867/3835
f 280/167/280 552/1276/552 1940/1787/1940
f 1875/2146/1875 1869/1714/1869 1874/1715/1874
f 1739/1582/1739 1734/1558/1734 1737/1568/1737
f 1778/1616/1778 1790/1678/1790 1788/1622/1788
f 310/184/310 1915/1757/1915 279/1030/279
f 1909/1814/1909 1906/1749/1906 1954/1799/1954
f 1789/1621/1789 1778/1616/1778 1788/1622/1788
f 978/509/978 980/1401/980 979/733/979
f 1584/1631/1584 1731/1549/1731 1583/1381/1583
f 425/1057/425 311/1436/311 312/178/312
f 148/96/148 115/80/115 116/109/116
f 2044/1720/2044 3894/2017/3894 2046/2133/2046
f 277/242/277 1939/3869/1939 551/1277/551
f 1943/3865/1943 1945/3866/1945 1944/1912/1944
f 1461/936/1461 1463/3868/1463 1464/947/1464
f 2253/2334/2253 3056/3277/3056 3055/3278/3055
f 2981/3197/2981 3489/3872/3489 958/999/958
f 2209/2275/2209 3489/3872/3489 3055/3278/3055
f 2254/3196/2254 3055/3278/3055 3489/3872/3489
f 2998/3216/2998 958/999/958 3489/3872/3489
f 2826/3010/2826 2721/2896/2721 2724/2898/2724
f 3490/3873/3490 2721/2896/2721 2817/3874/2817
f 2816/2997/2816 3490/3873/3490 2817/3874/2817
f 2334/3875/2334 2296/2383/2296 2335/2418/2335
f 2298/2388/2298 2334/3875/2334 2336/2419/2336
f 2301/2396/2301 2336/2419/2336 2338/2421/2338
f 2311/2398/2311 2338/2421/2338 2354/2437/2354
f 2312/2397/2312 2354/2437/2354 2355/2438/2355
f 2359/2443/2359 2361/2448/2361 2360/2444/2360
f 2335/2418/2335 2359/2443/2359 2360/2444/2360
f 2414/3876/2414 2365/2447/2365 2364/2446/2364
f 2413/2486/2413 2361/2448/2361 2365/2447/2365
f 2355/2438/2355 2540/2631/2540 2541/2632/2541
f 2541/2632/2541 2539/2630/2539 2542/2633/2542
f 2722/3365/2722 2739/3877/2739 2738/2910/2738
f 3114/3366/3114 2738/2910/2738 3113/3363/3113
f 3110/3359/3110 3121/3372/3121 3120/3371/3120
f 3108/3357/3108 3120/3371/3120 3113/3363/3113
f 3122/3373/3122 3127/3377/3127 3126/3376/3126
f 3112/3362/3112 3126/3376/3126 3121/3372/3121
f 3127/3377/3127 1753/1803/1753 3135/3389/3135
f 3139/3878/3139 2529/2619/2529 2542/2633/2542
f 3744/3396/3744 3133/3386/3133 3139/3878/3139
f 3490/3873/3490 2740/2911/2740 2739/3877/2739
f 3491/3879/3491 2789/2968/2789 3490/3873/3490
f 228/144/228 91/2877/91 88/65/88
f 245/1786/245 243/340/243 242/440/242
f 248/385/248 247/339/247 191/338/191
f 2/2/2 296/1187/296 295/1840/295
f 145/1011/145 300/2000/300 267/159/267
f 327/1304/327 210/134/210 328/394/328
f 329/332/329 331/1091/331 330/1095/330
f 250/142/250 228/144/228 236/341/236
f 239/1191/239 240/190/240 230/314/230
f 373/2850/373 375/3578/375 374/2231/374
f 178/2199/178 176/177/176 175/176/175
f 1218/606/1218 1228/623/1228 1321/642/1321
f 3862/640/3862 1295/667/1295 3854/1793/3854
f 808/445/808 824/489/824 823/447/823
f 3858/923/3858 1013/550/1013 1014/549/1014
f 3813/782/3813 1411/761/1411 1413/779/1413
f 2154/2149/2154 2159/2156/2159 2160/2162/2160
f 3845/2090/3845 1758/3871/1758 1757/991/1757
f 306/449/306 1922/3460/1922 452/274/452
f 2157/2150/2157 1976/3511/1976 1977/1836/1977
f 708/2182/708 2031/1913/2031 1474/1914/1474
f 1450/2169/1450 1227/617/1227 1428/2168/1428
f 1672/1478/1672 1605/1954/1605 1624/1476/1624
f 1813/3880/1813 1821/1667/1821 1816/1651/1816
f 1717/1559/1717 1715/1533/1715 1718/1841/1718
f 176/177/176 402/1493/402 347/1266/347
f 1710/1842/1710 3916/1512/3916 3915/1788/3915
f 1712/1553/1712 1577/1531/1577 1711/1528/1711
f 1705/1744/1705 1711/1528/1711 1704/1530/1704
f 971/501/971 979/733/979 970/503/970
f 822/448/822 1094/552/1094 1102/542/1102
f 2909/3881/2909 2793/2973/2793 2792/2970/2792
f 2810/3882/2810 2795/2981/2795 2793/2973/2793
f 2799/2979/2799 2249/2327/2249 2800/2978/2800
f 3662/3883/3662 2910/3102/2910 2799/2979/2799
f 2769/2988/2769 2801/2982/2801 2795/2981/2795
f 3177/3499/3177 3178/3501/3178 3179/3502/3179
f 3178/3501/3178 3180/3765/3180 3179/3502/3179
f 3181/3503/3181 1393/1472/1393 2800/2978/2800
f 3181/3503/3181 1632/1702/1632 3182/3504/3182
f 3182/3504/3182 2244/2314/2244 3183/3505/3183
f 3183/3505/3183 2243/2313/2243 3180/3765/3180
f 3492/3884/3492 2790/2969/2790 3491/3879/3491
f 2808/3885/2808 3491/3879/3491 2816/2997/2816
f 2239/3886/2239 3572/3887/3572 2240/3888/2240
f 1149/2264/1149 3571/3889/3571 3570/3890/3570
f 1150/1907/1150 3567/3891/3567 3571/3889/3571
f 2202/2277/2202 3566/1336/3566 2015/2263/2015
f 2921/3892/2921 3565/1770/3565 2923/3893/2923
f 3568/3894/3568 2133/2178/2133 2928/3296/2928
f 1777/1607/1777 1759/3895/1759 1792/2099/1792
f 1201/598/1201 1183/588/1183 1184/590/1184
f 3561/1769/3561 2195/2251/2195 2194/3896/2194
f 3553/1460/3553 2770/3897/2770 2768/2951/2768
f 3927/1519/3927 1687/3508/1687 1692/1505/1692
f 1516/1966/1516 154/104/154 503/356/503
f 3549/1590/3549 2974/3312/2974 2803/3412/2803
f 3550/3898/3550 2779/2967/2779 2778/2957/2778
f 2771/3326/2771 3575/3899/3575 3546/3900/3546
f 3070/3298/3070 3546/3900/3546 3558/3901/3558
f 3547/1640/3547 2775/2990/2775 2867/3057/2867
f 1376/714/1376 1370/705/1370 1372/698/1372
f 2767/3486/2767 3556/3129/3556 2206/2269/2206
f 2195/2251/2195 3543/819/3543 2767/3486/2767
f 2775/2990/2775 3542/826/3542 2776/2991/2776
f 3377/3754/3377 3545/1579/3545 2871/3762/2871
f 3804/2983/3804 3539/3902/3539 2806/3903/2806
f 2776/2991/2776 3538/1577/3538 2805/2992/2805
f 2240/3888/2240 3535/3904/3535 2920/3905/2920
f 2920/3905/2920 3669/3906/3669 3619/3907/3619
f 3548/2881/3548 2786/2964/2786 2779/2967/2779
f 1805/1673/1805 1851/959/1851 1804/1638/1804
f 3534/1048/3534 2787/3056/2787 2786/2964/2786
f 2951/3438/2951 3540/3908/3540 3531/3909/3531
f 2772/3325/2772 3531/3909/3531 3575/3899/3575
f 2973/3182/2973 3530/3910/3530 3536/3911/3536
f 2224/3382/2224 3537/3912/3537 3530/3910/3530
f 1957/2870/1957 320/983/320 510/985/510
f 306/449/306 304/1199/304 303/1201/303
f 2770/3897/2770 3528/1171/3528 2913/3105/2913
f 2913/3105/2913 3574/1170/3574 2239/3886/2239
f 2923/3893/2923 3527/2826/3527 2922/3293/2922
f 308/185/308 431/262/431 47/191/47
f 207/131/207 132/90/132 543/1800/543
f 1879/1916/1879 1881/1936/1881 1880/2096/1880
f 3733/3490/3733 3525/1203/3525 2089/2145/2089
f 2475/2556/2475 3558/3901/3558 3524/3913/3524
f 2476/3290/2476 3524/3913/3524 3523/3914/3523
f 2223/2292/2223 3523/3914/3523 3537/3912/3537
f 3522/1159/3522 2803/3412/2803 2802/3408/2802
f 2037/3915/2037 11/2191/11 1950/2024/1950
f 1959/1999/1959 450/272/450 505/634/505
f 2003/2065/2003 3520/2127/3520 2129/2176/2129
f 9/2190/9 334/328/334 540/327/540
f 2009/2072/2009 3518/3916/3518 3567/3891/3567
f 2008/2071/2008 3536/3911/3536 3518/3916/3518
f 3877/1202/3877 673/2296/673 3879/2063/3879
f 3515/1789/3515 2778/2957/2778 2784/2962/2784
f 2935/3917/2935 3513/1695/3513 2936/3136/2936
f 111/3492/111 3570/3890/3570 3511/3493/3511
f 3510/3918/3510 2935/3917/2935 2938/3138/2938
f 683/2797/683 3885/1392/3885 943/2088/943
f 3508/1624/3508 2810/3882/2810 2909/3881/2909
f 736/2821/736 732/2883/732 729/1874/729
f 1795/1629/1795 1803/1708/1803 1796/1637/1796
f 3505/987/3505 2938/3138/2938 2939/3140/2939
f 3507/958/3507 2939/3140/2939 2940/3142/2940
f 2950/3155/2950 3504/3919/3504 2949/3154/2949
f 2940/3142/2940 3504/3919/3504 3507/958/3507
f 3801/3156/3801 3512/1173/3512 2950/3155/2950
f 2868/3920/2868 3502/992/3502 2869/3349/2869
f 2869/3349/2869 3522/1159/3522 2802/3408/2802
f 1024/614/1024 1023/593/1023 1020/531/1020
f 3500/949/3500 2948/3153/2948 2947/3152/2947
f 551/1277/551 442/487/442 443/1275/443
f 2972/3181/2972 3568/3894/3568 2928/3296/2928
f 2032/2097/2032 3499/3921/3499 2972/3181/2972
f 216/138/216 1924/1781/1924 1923/628/1923
f 203/236/203 201/137/201 200/1213/200
f 1828/1677/1828 1847/1694/1847 1837/2119/1837
f 1958/2101/1958 449/273/449 450/272/450
f 272/350/272 178/2199/178 175/176/175
f 2871/3762/2871 3495/1439/3495 1361/1440/1361
f 3619/3907/3619 3564/2811/3564 2921/3892/2921
f 2801/2982/2801 3643/3101/3643 3662/3883/3662
f 2005/2213/2005 3654/1775/3654 2176/2212/2176
f 960/3494/960 899/2835/899 962/491/962
f 3657/3655/3657 3612/3514/3612 3624/3664/3624
f 3780/3922/3780 3646/3424/3646 3151/3426/3151
f 3151/3426/3151 3593/2650/3593 2555/2648/2555
f 2193/2250/2193 3623/2937/3623 2194/3896/2194
f 3607/3409/3607 3145/3411/3145 3144/3923/3144
f 3603/3410/3603 2761/2933/2761 3145/3411/3145
f 3592/3350/3592 3144/3923/3144 3104/3352/3104
f 2926/3126/2926 3634/3351/3634 3103/3353/3103
f 3634/3351/3634 3104/3352/3104 3103/3353/3103
f 3755/3310/3755 3746/3924/3746 3753/2041/3753
f 566/1320/566 3758/1776/3758 2005/2213/2005
f 3488/3863/3488 1864/950/1864 3500/949/3500
f 1602/1399/1602 2079/2005/2079 2078/1984/2078
f 2868/3920/2868 3611/3125/3611 2922/3293/2922
f 2922/3293/2922 3610/3124/3610 2923/3893/2923
f 2923/3893/2923 3618/3116/3618 2921/3892/2921
f 3670/3117/3670 2918/3114/2918 3614/3115/3614
f 3619/3907/3619 3614/3115/3614 2920/3905/2920
f 2921/3892/2921 3670/3117/3670 3619/3907/3619
f 2920/3905/2920 3586/2308/3586 2240/3888/2240
f 3613/3113/3613 2915/3108/2915 2918/3114/2918
f 2917/3121/2917 3622/2947/3622 3641/3111/3641
f 2916/3123/2916 3641/3111/3641 3642/3110/3642
f 2239/3886/2239 3652/3106/3652 2913/3105/2913
f 2911/3925/2911 3652/3106/3652 2757/2930/2757
f 3643/3101/3643 2911/3925/2911 2910/3102/2910
f 2797/2980/2797 3662/3883/3662 3591/2977/3591
f 2797/2980/2797 3598/2927/3598 2750/2975/2750
f 3622/2947/3622 2763/2941/2763 2765/2944/2765
f 3608/2929/3608 2764/3347/2764 2745/2918/2745
f 2194/3896/2194 3648/2935/3648 2221/2291/2221
f 2221/2291/2221 3649/2936/3649 2222/3311/2222
f 2756/2942/2756 3609/2928/3609 2755/2926/2755
f 2750/2975/2750 3609/2928/3609 2747/2920/2747
f 3669/3906/3669 1817/2135/1817 3827/2160/3827
f 3763/2780/3763 1691/3926/1691 1699/1518/1699
f 2515/2601/2515 3590/2649/3590 2548/2639/2548
f 2548/2639/2548 3593/2650/3593 2550/2641/2550
f 2513/2599/2513 3632/2611/3632 3616/2609/3616
f 2513/2599/2513 3621/2610/3621 2515/2601/2515
f 2509/2595/2509 3620/2378/3620 2289/2593/2289
f 2510/2604/2510 3633/2592/3633 2509/2595/2509
f 2289/2593/2289 3639/2371/3639 2283/2376/2283
f 2283/2376/2283 3617/2370/3617 2286/2373/2286
f 2240/3888/2240 3587/2310/3587 2239/3886/2239
f 3659/3609/3659 3624/3664/3624 3626/3591/3626
f 716/377/716 3887/2086/3887 3888/2118/3888
f 727/375/727 3761/2110/3761 1923/628/1923
f 2165/3515/2165 2170/2107/2170 2164/2214/2164
f 3660/807/3660 3626/3591/3626 3629/3640/3629
f 3743/2042/3743 3578/1774/3578 3757/2040/3757
f 2175/3580/2175 769/419/769 770/1901/770
f 2100/630/2100 2095/2007/2095 2099/2011/2099
f 3758/1776/3758 3757/2040/3757 3578/1774/3578
f 640/1452/640 3568/3927/3568 1826/2773/1826
f 1653/1644/1653 3553/1460/3553 1651/1459/1651
f 1895/2270/1895 3530/3928/3530 746/1283/746
f 746/1283/746 3537/3929/3537 741/1282/741
f 1653/1644/1653 3528/1171/3528 3576/3930/3576
f 3762/1609/3762 1604/1398/1604 1672/1478/1672
f 2093/1754/2093 2073/1977/2073 2078/1984/2078
f 959/517/959 995/1751/995 884/462/884
f 962/491/962 919/527/919 986/1594/986
f 1400/749/1400 1398/747/1398 1399/748/1399
f 1000/1750/1000 1127/551/1127 1004/1610/1004
f 956/3185/956 884/462/884 885/463/885
f 1662/1674/1662 3550/3898/3550 1661/1447/1661
f 2034/1915/2034 3546/3931/3546 1654/1586/1654
f 3926/2955/3926 3539/3902/3539 3802/3932/3802
f 3535/3904/3535 766/2136/766 1817/2135/1817
f 3572/3887/3572 765/2091/765 766/2136/766
f 334/328/334 3571/3933/3571 335/326/335
f 1868/1766/1868 3540/1492/3540 1656/1491/1656
f 1684/3934/1684 1652/1508/1652 1678/1015/1678
f 1682/1806/1682 775/423/775 1807/1018/1807
f 1585/1001/1585 3762/1609/3762 1700/1002/1700
f 3763/2780/3763 1672/1478/1672 1673/1477/1673
f 2173/853/2173 490/1457/490 491/424/491
f 1658/825/1658 3547/1640/3547 1752/1593/1752
f 3556/3129/3556 1650/2184/1650 724/2057/724
f 1571/813/1571 2010/2801/2010 1572/1541/1572
f 1587/1388/1587 3671/2258/3671 2080/2338/2080
f 2099/2011/2099 2077/1982/2077 2094/1752/2094
f 787/1780/787 1999/1869/1999 786/1499/786
f 2000/1868/2000 786/1499/786 1999/1869/1999
f 3155/3935/3155 3697/2678/3697 3683/3448/3683
f 3713/3439/3713 3683/3448/3683 3789/3447/3789
f 2180/2218/2180 3685/3936/3685 3684/3434/3684
f 3496/1664/3496 3684/3434/3684 3705/3119/3705
f 1684/3934/1684 3840/1019/3840 1651/1459/1651
f 1760/2207/1760 3495/1439/3495 3545/1579/3545
f 2607/2705/2607 3693/2686/3693 2590/2684/2590
f 2581/2673/2581 3689/2706/3689 2607/2705/2607
f 2371/2458/2371 3700/2585/3700 3695/2687/3695
f 2371/2458/2371 3693/2686/3693 2372/2456/2372
f 2587/3314/2587 3675/2680/3675 2586/3313/2586
f 2586/3313/2586 3697/2678/3697 339/512/339
f 2497/3172/2497 3687/2586/3687 2503/2692/2503
f 2502/2693/2502 3687/2586/3687 3700/2585/3700
f 2494/2576/2494 3690/2578/3690 2495/2577/2495
f 3690/2578/3690 2472/2552/2472 2495/2577/2495
f 3688/2555/3688 2468/2549/2468 2472/2552/2472
f 3701/2548/3701 2469/3937/2469 2468/2549/2468
f 726/397/726 3892/2049/3892 630/395/630
f 581/383/581 3518/3938/3518 580/343/580
f 10/2192/10 3570/3939/3570 334/328/334
f 1837/2119/1837 3510/3918/3510 1849/986/1849
f 741/1282/741 3523/3940/3523 1300/638/1300
f 1299/636/1299 3558/3941/3558 2034/1915/2034
f 1851/959/1851 3504/3919/3504 1866/3870/1866
f 3527/2826/3527 1820/1772/1820 1819/2825/1819
f 580/343/580 3536/3942/3536 1895/2270/1895
f 1758/3871/1758 3522/1159/3522 3502/992/3502
f 1693/1016/1693 3508/1624/3508 1806/861/1806
f 3504/3919/3504 1867/1709/1867 1866/3870/1866
f 1894/1733/1894 3568/3927/3568 3499/2880/3499
f 2126/2259/2126 3813/782/3813 3841/2114/3841
f 3906/2260/3906 3841/2114/3841 3912/2067/3912
f 2113/2039/2113 3867/2045/3867 2110/2038/2110
f 2179/2217/2179 3789/3447/3789 3685/3936/3685
f 624/360/624 3904/2062/3904 623/361/623
f 2192/2248/2192 3788/3427/3788 3780/3922/3780
f 2177/2216/2177 3787/1204/3787 3733/3490/3733
f 1364/2125/1364 3833/681/3833 1338/654/1338
f 3858/923/3858 1470/3943/1470 1453/906/1453
f 3135/3389/3135 3775/3387/3775 3744/3396/3744
f 2069/2055/2069 3835/3867/3835 2068/2718/2068
f 1351/879/1351 3853/671/3853 1352/878/1352
f 2108/3944/2108 3901/1764/3901 499/305/499
f 2089/2145/2089 3736/3442/3736 3733/3490/3733
f 3828/684/3828 1358/683/1358 866/682/866
f 2001/2064/2001 3783/3485/3783 2187/2244/2187
f 2187/2244/2187 3719/3436/3719 2091/3489/2091
f 2130/2276/2130 3752/3482/3752 2004/2066/2004
f 2004/2066/2004 3749/3483/3749 2001/2064/2001
f 2014/2074/2014 3779/3477/3779 2201/2262/2201
f 2201/2262/2201 3756/3478/3756 2130/2276/2130
f 3167/3470/3167 3759/3177/3759 2969/3176/2969
f 3168/3472/3168 3720/3474/3720 3167/3470/3167
f 3159/3454/3159 3764/3456/3764 3160/3457/3160
f 3160/3457/3160 3765/3321/3765 3081/3320/3081
f 3730/3455/3730 3158/3945/3158 337/3449/337
f 3158/3945/3158 3709/3453/3709 3159/3454/3159
f 2200/2254/2200 3730/3455/3730 3722/3445/3722
f 3685/3936/3685 3742/3417/3742 2204/3435/2204
f 3722/3445/3722 2197/2255/2197 2200/2254/2200
f 3790/3443/3790 2092/2144/2092 3721/3437/3721
f 3774/3444/3774 3721/3437/3721 2197/2255/2197
f 3154/3446/3154 3790/3443/3790 3774/3444/3774
f 3155/3935/3155 3706/3441/3706 3154/3446/3154
f 2091/3489/2091 3721/3437/3721 2092/2144/2092
f 2196/2252/2196 3750/3416/3750 3776/3431/3776
f 2193/2250/2193 3776/3431/3776 3781/3430/3781
f 3604/3421/3604 3781/3430/3781 3788/3427/3788
f 2086/3946/2086 3780/3922/3780 3778/3425/3778
f 2087/2141/2087 3778/3425/3778 3777/3422/3777
f 2204/3435/2204 3751/3415/3751 2205/2268/2205
f 2205/2268/2205 3750/3416/3750 3148/3432/3148
f 3909/2181/3909 574/391/574 692/379/692
f 2124/2173/2124 3777/3422/3777 3760/3403/3760
f 2208/2272/2208 3760/3403/3760 3782/3383/3782
f 3711/3390/3711 3140/3399/3140 3137/3392/3137
f 3785/3398/3785 3138/3395/3138 3140/3399/3140
f 3745/3397/3745 3139/3878/3139 3138/3395/3138
f 3771/3394/3771 3136/3393/3136 2322/2406/2322
f 3712/3391/3712 3137/3392/3137 3136/3393/3136
f 3775/3387/3775 3131/3385/3131 3133/3386/3133
f 3767/3384/3767 3132/3400/3132 3131/3385/3131
f 1813/3880/1813 3838/1653/3838 1814/1665/1814
f 1293/661/1293 3856/666/3856 1344/660/1344
f 2184/2220/2184 3748/2405/3748 3732/3324/3732
f 2181/2221/2181 3732/3324/3732 3734/3317/3734
f 3765/3321/3765 3079/3319/3079 3081/3320/3081
f 3768/3318/3768 3080/3323/3080 3079/3319/3079
f 709/1338/709 3875/2129/3875 2031/1913/2031
f 2774/2954/2774 3737/3165/3737 3769/3291/3769
f 3786/3292/3786 2134/2179/2134 3559/3947/3559
f 3809/413/3809 766/2136/766 765/2091/765
f 2968/3174/2968 3766/3164/3766 2959/3163/2959
f 2969/3176/2969 3784/3179/3784 2968/3174/2968
f 2958/3168/2958 3737/3165/3737 2961/3166/2961
f 2132/3433/2132 3766/3164/3766 2960/3180/2960
f 2321/3355/2321 3771/3394/3771 3748/2405/3748
f 3860/849/3860 1449/2113/1449 28/2112/28
f 3905/2157/3905 582/1461/582 710/1383/710
f 3886/2165/3886 577/3099/577 574/391/574
f 3847/1659/3847 1818/1771/1818 3827/2160/3827
f 705/2159/705 3887/2086/3887 2121/2089/2121
f 3816/3662/3816 3907/2069/3907 698/388/698
f 2111/2124/2111 3911/2043/3911 2113/2039/2113
f 3810/781/3810 1366/2126/1366 1411/761/1411
f 1812/1654/1812 3822/1652/3822 1815/1661/1815
f 675/1662/675 3852/2094/3852 674/3187/674
f 3496/1664/3496 3851/2093/3851 675/1662/675
f 2110/2038/2110 3868/2033/3868 2109/2031/2109
f 2104/2026/2104 3901/1764/3901 2106/1763/2106
f 2109/2031/2109 3899/1394/3899 944/1393/944
f 3842/1427/3842 703/390/703 739/482/739
f 1680/1844/1680 3846/1017/3846 1684/3934/1684
f 1639/1435/1639 3819/1411/3819 3818/2121/3818
f 623/361/623 3906/2260/3906 697/1233/697
f 2139/2130/2139 3866/2015/3866 3865/2122/3865
f 1808/1645/1808 3844/2092/3844 3837/1643/3837
f 3820/1669/3820 1819/2825/1819 1820/1772/1820
f 3872/2087/3872 3900/633/3900 706/1340/706
f 1646/1434/1646 3830/1445/3830 1648/1442/1648
f 3889/2164/3889 633/2170/633 577/3099/577
f 2139/2130/2139 3875/2129/3875 18/12/18
f 2156/2152/2156 3871/2166/3871 3874/2153/3874
f 674/3187/674 3913/2104/3913 3869/2134/3869
f 2117/887/2117 3812/3465/3812 2069/2055/2069
f 1815/1661/1815 3847/1659/3847 3823/1657/3823
f 3855/910/3855 1444/846/1444 1470/3943/1470
f 697/1233/697 3912/2067/3912 3816/3662/3816
f 866/682/866 3836/603/3836 3828/684/3828
f 3864/2180/3864 2136/2131/2136 2135/632/2135
f 3585/3654/3585 3726/3650/3726 3589/3653/3589
f 3583/3581/3583 3731/3651/3731 3585/3654/3585
f 3753/2041/3753 3738/3656/3738 3739/3666/3739
f 3740/3663/3740 3581/3583/3581 3743/2042/3743
f 1088/1379/1088 3746/3924/3746 1093/811/1093
f 3739/3666/3739 3743/2042/3743 3753/2041/3753
f 2791/2972/2791 3493/3948/3493 2792/2970/2792
f 3492/3884/3492 2807/2984/2807 3493/3948/3493
f 2792/2970/2792 3494/3949/3494 2909/3881/2909
f 3493/3948/3493 2806/3903/2806 3494/3949/3494
f 3508/1624/3508 3494/3949/3494 3516/3950/3516
f 3516/3950/3516 2806/3903/2806 3539/3902/3539
f 2948/3153/2948 3791/1174/3791 3801/3156/3801
f 2105/2046/2105 3896/2029/3896 2104/2026/2104
f 3538/1577/3538 3804/2983/3804 2805/2992/2805
f 680/1417/680 3876/1939/3876 683/2797/683
f 1891/2175/1891 3910/1730/3910 3891/2171/3891
f 2905/3096/2905 3801/3156/3801 2950/3155/2950
f 2900/3089/2900 3799/3098/3799 2905/3096/2905
f 2901/3092/2901 3807/3091/3807 2877/3093/2877
f 2734/2907/2734 3806/3067/3806 3794/3060/3794
f 2877/3093/2877 3806/3067/3806 2878/3065/2878
f 2820/3002/2820 3794/3060/3794 2872/3059/2872
f 2818/3054/2818 3792/3012/3792 2827/3011/2827
f 2823/3008/2823 3792/3012/3792 2826/3010/2826
f 2822/3017/2822 3798/3001/3798 2821/3003/2821
f 2819/3005/2819 3800/3951/3800 3798/3001/3798
f 2817/3874/2817 3795/2998/3795 2816/2997/2816
f 2809/2993/2809 3795/2998/3795 2815/3000/2815
f 2808/3885/2808 3803/2985/3803 2807/2984/2807
f 2805/2992/2805 3803/2985/3803 2804/2987/2804
f 1702/1513/1702 3923/1511/3923 1599/1525/1599
f 3922/1627/3922 1797/1636/1797 1802/1626/1802
f 3915/1788/3915 1706/1514/1706 1709/1000/1709
f 3918/1520/3918 1692/1505/1692 1698/1516/1698
f 1657/1917/1657 3880/1728/3880 1879/1916/1879
f 1890/1740/1890 3895/1617/3895 3910/1730/3910
f 3772/1648/3772 1674/1483/1674 1675/862/1675
f 1689/3952/1689 3772/1648/3772 3773/1625/3773
f 3926/2955/3926 3538/1577/3538 1688/3953/1688
f 3516/3950/3516 1689/3952/1689 3773/1625/3773
f 3917/1606/3917 1703/1510/1703 1764/1605/1764
f 1598/1396/1598 3928/1602/3928 1770/1595/1770
f 3880/1728/3880 1876/1724/1876 1879/1916/1879
f 1691/3926/1691 3925/2956/3925 3927/1519/3927
f 3925/2956/3925 1688/3953/1688 1687/3508/1687
f 1117/547/1117 1118/546/1118 3930/3954/3930
f 1066/641/1066 1322/643/1322 3930/3954/3930
f 1243/618/1243 847/624/847 3930/3954/3930
f 3825/601/3825 848/1432/848 3930/3954/3930
f 1128/1522/1128 1117/547/1117 3930/3954/3930
f 1129/560/1129 1130/559/1130 3930/3954/3930
f 841/686/841 1011/523/1011 3930/3954/3930
f 1230/3955/1230 3863/639/3863 3930/3954/3930
f 1242/650/1242 1243/618/1243 3930/3954/3930
f 1322/643/1322 1229/622/1229 3930/3954/3930
f 1064/592/1064 1065/2174/1065 3930/3954/3930
f 1003/1611/1003 1128/1522/1128 3930/3954/3930
f 1229/622/1229 1230/3955/1230 3930/3954/3930
f 3863/639/3863 1285/1968/1285 3930/3954/3930
f 1285/1968/1285 1288/651/1288 3930/3954/3930
f 848/1432/848 839/3661/839 3930/3954/3930
f 847/624/847 3825/601/3825 3930/3954/3930
f 1118/546/1118 1129/560/1129 3930/3954/3930
f 1065/2174/1065 1066/641/1066 3930/3954/3930
f 1087/569/1087 1086/568/1086 3930/3954/3930
f 1008/520/1008 1002/519/1002 3930/3954/3930
f 1011/523/1011 1008/520/1008 3930/3954/3930
f 1002/519/1002 1003/1611/1003 3930/3954/3930
f 1076/565/1076 1069/567/1069 3930/3954/3930
f 838/685/838 841/686/841 3930/3954/3930
f 839/3661/839 838/685/838 3930/3954/3930
f 1288/651/1288 1242/650/1242 3930/3954/3930
f 1130/559/1130 1087/569/1087 3930/3954/3930
f 1086/568/1086 1076/565/1076 3930/3954/3930
f 1069/567/1069 1064/592/1064 3930/3954/3930
f 2410/2487/2410 2414/3876/2414 3931/3956/3931
f 2411/2484/2411 2410/2487/2410 3931/3956/3931
f 3617/2370/3617 2285/2544/2285 3931/3956/3931
f 2394/2476/2394 2393/2475/2393 3931/3956/3931
f 2393/2475/2393 2396/2504/2396 3931/3956/3931
f 2281/2374/2281 2286/2373/2286 3931/3956/3931
f 2282/2455/2282 2280/2597/2280 3931/3956/3931
f 2398/2501/2398 2399/3407/2399 3931/3956/3931
f 2465/2542/2465 2464/2567/2464 3931/3956/3931
f 2396/2504/2396 2397/2495/2397 3931/3956/3931
f 2470/2550/2470 2469/3937/2469 3931/3956/3931
f 2399/3407/2399 2416/2489/2416 3931/3956/3931
f 2480/2561/2480 2395/2560/2395 3931/3956/3931
f 2459/2538/2459 2480/2561/2480 3931/3956/3931
f 2369/2452/2369 2282/2455/2282 3931/3956/3931
f 2460/3957/2460 2459/2538/2459 3931/3956/3931
f 2415/3958/2415 2411/2484/2411 3931/3956/3931
f 2416/2489/2416 2415/3958/2415 3931/3956/3931
f 2364/2446/2364 2363/2450/2363 3931/3956/3931
f 2286/2373/2286 3617/2370/3617 3931/3956/3931
f 2464/2567/2464 2470/2550/2470 3931/3956/3931
f 2469/3937/2469 3703/2547/3703 3931/3956/3931
f 2285/2544/2285 2465/2542/2465 3931/3956/3931
f 2414/3876/2414 2364/2446/2364 3931/3956/3931
f 2395/2560/2395 2394/2476/2394 3931/3956/3931
f 2363/2450/2363 2367/2453/2367 3931/3956/3931
f 2397/2495/2397 2398/2501/2398 3931/3956/3931
f 2280/2597/2280 2281/2374/2281 3931/3956/3931
f 3703/2547/3703 2460/3957/2460 3931/3956/3931
f 2367/2453/2367 2369/2452/2369 3931/3956/3931
f 3934/3959/3934 3937/3960/3937 3938/3961/3938
f 3934/3959/3934 3939/3962/3939 3935/3963/3935
f 3932/3964/3932 3937/3960/3937 3933/3965/3933
f 3938/3961/3938 3943/3966/3943 3939/3962/3939
f 3937/3960/3937 3940/3967/3940 3941/3968/3941
f 3937/3960/3937 3942/3969/3942 3938/3961/3938
f 3942/3969/3942 3947/3970/3947 3943/3966/3943
f 3941/3968/3941 3944/3971/3944 3945/3972/3945
f 3942/3969/3942 3945/3972/3945 3946/3973/3946
f 3947/3970/3947 3950/3974/3950 3951/3975/3951
f 3944/3971/3944 3949/3976/3949 3945/3972/3945
f 3945/3972/3945 3950/3974/3950 3946/3973/3946
f 3950/3974/3950 3955/3977/3955 3951/3975/3951
f 3949/3976/3949 3952/3978/3952 3953/3979/3953
f 3950/3974/3950 3953/3979/3953 3954/3980/3954
f 3955/3977/3955 3958/3981/3958 3959/3982/3959
f 3953/3979/3953 3956/3983/3956 3957/3984/3957
f 3953/3979/3953 3958/3981/3958 3954/3980/3954
f 3959/3982/3959 3962/3985/3962 3963/3986/3963
f 3957/3984/3957 3960/3987/3960 3961/3988/3961
f 3958/3981/3958 3961/3988/3961 3962/3985/3962
f 3962/3985/3962 3967/3989/3967 3963/3986/3963
f 3960/3987/3960 3965/3990/3965 3961/3988/3961
f 3961/3988/3961 3966/3991/3966 3962/3985/3962
f 3966/3991/3966 3971/3992/3971 3967/3989/3967
f 3965/3990/3965 3968/3993/3968 3969/3994/3969
f 3966/3991/3966 3969/3994/3969 3970/3995/3970
f 3970/3995/3970 3975/3996/3975 3971/3992/3971
f 3968/3993/3968 3973/3997/3973 3969/3994/3969
f 3969/3994/3969 3974/3998/3974 3970/3995/3970
f 3974/3998/3974 3979/3999/3979 3975/3996/3975
f 3973/3997/3973 3976/4000/3976 3977/4001/3977
f 3974/3998/3974 3977/4001/3977 3978/4002/3978
f 3979/3999/3979 3982/4003/3982 3983/4004/3983
f 3976/4000/3976 3981/4005/3981 3977/4001/3977
f 3977/4001/3977 3982/4003/3982 3978/4002/3978
f 3982/4003/3982 3987/4006/3987 3983/4004/3983
f 3981/4005/3981 3984/4007/3984 3985/4008/3985
f 3982/4003/3982 3985/4008/3985 3986/4009/3986
f 3987/4006/3987 3990/4010/3990 3991/4011/3991
f 3984/4007/3984 3989/4012/3989 3985/4008/3985
f 3985/4008/3985 3990/4010/3990 3986/4009/3986
f 3991/4011/3991 3994/4013/3994 3995/4014/3995
f 3989/4012/3989 3992/4015/3992 3993/4016/3993
f 3990/4010/3990 3993/4016/3993 3994/4013/3994
f 3995/4014/3995 3998/4017/3998 3999/4018/3999
f 3992/4015/3992 3997/4019/3997 3993/4016/3993
f 3993/4016/3993 3998/4017/3998 3994/4013/3994
f 3998/4017/3998 4003/4020/4003 3999/4018/3999
f 3997/4019/3997 4000/4021/4000 4001/4022/4001
f 3998/4017/3998 4001/4022/4001 4002/4023/4002
f 4002/4023/4002 4007/4024/4007 4003/4020/4003
f 4000/4021/4000 4005/4025/4005 4001/4022/4001
f 4001/4022/4001 4006/4026/4006 4002/4023/4002
f 4006/4026/4006 4011/4027/4011 4007/4024/4007
f 4005/4025/4005 4008/4028/4008 4009/4029/4009
f 4006/4026/4006 4009/4029/4009 4010/4030/4010
f 4011/4027/4011 4014/4031/4014 4015/4032/4015
f 4008/4028/4008 4013/4033/4013 4009/4029/4009
f 4009/4029/4009 4014/4031/4014 4010/4030/4010
f 4014/4031/4014 4019/4034/4019 4015/4032/4015
f 4013/4033/4013 4016/4035/4016 4017/4036/4017
f 4014/4031/4014 4017/4036/4017 4018/4037/4018
f 4019/4034/4019 4022/4038/4022 4023/4039/4023
f 4016/4035/4016 4021/4040/4021 4017/4036/4017
f 4017/4036/4017 4022/4038/4022 4018/4037/4018
f 4023/4039/4023 4026/4041/4026 4027/4042/4027
f 4021/4040/4021 4024/4043/4024 4025/4044/4025
f 4022/4038/4022 4025/4044/4025 4026/4041/4026
f 4027/4042/4027 4030/4045/4030 4031/4046/4031
f 4024/4043/4024 4029/4047/4029 4025/4044/4025
f 4025/4044/4025 4030/4045/4030 4026/4041/4026
f 4031/4046/4031 4034/4048/4034 4035/4049/4035
f 4029/4047/4029 4032/4050/4032 4033/4051/4033
f 4030/4045/4030 4033/4051/4033 4034/4048/4034
f 4034/4048/4034 4039/4052/4039 4035/4049/4035
f 4032/4050/4032 4037/4053/4037 4033/4051/4033
f 4033/4051/4033 4038/4054/4038 4034/4048/4034
f 4038/4054/4038 4043/4055/4043 4039/4052/4039
f 4037/4053/4037 4040/4056/4040 4041/4057/4041
f 4038/4054/4038 4041/4057/4041 4042/4058/4042
f 4043/4055/4043 4046/4059/4046 4047/4060/4047
f 4040/4056/4040 4045/4061/4045 4041/4057/4041
f 4041/4057/4041 4046/4059/4046 4042/4058/4042
f 4046/4059/4046 4051/4062/4051 4047/4060/4047
f 4045/4061/4045 4048/4063/4048 4049/4064/4049
f 4046/4059/4046 4049/4064/4049 4050/4065/4050
f 4051/4062/4051 4055/4066/4055 4056/4067/4056
f 4048/4063/4048 4054/4068/4054 4049/4064/4049
f 4049/4064/4049 4055/4066/4055 4050/4065/4050
f 4056/4067/4056 4059/4069/4059 4060/4070/4060
f 4053/4071/4053 4058/4072/4058 4054/4068/4054
f 4055/4066/4055 4058/4072/4058 4059/4069/4059
f 3932/3964/3932 4052/4073/4052 3936/4074/3936
f 3936/4074/3936 4052/4073/4052 3940/3967/3940
f 3940/3967/3940 4052/4073/4052 3944/3971/3944
f 3944/3971/3944 4052/4073/4052 3948/4075/3948
f 3948/4075/3948 4052/4073/4052 3952/3978/3952
f 3952/3978/3952 4052/4073/4052 3956/3983/3956
f 3956/3983/3956 4052/4073/4052 3960/3987/3960
f 3960/3987/3960 4052/4073/4052 3964/4076/3964
f 3964/4076/3964 4052/4073/4052 3968/3993/3968
f 3968/3993/3968 4052/4073/4052 3972/4077/3972
f 3972/4077/3972 4052/4073/4052 3976/4000/3976
f 3976/4000/3976 4052/4073/4052 3980/4078/3980
f 3980/4078/3980 4052/4073/4052 3984/4007/3984
f 3984/4007/3984 4052/4073/4052 3988/4079/3988
f 3988/4079/3988 4052/4073/4052 3992/4015/3992
f 3992/4015/3992 4052/4073/4052 3996/4080/3996
f 3996/4080/3996 4052/4073/4052 4000/4021/4000
f 4000/4021/4000 4052/4073/4052 4004/4081/4004
f 4004/4081/4004 4052/4073/4052 4008/4028/4008
f 4008/4028/4008 4052/4073/4052 4012/4082/4012
f 4012/4082/4012 4052/4073/4052 4016/4035/4016
f 4016/4035/4016 4052/4073/4052 4020/4083/4020
f 4020/4083/4020 4052/4073/4052 4024/4043/4024
f 4024/4043/4024 4052/4073/4052 4028/4084/4028
f 4028/4084/4028 4052/4073/4052 4032/4050/4032
f 4032/4050/4032 4052/4073/4052 4036/4085/4036
f 4036/4085/4036 4052/4073/4052 4040/4056/4040
f 4040/4056/4040 4052/4073/4052 4044/4086/4044
f 4044/4086/4044 4052/4073/4052 4048/4063/4048
f 4048/4063/4048 4052/4073/4052 4053/4071/4053
f 4053/4071/4053 4052/4073/4052 4057/4087/4057
f 4060/4070/4060 3934/3959/3934 3935/3963/3935
f 4058/4072/4058 3932/3964/3932 3933/3965/3933
f 4058/4072/4058 3934/3959/3934 4059/4069/4059
f 4057/4087/4057 4052/4073/4052 3932/3964/3932
f 4069/4088/4069 4081/4089/4081 4082/4090/4082
f 4066/4091/4066 4080/4092/4080 4067/4093/4067
f 4065/4094/4065 4077/4095/4077 4078/4096/4078
f 4063/4097/4063 4075/4098/4075 4076/4099/4076
f 4071/4100/4071 4085/4101/4085 4072/4102/4072
f 4069/4088/4069 4083/4103/4083 4070/4104/4070
f 4067/4093/4067 4081/4089/4081 4068/4105/4068
f 4066/4106/4066 4078/4096/4078 4079/4107/4079
f 4063/4097/4063 4077/4095/4077 4064/4108/4064
f 4061/4109/4061 4075/4098/4075 4062/4110/4062
f 4072/4102/4072 4086/4111/4086 4073/4112/4073
f 4071/4100/4071 4083/4103/4083 4084/4113/4084
f 4076/4099/4076 4090/4114/4090 4077/4095/4077
f 4074/4115/4074 4088/4116/4088 4075/4098/4075
f 4086/4111/4086 4098/4117/4098 4099/4118/4099
f 4083/4103/4083 4097/4119/4097 4084/4113/4084
f 4082/4090/4082 4094/4120/4094 4095/4121/4095
f 4079/4122/4079 4093/4123/4093 4080/4092/4080
f 4078/4096/4078 4090/4114/4090 4091/4124/4091
f 4076/4099/4076 4088/4116/4088 4089/4125/4089
f 4085/4101/4085 4097/4119/4097 4098/4117/4098
f 4082/4090/4082 4096/4126/4096 4083/4103/4083
f 4080/4092/4080 4094/4120/4094 4081/4089/4081
f 4079/4107/4079 4091/4124/4091 4092/4127/4092
f 4089/4125/4089 4103/4128/4103 4090/4114/4090
f 4088/4116/4088 4100/4129/4100 4101/4130/4101
f 4098/4117/4098 4112/4131/4112 4099/4118/4099
f 4096/4126/4096 4110/4132/4110 4097/4119/4097
f 4095/4121/4095 4107/4133/4107 4108/4134/4108
f 4092/4135/4092 4106/4136/4106 4093/4123/4093
f 4090/4114/4090 4104/4137/4104 4091/4124/4091
f 4089/4125/4089 4101/4130/4101 4102/4138/4102
f 4097/4119/4097 4111/4139/4111 4098/4117/4098
f 4095/4121/4095 4109/4140/4109 4096/4126/4096
f 4094/4120/4094 4106/4136/4106 4107/4133/4107
f 4092/4127/4092 4104/4137/4104 4105/4141/4105
f 4103/4128/4103 4115/4142/4115 4116/4143/4116
f 4100/4129/4100 4114/4144/4114 4101/4130/4101
f 4112/4131/4112 4124/4145/4124 4125/4146/4125
f 4110/4132/4110 4122/4147/4122 4123/4148/4123
f 4107/4133/4107 4121/4149/4121 4108/4134/4108
f 4105/4150/4105 4119/4151/4119 4106/4136/4106
f 4103/4128/4103 4117/4152/4117 4104/4137/4104
f 4101/4130/4101 4115/4142/4115 4102/4138/4102
f 4110/4132/4110 4124/4145/4124 4111/4139/4111
f 4109/4140/4109 4121/4149/4121 4122/4147/4122
f 4107/4133/4107 4119/4151/4119 4120/4153/4120
f 4105/4141/4105 4117/4152/4117 4118/4154/4118
f 4115/4142/4115 4129/4155/4129 4116/4143/4116
f 4114/4144/4114 4126/4156/4126 4127/4157/4127
f 4124/4145/4124 4138/4158/4138 4125/4146/4125
f 4123/4148/4123 4135/4159/4135 4136/4160/4136
f 4120/4153/4120 4134/4161/4134 4121/4149/4121
f 4119/4151/4119 4131/4162/4131 4132/4163/4132
f 4117/4152/4117 4129/4155/4129 4130/4164/4130
f 4114/4144/4114 4128/4165/4128 4115/4142/4115
f 4124/4145/4124 4136/4160/4136 4137/4166/4137
f 4122/4147/4122 4134/4161/4134 4135/4159/4135
f 4119/4151/4119 4133/4167/4133 4120/4153/4120
f 4117/4152/4117 4131/4168/4131 4118/4154/4118
f 4129/4155/4129 4141/4169/4141 4142/4170/4142
f 4126/4156/4126 4140/4171/4140 4127/4157/4127
f 4138/4158/4138 4150/4172/4150 4151/4173/4151
f 4136/4160/4136 4148/4174/4148 4149/4175/4149
f 4133/4167/4133 4147/4176/4147 4134/4161/4134
f 4131/4162/4131 4145/4177/4145 4132/4163/4132
f 4130/4164/4130 4142/4170/4142 4143/4178/4143
f 4127/4157/4127 4141/4169/4141 4128/4165/4128
f 4137/4166/4137 4149/4175/4149 4150/4172/4150
f 4135/4159/4135 4147/4176/4147 4148/4174/4148
f 4132/4163/4132 4146/4179/4146 4133/4167/4133
f 4131/4168/4131 4143/4178/4143 4144/4180/4144
f 4142/4170/4142 4154/4181/4154 4155/4182/4155
f 4140/4171/4140 4152/4183/4152 4153/4184/4153
f 4150/4172/4150 4164/4185/4164 4151/4173/4151
f 4149/4175/4149 4161/4186/4161 4162/4187/4162
f 4146/4179/4146 4160/4188/4160 4147/4176/4147
f 4144/4189/4144 4158/4190/4158 4145/4177/4145
f 4142/4170/4142 4156/4191/4156 4143/4178/4143
f 4140/4171/4140 4154/4181/4154 4141/4169/4141
f 4149/4175/4149 4163/4192/4163 4150/4172/4150
f 4148/4174/4148 4160/4188/4160 4161/4186/4161
f 4146/4179/4146 4158/4190/4158 4159/4193/4159
f 4144/4180/4144 4156/4191/4156 4157/4194/4157
f 4155/4182/4155 4167/4195/4167 4168/4196/4168
f 4153/4184/4153 4165/4197/4165 4166/4198/4166
f 4163/4192/4163 4177/4199/4177 4164/4185/4164
f 4161/4186/4161 4175/4200/4175 4162/4187/4162
f 4159/4193/4159 4173/4201/4173 4160/4188/4160
f 4158/4190/4158 4170/4202/4170 4171/4203/4171
f 4155/4182/4155 4169/4204/4169 4156/4191/4156
f 4153/4184/4153 4167/4195/4167 4154/4181/4154
f 4163/4192/4163 4175/4200/4175 4176/4205/4176
f 4161/4186/4161 4173/4201/4173 4174/4206/4174
f 4159/4193/4159 4171/4203/4171 4172/4207/4172
f 4156/4191/4156 4170/4208/4170 4157/4194/4157
f 4167/4195/4167 4181/4209/4181 4168/4196/4168
f 4165/4197/4165 4179/4210/4179 4166/4198/4166
f 4176/4205/4176 4190/4211/4190 4177/4199/4177
f 4175/4200/4175 4187/4212/4187 4188/4213/4188
f 4173/4201/4173 4185/4214/4185 4186/4215/4186
f 4170/4202/4170 4184/4216/4184 4171/4203/4171
f 4169/4204/4169 4181/4209/4181 4182/4217/4182
f 4167/4195/4167 4179/4210/4179 4180/4218/4180
f 4175/4200/4175 4189/4219/4189 4176/4205/4176
f 4173/4201/4173 4187/4212/4187 4174/4206/4174
f 4171/4203/4171 4185/4214/4185 4172/4207/4172
f 4170/4208/4170 4182/4217/4182 4183/4220/4183
f 4180/4218/4180 4194/4221/4194 4181/4209/4181
f 4178/4222/4178 4192/4223/4192 4179/4210/4179
f 4190/4211/4190 4202/4224/4202 4203/4225/4203
f 4187/4212/4187 4201/4226/4201 4188/4213/4188
f 4186/4215/4186 4198/4227/4198 4199/4228/4199
f 4183/4229/4183 4197/4230/4197 4184/4216/4184
f 4182/4217/4182 4194/4221/4194 4195/4231/4195
f 4180/4218/4180 4192/4223/4192 4193/4232/4193
f 4189/4219/4189 4201/4226/4201 4202/4224/4202
f 4186/4215/4186 4200/4233/4200 4187/4212/4187
f 4184/4216/4184 4198/4227/4198 4185/4214/4185
f 4183/4220/4183 4195/4231/4195 4196/4234/4196
f 4193/4232/4193 4207/4235/4207 4194/4221/4194
f 4192/4223/4192 4204/4236/4204 4205/4237/4205
f 4202/4224/4202 4216/4238/4216 4203/4225/4203
f 4200/4233/4200 4214/4239/4214 4201/4226/4201
f 4199/4228/4199 4211/4240/4211 4212/4241/4212
f 4196/4242/4196 4210/4243/4210 4197/4230/4197
f 4194/4221/4194 4208/4244/4208 4195/4231/4195
f 4193/4232/4193 4205/4237/4205 4206/4245/4206
f 4201/4226/4201 4215/4246/4215 4202/4224/4202
f 4199/4228/4199 4213/4247/4213 4200/4233/4200
f 4198/4227/4198 4210/4243/4210 4211/4240/4211
f 4196/4234/4196 4208/4244/4208 4209/4248/4209
f 4207/4235/4207 4219/4249/4219 4220/4250/4220
f 4204/4236/4204 4218/4251/4218 4205/4237/4205
f 4216/4238/4216 4228/4252/4228 4229/4253/4229
f 4213/4247/4213 4227/4254/4227 4214/4239/4214
f 4211/4240/4211 4225/4255/4225 4212/4241/4212
f 4209/4256/4209 4223/4257/4223 4210/4243/4210
f 4207/4235/4207 4221/4258/4221 4208/4244/4208
f 4205/4237/4205 4219/4249/4219 4206/4245/4206
f 4214/4239/4214 4228/4252/4228 4215/4246/4215
f 4213/4247/4213 4225/4255/4225 4226/4259/4226
f 4211/4240/4211 4223/4257/4223 4224/4260/4224
f 4209/4248/4209 4221/4258/4221 4222/4261/4222
f 4219/4249/4219 4233/4262/4233 4220/4250/4220
f 4218/4251/4218 4230/4263/4230 4231/4264/4231
f 4228/4252/4228 4242/4265/4242 4229/4253/4229
f 4226/4259/4226 4240/4266/4240 4227/4254/4227
f 4225/4255/4225 4237/4267/4237 4238/4268/4238
f 4223/4257/4223 4235/4269/4235 4236/4270/4236
f 4221/4258/4221 4233/4262/4233 4234/4271/4234
f 4218/4251/4218 4232/4272/4232 4219/4249/4219
f 4228/4252/4228 4240/4266/4240 4241/4273/4241
f 4226/4259/4226 4238/4268/4238 4239/4274/4239
f 4223/4257/4223 4237/4267/4237 4224/4260/4224
f 4221/4258/4221 4235/4275/4235 4222/4261/4222
f 4233/4262/4233 4245/4276/4245 4246/4277/4246
f 4230/4263/4230 4244/4278/4244 4231/4264/4231
f 4242/4265/4242 4254/4279/4254 4255/4280/4255
f 4240/4266/4240 4252/4281/4252 4253/4282/4253
f 4237/4267/4237 4251/4283/4251 4238/4268/4238
f 4235/4269/4235 4249/4284/4249 4236/4270/4236
f 4234/4271/4234 4246/4277/4246 4247/4285/4247
f 4231/4264/4231 4245/4276/4245 4232/4272/4232
f 4241/4273/4241 4253/4282/4253 4254/4279/4254
f 4239/4274/4239 4251/4283/4251 4252/4281/4252
f 4236/4270/4236 4250/4286/4250 4237/4267/4237
f 4235/4275/4235 4247/4285/4247 4248/4287/4248
f 4246/4277/4246 4258/4288/4258 4259/4289/4259
f 4244/4278/4244 4256/4290/4256 4257/4291/4257
f 4254/4279/4254 4268/4292/4268 4255/4280/4255
f 4253/4282/4253 4265/4293/4265 4266/4294/4266
f 4250/4286/4250 4264/4295/4264 4251/4283/4251
f 4248/4296/4248 4262/4297/4262 4249/4284/4249
f 4246/4277/4246 4260/4298/4260 4247/4285/4247
f 4244/4278/4244 4258/4288/4258 4245/4276/4245
f 4253/4282/4253 4267/4299/4267 4254/4279/4254
f 4252/4281/4252 4264/4295/4264 4265/4293/4265
f 4250/4286/4250 4262/4297/4262 4263/4300/4263
f 4248/4287/4248 4260/4298/4260 4261/4301/4261
f 4259/4289/4259 4271/4302/4271 4272/4303/4272
f 4257/4291/4257 4269/4304/4269 4270/4305/4270
f 4267/4299/4267 4281/4306/4281 4268/4292/4268
f 4265/4293/4265 4279/4307/4279 4266/4294/4266
f 4263/4300/4263 4277/4308/4277 4264/4295/4264
f 4262/4297/4262 4274/4309/4274 4275/4310/4275
f 4259/4289/4259 4273/4311/4273 4260/4298/4260
f 4257/4291/4257 4271/4302/4271 4258/4288/4258
f 4266/4294/4266 4280/4312/4280 4267/4299/4267
f 4265/4293/4265 4277/4308/4277 4278/4313/4278
f 4263/4300/4263 4275/4310/4275 4276/4314/4276
f 4260/4298/4260 4274/4315/4274 4261/4301/4261
f 4271/4302/4271 4285/4316/4285 4272/4303/4272
f 4269/4304/4269 4283/4317/4283 4270/4305/4270
f 4281/4306/4281 4293/4318/4293 4294/4319/4294
f 4279/4307/4279 4291/4320/4291 4292/4321/4292
f 4277/4308/4277 4289/4322/4289 4290/4323/4290
f 4274/4309/4274 4288/4324/4288 4275/4310/4275
f 4273/4311/4273 4285/4316/4285 4286/4325/4286
f 4271/4302/4271 4283/4317/4283 4284/4326/4284
f 4280/4312/4280 4292/4321/4292 4293/4318/4293
f 4277/4308/4277 4291/4320/4291 4278/4313/4278
f 4275/4310/4275 4289/4322/4289 4276/4314/4276
f 4274/4315/4274 4286/4325/4286 4287/4327/4287
f 4284/4326/4284 4298/4328/4298 4285/4316/4285
f 4282/4329/4282 4296/4330/4296 4283/4317/4283
f 4294/4319/4294 4306/4331/4306 4307/4332/4307
f 4291/4320/4291 4305/4333/4305 4292/4321/4292
f 4290/4323/4290 4302/4334/4302 4303/4335/4303
f 4287/4336/4287 4301/4337/4301 4288/4324/4288
f 4286/4325/4286 4298/4328/4298 4299/4338/4299
f 4284/4326/4284 4296/4330/4296 4297/4339/4297
f 4293/4318/4293 4305/4333/4305 4306/4331/4306
f 4290/4323/4290 4304/4340/4304 4291/4320/4291
f 4288/4324/4288 4302/4334/4302 4289/4322/4289
f 4287/4327/4287 4299/4338/4299 4300/4341/4300
f 4297/4339/4297 4311/4342/4311 4298/4328/4298
f 4296/4330/4296 4308/4343/4308 4309/4344/4309
f 4306/4331/4306 4320/4345/4320 4307/4332/4307
f 4304/4340/4304 4318/4346/4318 4305/4333/4305
f 4303/4335/4303 4315/4347/4315 4316/4348/4316
f 4300/4349/4300 4314/4350/4314 4301/4337/4301
f 4298/4328/4298 4312/4351/4312 4299/4338/4299
f 4297/4339/4297 4309/4344/4309 4310/4352/4310
f 4305/4333/4305 4319/4353/4319 4306/4331/4306
f 4304/4340/4304 4316/4348/4316 4317/4354/4317
f 4302/4334/4302 4314/4350/4314 4315/4347/4315
f 4300/4341/4300 4312/4351/4312 4313/4355/4313
f 4310/4352/4310 4324/4356/4324 4311/4342/4311
f 4308/4343/4308 4322/4357/4322 4309/4344/4309
f 4320/4345/4320 4332/4358/4332 4333/4359/4333
f 4318/4346/4318 4330/4360/4330 4331/4361/4331
f 4316/4348/4316 4328/4362/4328 4329/4363/4329
f 4313/4364/4313 4327/4365/4327 4314/4350/4314
f 4311/4342/4311 4325/4366/4325 4312/4351/4312
f 4310/4352/4310 4322/4357/4322 4323/4367/4323
f 4318/4346/4318 4332/4358/4332 4319/4353/4319
f 4316/4348/4316 4330/4360/4330 4317/4354/4317
f 4315/4347/4315 4327/4365/4327 4328/4362/4328
f 4312/4351/4312 4326/4368/4326 4313/4355/4313
f 4323/4367/4323 4337/4369/4337 4324/4356/4324
f 4322/4357/4322 4334/4370/4334 4335/4371/4335
f 4332/4358/4332 4346/4372/4346 4333/4359/4333
f 4330/4360/4330 4344/4373/4344 4331/4361/4331
f 4329/4363/4329 4341/4374/4341 4342/4375/4342
f 4327/4365/4327 4339/4376/4339 4340/4377/4340
f 4325/4366/4325 4337/4369/4337 4338/4378/4338
f 4322/4357/4322 4336/4379/4336 4323/4367/4323
f 4332/4358/4332 4344/4373/4344 4345/4380/4345
f 4330/4360/4330 4342/4375/4342 4343/4381/4343
f 4327/4365/4327 4341/4374/4341 4328/4362/4328
f 4325/4366/4325 4339/4382/4339 4326/4368/4326
f 4337/4369/4337 4350/4383/4350 4351/4384/4351
f 4334/4370/4334 4349/4385/4349 4335/4371/4335
f 4346/4372/4346 4359/4386/4359 4360/4387/4360
f 4344/4373/4344 4357/4388/4357 4358/4389/4358
f 4341/4374/4341 4356/4390/4356 4342/4375/4342
f 4340/4377/4340 4353/4391/4353 4354/4392/4354
f 4338/4378/4338 4351/4384/4351 4352/4393/4352
f 4335/4371/4335 4350/4383/4350 4336/4379/4336
f 4345/4380/4345 4358/4389/4358 4359/4386/4359
f 4343/4381/4343 4356/4390/4356 4357/4388/4357
f 4340/4377/4340 4355/4394/4355 4341/4374/4341
f 4338/4378/4338 4353/4395/4353 4339/4382/4339
f 4351/4384/4351 4363/4396/4363 4364/4397/4364
f 4349/4385/4349 4361/4398/4361 4362/4399/4362
f 4359/4386/4359 4373/4400/4373 4360/4387/4360
f 4358/4389/4358 4370/4401/4370 4371/4402/4371
f 4355/4394/4355 4369/4403/4369 4356/4390/4356
f 4354/4392/4354 4366/4404/4366 4367/4405/4367
f 4351/4384/4351 4365/4406/4365 4352/4393/4352
f 4349/4385/4349 4363/4396/4363 4350/4383/4350
f 4358/4389/4358 4372/4407/4372 4359/4386/4359
f 4357/4388/4357 4369/4403/4369 4370/4401/4370
f 4355/4394/4355 4367/4405/4367 4368/4408/4368
f 4352/4393/4352 4366/4409/4366 4353/4395/4353
f 4364/4397/4364 4376/4410/4376 4377/4411/4377
f 4362/4399/4362 4374/4412/4374 4375/4413/4375
f 4373/4400/4373 4385/4414/4385 4386/4415/4386
f 4370/4401/4370 4384/4416/4384 4371/4402/4371
f 4368/4408/4368 4382/4417/4382 4369/4403/4369
f 4367/4405/4367 4379/4418/4379 4380/4419/4380
f 4364/4397/4364 4378/4420/4378 4365/4406/4365
f 4362/4399/4362 4376/4410/4376 4363/4396/4363
f 4372/4407/4372 4384/4416/4384 4385/4414/4385
f 4370/4401/4370 4382/4417/4382 4383/4421/4383
f 4368/4408/4368 4380/4419/4380 4381/4422/4381
f 4365/4406/4365 4379/4423/4379 4366/4409/4366
f 4376/4410/4376 4390/4424/4390 4377/4411/4377
f 4374/4412/4374 4388/4425/4388 4375/4413/4375
f 4385/4414/4385 4399/4426/4399 4386/4415/4386
f 4384/4416/4384 4396/4427/4396 4397/4428/4397
f 4382/4417/4382 4394/4429/4394 4395/4430/4395
f 4379/4418/4379 4393/4431/4393 4380/4419/4380
f 4378/4420/4378 4390/4424/4390 4391/4432/4391
f 4376/4410/4376 4388/4425/4388 4389/4433/4389
f 4384/4416/4384 4398/4434/4398 4385/4414/4385
f 4382/4417/4382 4396/4427/4396 4383/4421/4383
f 4380/4419/4380 4394/4429/4394 4381/4422/4381
f 4379/4423/4379 4391/4432/4391 4392/4435/4392
f 4389/4433/4389 4403/4436/4403 4390/4424/4390
f 4387/4437/4387 4401/4438/4401 4388/4425/4388
f 4399/4426/4399 4411/4439/4411 4412/4440/4412
f 4396/4427/4396 4410/4441/4410 4397/4428/4397
f 4395/4430/4395 4407/4442/4407 4408/4443/4408
f 4393/4431/4393 4405/4444/4405 4406/4445/4406
f 4391/4432/4391 4403/4436/4403 4404/4446/4404
f 4389/4433/4389 4401/4438/4401 4402/4447/4402
f 4398/4434/4398 4410/4441/4410 4411/4439/4411
f 4395/4430/4395 4409/4448/4409 4396/4427/4396
f 4393/4431/4393 4407/4442/4407 4394/4429/4394
f 4391/4432/4391 4405/4449/4405 4392/4435/4392
f 4402/4447/4402 4416/4450/4416 4403/4436/4403
f 4401/4438/4401 4413/4451/4413 4414/4452/4414
f 4411/4439/4411 4425/4453/4425 4412/4440/4412
f 4409/4448/4409 4423/4454/4423 4410/4441/4410
f 4408/4443/4408 4420/4455/4420 4421/4456/4421
f 4406/4445/4406 4418/4457/4418 4419/4458/4419
f 4403/4436/4403 4417/4459/4417 4404/4446/4404
f 4402/4447/4402 4414/4452/4414 4415/4460/4415
f 4410/4441/4410 4424/4461/4424 4411/4439/4411
f 4408/4443/4408 4422/4462/4422 4409/4448/4409
f 4407/4442/4407 4419/4458/4419 4420/4455/4420
f 4404/4446/4404 4418/4463/4418 4405/4449/4405
f 4416/4450/4416 4428/4464/4428 4429/4465/4429
f 4413/4451/4413 4427/4466/4427 4414/4452/4414
f 4425/4453/4425 4437/4467/4437 4438/4468/4438
f 4423/4454/4423 4435/4469/4435 4436/4470/4436
f 4421/4456/4421 4433/4471/4433 4434/4472/4434
f 4418/4457/4418 4432/4473/4432 4419/4458/4419
f 4416/4450/4416 4430/4474/4430 4417/4459/4417
f 4415/4460/4415 4427/4466/4427 4428/4464/4428
f 4423/4454/4423 4437/4467/4437 4424/4461/4424
f 4421/4456/4421 4435/4469/4435 4422/4462/4422
f 4420/4455/4420 4432/4473/4432 4433/4471/4433
f 4418/4463/4418 4430/4474/4430 4431/4475/4431
f 4428/4464/4428 4442/4476/4442 4429/4465/4429
f 4426/4477/4426 4440/4478/4440 4427/4466/4427
f 4437/4467/4437 4451/4479/4451 4438/4468/4438
f 4435/4469/4435 4449/4480/4449 4436/4470/4436
f 4434/4472/4434 4446/4481/4446 4447/4482/4447
f 4432/4473/4432 4444/4483/4444 4445/4484/4445
f 4430/4474/4430 4442/4476/4442 4443/4485/4443
f 4427/4466/4427 4441/4486/4441 4428/4464/4428
f 4437/4467/4437 4449/4480/4449 4450/4487/4450
f 4435/4469/4435 4447/4482/4447 4448/4488/4448
f 4432/4473/4432 4446/4481/4446 4433/4471/4433
f 4430/4474/4430 4444/4489/4444 4431/4475/4431
f 4442/4476/4442 4454/4490/4454 4455/4491/4455
f 4439/4492/4439 4453/4493/4453 4440/4478/4440
f 4451/4479/4451 4463/4494/4463 4464/4495/4464
f 4449/4480/4449 4461/4496/4461 4462/4497/4462
f 4446/4481/4446 4460/4498/4460 4447/4482/4447
f 4444/4483/4444 4458/4499/4458 4445/4484/4445
f 4443/4485/4443 4455/4491/4455 4456/4500/4456
f 4440/4478/4440 4454/4490/4454 4441/4486/4441
f 4450/4487/4450 4462/4497/4462 4463/4494/4463
f 4447/4482/4447 4461/4496/4461 4448/4488/4448
f 4445/4484/4445 4459/4501/4459 4446/4481/4446
f 4444/4489/4444 4456/4500/4456 4457/4502/4457
f 4455/4491/4455 4467/4503/4467 4468/4504/4468
f 4453/4493/4453 4465/4505/4465 4466/4506/4466
f 4463/4494/4463 4477/4507/4477 4464/4495/4464
f 4462/4497/4462 4474/4508/4474 4475/4509/4475
f 4459/4501/4459 4473/4510/4473 4460/4498/4460
f 4457/4511/4457 4471/4512/4471 4458/4499/4458
f 4455/4491/4455 4469/4513/4469 4456/4500/4456
f 4453/4493/4453 4467/4503/4467 4454/4490/4454
f 4462/4497/4462 4476/4514/4476 4463/4494/4463
f 4461/4496/4461 4473/4510/4473 4474/4508/4474
f 4459/4501/4459 4471/4512/4471 4472/4515/4472
f 4457/4502/4457 4469/4513/4469 4470/4516/4470
f 4347/4517/4347 4073/4112/4073 4086/4111/4086
f 4347/4517/4347 4086/4111/4086 4099/4118/4099
f 4347/4517/4347 4099/4118/4099 4112/4131/4112
f 4347/4517/4347 4112/4131/4112 4125/4146/4125
f 4347/4517/4347 4125/4146/4125 4138/4158/4138
f 4347/4517/4347 4138/4158/4138 4151/4173/4151
f 4347/4517/4347 4151/4173/4151 4164/4185/4164
f 4347/4517/4347 4164/4185/4164 4177/4199/4177
f 4347/4517/4347 4177/4199/4177 4190/4211/4190
f 4347/4517/4347 4190/4211/4190 4203/4225/4203
f 4347/4517/4347 4203/4225/4203 4216/4238/4216
f 4347/4517/4347 4216/4238/4216 4229/4253/4229
f 4347/4517/4347 4229/4253/4229 4242/4265/4242
f 4347/4517/4347 4242/4265/4242 4255/4280/4255
f 4347/4517/4347 4255/4280/4255 4268/4292/4268
f 4347/4517/4347 4268/4292/4268 4281/4306/4281
f 4347/4517/4347 4281/4306/4281 4294/4319/4294
f 4347/4517/4347 4294/4319/4294 4307/4332/4307
f 4347/4517/4347 4307/4332/4307 4320/4345/4320
f 4347/4517/4347 4320/4345/4320 4333/4359/4333
f 4347/4517/4347 4333/4359/4333 4346/4372/4346
f 4347/4517/4347 4346/4372/4346 4360/4387/4360
f 4347/4517/4347 4360/4387/4360 4373/4400/4373
f 4347/4517/4347 4373/4400/4373 4386/4415/4386
f 4347/4517/4347 4386/4415/4386 4399/4426/4399
f 4347/4517/4347 4399/4426/4399 4412/4440/4412
f 4347/4517/4347 4412/4440/4412 4425/4453/4425
f 4347/4517/4347 4425/4453/4425 4438/4468/4438
f 4347/4517/4347 4438/4468/4438 4451/4479/4451
f 4347/4517/4347 4451/4479/4451 4464/4495/4464
f 4347/4517/4347 4464/4495/4464 4477/4507/4477
f 4468/4504/4468 4063/4097/4063 4064/4108/4064
f 4466/4506/4466 4061/4109/4061 4062/4110/4062
f 4477/4507/4477 4072/4102/4072 4073/4112/4073
f 4474/4508/4474 4071/4100/4071 4475/4509/4475
f 4472/4515/4472 4069/4088/4069 4473/4510/4473
f 4471/4512/4471 4066/4091/4066 4067/4093/4067
f 4468/4504/4468 4065/4094/4065 4469/4513/4469
f 4466/4506/4466 4063/4097/4063 4467/4503/4467
f 4347/4517/4347 4477/4507/4477 4073/4112/4073
f 4476/4514/4476 4071/4100/4071 4072/4102/4072
f 4474/4508/4474 4069/4088/4069 4070/4104/4070
f 4472/4515/4472 4067/4093/4067 4068/4105/4068
f 4469/4513/4469 4066/4106/4066 4470/4516/4470
f 3935/3963/3935 4465/4505/4465 4060/4070/4060
f 4465/4505/4465 4056/4067/4056 4060/4070/4060
f 4452/4518/4452 4051/4062/4051 4056/4067/4056
f 4439/4492/4439 4047/4060/4047 4051/4062/4051
f 4047/4060/4047 4413/4451/4413 4043/4055/4043
f 4043/4055/4043 4400/4519/4400 4039/4052/4039
f 4039/4052/4039 4387/4437/4387 4035/4049/4035
f 4387/4437/4387 4031/4046/4031 4035/4049/4035
f 4031/4046/4031 4361/4398/4361 4027/4042/4027
f 4361/4398/4361 4023/4039/4023 4027/4042/4027
f 4348/4520/4348 4019/4034/4019 4023/4039/4023
f 4334/4370/4334 4015/4032/4015 4019/4034/4019
f 4015/4032/4015 4308/4343/4308 4011/4027/4011
f 4011/4027/4011 4295/4521/4295 4007/4024/4007
f 4007/4024/4007 4282/4329/4282 4003/4020/4003
f 4282/4329/4282 3999/4018/3999 4003/4020/4003
f 3999/4018/3999 4256/4290/4256 3995/4014/3995
f 4256/4290/4256 3991/4011/3991 3995/4014/3995
f 4243/4522/4243 3987/4006/3987 3991/4011/3991
f 4230/4263/4230 3983/4004/3983 3987/4006/3987
f 3983/4004/3983 4204/4236/4204 3979/3999/3979
f 3979/3999/3979 4191/4523/4191 3975/3996/3975
f 3975/3996/3975 4178/4222/4178 3971/3992/3971
f 4178/4222/4178 3967/3989/3967 3971/3992/3971
f 3967/3989/3967 4152/4183/4152 3963/3986/3963
f 4152/4183/4152 3959/3982/3959 3963/3986/3963
f 4139/4524/4139 3955/3977/3955 3959/3982/3959
f 4126/4156/4126 3951/3975/3951 3955/3977/3955
f 3951/3975/3951 4100/4129/4100 3947/3970/3947
f 3947/3970/3947 4087/4525/4087 3943/3966/3943
f 3943/3966/3943 4074/4115/4074 3939/3962/3939
f 4074/4115/4074 3935/3963/3935 3939/3962/3939
f 4480/4526/4480 4483/4527/4483 4484/4528/4484
f 4480/4526/4480 4485/4529/4485 4481/4530/4481
f 4479/4531/4479 4482/4532/4482 4483/4527/4483
f 4484/4528/4484 4489/4533/4489 4485/4529/4485
f 4482/4532/4482 4487/4534/4487 4483/4527/4483
f 4483/4527/4483 4488/4535/4488 4484/4528/4484
f 4488/4535/4488 4493/4536/4493 4489/4533/4489
f 4487/4534/4487 4490/4537/4490 4491/4538/4491
f 4488/4535/4488 4491/4538/4491 4492/4539/4492
f 4493/4536/4493 4496/4540/4496 4497/4541/4497
f 4490/4537/4490 4495/4542/4495 4491/4538/4491
f 4491/4538/4491 4496/4540/4496 4492/4539/4492
f 4496/4540/4496 4501/4543/4501 4497/4541/4497
f 4495/4542/4495 4498/4544/4498 4499/4545/4499
f 4496/4540/4496 4499/4545/4499 4500/4546/4500
f 4501/4543/4501 4504/4547/4504 4505/4548/4505
f 4498/4544/4498 4503/4549/4503 4499/4545/4499
f 4499/4545/4499 4504/4547/4504 4500/4546/4500
f 4505/4548/4505 4508/4550/4508 4509/4551/4509
f 4503/4549/4503 4506/4552/4506 4507/4553/4507
f 4504/4547/4504 4507/4553/4507 4508/4550/4508
f 4509/4551/4509 4512/4554/4512 4513/4555/4513
f 4506/4552/4506 4511/4556/4511 4507/4553/4507
f 4507/4553/4507 4512/4554/4512 4508/4550/4508
f 4513/4555/4513 4516/4557/4516 4517/4558/4517
f 4511/4556/4511 4514/4559/4514 4515/4560/4515
f 4512/4554/4512 4515/4560/4515 4516/4557/4516
f 4516/4557/4516 4521/4561/4521 4517/4558/4517
f 4514/4559/4514 4519/4562/4519 4515/4560/4515
f 4515/4560/4515 4520/4563/4520 4516/4557/4516
f 4520/4563/4520 4525/4564/4525 4521/4561/4521
f 4518/4565/4518 4523/4566/4523 4519/4562/4519
f 4520/4563/4520 4523/4566/4523 4524/4567/4524
f 4525/4564/4525 4528/4568/4528 4529/4569/4529
f 4522/4570/4522 4527/4571/4527 4523/4566/4523
f 4523/4566/4523 4528/4568/4528 4524/4567/4524
f 4528/4568/4528 4533/4572/4533 4529/4569/4529
f 4527/4571/4527 4530/4573/4530 4531/4574/4531
f 4528/4568/4528 4531/4574/4531 4532/4575/4532
f 4533/4572/4533 4536/4576/4536 4537/4577/4537
f 4530/4573/4530 4535/4578/4535 4531/4574/4531
f 4531/4574/4531 4536/4576/4536 4532/4575/4532
f 4537/4577/4537 4540/4579/4540 4541/4580/4541
f 4534/4581/4534 4539/4582/4539 4535/4578/4535
f 4536/4576/4536 4539/4582/4539 4540/4579/4540
f 4541/4580/4541 4544/4583/4544 4545/4584/4545
f 4539/4582/4539 4542/4585/4542 4543/4586/4543
f 4539/4582/4539 4544/4583/4544 4540/4579/4540
f 4544/4583/4544 4549/4587/4549 4545/4584/4545
f 4542/4585/4542 4547/4588/4547 4543/4586/4543
f 4544/4583/4544 4547/4588/4547 4548/4589/4548
f 4548/4589/4548 4553/4590/4553 4549/4587/4549
f 4547/4588/4547 4550/4591/4550 4551/4592/4551
f 4547/4588/4547 4552/4593/4552 4548/4589/4548
f 4552/4593/4552 4557/4594/4557 4553/4590/4553
f 4551/4592/4551 4554/4595/4554 4555/4596/4555
f 4552/4593/4552 4555/4596/4555 4556/4597/4556
f 4557/4594/4557 4560/4598/4560 4561/4599/4561
f 4554/4595/4554 4559/4600/4559 4555/4596/4555
f 4555/4596/4555 4560/4598/4560 4556/4597/4556
f 4560/4598/4560 4565/4601/4565 4561/4599/4561
f 4559/4600/4559 4562/4602/4562 4563/4603/4563
f 4560/4598/4560 4563/4603/4563 4564/4604/4564
f 4565/4601/4565 4568/4605/4568 4569/4606/4569
f 4562/4602/4562 4567/4607/4567 4563/4603/4563
f 4563/4603/4563 4568/4605/4568 4564/4604/4564
f 4569/4606/4569 4572/4608/4572 4573/4609/4573
f 4567/4607/4567 4570/4610/4570 4571/4611/4571
f 4568/4605/4568 4571/4611/4571 4572/4608/4572
f 4572/4608/4572 4577/4612/4577 4573/4609/4573
f 4570/4610/4570 4575/4613/4575 4571/4611/4571
f 4571/4611/4571 4576/4614/4576 4572/4608/4572
f 4576/4614/4576 4581/4615/4581 4577/4612/4577
f 4575/4613/4575 4578/4616/4578 4579/4617/4579
f 4576/4614/4576 4579/4617/4579 4580/4618/4580
f 4580/4618/4580 4585/4619/4585 4581/4615/4581
f 4578/4616/4578 4583/4620/4583 4579/4617/4579
f 4579/4617/4579 4584/4621/4584 4580/4618/4580
f 4584/4621/4584 4589/4622/4589 4585/4619/4585
f 4583/4620/4583 4586/4623/4586 4587/4624/4587
f 4584/4621/4584 4587/4624/4587 4588/4625/4588
f 4589/4622/4589 4592/4626/4592 4593/4627/4593
f 4586/4623/4586 4591/4628/4591 4587/4624/4587
f 4587/4624/4587 4592/4626/4592 4588/4625/4588
f 4592/4626/4592 4597/4629/4597 4593/4627/4593
f 4591/4628/4591 4594/4630/4594 4595/4631/4595
f 4592/4626/4592 4595/4631/4595 4596/4632/4596
f 4597/4629/4597 4601/4633/4601 4602/4634/4602
f 4594/4630/4594 4600/4635/4600 4595/4631/4595
f 4595/4631/4595 4601/4633/4601 4596/4632/4596
f 4602/4634/4602 4605/4636/4605 4606/4637/4606
f 4600/4635/4600 4603/4638/4603 4604/4639/4604
f 4601/4633/4601 4604/4639/4604 4605/4636/4605
f 4478/4640/4478 4598/4641/4598 4482/4532/4482
f 4482/4532/4482 4598/4641/4598 4486/4642/4486
f 4486/4642/4486 4598/4641/4598 4490/4537/4490
f 4490/4537/4490 4598/4641/4598 4494/4643/4494
f 4494/4643/4494 4598/4641/4598 4498/4544/4498
f 4498/4544/4498 4598/4641/4598 4502/4644/4502
f 4502/4644/4502 4598/4641/4598 4506/4552/4506
f 4506/4552/4506 4598/4641/4598 4510/4645/4510
f 4510/4645/4510 4598/4641/4598 4514/4559/4514
f 4514/4559/4514 4598/4641/4598 4518/4565/4518
f 4518/4565/4518 4598/4641/4598 4522/4570/4522
f 4522/4570/4522 4598/4641/4598 4526/4646/4526
f 4526/4646/4526 4598/4641/4598 4530/4573/4530
f 4530/4573/4530 4598/4641/4598 4534/4581/4534
f 4534/4581/4534 4598/4641/4598 4538/4647/4538
f 4538/4647/4538 4598/4641/4598 4542/4585/4542
f 4542/4585/4542 4598/4641/4598 4546/4648/4546
f 4546/4648/4546 4598/4641/4598 4550/4591/4550
f 4550/4591/4550 4598/4641/4598 4554/4595/4554
f 4554/4595/4554 4598/4641/4598 4558/4649/4558
f 4558/4649/4558 4598/4641/4598 4562/4602/4562
f 4562/4602/4562 4598/4641/4598 4566/4650/4566
f 4566/4650/4566 4598/4641/4598 4570/4610/4570
f 4570/4610/4570 4598/4641/4598 4574/4651/4574
f 4574/4651/4574 4598/4641/4598 4578/4616/4578
f 4578/4616/4578 4598/4641/4598 4582/4652/4582
f 4582/4652/4582 4598/4641/4598 4586/4623/4586
f 4586/4623/4586 4598/4641/4598 4590/4653/4590
f 4590/4653/4590 4598/4641/4598 4594/4630/4594
f 4594/4630/4594 4598/4641/4598 4599/4654/4599
f 4599/4654/4599 4598/4641/4598 4603/4638/4603
f 4606/4637/4606 4480/4526/4480 4481/4530/4481
f 4603/4638/4603 4479/4531/4479 4604/4639/4604
f 4604/4639/4604 4480/4526/4480 4605/4636/4605
f 4603/4638/4603 4598/4641/4598 4478/4640/4478
f 4615/4655/4615 4627/4656/4627 4628/4657/4628
f 4612/4658/4612 4626/4659/4626 4613/4660/4613
f 4611/4661/4611 4623/4662/4623 4624/4663/4624
f 4609/4664/4609 4621/4665/4621 4622/4666/4622
f 4618/4667/4618 4630/4668/4630 4631/4669/4631
f 4615/4655/4615 4629/4670/4629 4616/4671/4616
f 4613/4660/4613 4627/4656/4627 4614/4672/4614
f 4612/4673/4612 4624/4663/4624 4625/4674/4625
f 4609/4664/4609 4623/4662/4623 4610/4675/4610
f 4607/4676/4607 4621/4665/4621 4608/4677/4608
f 4619/4678/4619 4631/4669/4631 4632/4679/4632
f 4617/4680/4617 4629/4670/4629 4630/4668/4630
f 4622/4666/4622 4636/4681/4636 4623/4662/4623
f 4620/4682/4620 4634/4683/4634 4621/4665/4621
f 4632/4679/4632 4644/4684/4644 4645/4685/4645
f 4629/4670/4629 4643/4686/4643 4630/4668/4630
f 4628/4657/4628 4640/4687/4640 4641/4688/4641
f 4626/4659/4626 4638/4689/4638 4639/4690/4639
f 4624/4663/4624 4636/4681/4636 4637/4691/4637
f 4622/4666/4622 4634/4683/4634 4635/4692/4635
f 4631/4669/4631 4643/4686/4643 4644/4684/4644
f 4628/4657/4628 4642/4693/4642 4629/4670/4629
f 4626/4659/4626 4640/4687/4640 4627/4656/4627
f 4624/4663/4624 4638/4694/4638 4625/4674/4625
f 4635/4692/4635 4649/4695/4649 4636/4681/4636
f 4634/4683/4634 4646/4696/4646 4647/4697/4647
f 4644/4684/4644 4658/4698/4658 4645/4685/4645
f 4642/4693/4642 4656/4699/4656 4643/4686/4643
f 4641/4688/4641 4653/4700/4653 4654/4701/4654
f 4639/4690/4639 4651/4702/4651 4652/4703/4652
f 4636/4681/4636 4650/4704/4650 4637/4691/4637
f 4635/4692/4635 4647/4697/4647 4648/4705/4648
f 4643/4686/4643 4657/4706/4657 4644/4684/4644
f 4642/4693/4642 4654/4701/4654 4655/4707/4655
f 4640/4687/4640 4652/4703/4652 4653/4700/4653
f 4637/4691/4637 4651/4708/4651 4638/4694/4638
f 4648/4705/4648 4662/4709/4662 4649/4695/4649
f 4646/4696/4646 4660/4710/4660 4647/4697/4647
f 4658/4698/4658 4670/4711/4670 4671/4712/4671
f 4656/4699/4656 4668/4713/4668 4669/4714/4669
f 4653/4700/4653 4667/4715/4667 4654/4701/4654
f 4651/4702/4651 4665/4716/4665 4652/4703/4652
f 4649/4695/4649 4663/4717/4663 4650/4704/4650
f 4648/4705/4648 4660/4710/4660 4661/4718/4661
f 4656/4699/4656 4670/4711/4670 4657/4706/4657
f 4654/4701/4654 4668/4713/4668 4655/4707/4655
f 4653/4700/4653 4665/4716/4665 4666/4719/4666
f 4651/4708/4651 4663/4717/4663 4664/4720/4664
f 4661/4718/4661 4675/4721/4675 4662/4709/4662
f 4660/4710/4660 4672/4722/4672 4673/4723/4673
f 4670/4711/4670 4684/4724/4684 4671/4712/4671
f 4668/4713/4668 4682/4725/4682 4669/4714/4669
f 4667/4715/4667 4679/4726/4679 4680/4727/4680
f 4665/4716/4665 4677/4728/4677 4678/4729/4678
f 4663/4717/4663 4675/4721/4675 4676/4730/4676
f 4661/4718/4661 4673/4723/4673 4674/4731/4674
f 4670/4711/4670 4682/4725/4682 4683/4732/4683
f 4667/4715/4667 4681/4733/4681 4668/4713/4668
f 4665/4716/4665 4679/4726/4679 4666/4719/4666
f 4663/4717/4663 4677/4734/4677 4664/4720/4664
f 4675/4721/4675 4687/4735/4687 4688/4736/4688
f 4672/4722/4672 4686/4737/4686 4673/4723/4673
f 4684/4724/4684 4696/4738/4696 4697/4739/4697
f 4682/4725/4682 4694/4740/4694 4695/4741/4695
f 4679/4726/4679 4693/4742/4693 4680/4727/4680
f 4678/4729/4678 4690/4743/4690 4691/4744/4691
f 4676/4730/4676 4688/4736/4688 4689/4745/4689
f 4673/4723/4673 4687/4735/4687 4674/4731/4674
f 4683/4732/4683 4695/4741/4695 4696/4738/4696
f 4681/4733/4681 4693/4742/4693 4694/4740/4694
f 4678/4729/4678 4692/4746/4692 4679/4726/4679
f 4676/4730/4676 4690/4747/4690 4677/4734/4677
f 4688/4736/4688 4700/4748/4700 4701/4749/4701
f 4686/4737/4686 4698/4750/4698 4699/4751/4699
f 4696/4738/4696 4710/4752/4710 4697/4739/4697
f 4695/4741/4695 4707/4753/4707 4708/4754/4708
f 4692/4746/4692 4706/4755/4706 4693/4742/4693
f 4691/4744/4691 4703/4756/4703 4704/4757/4704
f 4688/4736/4688 4702/4758/4702 4689/4745/4689
f 4686/4737/4686 4700/4748/4700 4687/4735/4687
f 4695/4741/4695 4709/4759/4709 4696/4738/4696
f 4694/4740/4694 4706/4755/4706 4707/4753/4707
f 4692/4746/4692 4704/4757/4704 4705/4760/4705
f 4689/4745/4689 4703/4761/4703 4690/4747/4690
f 4701/4749/4701 4713/4762/4713 4714/4763/4714
f 4699/4751/4699 4711/4764/4711 4712/4765/4712
f 4710/4752/4710 4722/4766/4722 4723/4767/4723
f 4707/4753/4707 4721/4768/4721 4708/4754/4708
f 4705/4760/4705 4719/4769/4719 4706/4755/4706
f 4704/4757/4704 4716/4770/4716 4717/4771/4717
f 4701/4749/4701 4715/4772/4715 4702/4758/4702
f 4699/4751/4699 4713/4762/4713 4700/4748/4700
f 4709/4759/4709 4721/4768/4721 4722/4766/4722
f 4707/4753/4707 4719/4769/4719 4720/4773/4720
f 4705/4760/4705 4717/4771/4717 4718/4774/4718
f 4702/4758/4702 4716/4775/4716 4703/4761/4703
f 4713/4762/4713 4727/4776/4727 4714/4763/4714
f 4711/4764/4711 4725/4777/4725 4712/4765/4712
f 4723/4767/4723 4735/4778/4735 4736/4779/4736
f 4721/4768/4721 4733/4780/4733 4734/4781/4734
f 4719/4769/4719 4731/4782/4731 4732/4783/4732
f 4716/4770/4716 4730/4784/4730 4717/4771/4717
f 4715/4772/4715 4727/4776/4727 4728/4785/4728
f 4713/4762/4713 4725/4777/4725 4726/4786/4726
f 4721/4768/4721 4735/4778/4735 4722/4766/4722
f 4719/4769/4719 4733/4780/4733 4720/4773/4720
f 4717/4771/4717 4731/4782/4731 4718/4774/4718
f 4716/4775/4716 4728/4785/4728 4729/4787/4729
f 4726/4786/4726 4740/4788/4740 4727/4776/4727
f 4724/4789/4724 4738/4790/4738 4725/4777/4725
f 4736/4779/4736 4748/4791/4748 4749/4792/4749
f 4733/4780/4733 4747/4793/4747 4734/4781/4734
f 4732/4783/4732 4744/4794/4744 4745/4795/4745
f 4730/4784/4730 4742/4796/4742 4743/4797/4743
f 4728/4785/4728 4740/4788/4740 4741/4798/4741
f 4726/4786/4726 4738/4790/4738 4739/4799/4739
f 4735/4778/4735 4747/4793/4747 4748/4791/4748
f 4732/4783/4732 4746/4800/4746 4733/4780/4733
f 4730/4784/4730 4744/4794/4744 4731/4782/4731
f 4728/4785/4728 4742/4801/4742 4729/4787/4729
f 4739/4799/4739 4753/4802/4753 4740/4788/4740
f 4738/4790/4738 4750/4803/4750 4751/4804/4751
f 4748/4791/4748 4762/4805/4762 4749/4792/4749
f 4746/4800/4746 4760/4806/4760 4747/4793/4747
f 4745/4795/4745 4757/4807/4757 4758/4808/4758
f 4743/4797/4743 4755/4809/4755 4756/4810/4756
f 4740/4788/4740 4754/4811/4754 4741/4798/4741
f 4739/4799/4739 4751/4804/4751 4752/4812/4752
f 4747/4793/4747 4761/4813/4761 4748/4791/4748
f 4745/4795/4745 4759/4814/4759 4746/4800/4746
f 4744/4794/4744 4756/4810/4756 4757/4807/4757
f 4741/4798/4741 4755/4815/4755 4742/4801/4742
f 4753/4802/4753 4765/4816/4765 4766/4817/4766
f 4750/4803/4750 4764/4818/4764 4751/4804/4751
f 4762/4805/4762 4774/4819/4774 4775/4820/4775
f 4759/4814/4759 4773/4821/4773 4760/4806/4760
f 4758/4808/4758 4770/4822/4770 4771/4823/4771
f 4755/4809/4755 4769/4824/4769 4756/4810/4756
f 4753/4802/4753 4767/4825/4767 4754/4811/4754
f 4752/4812/4752 4764/4818/4764 4765/4816/4765
f 4760/4806/4760 4774/4819/4774 4761/4813/4761
f 4758/4808/4758 4772/4826/4772 4759/4814/4759
f 4757/4807/4757 4769/4824/4769 4770/4822/4770
f 4755/4815/4755 4767/4825/4767 4768/4827/4768
f 4765/4816/4765 4779/4828/4779 4766/4817/4766
f 4764/4818/4764 4776/4829/4776 4777/4830/4777
f 4774/4819/4774 4788/4831/4788 4775/4820/4775
f 4772/4826/4772 4786/4832/4786 4773/4821/4773
f 4771/4823/4771 4783/4833/4783 4784/4834/4784
f 4769/4824/4769 4781/4835/4781 4782/4836/4782
f 4767/4825/4767 4779/4828/4779 4780/4837/4780
f 4765/4816/4765 4777/4830/4777 4778/4838/4778
f 4774/4819/4774 4786/4832/4786 4787/4839/4787
f 4771/4823/4771 4785/4840/4785 4772/4826/4772
f 4769/4824/4769 4783/4833/4783 4770/4822/4770
f 4767/4825/4767 4781/4841/4781 4768/4827/4768
f 4779/4828/4779 4791/4842/4791 4792/4843/4792
f 4776/4829/4776 4790/4844/4790 4777/4830/4777
f 4788/4831/4788 4800/4845/4800 4801/4846/4801
f 4786/4832/4786 4798/4847/4798 4799/4848/4799
f 4783/4833/4783 4797/4849/4797 4784/4834/4784
f 4782/4836/4782 4794/4850/4794 4795/4851/4795
f 4780/4837/4780 4792/4843/4792 4793/4852/4793
f 4777/4830/4777 4791/4842/4791 4778/4838/4778
f 4787/4839/4787 4799/4848/4799 4800/4845/4800
f 4785/4840/4785 4797/4849/4797 4798/4847/4798
f 4782/4836/4782 4796/4853/4796 4783/4833/4783
f 4780/4837/4780 4794/4854/4794 4781/4841/4781
f 4792/4843/4792 4804/4855/4804 4805/4856/4805
f 4790/4844/4790 4802/4857/4802 4803/4858/4803
f 4800/4845/4800 4814/4859/4814 4801/4846/4801
f 4799/4848/4799 4811/4860/4811 4812/4861/4812
f 4796/4853/4796 4810/4862/4810 4797/4849/4797
f 4795/4851/4795 4807/4863/4807 4808/4864/4808
f 4792/4843/4792 4806/4865/4806 4793/4852/4793
f 4790/4844/4790 4804/4855/4804 4791/4842/4791
f 4799/4848/4799 4813/4866/4813 4800/4845/4800
f 4798/4847/4798 4810/4862/4810 4811/4860/4811
f 4796/4853/4796 4808/4864/4808 4809/4867/4809
f 4793/4852/4793 4807/4868/4807 4794/4854/4794
f 4805/4856/4805 4817/4869/4817 4818/4870/4818
f 4803/4858/4803 4815/4871/4815 4816/4872/4816
f 4814/4859/4814 4826/4873/4826 4827/4874/4827
f 4811/4860/4811 4825/4875/4825 4812/4861/4812
f 4809/4867/4809 4823/4876/4823 4810/4862/4810
f 4808/4864/4808 4820/4877/4820 4821/4878/4821
f 4805/4856/4805 4819/4879/4819 4806/4865/4806
f 4803/4858/4803 4817/4869/4817 4804/4855/4804
f 4813/4866/4813 4825/4875/4825 4826/4873/4826
f 4811/4860/4811 4823/4876/4823 4824/4880/4824
f 4809/4867/4809 4821/4878/4821 4822/4881/4822
f 4806/4865/4806 4820/4882/4820 4807/4868/4807
f 4817/4869/4817 4831/4883/4831 4818/4870/4818
f 4815/4871/4815 4829/4884/4829 4816/4872/4816
f 4826/4873/4826 4840/4885/4840 4827/4874/4827
f 4825/4875/4825 4837/4886/4837 4838/4887/4838
f 4823/4876/4823 4835/4888/4835 4836/4889/4836
f 4820/4877/4820 4834/4890/4834 4821/4878/4821
f 4819/4879/4819 4831/4883/4831 4832/4891/4832
f 4817/4869/4817 4829/4884/4829 4830/4892/4830
f 4825/4875/4825 4839/4893/4839 4826/4873/4826
f 4823/4876/4823 4837/4886/4837 4824/4880/4824
f 4821/4878/4821 4835/4888/4835 4822/4881/4822
f 4820/4882/4820 4832/4891/4832 4833/4894/4833
f 4830/4892/4830 4844/4895/4844 4831/4883/4831
f 4828/4896/4828 4842/4897/4842 4829/4884/4829
f 4840/4885/4840 4852/4898/4852 4853/4899/4853
f 4837/4886/4837 4851/4900/4851 4838/4887/4838
f 4836/4889/4836 4848/4901/4848 4849/4902/4849
f 4834/4890/4834 4846/4903/4846 4847/4904/4847
f 4832/4891/4832 4844/4895/4844 4845/4905/4845
f 4830/4892/4830 4842/4897/4842 4843/4906/4843
f 4839/4893/4839 4851/4900/4851 4852/4898/4852
f 4836/4889/4836 4850/4907/4850 4837/4886/4837
f 4834/4890/4834 4848/4901/4848 4835/4888/4835
f 4832/4891/4832 4846/4908/4846 4833/4894/4833
f 4843/4906/4843 4857/4909/4857 4844/4895/4844
f 4842/4897/4842 4854/4910/4854 4855/4911/4855
f 4852/4898/4852 4866/4912/4866 4853/4899/4853
f 4850/4907/4850 4864/4913/4864 4851/4900/4851
f 4849/4902/4849 4861/4914/4861 4862/4915/4862
f 4847/4904/4847 4859/4916/4859 4860/4917/4860
f 4844/4895/4844 4858/4918/4858 4845/4905/4845
f 4843/4906/4843 4855/4911/4855 4856/4919/4856
f 4851/4900/4851 4865/4920/4865 4852/4898/4852
f 4849/4902/4849 4863/4921/4863 4850/4907/4850
f 4848/4901/4848 4860/4917/4860 4861/4914/4861
f 4845/4905/4845 4859/4922/4859 4846/4908/4846
f 4857/4909/4857 4869/4923/4869 4870/4924/4870
f 4855/4911/4855 4867/4925/4867 4868/4926/4868
f 4866/4912/4866 4878/4927/4878 4879/4928/4879
f 4864/4913/4864 4876/4929/4876 4877/4930/4877
f 4862/4915/4862 4874/4931/4874 4875/4932/4875
f 4859/4916/4859 4873/4933/4873 4860/4917/4860
f 4857/4909/4857 4871/4934/4871 4858/4918/4858
f 4856/4919/4856 4868/4926/4868 4869/4923/4869
f 4864/4913/4864 4878/4927/4878 4865/4920/4865
f 4862/4915/4862 4876/4929/4876 4863/4921/4863
f 4861/4914/4861 4873/4933/4873 4874/4931/4874
f 4859/4922/4859 4871/4934/4871 4872/4935/4872
f 4869/4923/4869 4883/4936/4883 4870/4924/4870
f 4868/4926/4868 4880/4937/4880 4881/4938/4881
f 4878/4927/4878 4892/4939/4892 4879/4928/4879
f 4877/4930/4877 4889/4940/4889 4890/4941/4890
f 4874/4931/4874 4888/4942/4888 4875/4932/4875
f 4873/4933/4873 4885/4943/4885 4886/4944/4886
f 4871/4934/4871 4883/4936/4883 4884/4945/4884
f 4868/4926/4868 4882/4946/4882 4869/4923/4869
f 4878/4927/4878 4890/4941/4890 4891/4947/4891
f 4876/4929/4876 4888/4942/4888 4889/4940/4889
f 4873/4933/4873 4887/4948/4887 4874/4931/4874
f 4871/4934/4871 4885/4949/4885 4872/4935/4872
f 4883/4936/4883 4896/4950/4896 4897/4951/4897
f 4880/4937/4880 4895/4952/4895 4881/4938/4881
f 4892/4939/4892 4905/4953/4905 4906/4954/4906
f 4890/4941/4890 4903/4955/4903 4904/4956/4904
f 4887/4948/4887 4902/4957/4902 4888/4942/4888
f 4885/4943/4885 4900/4958/4900 4886/4944/4886
f 4884/4945/4884 4897/4951/4897 4898/4959/4898
f 4881/4938/4881 4896/4950/4896 4882/4946/4882
f 4891/4947/4891 4904/4956/4904 4905/4953/4905
f 4889/4940/4889 4902/4957/4902 4903/4955/4903
f 4886/4944/4886 4901/4960/4901 4887/4948/4887
f 4885/4949/4885 4898/4959/4898 4899/4961/4899
f 4897/4951/4897 4909/4962/4909 4910/4963/4910
f 4895/4952/4895 4907/4964/4907 4908/4965/4908
f 4905/4953/4905 4919/4966/4919 4906/4954/4906
f 4904/4956/4904 4916/4967/4916 4917/4968/4917
f 4901/4960/4901 4915/4969/4915 4902/4957/4902
f 4899/4970/4899 4913/4971/4913 4900/4958/4900
f 4897/4951/4897 4911/4972/4911 4898/4959/4898
f 4895/4952/4895 4909/4962/4909 4896/4950/4896
f 4904/4956/4904 4918/4973/4918 4905/4953/4905
f 4903/4955/4903 4915/4969/4915 4916/4967/4916
f 4901/4960/4901 4913/4971/4913 4914/4974/4914
f 4899/4961/4899 4911/4972/4911 4912/4975/4912
f 4910/4963/4910 4922/4976/4922 4923/4977/4923
f 4908/4965/4908 4920/4978/4920 4921/4979/4921
f 4919/4966/4919 4931/4980/4931 4932/4981/4932
f 4916/4967/4916 4930/4982/4930 4917/4968/4917
f 4914/4974/4914 4928/4983/4928 4915/4969/4915
f 4913/4971/4913 4925/4984/4925 4926/4985/4926
f 4910/4963/4910 4924/4986/4924 4911/4972/4911
f 4908/4965/4908 4922/4976/4922 4909/4962/4909
f 4918/4973/4918 4930/4982/4930 4931/4980/4931
f 4916/4967/4916 4928/4983/4928 4929/4987/4929
f 4914/4974/4914 4926/4985/4926 4927/4988/4927
f 4911/4972/4911 4925/4989/4925 4912/4975/4912
f 4922/4976/4922 4936/4990/4936 4923/4977/4923
f 4920/4978/4920 4934/4991/4934 4921/4979/4921
f 4931/4980/4931 4945/4992/4945 4932/4981/4932
f 4930/4982/4930 4942/4993/4942 4943/4994/4943
f 4928/4983/4928 4940/4995/4940 4941/4996/4941
f 4925/4984/4925 4939/4997/4939 4926/4985/4926
f 4924/4986/4924 4936/4990/4936 4937/4998/4937
f 4922/4976/4922 4934/4991/4934 4935/4999/4935
f 4930/4982/4930 4944/5000/4944 4931/4980/4931
f 4928/4983/4928 4942/4993/4942 4929/4987/4929
f 4926/4985/4926 4940/4995/4940 4927/4988/4927
f 4925/4989/4925 4937/4998/4937 4938/5001/4938
f 4935/4999/4935 4949/5002/4949 4936/4990/4936
f 4933/5003/4933 4947/5004/4947 4934/4991/4934
f 4945/4992/4945 4957/5005/4957 4958/5006/4958
f 4942/4993/4942 4956/5007/4956 4943/4994/4943
f 4941/4996/4941 4953/5008/4953 4954/5009/4954
f 4938/5010/4938 4952/5011/4952 4939/4997/4939
f 4937/4998/4937 4949/5002/4949 4950/5012/4950
f 4935/4999/4935 4947/5004/4947 4948/5013/4948
f 4944/5000/4944 4956/5007/4956 4957/5005/4957
f 4941/4996/4941 4955/5014/4955 4942/4993/4942
f 4939/4997/4939 4953/5008/4953 4940/4995/4940
f 4938/5001/4938 4950/5012/4950 4951/5015/4951
f 4948/5013/4948 4962/5016/4962 4949/5002/4949
f 4947/5004/4947 4959/5017/4959 4960/5018/4960
f 4957/5005/4957 4971/5019/4971 4958/5006/4958
f 4955/5014/4955 4969/5020/4969 4956/5007/4956
f 4954/5009/4954 4966/5021/4966 4967/5022/4967
f 4951/5023/4951 4965/5024/4965 4952/5011/4952
f 4949/5002/4949 4963/5025/4963 4950/5012/4950
f 4948/5013/4948 4960/5018/4960 4961/5026/4961
f 4956/5007/4956 4970/5027/4970 4957/5005/4957
f 4954/5009/4954 4968/5028/4968 4955/5014/4955
f 4953/5008/4953 4965/5024/4965 4966/5021/4966
f 4951/5015/4951 4963/5025/4963 4964/5029/4964
f 4962/5016/4962 4974/5030/4974 4975/5031/4975
f 4959/5017/4959 4973/5032/4973 4960/5018/4960
f 4971/5019/4971 4983/5033/4983 4984/5034/4984
f 4968/5028/4968 4982/5035/4982 4969/5020/4969
f 4966/5021/4966 4980/5036/4980 4967/5022/4967
f 4964/5037/4964 4978/5038/4978 4965/5024/4965
f 4962/5016/4962 4976/5039/4976 4963/5025/4963
f 4960/5018/4960 4974/5030/4974 4961/5026/4961
f 4969/5020/4969 4983/5033/4983 4970/5027/4970
f 4967/5022/4967 4981/5040/4981 4968/5028/4968
f 4966/5021/4966 4978/5038/4978 4979/5041/4979
f 4964/5029/4964 4976/5039/4976 4977/5042/4977
f 4975/5031/4975 4987/5043/4987 4988/5044/4988
f 4973/5032/4973 4985/5045/4985 4986/5046/4986
f 4983/5033/4983 4997/5047/4997 4984/5034/4984
f 4981/5040/4981 4995/5048/4995 4982/5035/4982
f 4979/5041/4979 4993/5049/4993 4980/5036/4980
f 4978/5038/4978 4990/5050/4990 4991/5051/4991
f 4976/5039/4976 4988/5044/4988 4989/5052/4989
f 4973/5032/4973 4987/5043/4987 4974/5030/4974
f 4983/5033/4983 4995/5048/4995 4996/5053/4996
f 4981/5040/4981 4993/5049/4993 4994/5054/4994
f 4978/5038/4978 4992/5055/4992 4979/5041/4979
f 4976/5039/4976 4990/5056/4990 4977/5042/4977
f 4988/5044/4988 5000/5057/5000 5001/5058/5001
f 4985/5045/4985 4999/5059/4999 4986/5046/4986
f 4997/5047/4997 5009/5060/5009 5010/5061/5010
f 4995/5048/4995 5007/5062/5007 5008/5063/5008
f 4992/5055/4992 5006/5064/5006 4993/5049/4993
f 4991/5051/4991 5003/5065/5003 5004/5066/5004
f 4989/5052/4989 5001/5058/5001 5002/5067/5002
f 4986/5046/4986 5000/5057/5000 4987/5043/4987
f 4996/5053/4996 5008/5063/5008 5009/5060/5009
f 4994/5054/4994 5006/5064/5006 5007/5062/5007
f 4991/5051/4991 5005/5068/5005 4992/5055/4992
f 4989/5052/4989 5003/5069/5003 4990/5056/4990
f 5001/5058/5001 5013/5070/5013 5014/5071/5014
f 4999/5059/4999 5011/5072/5011 5012/5073/5012
f 5009/5060/5009 5023/5074/5023 5010/5061/5010
f 5008/5063/5008 5020/5075/5020 5021/5076/5021
f 5005/5068/5005 5019/5077/5019 5006/5064/5006
f 5004/5066/5004 5016/5078/5016 5017/5079/5017
f 5001/5058/5001 5015/5080/5015 5002/5067/5002
f 4999/5059/4999 5013/5070/5013 5000/5057/5000
f 5008/5063/5008 5022/5081/5022 5009/5060/5009
f 5007/5062/5007 5019/5077/5019 5020/5075/5020
f 5005/5068/5005 5017/5079/5017 5018/5082/5018
f 5002/5067/5002 5016/5083/5016 5003/5069/5003
f 4893/5084/4893 4619/4678/4619 4632/4679/4632
f 4893/5084/4893 4632/4679/4632 4645/4685/4645
f 4893/5084/4893 4645/4685/4645 4658/4698/4658
f 4893/5084/4893 4658/4698/4658 4671/4712/4671
f 4893/5084/4893 4671/4712/4671 4684/4724/4684
f 4893/5084/4893 4684/4724/4684 4697/4739/4697
f 4893/5084/4893 4697/4739/4697 4710/4752/4710
f 4893/5084/4893 4710/4752/4710 4723/4767/4723
f 4893/5084/4893 4723/4767/4723 4736/4779/4736
f 4893/5084/4893 4736/4779/4736 4749/4792/4749
f 4893/5084/4893 4749/4792/4749 4762/4805/4762
f 4893/5084/4893 4762/4805/4762 4775/4820/4775
f 4893/5084/4893 4775/4820/4775 4788/4831/4788
f 4893/5084/4893 4788/4831/4788 4801/4846/4801
f 4893/5084/4893 4801/4846/4801 4814/4859/4814
f 4893/5084/4893 4814/4859/4814 4827/4874/4827
f 4893/5084/4893 4827/4874/4827 4840/4885/4840
f 4893/5084/4893 4840/4885/4840 4853/4899/4853
f 4893/5084/4893 4853/4899/4853 4866/4912/4866
f 4893/5084/4893 4866/4912/4866 4879/4928/4879
f 4893/5084/4893 4879/4928/4879 4892/4939/4892
f 4893/5084/4893 4892/4939/4892 4906/4954/4906
f 4893/5084/4893 4906/4954/4906 4919/4966/4919
f 4893/5084/4893 4919/4966/4919 4932/4981/4932
f 4893/5084/4893 4932/4981/4932 4945/4992/4945
f 4893/5084/4893 4945/4992/4945 4958/5006/4958
f 4893/5084/4893 4958/5006/4958 4971/5019/4971
f 4893/5084/4893 4971/5019/4971 4984/5034/4984
f 4893/5084/4893 4984/5034/4984 4997/5047/4997
f 4893/5084/4893 4997/5047/4997 5010/5061/5010
f 4893/5084/4893 5010/5061/5010 5023/5074/5023
f 5014/5071/5014 4609/4664/4609 4610/4675/4610
f 5012/5073/5012 4607/4676/4607 4608/4677/4608
f 5022/5081/5022 4619/4678/4619 5023/5074/5023
f 5020/5075/5020 4617/4680/4617 5021/5076/5021
f 5018/5082/5018 4615/4655/4615 5019/5077/5019
f 5017/5079/5017 4612/4658/4612 4613/4660/4613
f 5014/5071/5014 4611/4661/4611 5015/5080/5015
f 5012/5073/5012 4609/4664/4609 5013/5070/5013
f 4893/5084/4893 5023/5074/5023 4619/4678/4619
f 5021/5076/5021 4618/4667/4618 5022/5081/5022
f 5020/5075/5020 4615/4655/4615 4616/4671/4616
f 5018/5082/5018 4613/4660/4613 4614/4672/4614
f 5015/5080/5015 4612/4673/4612 5016/5083/5016
f 4481/4530/4481 5011/5072/5011 4606/4637/4606
f 5011/5072/5011 4602/4634/4602 4606/4637/4606
f 4998/5085/4998 4597/4629/4597 4602/4634/4602
f 4985/5045/4985 4593/4627/4593 4597/4629/4597
f 4593/4627/4593 4959/5017/4959 4589/4622/4589
f 4589/4622/4589 4946/5086/4946 4585/4619/4585
f 4585/4619/4585 4933/5003/4933 4581/4615/4581
f 4933/5003/4933 4577/4612/4577 4581/4615/4581
f 4577/4612/4577 4907/4964/4907 4573/4609/4573
f 4907/4964/4907 4569/4606/4569 4573/4609/4573
f 4894/5087/4894 4565/4601/4565 4569/4606/4569
f 4880/4937/4880 4561/4599/4561 4565/4601/4565
f 4561/4599/4561 4854/4910/4854 4557/4594/4557
f 4557/4594/4557 4841/5088/4841 4553/4590/4553
f 4553/4590/4553 4828/4896/4828 4549/4587/4549
f 4828/4896/4828 4545/4584/4545 4549/4587/4549
f 4545/4584/4545 4802/4857/4802 4541/4580/4541
f 4802/4857/4802 4537/4577/4537 4541/4580/4541
f 4789/5089/4789 4533/4572/4533 4537/4577/4537
f 4776/4829/4776 4529/4569/4529 4533/4572/4533
f 4529/4569/4529 4750/4803/4750 4525/4564/4525
f 4525/4564/4525 4737/5090/4737 4521/4561/4521
f 4521/4561/4521 4724/4789/4724 4517/4558/4517
f 4724/4789/4724 4513/4555/4513 4517/4558/4517
f 4513/4555/4513 4698/4750/4698 4509/4551/4509
f 4698/4750/4698 4505/4548/4505 4509/4551/4509
f 4685/5091/4685 4501/4543/4501 4505/4548/4505
f 4672/4722/4672 4497/4541/4497 4501/4543/4501
f 4497/4541/4497 4646/4696/4646 4493/4536/4493
f 4493/4536/4493 4633/5092/4633 4489/4533/4489
f 4489/4533/4489 4620/4682/4620 4485/4529/4485
f 4620/4682/4620 4481/4530/4481 4485/4529/4485
f 4/1/4 3/223/3 2/2/2
f 8/4/8 7/2726/7 6/5/6
f 13/7/13 16/2228/16 15/8/15
f 17/10/17 28/2112/28 19/11/19
f 32/13/32 31/317/31 30/14/30
f 36/16/36 35/1785/35 34/17/34
f 37/19/37 40/1305/40 39/20/39
f 21/22/21 22/1250/22 23/23/23
f 25/25/25 26/2732/26 27/26/27
f 41/28/41 44/140/44 43/29/43
f 48/31/48 47/191/47 46/32/46
f 52/34/52 51/432/51 50/35/50
f 53/37/53 56/161/56 55/38/55
f 60/40/60 59/62/59 58/41/58
f 29/15/29 30/14/30 62/43/62
f 66/45/66 65/486/65 64/46/64
f 67/48/67 5/6/5 6/5/6
f 72/50/72 71/1955/71 70/51/70
f 76/53/76 75/2762/75 74/54/74
f 77/56/77 80/312/80 79/57/79
f 81/59/81 84/970/84 83/60/83
f 59/62/59 87/78/87 86/63/86
f 88/65/88 91/2877/91 90/66/90
f 96/68/96 95/387/95 94/69/94
f 100/71/100 99/1067/99 98/72/98
f 101/74/101 104/2810/104 103/75/103
f 106/77/106 105/111/105 34/17/34
f 108/79/108 116/109/116 115/80/115
f 117/82/117 119/194/119 36/16/36
f 124/84/124 127/99/127 126/85/126
f 131/87/131 130/1157/130 129/88/129
f 132/90/132 102/76/102 134/91/134
f 142/93/142 141/174/141 140/94/140
f 148/96/148 106/77/106 60/40/60
f 144/98/144 143/253/143 127/99/127
f 149/100/149 152/1441/152 151/101/151
f 156/103/156 155/357/155 154/104/154
f 159/106/159 150/102/150 158/107/158
f 116/109/116 108/79/108 164/110/164
f 171/112/171 170/179/170 169/113/169
f 174/115/174 126/85/126 173/116/173
f 179/118/179 182/255/182 181/119/181
f 186/121/186 189/319/189 188/122/188
f 194/124/194 197/1314/197 196/125/196
f 199/127/199 142/93/142 139/95/139
f 206/129/206 209/215/209 208/130/208
f 213/132/213 212/173/212 211/133/211
f 202/135/202 215/2820/215 214/136/214
f 96/68/96 93/70/93 216/138/216
f 92/139/92 238/180/238 43/29/43
f 97/73/97 184/374/184 246/141/246
f 250/142/250 249/165/249 229/143/229
f 252/145/252 254/244/254 58/41/58
f 258/147/258 257/1193/257 256/148/256
f 260/150/260 91/2877/91 229/143/229
f 110/152/110 111/3492/111 112/153/112
f 114/155/114 264/1147/264 263/156/263
f 265/158/265 268/1008/268 267/159/267
f 56/161/56 53/37/53 270/162/270
f 274/164/274 273/1163/273 249/165/249
f 185/166/185 183/211/183 63/47/63
f 280/167/280 279/1030/279 278/168/278
f 285/170/285 284/224/284 283/171/283
f 288/172/288 219/464/219 211/133/211
f 141/174/141 142/93/142 92/139/92
f 289/175/289 290/393/290 175/176/175
f 148/96/148 116/109/116 105/111/105
f 312/178/312 311/1436/311 170/179/170
f 238/180/238 262/335/262 42/30/42
f 318/181/318 163/213/163 160/182/160
f 310/184/310 309/1031/309 308/185/308
f 241/187/241 239/1191/239 325/188/325
f 160/182/160 230/314/230 240/190/240
f 47/191/47 48/31/48 307/186/307
f 108/79/108 109/157/109 315/192/315
f 345/193/345 85/64/85 86/63/86
f 348/195/348 351/246/351 350/196/350
f 356/198/356 359/260/359 358/199/358
f 355/201/355 354/1346/354 353/202/353
f 363/204/363 31/317/31 32/13/32
f 364/206/364 252/145/252 253/146/253
f 366/208/366 125/86/125 368/209/368
f 183/211/183 372/1217/372 371/212/371
f 163/213/163 162/2842/162 161/214/161
f 209/215/209 226/1051/226 101/74/101
f 378/216/378 377/474/377 165/217/165
f 379/219/379 295/1840/295 381/220/381
f 383/222/383 382/1281/382 3/223/3
f 284/224/284 285/170/285 386/225/386
f 387/227/387 127/99/127 389/228/389
f 391/230/391 259/151/259 229/143/229
f 73/55/73 281/282/281 397/231/397
f 405/233/405 408/248/408 407/234/407
f 203/236/203 218/1212/218 411/237/411
f 414/239/414 121/2834/121 413/240/413
f 1/3/1 356/198/356 357/200/357
f 277/242/277 276/169/276 131/87/131
f 254/244/254 344/1005/344 57/42/57
f 358/199/358 384/1463/384 415/245/415
f 417/247/417 416/336/416 386/225/386
f 401/249/401 400/386/400 192/250/192
f 419/252/419 389/228/389 127/99/127
f 421/254/421 181/119/181 182/255/182
f 103/75/103 301/438/301 302/257/302
f 428/259/428 367/210/367 368/209/368
f 380/221/380 390/290/390 359/260/359
f 62/43/62 204/1809/204 266/160/266
f 140/94/140 141/174/141 431/262/431
f 357/200/357 358/199/358 351/246/351
f 356/198/356 1/3/1 379/219/379
f 415/245/415 392/1289/392 403/264/403
f 437/266/437 428/259/428 436/267/436
f 438/269/438 441/2805/441 440/270/440
f 188/122/188 451/320/451 450/272/450
f 265/158/265 455/469/455 181/119/181
f 224/277/224 185/166/185 64/46/64
f 237/279/237 212/173/212 213/132/213
f 275/243/275 131/87/131 128/89/128
f 281/282/281 282/286/282 460/283/460
f 50/35/50 462/1094/462 79/57/79
f 73/55/73 74/54/74 282/286/282
f 468/287/468 467/410/467 466/288/466
f 390/290/390 355/201/355 352/203/352
f 482/291/482 485/1641/485 484/292/484
f 489/294/489 488/414/488 487/295/487
f 493/297/493 496/402/496 495/298/495
f 472/300/472 471/1426/471 470/301/470
f 502/303/502 501/456/501 500/304/500
f 220/306/220 221/2566/221 222/307/222
f 512/309/512 419/252/419 143/253/143
f 518/310/518 517/1897/517 511/311/511
f 513/313/513 239/1191/239 230/314/230
f 205/316/205 30/14/30 31/317/31
f 189/319/189 370/434/370 451/320/451
f 163/213/163 318/181/318 532/321/532
f 533/322/533 224/277/224 225/278/225
f 446/324/446 448/1848/448 447/325/447
f 335/326/335 541/382/541 540/327/540
f 544/329/544 512/309/512 546/330/546
f 329/332/329 519/475/519 291/333/291
f 199/127/199 534/1141/534 262/335/262
f 385/226/385 386/225/386 416/336/416
f 532/321/532 190/1168/190 191/338/191
f 363/204/363 117/82/117 118/83/118
f 578/342/578 581/383/581 580/343/580
f 573/345/573 572/1416/572 571/346/571
f 561/348/561 563/968/563 562/349/562
f 241/187/241 260/150/260 259/151/259
f 590/351/590 593/2023/593 592/352/592
f 545/331/545 546/330/546 595/354/595
f 503/356/503 154/104/154 155/357/155
f 606/359/606 625/1940/625 624/360/624
f 478/362/478 481/404/481 480/363/480
f 646/365/646 649/1935/649 648/366/648
f 590/351/590 591/353/591 689/368/689
f 564/370/564 565/1310/565 651/371/651
f 728/373/728 246/141/246 184/374/184
f 714/376/714 724/2057/724 716/377/716
f 692/379/692 574/391/574 575/380/575
f 541/382/541 335/326/335 581/383/581
f 346/384/346 68/49/68 248/385/248
f 161/214/161 231/1059/231 230/314/230
f 128/89/128 129/88/129 94/69/94
f 698/388/698 705/2159/705 704/389/704
f 574/391/574 577/3099/577 576/392/576
f 290/393/290 289/175/289 401/249/401
f 630/395/630 631/1316/631 725/396/725
f 733/398/733 736/2821/736 735/399/735
f 755/401/755 466/288/466 496/402/496
f 759/403/759 480/363/480 481/404/481
f 757/406/757 763/2211/763 762/407/762
f 764/409/764 496/402/496 466/288/466
f 768/411/768 767/1656/767 3808/412/3808
f 759/403/759 760/405/760 488/414/488
f 492/415/492 474/418/474 475/416/475
f 474/418/474 770/1901/770 769/419/769
f 773/421/773 468/287/468 465/289/465
f 771/417/771 774/425/774 486/296/486
f 484/292/484 485/1641/485 775/423/775
f 774/425/774 776/1419/776 489/294/489
f 495/298/495 496/402/496 764/409/764
f 495/298/495 757/406/757 761/408/761
f 137/427/137 397/231/397 784/428/784
f 325/188/325 239/1191/239 797/430/797
f 165/217/165 519/475/519 51/432/51
f 369/433/369 32/13/32 29/15/29
f 730/435/730 731/1875/731 568/436/568
f 90/66/90 302/257/302 301/438/301
f 243/340/243 118/83/118 516/439/516
f 800/441/800 734/400/734 806/442/806
f 817/444/817 815/451/815 808/445/808
f 816/446/816 808/445/808 823/447/823
f 306/449/306 303/1201/303 447/325/447
f 815/451/815 810/515/810 809/452/809
f 829/453/829 830/472/830 828/454/828
f 726/397/726 725/396/725 501/456/501
f 274/164/274 427/280/427 424/457/424
f 879/459/879 882/1252/882 881/460/881
f 884/462/884 883/1843/883 879/459/879
f 219/464/219 218/1212/218 217/465/217
f 906/466/906 905/673/905 904/467/904
f 455/469/455 204/1809/204 205/316/205
f 898/471/898 882/1252/882 830/472/830
f 903/473/903 900/484/900 880/461/880
f 377/474/377 291/333/291 519/475/519
f 923/476/923 949/553/949 948/477/948
f 946/478/946 947/488/947 951/479/951
f 3519/481/3519 740/1934/740 739/482/739
f 900/484/900 899/2835/899 886/485/886
f 225/278/225 64/46/64 65/486/65
f 182/255/182 445/1129/445 442/487/442
f 809/452/809 952/1297/952 947/488/947
f 954/490/954 960/3494/960 962/491/962
f 927/493/927 950/480/950 965/494/965
f 885/463/885 879/459/879 880/461/880
f 925/496/925 927/493/927 966/495/966
f 343/498/343 342/1502/342 341/499/341
f 965/494/965 964/1798/964 971/501/971
f 968/502/968 971/501/971 970/503/970
f 972/505/972 968/502/968 969/504/969
f 963/507/963 961/492/961 981/508/981
f 336/510/336 337/3449/337 338/511/338
f 992/513/992 993/1797/993 827/514/827
f 810/515/810 815/451/815 996/516/996
f 1007/518/1007 1001/1986/1001 1002/519/1002
f 1012/521/1012 826/678/826 827/514/827
f 1011/523/1011 1009/522/1009 1007/518/1007
f 294/524/294 293/1088/293 292/334/292
f 907/525/907 908/716/908 920/526/920
f 1017/528/1017 579/344/579 1019/529/1019
f 1020/531/1020 1023/593/1023 1022/532/1022
f 1035/534/1035 1024/614/1024 1020/531/1020
f 1061/536/1061 1060/608/1060 1047/537/1047
f 1063/539/1063 1061/536/1061 1046/538/1046
f 1044/535/1044 1020/531/1020 1021/533/1021
f 1102/542/1102 1094/552/1094 1097/543/1097
f 1116/545/1116 1126/561/1126 1118/546/1118
f 1016/548/1016 1015/616/1015 1014/549/1014
f 881/460/881 897/468/897 904/467/904
f 816/446/816 1116/545/1116 1127/551/1127
f 1094/552/1094 948/477/948 949/553/949
f 514/554/514 342/1502/342 167/555/167
f 146/557/146 145/1011/145 81/59/81
f 1133/558/1133 1135/2261/1135 1130/559/1130
f 1102/542/1102 1133/558/1133 1126/561/1126
f 822/448/822 1126/561/1126 1116/545/1116
f 1145/562/1145 1143/1862/1143 1148/563/1148
f 1076/565/1076 1144/578/1144 1151/566/1151
f 1148/563/1148 1143/1862/1143 1086/568/1086
f 1109/544/1109 1097/543/1097 1114/570/1114
f 1154/571/1154 1153/574/1153 1156/572/1156
f 1153/574/1153 925/496/925 967/497/967
f 3464/575/3464 3497/1438/3497 463/576/463
f 1144/578/1144 1147/586/1147 1152/579/1152
f 1156/572/1156 967/497/967 1163/580/1163
f 1164/582/1164 1162/581/1162 1169/583/1169
f 1145/562/1145 1171/587/1171 1176/585/1176
f 1114/570/1114 1115/1585/1115 1154/571/1154
f 1183/588/1183 1155/573/1155 1164/582/1164
f 1184/590/1184 1183/588/1183 1177/589/1177
f 1069/567/1069 1151/566/1151 1062/540/1062
f 1023/593/1023 1191/597/1191 1194/594/1194
f 1162/581/1162 1163/580/1163 1170/595/1170
f 1195/596/1195 1184/590/1184 1185/591/1185
f 1183/588/1183 1196/599/1196 1176/585/1176
f 1201/598/1201 1063/539/1063 1152/579/1152
f 1061/536/1061 1063/539/1063 1201/598/1201
f 3825/601/3825 847/624/847 843/602/843
f 1203/604/1203 1202/600/1202 1195/596/1195
f 1202/600/1202 1201/598/1201 1184/590/1184
f 1218/606/1218 1060/608/1060 1203/604/1203
f 1060/608/1060 1061/536/1061 1202/600/1202
f 1225/609/1225 1218/606/1218 1217/607/1217
f 671/611/671 695/2132/695 694/612/694
f 1219/610/1219 1217/607/1217 1024/614/1024
f 1217/607/1217 1203/604/1203 1034/605/1034
f 1226/615/1226 1014/549/1014 1015/616/1015
f 1243/618/1243 1242/650/1242 1234/619/1234
f 1231/621/1231 1230/3955/1230 1229/622/1229
f 847/624/847 1243/618/1243 1233/620/1233
f 843/602/843 1233/620/1233 1244/625/1244
f 1233/620/1233 1234/619/1234 1245/627/1245
f 1923/628/1923 3761/2110/3761 233/629/233
f 2100/630/2100 2108/3944/2108 499/305/499
f 3914/631/3914 3864/2180/3864 2135/632/2135
f 61/44/61 62/43/62 323/261/323
f 210/134/210 211/133/211 217/465/217
f 1299/636/1299 1310/646/1310 1309/637/1309
f 3863/639/3863 1230/3955/1230 1231/621/1231
f 1066/641/1066 1047/537/1047 1321/642/1321
f 1322/643/1322 1321/642/1321 1228/623/1228
f 1060/608/1060 1218/606/1218 1321/642/1321
f 1325/644/1325 1324/1924/1324 1323/645/1323
f 1244/625/1244 1245/627/1245 1332/647/1332
f 1290/649/1290 1234/619/1234 1242/650/1242
f 1337/652/1337 1330/648/1330 1339/653/1339
f 1330/648/1330 1332/647/1332 1340/655/1340
f 1341/656/1341 1332/647/1332 1245/627/1245
f 1342/658/1342 1340/655/1340 1332/647/1332
f 1343/659/1343 1342/658/1342 1341/656/1341
f 1344/660/1344 1341/656/1341 1294/657/1294
f 3857/662/3857 3856/666/3856 1345/663/1345
f 1347/665/1347 1348/669/1348 1342/658/1342
f 3856/666/3856 3854/1793/3854 1295/667/1295
f 1349/668/1349 1350/704/1350 1348/669/1348
f 3861/670/3861 1349/668/1349 1347/665/1347
f 3853/671/3853 1347/665/1347 1343/659/1343
f 906/466/906 898/471/898 829/453/829
f 905/673/905 906/466/906 1353/672/1353
f 865/675/865 1356/679/1356 1355/676/1355
f 1355/676/1355 1353/672/1353 829/453/829
f 1357/677/1357 1355/676/1355 825/455/825
f 1356/679/1356 1354/674/1354 1353/672/1353
f 3834/680/3834 1337/652/1337 1338/654/1338
f 866/682/866 1358/683/1358 1356/679/1356
f 1358/683/1358 1359/706/1359 1354/674/1354
f 3828/684/3828 878/626/878 1337/652/1337
f 838/685/838 1362/2226/1362 1012/521/1012
f 1363/687/1363 1364/2125/1364 1338/654/1338
f 1368/688/1368 1363/687/1363 1339/653/1339
f 1348/669/1348 1368/688/1368 1340/655/1340
f 1371/689/1371 1369/699/1369 3824/690/3824
f 524/692/524 525/1846/525 526/693/526
f 528/695/528 529/2725/529 530/696/530
f 1372/698/1372 1370/705/1370 1369/699/1369
f 535/700/535 536/2750/536 537/701/537
f 1367/703/1367 1368/688/1368 1348/669/1348
f 1370/705/1370 1354/674/1354 1359/706/1359
f 1369/699/1369 1359/706/1359 3833/681/3833
f 1373/707/1373 910/712/910 903/473/903
f 555/708/555 556/1166/556 557/709/557
f 1374/711/1374 909/1139/909 910/712/910
f 1373/707/1373 904/467/904 905/673/905
f 1374/711/1374 1373/707/1373 1375/713/1375
f 1375/713/1375 905/673/905 1354/674/1354
f 1378/715/1378 920/526/920 908/716/908
f 376/718/376 373/2850/373 651/371/651
f 1388/720/1388 928/2032/928 973/506/973
f 586/721/586 587/1197/587 588/722/588
f 1390/724/1390 1389/2037/1389 1388/720/1388
f 1391/725/1391 1388/720/1388 969/504/969
f 597/726/597 598/2341/598 599/727/599
f 600/729/600 601/966/601 602/730/602
f 1392/732/1392 1391/725/1391 970/503/970
f 608/734/608 609/770/609 610/735/610
f 612/737/612 524/692/524 523/694/523
f 614/739/614 615/1156/615 616/740/616
f 617/742/617 618/2279/618 25/25/25
f 620/743/620 621/1309/621 622/744/622
f 1397/746/1397 1390/724/1390 1391/725/1391
f 1398/747/1398 1397/746/1397 1392/732/1392
f 1400/749/1400 987/1613/987 920/526/920
f 1402/750/1402 1403/760/1403 1165/584/1165
f 636/751/636 637/2749/637 638/752/638
f 930/754/930 1404/759/1404 1402/750/1402
f 641/756/641 642/2787/642 643/757/643
f 929/755/929 1402/750/1402 1169/583/1169
f 1404/759/1404 1405/844/1405 1403/760/1403
f 1411/761/1411 1366/2126/1366 1365/762/1365
f 1412/764/1412 1406/763/1406 1415/765/1415
f 652/767/652 653/869/653 654/768/654
f 609/770/609 656/1206/656 657/771/657
f 659/773/659 660/2839/660 661/774/661
f 558/710/558 663/1020/663 586/721/586
f 665/776/665 666/2278/666 667/777/667
f 1413/779/1413 1411/761/1411 1406/763/1406
f 1418/780/1418 1416/784/1416 3810/781/3810
f 1417/783/1417 1372/698/1372 1371/689/1371
f 1416/784/1416 1371/689/1371 3829/691/3829
f 1419/785/1419 1417/783/1417 1416/784/1416
f 1386/786/1386 909/1139/909 1374/711/1374
f 677/788/677 678/3199/678 679/789/679
f 1385/791/1385 1386/786/1386 1420/787/1420
f 1420/787/1420 1374/711/1374 1376/714/1376
f 685/794/685 686/856/686 687/795/687
f 1421/792/1421 1420/787/1420 1422/793/1422
f 528/695/528 690/905/690 691/798/691
f 1422/793/1422 1376/714/1376 1372/698/1372
f 1018/530/1018 1019/529/1019 747/799/747
f 699/801/699 700/808/700 701/802/701
f 1424/804/1424 578/342/578 579/344/579
f 3663/805/3663 1597/1397/1597 1767/806/1767
f 700/808/700 699/801/699 711/809/711
f 1093/811/1093 3746/3924/3746 3754/812/3754
f 717/814/717 718/1948/718 530/696/530
f 721/816/721 722/2722/722 723/817/723
f 704/389/704 1650/2184/1650 3543/819/3543
f 19/11/19 1429/823/1429 1426/821/1426
f 1429/823/1429 1428/2168/1428 1427/824/1427
f 1658/825/1658 1659/1576/1659 3542/826/3542
f 1439/828/1439 1437/831/1437 1434/829/1434
f 1437/831/1437 1436/963/1436 1435/832/1435
f 1426/821/1426 1427/824/1427 1433/833/1433
f 1442/835/1442 1431/1886/1431 1432/834/1432
f 742/837/742 743/1237/743 744/838/744
f 1432/834/1432 1433/833/1433 1441/840/1441
f 751/841/751 752/2816/752 753/842/753
f 1438/830/1438 1434/829/1434 1403/760/1403
f 1446/845/1446 1445/851/1445 1444/846/1444
f 1447/848/1447 1448/852/1448 1446/845/1446
f 3860/849/3860 1447/848/1447 1443/847/1443
f 1415/765/1415 1367/703/1367 1445/851/1445
f 1414/766/1414 1415/765/1415 1446/845/1446
f 2173/853/2173 1683/1805/1683 469/302/469
f 777/854/777 778/1333/778 779/855/779
f 780/857/780 781/2875/781 782/858/782
f 1676/860/1676 1693/1016/1693 1806/861/1806
f 3859/863/3859 1451/1244/1451 1349/668/1349
f 789/864/789 790/1110/790 791/865/791
f 745/839/745 792/1871/792 793/867/793
f 652/767/652 794/1124/794 795/868/795
f 1455/870/1455 1458/1976/1458 1457/871/1457
f 1454/873/1454 1367/703/1367 1350/704/1350
f 610/735/610 691/798/691 802/875/802
f 3831/877/3831 3816/3662/3816 698/388/698
f 1352/878/1352 1044/535/1044 1045/541/1045
f 1015/616/1015 1016/548/1016 1459/880/1459
f 811/882/811 812/1230/812 813/883/813
f 2118/885/2118 3815/1967/3815 3817/886/3817
f 819/888/819 820/1811/820 821/889/821
f 1466/891/1466 1463/3868/1463 1194/594/1194
f 1467/893/1467 1468/896/1468 1465/894/1465
f 1182/895/1182 1165/584/1165 1468/896/1468
f 832/897/832 812/1230/812 833/898/833
f 835/900/835 836/2798/836 837/901/837
f 1467/893/1467 1466/891/1466 1190/892/1190
f 1469/903/1469 1470/3943/1470 1444/846/1444
f 840/904/840 700/808/700 712/810/712
f 1453/906/1453 1470/3943/1470 1469/903/1469
f 599/727/599 844/1245/844 845/907/845
f 1226/615/1226 1450/2169/1450 3849/909/3849
f 851/911/851 852/1137/852 853/912/853
f 855/914/855 744/838/744 856/915/856
f 858/917/858 859/1412/859 860/918/860
f 861/920/861 862/2827/862 863/921/863
f 1014/549/1014 1226/615/1226 3855/910/3855
f 867/924/867 676/790/676 868/925/868
f 870/927/870 871/2778/871 872/928/872
f 874/930/874 875/1035/875 876/931/876
f 1310/646/1310 1323/645/1323 1471/933/1471
f 1476/934/1476 1433/833/1433 1427/824/1427
f 1461/936/1461 1476/934/1476 1475/935/1475
f 887/937/887 888/1919/888 889/938/889
f 788/866/788 791/865/791 892/940/892
f 894/942/894 895/961/895 896/943/896
f 1460/881/1460 1475/935/1475 1227/617/1227
f 901/945/901 902/1845/902 524/692/524
f 1465/894/1465 1478/964/1478 1477/946/1477
f 1865/948/1865 3503/2193/3503 3500/949/3500
f 911/951/911 912/2728/912 913/952/913
f 916/954/916 917/1106/917 918/955/918
f 1850/957/1850 3505/987/3505 3507/958/3507
f 921/960/921 922/2351/922 895/961/895
f 1479/962/1479 1435/832/1435 1436/963/1436
f 926/965/926 664/778/664 667/777/667
f 1481/967/1481 562/349/562 563/968/563
f 269/163/269 1483/1043/1483 84/970/84
f 931/972/931 932/1300/932 933/973/933
f 934/974/934 935/1045/935 614/739/614
f 936/975/936 685/794/685 688/796/688
f 938/977/938 659/773/659 662/775/662
f 1484/979/1484 270/162/270 122/980/122
f 941/982/941 942/1102/942 835/900/835
f 320/983/320 321/1830/321 509/984/509
f 1849/986/1849 3510/3918/3510 3505/987/3505
f 84/970/84 1483/1043/1483 1484/979/1484
f 1487/988/1487 1490/1027/1490 1488/989/1488
f 1757/991/1757 1758/3871/1758 3502/992/3502
f 365/207/365 1492/1004/1492 1491/994/1491
f 461/285/461 79/57/79 80/312/80
f 117/82/117 363/204/363 362/205/362
f 1494/996/1494 540/327/540 541/382/541
f 926/965/926 601/966/601 957/998/957
f 1477/946/1477 1441/840/1441 1433/833/1433
f 1709/1000/1709 1588/1526/1588 1585/1001/1585
f 119/194/119 117/82/117 1496/995/1496
f 271/1003/271 1497/1778/1497 504/358/504
f 511/311/511 517/1897/517 189/319/189
f 345/193/345 1496/995/1496 1492/1004/1492
f 57/42/57 344/1005/344 299/1006/299
f 1501/1007/1501 1499/1010/1499 268/1008/268
f 267/159/267 268/1008/268 1499/1010/1499
f 974/1012/974 975/2766/975 976/1013/976
f 1678/1015/1678 1652/1508/1652 1693/1016/1693
f 3846/1017/3846 1682/1806/1682 1807/1018/1807
f 557/709/557 982/1167/982 663/1020/663
f 983/1021/983 941/982/941 984/1022/984
f 1443/847/1443 1444/846/1444 3849/909/3849
f 421/254/421 1500/1009/1500 268/1008/268
f 989/1024/989 990/2760/990 991/1025/991
f 1490/1027/1490 1487/988/1487 418/1028/418
f 279/1030/279 280/167/280 309/1031/309
f 997/1032/997 868/925/868 676/790/676
f 998/1033/998 26/2732/26 999/1034/999
f 1504/1029/1504 418/1028/418 38/21/38
f 1506/1037/1506 1508/1041/1508 1507/1038/1507
f 360/1040/360 361/1408/361 1508/1041/1508
f 1506/1037/1506 1486/1039/1486 207/131/207
f 939/978/939 1005/1081/1005 1006/1042/1006
f 270/162/270 1484/979/1484 1483/1043/1483
f 66/45/66 63/47/63 546/330/546
f 1010/1044/1010 742/837/742 793/867/793
f 367/210/367 428/259/428 437/266/437
f 244/318/244 31/317/31 363/204/363
f 1670/1047/1670 3532/1639/3532 3534/1048/3534
f 209/215/209 206/129/206 1510/1050/1510
f 388/229/388 389/228/389 426/1056/426
f 427/280/427 274/164/274 250/142/250
f 161/214/161 520/1430/520 521/1058/521
f 100/71/100 246/141/246 45/33/45
f 1025/1060/1025 1026/1232/1026 608/734/608
f 1029/1062/1029 1030/1225/1030 1031/1063/1031
f 939/978/939 662/775/662 1033/1065/1033
f 41/28/41 42/30/42 594/355/594
f 1036/1068/1036 780/857/780 783/859/783
f 702/803/702 701/802/701 1038/1070/1038
f 1040/1072/1040 1041/1155/1041 1042/1073/1042
f 362/205/362 32/13/32 369/433/369
f 187/123/187 1520/1358/1520 477/1076/477
f 70/51/70 1487/988/1487 539/990/539
f 1049/1078/1049 600/729/600 603/731/603
f 613/741/613 867/924/867 869/926/869
f 860/918/860 1050/2740/1050 1051/1080/1051
f 1005/1081/1005 1052/2818/1052 1053/1082/1053
f 753/842/753 1055/1087/1055 1056/1083/1056
f 1057/1085/1057 1058/2752/1058 1059/1086/1059
f 293/1088/293 288/172/288 1522/1089/1522
f 288/172/288 212/173/212 1521/1077/1521
f 292/334/292 1522/1089/1522 1523/1090/1523
f 331/1091/331 1507/1038/1507 1508/1041/1508
f 306/449/306 452/274/452 453/276/453
f 100/71/100 44/140/44 41/28/41
f 462/1094/462 1524/1092/1524 78/58/78
f 330/1095/330 331/1091/331 1524/1092/1524
f 635/753/635 1067/1423/1067 1068/1096/1068
f 1485/1097/1485 1527/1833/1527 1526/1098/1526
f 206/129/206 1485/1097/1485 1528/1099/1528
f 1070/1100/1070 1071/1255/1071 1072/1101/1072
f 942/1102/942 941/982/941 1073/1103/1073
f 916/954/916 933/973/933 1075/1105/1075
f 440/270/440 1529/1109/1529 1530/1107/1530
f 157/108/157 158/107/158 1514/1108/1514
f 1529/1109/1529 162/2842/162 5/6/5
f 371/212/371 595/354/595 546/330/546
f 790/1110/790 586/721/586 663/1020/663
f 1077/1111/1077 858/917/858 857/919/857
f 1403/760/1403 1434/829/1434 1435/832/1435
f 1080/1113/1080 1081/2783/1081 1082/1114/1082
f 531/1116/531 520/1430/520 1529/1109/1529
f 21/22/21 1083/1249/1083 1084/1117/1084
f 272/350/272 1532/1367/1532 1531/1119/1531
f 690/905/690 712/810/712 802/875/802
f 335/326/335 3571/3933/3571 3567/1120/3567
f 1090/1121/1090 1030/1225/1030 1029/1062/1029
f 1092/1123/1092 795/868/795 794/1124/794
f 1533/1125/1533 396/232/396 137/427/137
f 661/774/661 660/2839/660 1095/1127/1095
f 69/52/69 444/2847/444 445/1129/445
f 1099/1130/1099 1100/2789/1100 1101/1131/1101
f 38/21/38 39/20/39 1536/1133/1536
f 1104/1134/1104 1105/2753/1105 1106/1135/1106
f 852/1137/852 1107/1323/1107 1108/1138/1108
f 1377/717/1377 908/716/908 909/1139/909
f 291/333/291 377/474/377 411/237/411
f 316/1140/316 1536/1133/1536 516/439/516
f 539/990/539 1488/989/1488 1533/1125/1533
f 1505/1036/1505 1536/1133/1536 316/1140/316
f 1110/1143/1110 1111/2862/1111 1112/1144/1112
f 1539/1146/1539 1537/1149/1537 460/283/460
f 522/1148/522 441/2805/441 1537/1149/1537
f 834/902/834 837/901/837 1120/1150/1120
f 1122/1152/1122 1123/3253/1123 1124/1153/1124
f 612/737/612 1125/1812/1125 1041/1155/1041
f 935/1045/935 793/867/793 615/1156/615
f 276/169/276 278/168/278 130/1157/130
f 1686/1158/1686 3549/1590/3549 3522/1159/3522
f 193/1161/193 190/1168/190 1541/1162/1541
f 231/1059/231 521/1058/521 1540/1164/1540
f 556/1166/556 1037/1069/1037 982/1167/982
f 365/207/365 253/146/253 85/64/85
f 190/1168/190 532/321/532 318/181/318
f 1810/1169/1810 765/2091/765 3574/1170/3574
f 3924/1172/3924 1867/1709/1867 3512/1173/3512
f 1132/1175/1132 983/1021/983 985/1023/985
f 208/130/208 101/74/101 102/76/102
f 1134/1177/1134 1033/1065/1033 662/775/662
f 1491/994/1491 518/310/518 80/312/80
f 429/1178/429 133/92/133 1542/1179/1542
f 1137/1180/1137 1138/2830/1138 915/956/915
f 172/117/172 436/267/436 428/259/428
f 1139/1181/1139 1140/2786/1140 1141/1182/1141
f 549/1184/549 96/68/96 54/39/54
f 1517/1185/1517 1519/1253/1519 1518/1186/1518
f 834/902/834 1119/1151/1119 984/1022/984
f 1543/1189/1543 513/313/513 286/315/286
f 1544/1190/1544 797/430/797 239/1191/239
f 133/92/133 134/91/134 1544/1190/1544
f 506/1192/506 361/1408/361 257/1193/257
f 420/251/420 327/1304/327 328/394/328
f 1158/1194/1158 1159/1880/1159 1160/1195/1160
f 587/1197/587 1104/1134/1104 1103/1136/1103
f 607/736/607 1161/1240/1161 1027/1061/1027
f 304/1199/304 1546/2225/1546 1545/1200/1545
f 364/206/364 1491/994/1491 77/56/77
f 69/52/69 70/51/70 198/128/198
f 700/808/700 840/904/840 1112/1144/1112
f 3877/1202/3877 626/1496/626 3525/1203/3525
f 1166/1205/1166 719/815/719 657/771/657
f 1167/1207/1167 1168/2858/1168 858/917/858
f 1300/638/1300 3523/3940/3523 3524/1208/3524
f 1172/1209/1172 1173/2770/1173 1174/1210/1174
f 218/1212/218 203/236/203 200/1213/200
f 1179/1214/1179 1180/2849/1180 1181/1215/1181
f 372/1217/372 183/211/183 97/73/97
f 89/67/89 104/2810/104 227/1218/227
f 1186/1219/1186 1187/1278/1187 1188/1220/1188
f 172/117/172 173/116/173 1517/1185/1517
f 1482/971/1482 84/970/84 81/59/81
f 1090/1121/1090 1192/1922/1192 1193/1224/1193
f 394/1226/394 395/1284/395 353/202/353
f 526/693/526 525/1846/525 1198/1228/1198
f 1199/1231/1199 1200/2736/1200 1026/1232/1026
f 606/359/606 623/361/623 697/1233/697
f 1204/1235/1204 1205/1332/1205 1206/1236/1206
f 1207/1238/1207 1208/2819/1208 523/694/523
f 1209/1239/1209 1210/2836/1210 867/924/867
f 914/953/914 913/952/913 685/794/685
f 1478/964/1478 1436/963/1436 1441/840/1441
f 1029/1062/1029 1028/1064/1028 1161/1240/1161
f 1211/1241/1211 1212/1791/1212 1213/1242/1213
f 3858/923/3858 1453/906/1453 1451/1244/1451
f 844/1245/844 1215/1887/1215 1216/1246/1216
f 423/458/423 193/1161/193 273/1163/273
f 1220/1247/1220 1221/1259/1221 1222/1248/1222
f 22/1250/22 1223/1344/1223 1224/1251/1224
f 882/1252/882 898/471/898 897/468/897
f 1519/1253/1519 1517/1185/1517 173/116/173
f 1189/1221/1189 1188/1220/1188 1232/1254/1232
f 349/197/349 350/196/350 550/337/550
f 1071/1255/1071 1235/1979/1235 1236/1256/1236
f 1237/1257/1237 1238/2765/1238 1239/1258/1239
f 1221/1259/1221 1186/1219/1186 1189/1221/1189
f 1510/1050/1510 1528/1099/1528 1512/1053/1512
f 939/978/939 1032/1066/1032 1241/1262/1241
f 1556/1263/1556 1530/1107/1530 5/6/5
f 1553/1264/1553 1554/1795/1554 394/1226/394
f 404/1265/404 1556/1263/1556 67/48/67
f 1247/1267/1247 1248/2846/1248 1249/1268/1249
f 142/93/142 199/127/199 238/180/238
f 1251/1270/1251 1067/1423/1067 635/753/635
f 850/913/850 1252/2796/1252 1253/1272/1253
f 1254/1273/1254 1167/1207/1167 1077/1111/1077
f 57/42/57 132/90/132 133/92/133
f 443/1275/443 430/263/430 552/1276/552
f 1187/1278/1187 1172/1209/1172 1175/1211/1175
f 1256/1279/1256 1070/1100/1070 831/899/831
f 432/1280/432 405/233/405 382/1281/382
f 741/1282/741 748/1906/748 747/799/747
f 434/265/434 350/196/350 351/246/351
f 349/197/349 432/1280/432 383/222/383
f 251/323/251 124/84/124 1481/967/1481
f 395/1284/395 384/1463/384 352/203/352
f 1518/1186/1518 1519/1253/1519 1550/1285/1550
f 1558/1286/1558 410/238/410 378/216/378
f 109/157/109 263/156/263 314/1287/314
f 285/170/285 1514/1108/1514 1513/1198/1513
f 395/1284/395 394/1226/394 393/1288/393
f 202/135/202 203/236/203 410/238/410
f 417/247/417 408/248/408 405/233/405
f 1246/1269/1246 1257/1351/1257 1258/1290/1258
f 3/223/3 1559/1330/1559 297/1291/297
f 1259/1292/1259 1260/2866/1260 1261/1293/1261
f 403/264/403 404/1265/404 347/1266/347
f 955/1295/955 954/490/954 953/1296/953
f 462/1094/462 50/35/50 51/432/51
f 1096/1128/1096 1095/1127/1095 687/795/687
f 429/1178/429 147/97/147 60/40/60
f 896/943/896 1264/1910/1264 1265/1299/1265
f 1267/1301/1267 721/816/721 1268/1302/1268
f 423/458/423 424/457/424 327/1304/327
f 37/19/37 179/118/179 180/120/180
f 20/24/20 23/23/23 1187/1278/1187
f 1256/1279/1256 1168/2858/1168 1071/1255/1071
f 1188/1220/1188 1175/1211/1175 1269/1306/1269
f 1236/1256/1236 1270/1980/1270 1271/1307/1271
f 1272/1308/1272 536/2750/536 535/700/535
f 565/1310/565 564/370/564 463/576/463
f 1273/1312/1273 792/1871/792 745/839/745
f 876/931/876 1254/1273/1254 1255/1274/1255
f 316/1140/316 33/18/33 164/110/164
f 437/266/437 1516/1966/1516 503/356/503
f 194/124/194 1494/996/1494 1495/997/1495
f 1275/1315/1275 1276/1376/1276 864/922/864
f 624/360/624 625/1940/625 631/1316/631
f 1277/1317/1277 1274/1313/1274 1137/1180/1137
f 569/437/569 568/436/568 567/1319/567
f 1481/967/1481 124/84/124 125/86/125
f 324/189/324 325/188/325 547/431/547
f 1279/1322/1279 1108/1138/1108 1107/1323/1107
f 1525/1325/1525 332/3222/332 329/332/329
f 1281/1326/1281 1278/1318/1278 1137/1180/1137
f 171/112/171 168/114/168 1553/1264/1553
f 1488/989/1488 73/55/73 396/232/396
f 1557/1328/1557 1561/1521/1561 1562/1329/1562
f 1282/1331/1282 856/915/856 1206/1236/1206
f 1053/1082/1053 1277/1317/1277 1278/1318/1278
f 778/1333/778 777/854/777 607/736/607
f 713/1335/713 583/1384/583 3566/1336/3566
f 251/323/251 225/278/225 144/98/144
f 4/1/4 357/200/357 348/195/348
f 709/1338/709 708/2182/708 707/1339/707
f 728/373/728 48/31/48 45/33/45
f 261/1341/261 135/1847/135 1563/1342/1563
f 789/864/789 1286/2354/1286 1287/1343/1287
f 74/54/74 314/1287/314 263/156/263
f 403/264/403 284/224/284 385/226/385
f 1178/1216/1178 1181/1215/1181 1240/1260/1240
f 1223/1344/1223 1259/1292/1259 1289/1345/1289
f 1220/1247/1220 20/24/20 1186/1219/1186
f 296/1187/296 1518/1186/1518 354/1346/354
f 784/428/784 459/284/459 1538/1348/1538
f 1181/1215/1181 1180/2849/1180 1291/1350/1291
f 1269/1306/1269 1292/2860/1292 1257/1351/1257
f 1566/1349/1566 1538/1348/1538 438/269/438
f 136/429/136 784/428/784 1566/1349/1566
f 1563/1342/1563 1564/1353/1564 169/113/169
f 107/81/107 114/155/114 109/157/109
f 1297/1355/1297 1282/1331/1282 1298/1356/1298
f 1464/947/1464 1477/946/1477 1476/934/1476
f 1520/1358/1520 187/123/187 507/1359/507
f 1301/1361/1301 1302/2795/1302 1303/1362/1303
f 1306/1364/1306 1307/2353/1307 1308/1365/1308
f 175/176/175 456/2822/456 1532/1367/1532
f 1532/1367/1532 456/2822/456 200/1213/200
f 1311/1368/1311 1266/1303/1266 1312/1369/1312
f 872/928/872 1314/2859/1314 1315/1371/1315
f 3836/603/3836 843/602/843 878/626/878
f 1305/1366/1305 1308/1365/1308 864/922/864
f 1040/1072/1040 1275/1315/1275 863/921/863
f 1564/1353/1564 1566/1349/1566 399/1352/399
f 592/352/592 1576/2019/1576 1575/1378/1575
f 591/353/591 1575/1378/1575 1088/1379/1088
f 1581/1380/1581 1584/1631/1584 1583/1381/1583
f 1196/599/1196 1152/579/1152 1147/586/1147
f 710/1383/710 582/1461/582 583/1384/583
f 285/170/285 407/234/407 408/248/408
f 953/1296/953 954/490/954 961/492/961
f 1594/1385/1594 1592/1390/1592 1589/1386/1589
f 1585/1001/1585 1588/1526/1588 1587/1388/1587
f 1592/1390/1592 1591/1548/1591 1590/1391/1590
f 3885/1392/3885 945/1944/945 944/1393/944
f 1600/1395/1600 1599/1525/1599 1598/1396/1598
f 1604/1398/1604 1603/3139/1603 1602/1399/1602
f 1399/748/1399 1392/732/1392 979/733/979
f 1589/1386/1589 1590/1391/1590 1596/1402/1596
f 1610/1404/1610 1609/1963/1609 1608/1405/1608
f 298/1407/298 257/1193/257 361/1408/361
f 551/1277/551 552/1276/552 276/169/276
f 1627/1409/1627 1626/1487/1626 3814/1410/3814
f 859/1412/859 811/882/811 818/890/818
f 1078/1112/1078 857/919/857 1328/1413/1328
f 1555/1415/1555 439/271/439 1530/1107/1530
f 572/1416/572 573/345/573 680/1417/680
f 772/422/772 465/289/465 776/1419/776
f 977/1014/977 1281/1326/1281 918/955/918
f 404/1265/404 403/264/403 392/1289/392
f 1054/1084/1054 1331/2759/1331 750/843/750
f 1644/1420/1644 1645/1985/1645 1643/1421/1643
f 932/1300/932 1265/1299/1265 1082/1114/1082
f 1067/1423/1067 1333/2808/1333 1334/1424/1334
f 1540/1164/1540 1539/1146/1539 264/1147/264
f 597/726/597 1335/1537/1335 643/757/643
f 471/1426/471 761/408/761 762/407/762
f 1642/1422/1642 696/1234/696 3831/877/3831
f 1644/1420/1644 1642/1422/1642 3842/1427/3842
f 923/476/923 946/478/946 950/480/950
f 96/68/96 549/1184/549 548/1429/548
f 520/1430/520 531/1116/531 522/1148/522
f 445/1129/445 444/2847/444 443/1275/443
f 849/1431/849 839/3661/839 848/1432/848
f 480/363/480 759/403/759 755/401/755
f 1646/1434/1646 760/405/760 481/404/481
f 311/1436/311 426/1056/426 1567/1437/1567
f 464/1311/464 463/576/463 3497/1438/3497
f 3497/1438/3497 1360/2001/1360 1361/1440/1361
f 234/1055/234 237/279/237 236/341/236
f 190/1168/190 193/1161/193 192/250/192
f 153/105/153 154/104/154 152/1441/152
f 231/1059/231 287/1165/287 286/315/286
f 1552/1327/1552 1553/1264/1553 1551/1227/1551
f 760/405/760 1646/1434/1646 1648/1442/1648
f 3832/1443/3832 1647/1964/1647 1649/1444/1649
f 828/454/828 827/514/827 826/678/826
f 52/34/52 167/555/167 166/218/166
f 1663/1446/1663 1662/1674/1662 1661/1447/1661
f 287/1165/287 107/81/107 115/80/115
f 668/1449/668 671/611/671 670/613/670
f 634/1451/634 645/1725/645 640/1452/640
f 553/1454/553 560/2229/560 559/1455/559
f 118/83/118 36/16/36 33/18/33
f 492/415/492 484/292/484 491/424/491
f 3552/1458/3552 1652/1508/1652 1651/1459/1651
f 582/1461/582 589/1849/589 584/1462/584
f 384/1463/384 395/1284/395 392/1289/392
f 1381/1464/1381 1382/2307/1382 1383/1465/1383
f 1562/1329/1562 1561/1521/1561 435/268/435
f 952/1297/952 953/1296/953 951/479/951
f 3529/1467/3529 3566/1336/3566 583/1384/583
f 1660/1448/1660 1661/1447/1661 1667/1468/1667
f 1394/1470/1394 1395/1722/1395 1396/1471/1396
f 1660/1448/1660 1665/1569/1665 1664/1473/1664
f 1671/1474/1671 1670/1047/1670 1669/1049/1669
f 1624/1476/1624 1625/1485/1625 1673/1477/1673
f 1407/1479/1407 1408/2312/1408 1409/1480/1409
f 1677/1482/1677 1676/860/1676 1675/862/1675
f 1613/1484/1613 1679/1486/1679 1677/1482/1677
f 1679/1486/1679 1678/1015/1678 1676/860/1676
f 1626/1487/1626 1681/1804/1681 3811/1488/3811
f 534/1141/534 199/127/199 198/128/198
f 803/1489/803 733/398/733 734/400/734
f 400/386/400 248/385/248 191/338/191
f 65/486/65 66/45/66 143/253/143
f 3526/1490/3526 1657/1917/1657 1656/1491/1656
f 402/1493/402 159/106/159 157/108/157
f 629/1494/629 628/2154/628 627/1495/627
f 461/285/461 477/1076/477 49/36/49
f 758/1497/758 757/406/757 495/298/495
f 796/1498/796 787/1780/787 786/1499/786
f 406/235/406 407/234/407 1513/1198/1513
f 342/1502/342 343/498/343 166/218/166
f 1694/1503/1694 1659/1576/1659 1658/825/1658
f 1692/1505/1692 1687/3508/1687 1694/1503/1694
f 3557/1507/3557 1693/1016/1693 1652/1508/1652
f 3921/1509/3921 1704/1530/1704 1703/1510/1703
f 326/1321/326 547/431/547 302/257/302
f 3916/1512/3916 3921/1509/3921 1702/1513/1702
f 3919/1515/3919 3918/1520/3918 1698/1516/1698
f 1699/1518/1699 1691/3926/1691 3927/1519/3927
f 1557/1328/1557 406/235/406 1560/1501/1560
f 1127/551/1127 1116/545/1116 1117/547/1117
f 400/386/400 401/249/401 289/175/289
f 1706/1514/1706 1702/1513/1702 1707/1523/1707
f 1707/1523/1707 1702/1513/1702 1599/1525/1599
f 1709/1000/1709 1706/1514/1706 1708/1524/1708
f 1714/1527/1714 1712/1553/1712 1711/1528/1711
f 3919/1515/3919 3915/1788/3915 1709/1000/1709
f 1704/1530/1704 1711/1528/1711 1577/1531/1577
f 1716/1532/1716 1714/1527/1714 1713/1529/1713
f 1559/1330/1559 1562/1329/1562 1549/1222/1549
f 1722/1534/1722 1721/1557/1721 1720/1535/1720
f 1335/1537/1335 597/726/597 596/728/596
f 410/238/410 411/237/411 377/474/377
f 973/506/973 1170/595/1170 1163/580/1163
f 168/114/168 169/113/169 399/1352/399
f 1571/813/1571 682/1542/682 1089/1540/1089
f 1572/1541/1572 681/1418/681 682/1542/682
f 749/1543/749 646/365/646 647/367/647
f 1730/1545/1730 1724/1554/1724 1723/1546/1723
f 1594/1385/1594 1582/1382/1582 1729/1547/1729
f 1729/1547/1729 1723/1546/1723 1591/1548/1591
f 1384/1550/1384 1378/715/1378 1377/717/1377
f 1732/1552/1732 1731/1549/1731 1712/1553/1712
f 1724/1554/1724 1730/1545/1730 1731/1549/1731
f 1722/1534/1722 1724/1554/1724 1732/1552/1732
f 1721/1557/1721 1722/1534/1722 1733/1556/1733
f 1734/1558/1734 1733/1556/1733 1716/1532/1716
f 1735/1560/1735 1737/1568/1737 1736/1561/1736
f 1733/1556/1733 1732/1552/1732 1714/1527/1714
f 1663/1446/1663 1664/1473/1664 1741/1563/1741
f 1742/1564/1742 1665/1569/1665 1740/1565/1740
f 1738/1567/1738 1739/1582/1739 1737/1568/1737
f 1665/1569/1665 1660/1448/1660 1666/1469/1666
f 1665/1569/1665 1742/1564/1742 1744/1570/1744
f 1725/1571/1725 1726/1583/1726 1746/1572/1746
f 1591/1548/1591 1725/1571/1725 1745/1573/1745
f 1590/1391/1590 1745/1573/1745 1747/1574/1747
f 1745/1573/1745 1746/1572/1746 1748/1575/1748
f 1659/1576/1659 1688/3953/1688 3538/1577/3538
f 3287/1578/3287 1760/2207/1760 3545/1579/3545
f 1185/591/1185 1177/589/1177 1182/895/1182
f 1664/1473/1664 1744/1570/1744 1749/1581/1749
f 1741/1563/1741 1749/1581/1749 1739/1582/1739
f 1746/1572/1746 1742/1564/1742 1743/1566/1743
f 1726/1583/1726 1744/1570/1744 1742/1564/1742
f 1115/1585/1115 924/1584/924 1153/574/1153
f 1654/1586/1654 3546/3931/3546 3575/1587/3575
f 1896/1589/1896 3562/1933/3562 3549/1590/3549
f 1720/1535/1720 1749/1581/1749 1744/1570/1744
f 1721/1557/1721 1739/1582/1739 1749/1581/1749
f 1750/1591/1750 1718/1841/1718 1701/1517/1701
f 1697/1562/1697 1736/1561/1736 1750/1591/1750
f 1151/566/1151 1152/579/1152 1063/539/1063
f 1751/1592/1751 1752/1593/1752 1670/1047/1670
f 1695/1504/1695 1658/825/1658 1752/1593/1752
f 961/492/961 962/491/962 986/1594/986
f 1770/1595/1770 1769/1619/1769 1768/1596/1768
f 1766/1597/1766 1594/1385/1594 1593/1387/1593
f 1731/1549/1731 1759/3895/1759 1579/1599/1579
f 1579/1599/1579 1777/1607/1777 1774/1600/1774
f 3928/1602/3928 1772/1612/1772 1771/1603/1771
f 1764/1605/1764 1772/1612/1772 3928/1602/3928
f 1777/1607/1777 1776/1630/1776 1775/1608/1775
f 3762/1609/3762 3763/2780/3763 1699/1518/1699
f 1004/1610/1004 1127/551/1127 1128/1522/1128
f 1774/1600/1774 1775/1608/1775 1771/1603/1771
f 987/1613/987 1400/749/1400 1399/748/1399
f 1578/1601/1578 1774/1600/1774 1772/1612/1772
f 1783/1614/1783 1782/1696/1782 1781/1615/1781
f 1597/1397/1597 1598/1396/1598 1770/1595/1770
f 639/1453/639 1878/1731/1878 3895/1617/3895
f 3928/1602/3928 3929/1604/3929 1769/1619/1769
f 1793/1620/1793 1792/2099/1792 1789/1621/1789
f 3929/1604/3929 3920/1632/3920 1798/1623/1798
f 3508/1624/3508 3516/3950/3516 3773/1625/3773
f 1802/1626/1802 1867/1709/1867 3924/1172/3924
f 1788/1622/1788 1790/1678/1790 1794/1628/1794
f 1793/1620/1793 1794/1628/1794 1795/1629/1795
f 3773/1625/3773 3772/1648/3772 1675/862/1675
f 1584/1631/1584 1581/1380/1581 1783/1614/1783
f 1771/1603/1771 1797/1636/1797 3920/1632/3920
f 1801/1633/1801 1799/1635/1799 1798/1623/1798
f 1768/1596/1768 1769/1619/1769 1798/1623/1798
f 1775/1608/1775 1796/1637/1796 1797/1636/1797
f 508/1360/508 514/554/514 515/556/515
f 1796/1637/1796 1803/1708/1803 1802/1626/1802
f 1800/1634/1800 1798/1623/1798 3920/1632/3920
f 1794/1628/1794 1805/1673/1805 1804/1638/1804
f 3532/1639/3532 1670/1047/1670 1752/1593/1752
f 485/1641/485 1808/1645/1808 1807/1018/1807
f 3809/413/3809 3844/2092/3844 1640/1642/1640
f 3837/1643/3837 3844/2092/3844 1810/1169/1810
f 485/1641/485 482/291/482 1640/1642/1640
f 1690/1646/1690 1691/3926/1691 3770/1647/3770
f 487/295/487 488/414/488 1648/1442/1648
f 3839/1650/3839 1813/3880/1813 1816/1651/1816
f 3838/1653/3838 1811/1649/1811 1648/1442/1648
f 3839/1650/3839 1812/1654/1812 1811/1649/1811
f 1812/1654/1812 1809/1660/1809 487/295/487
f 1641/1655/1641 1809/1660/1809 767/1656/767
f 465/289/465 466/288/466 755/401/755
f 767/1656/767 1815/1661/1815 3823/1657/3823
f 3822/1652/3822 1816/1651/1816 3826/1658/3826
f 1809/1660/1809 1812/1654/1812 1815/1661/1815
f 3837/1643/3837 1653/1644/1653 1651/1459/1651
f 675/1662/675 672/3186/672 3541/1663/3541
f 1814/1665/1814 1649/1444/1649 1822/1666/1822
f 1821/1667/1821 1822/1666/1822 3821/1668/3821
f 1824/1670/1824 1822/1666/1822 1649/1444/1649
f 1827/1672/1827 1849/986/1849 1850/957/1850
f 1668/1475/1668 1669/1049/1669 1662/1674/1662
f 1779/1675/1779 1780/1747/1780 1848/1676/1848
f 1790/1678/1790 1827/1672/1827 1805/1673/1805
f 1833/1679/1833 1836/3184/1836 1853/1680/1853
f 3521/1682/3521 3506/1735/3506 693/381/693
f 1614/1683/1614 1615/1721/1615 1616/1684/1616
f 1852/1681/1852 1853/1680/1853 3498/1686/3498
f 1620/1688/1620 1621/2326/1621 1622/1689/1622
f 1855/1691/1855 1765/1598/1765 1574/1692/1574
f 1847/1694/1847 1852/1681/1852 3501/1687/3501
f 1766/1597/1766 1765/1598/1765 1855/1691/1855
f 1629/1697/1629 1630/2311/1630 1631/1698/1631
f 1633/1700/1633 1622/1689/1622 1634/1701/1634
f 1635/1703/1635 1636/2331/1636 1637/1704/1637
f 1848/1676/1848 1833/1679/1833 1852/1681/1852
f 1855/1691/1855 1861/1693/1861 1863/1706/1863
f 1803/1708/1803 1866/3870/1866 1867/1709/1867
f 1862/1707/1862 1863/1706/1863 1831/1710/1831
f 1782/1696/1782 1855/1691/1855 1862/1707/1862
f 3922/1627/3922 3924/1172/3924 1865/948/1865
f 1873/1712/1873 1872/2117/1872 1870/1713/1870
f 1874/1715/1874 1869/1714/1869 799/1716/799
f 2045/1718/2045 3878/1937/3878 3897/1719/3897
f 1219/610/1219 1345/663/1345 1295/667/1295
f 1615/1721/1615 1614/1683/1614 1396/1471/1396
f 3884/1618/3884 3895/1617/3895 1877/1723/1877
f 645/1725/645 3898/2757/3898 3786/1726/3786
f 1345/663/1345 1219/610/1219 1035/534/1035
f 634/1451/634 639/1453/639 3884/1618/3884
f 15/8/15 1887/3468/1887 1327/1729/1327
f 3910/1730/3910 3895/1617/3895 1878/1731/1878
f 1894/1733/1894 604/1850/604 605/1734/605
f 3506/1735/3506 3551/1899/3551 627/1495/627
f 3560/1736/3560 640/1452/640 645/1725/645
f 340/500/340 341/499/341 454/275/454
f 1897/1737/1897 194/124/194 195/126/195
f 1889/1739/1889 1882/1920/1882 1877/1723/1877
f 1901/1741/1901 94/69/94 129/88/129
f 196/125/196 749/1543/749 754/1544/754
f 1705/1744/1705 1704/1530/1704 3921/1509/3921
f 340/500/340 378/216/378 166/218/166
f 1570/1745/1570 1480/969/1480 563/968/563
f 1904/1746/1904 1494/996/1494 194/124/194
f 1781/1615/1781 1862/1707/1862 1832/1711/1832
f 1905/1748/1905 549/1184/549 55/38/55
f 1000/1750/1000 994/1796/994 995/1751/995
f 986/1594/986 919/527/919 920/526/920
f 1191/597/1191 1185/591/1185 1190/892/1190
f 2094/1752/2094 2077/1982/2077 2075/1753/2075
f 1920/1755/1920 1921/2196/1921 1919/1756/1919
f 453/276/453 454/275/454 1912/1758/1912
f 1915/1757/1915 1919/1756/1919 1918/1760/1918
f 3882/1762/3882 2112/1890/2112 2106/1763/2106
f 1655/1588/1655 3575/1587/3575 3531/1765/3531
f 1916/1761/1916 1918/1760/1918 1926/1767/1926
f 704/389/704 3554/820/3554 3561/1769/3561
f 278/168/278 1916/1761/1916 1925/1768/1925
f 3565/1770/3565 3564/2811/3564 1818/1771/1818
f 1097/543/1097 949/553/949 1115/1585/1115
f 1927/1773/1927 1928/2201/1928 727/375/727
f 3578/1774/3578 3579/3584/3579 3654/1775/3654
f 1920/1755/1920 310/184/310 307/186/307
f 1929/1777/1929 307/186/307 48/31/48
f 503/356/503 504/358/504 1497/1778/1497
f 1902/1779/1902 1903/2111/1903 787/1780/787
f 1816/1651/1816 1821/1667/1821 3820/1669/3820
f 1925/1768/1925 1926/1767/1926 1923/628/1923
f 1535/1782/1535 1569/1819/1569 1568/1783/1568
f 254/244/254 252/145/252 258/147/258
f 1509/1046/1509 1497/1778/1497 366/208/366
f 119/194/119 86/63/86 35/1785/35
f 219/464/219 288/172/288 293/1088/293
f 141/174/141 46/32/46 47/191/47
f 542/470/542 205/316/205 244/318/244
f 1940/1787/1940 552/1276/552 430/263/430
f 1779/1675/1779 1828/1677/1828 1827/1672/1827
f 1701/1517/1701 1710/1842/1710 3915/1788/3915
f 1661/1447/1661 3550/3898/3550 3515/1789/3515
f 270/162/270 53/37/53 754/1544/754
f 197/1314/197 1947/2080/1947 749/1543/749
f 1727/1790/1727 1728/3193/1728 1212/1791/1212
f 53/37/53 54/39/54 232/1743/232
f 1465/894/1465 1468/896/1468 1479/962/1479
f 1284/1792/1284 3862/640/3862 3854/1793/3854
f 1951/1794/1951 446/324/446 412/241/412
f 168/114/168 398/1539/398 1554/1795/1554
f 1486/1039/1486 1485/1097/1485 206/129/206
f 506/1192/506 77/56/77 78/58/78
f 994/1796/994 1001/1986/1001 1007/518/1007
f 951/479/951 953/1296/953 963/507/963
f 1013/550/1013 3859/863/3859 3861/670/3861
f 3826/1658/3826 3820/1669/3820 1820/1772/1820
f 1498/1223/1498 1909/1814/1909 1954/1799/1954
f 299/1006/299 298/1407/298 543/1800/543
f 1754/1801/1754 1755/2271/1755 1756/1802/1756
f 1681/1804/1681 469/302/469 1683/1805/1683
f 1696/1506/1696 1694/1503/1694 1695/1504/1695
f 13/7/13 14/9/14 738/1807/738
f 473/420/473 476/2205/476 475/416/475
f 482/291/482 1641/1655/1641 768/411/768
f 204/1809/204 62/43/62 30/14/30
f 1761/1810/1761 1762/2739/1762 820/1811/820
f 611/738/611 1763/3241/1763 1125/1812/1125
f 1501/1007/1501 1503/2788/1503 1908/1813/1908
f 1074/1104/1074 1073/1103/1073 711/809/711
f 1960/1815/1960 1944/1912/1944 82/61/82
f 120/1816/120 1956/1911/1956 1960/1815/1960
f 35/1785/35 86/63/86 87/78/87
f 1773/1817/1773 1199/1231/1199 1025/1060/1025
f 1965/1818/1965 1545/1200/1545 1569/1819/1569
f 494/299/494 761/408/761 471/1426/471
f 1966/1820/1966 1967/1824/1967 1969/1821/1969
f 446/324/446 1951/1794/1951 1971/1823/1971
f 174/115/174 368/209/368 125/86/125
f 1580/1555/1580 1579/1599/1579 1578/1601/1578
f 1785/1825/1785 1786/2724/1786 1787/1826/1787
f 1972/1828/1972 1546/2225/1546 304/1199/304
f 1254/1273/1254 876/931/876 875/1035/875
f 1973/1829/1973 341/499/341 342/1502/342
f 321/1830/321 1912/1758/1912 1973/1829/1973
f 1910/1831/1910 277/242/277 275/243/275
f 509/984/509 1973/1829/1973 514/554/514
f 1486/1039/1486 1507/1038/1507 1527/1833/1527
f 1974/1834/1974 1874/1715/1874 804/1717/804
f 1977/1836/1977 1976/3511/1976 1974/1834/1974
f 1980/1838/1980 448/1848/448 1966/1820/1966
f 379/219/379 1/3/1 2/2/2
f 1718/1841/1718 1715/1533/1715 1710/1842/1710
f 884/462/884 995/1751/995 992/513/992
f 1680/1844/1680 1684/3934/1684 1678/1015/1678
f 902/1845/902 990/2760/990 525/1846/525
f 344/1005/344 255/149/255 256/148/256
f 135/1847/135 138/1126/138 137/427/137
f 448/1848/448 446/324/446 1967/1824/1967
f 589/1849/589 605/1734/605 604/1850/604
f 910/712/910 909/1139/909 908/716/908
f 1981/1839/1981 1966/1820/1966 1968/1822/1968
f 1982/1852/1982 1981/1839/1981 1987/1851/1987
f 1988/1854/1988 1979/1853/1979 1987/1851/1987
f 1990/1856/1990 1988/1854/1988 1989/1855/1989
f 1991/1857/1991 1989/1855/1989 1993/1858/1993
f 322/1860/322 321/1830/321 320/983/320
f 992/513/992 828/454/828 830/472/830
f 1144/578/1144 1076/565/1076 1086/568/1086
f 1995/1863/1995 1977/1836/1977 1978/1837/1978
f 1133/558/1133 1129/560/1129 1118/546/1118
f 1997/1865/1997 1995/1863/1995 1994/1864/1994
f 870/927/870 1823/1884/1823 1335/1537/1335
f 805/443/805 806/442/806 1982/1852/1982
f 727/375/727 184/374/184 2000/1868/2000
f 1996/1866/1996 1994/1864/1994 1988/1854/1988
f 1994/1864/1994 1978/1837/1978 1979/1853/1979
f 1829/1870/1829 616/740/616 792/1871/792
f 1830/1872/1830 1073/1103/1073 941/982/941
f 798/1873/798 803/1489/803 800/441/800
f 729/1874/729 732/2883/732 731/1875/731
f 2011/1876/2011 2012/2802/2012 2023/1877/2023
f 1834/1879/1834 1835/2845/1835 846/908/846
f 402/1493/402 283/171/283 284/224/284
f 2022/1878/2022 2023/1877/2023 2024/1881/2024
f 1838/1883/1838 718/1948/718 989/1024/989
f 810/515/810 955/1295/955 952/1297/952
f 1823/1884/1823 1839/2741/1839 1840/1885/1840
f 1430/822/1430 1426/821/1426 1432/834/1432
f 1215/1887/1215 844/1245/844 1841/1888/1841
f 1316/1372/1316 1208/2819/1208 873/929/873
f 2112/1890/2112 1401/2337/1401 1384/1550/1384
f 1842/1891/1842 1843/2769/1843 1844/1892/1844
f 1159/1880/1159 846/908/846 845/907/845
f 837/901/837 27/26/27 1846/1894/1846
f 1971/1823/1971 1951/1794/1951 2030/1895/2030
f 517/1897/517 369/433/369 370/434/370
f 1471/933/1471 2026/1923/2026 2027/1896/2027
f 3551/1899/3551 3525/1203/3525 626/1496/626
f 2174/1900/2174 2175/3580/2175 770/1901/770
f 935/1045/935 934/974/934 1854/1902/1854
f 1613/1484/1613 1619/1949/1619 1611/1903/1611
f 1231/621/1231 1228/623/1228 1225/609/1225
f 1856/1905/1856 1857/2779/1857 891/941/891
f 1300/638/1300 1309/637/1309 748/1906/748
f 1150/1907/1150 1149/2264/1149 1858/1908/1858
f 1643/1421/1643 606/359/606 696/1234/696
f 1215/1887/1215 1265/1299/1265 1264/1910/1264
f 1320/1377/1320 1860/2837/1860 902/1845/902
f 1956/1911/1956 1943/3865/1943 1944/1912/1944
f 2031/1913/2031 668/1449/668 669/1450/669
f 2034/1915/2034 1325/644/1325 1310/646/1310
f 1879/1916/1879 1880/2096/1880 1656/1491/1656
f 40/1305/40 245/1786/245 242/440/242
f 1992/1859/1992 1993/1858/1993 2039/1918/2039
f 888/1919/888 958/999/958 957/998/957
f 1882/1920/1882 1889/1739/1889 1996/1866/1996
f 1078/1112/1078 1138/2830/1138 1255/1274/1255
f 1871/1921/1871 912/2728/912 1192/1922/1192
f 294/524/294 411/237/411 218/1212/218
f 1323/645/1323 2041/1925/2041 2026/1923/2026
f 123/981/123 1960/1815/1960 83/60/83
f 1324/1924/1324 2036/1927/2036 2041/1925/2041
f 384/1463/384 358/199/358 359/260/359
f 1324/1924/1324 1325/644/1325 2038/1926/2038
f 1883/1928/1883 1884/2082/1884 1885/1929/1885
f 287/1165/287 1540/1164/1540 114/155/114
f 1096/1128/1096 1886/2340/1886 1134/1177/1134
f 915/956/915 1329/1414/1329 931/972/931
f 806/442/806 1980/1838/1980 1981/1839/1981
f 3533/1930/3533 3529/1467/3529 584/1462/584
f 1425/800/1425 2030/1895/2030 2042/1931/2042
f 1018/530/1018 2042/1931/2042 1948/1932/1948
f 3562/1933/3562 1896/1589/1896 740/1934/740
f 1948/1932/1948 2042/1931/2042 649/1935/649
f 1881/1936/1881 1882/1920/1882 1990/1856/1990
f 1900/1742/1900 129/88/129 130/1157/130
f 992/513/992 995/1751/995 994/1796/994
f 923/476/923 927/493/927 925/496/925
f 3878/1937/3878 2045/1718/2045 2047/1938/2047
f 1643/1421/1643 2048/1975/2048 625/1940/625
f 2050/1941/2050 2052/1961/2052 2051/1942/2051
f 2045/1718/2045 1405/844/1405 1404/759/1404
f 3876/1939/3876 2047/1938/2047 945/1944/945
f 1139/1181/1139 1080/1113/1080 1079/1115/1079
f 1037/1069/1037 1856/1905/1856 892/940/892
f 2055/1945/2055 2053/2009/2053 2057/1946/2057
f 1198/1228/1198 989/1024/989 718/1948/718
f 1619/1949/1619 2058/1951/2058 1612/1950/1612
f 2058/1951/2058 1605/1954/1605 1606/1952/1606
f 2059/1953/2059 2060/2882/2060 1607/1406/1607
f 2058/1951/2058 1619/1949/1619 1624/1476/1624
f 71/1955/71 72/50/72 179/118/179
f 405/233/405 406/235/406 1557/1328/1557
f 322/1860/322 1548/2355/1548 1972/1828/1972
f 2061/1956/2061 2052/1961/2052 2063/1957/2063
f 2066/1959/2066 2065/1969/2065 2067/1960/2067
f 2052/1961/2052 2061/1956/2061 2064/1962/2064
f 1609/1963/1609 1610/1404/1610 2066/1959/2066
f 1515/1965/1515 151/101/151 152/1441/152
f 1009/522/1009 827/514/827 993/1797/993
f 1644/1420/1644 3843/1428/3843 3815/1967/3815
f 279/1030/279 1915/1757/1915 1916/1761/1916
f 1285/1968/1285 3863/639/3863 3862/640/3862
f 1647/1964/1647 2066/1959/2066 1825/1671/1825
f 2056/1947/2056 2057/1946/2057 2067/1960/2067
f 319/1861/319 320/983/320 1953/1970/1953
f 667/777/667 666/2278/666 1913/1972/1913
f 2070/1974/2070 631/1316/631 625/1940/625
f 2052/1961/2052 2050/1941/2050 2055/1945/2055
f 2038/1926/2038 1654/1586/1654 1655/1588/1655
f 1606/1952/1606 1601/1400/1601 2073/1977/2073
f 1235/1979/1235 1917/2851/1917 1270/1980/1270
f 2072/1978/2072 2073/1977/2073 2075/1753/2075
f 2059/1953/2059 1606/1952/1606 2072/1978/2072
f 2074/1981/2074 2075/1753/2075 2077/1982/2077
f 1601/1400/1601 1602/1399/1602 2078/1984/2078
f 2049/1943/2049 2048/1975/2048 1643/1421/1643
f 1000/1750/1000 1004/1610/1004 1001/1986/1001
f 1089/1540/1089 943/2088/943 684/369/684
f 1931/1987/1931 1286/2354/1286 1306/1364/1306
f 1462/1989/1462 1459/880/1459 1021/533/1021
f 1932/1990/1932 1933/3405/1933 1934/1991/1934
f 875/1035/875 874/930/874 1846/1894/1846
f 1936/1993/1936 1051/1080/1051 1937/1994/1937
f 44/140/44 45/33/45 46/32/46
f 1534/1784/1534 1955/3488/1955 1956/1911/1956
f 1541/1162/1541 318/181/318 317/183/317
f 2081/1996/2081 2082/2006/2082 2084/1997/2084
f 146/557/146 1945/3866/1945 1959/1999/1959
f 1360/2001/1360 1941/2194/1941 1942/2002/1942
f 985/1023/985 984/1022/984 1032/1066/1032
f 1995/1863/1995 1997/1865/1997 1892/2003/1892
f 2079/2005/2079 2080/2338/2080 2082/2006/2082
f 2095/2007/2095 2096/2021/2096 2076/1983/2076
f 2081/1996/2081 2093/1754/2093 2078/1984/2078
f 2055/1945/2055 2050/1941/2050 2054/2008/2054
f 501/456/501 2096/2021/2096 2095/2007/2095
f 2097/2010/2097 2100/630/2100 2099/2011/2099
f 2098/2012/2098 2099/2011/2099 2094/1752/2094
f 2140/2013/2140 2141/2016/2141 3893/2014/3893
f 2141/2016/2141 2046/2133/2046 3894/2017/3894
f 2051/1942/2051 2070/1974/2070 2048/1975/2048
f 592/352/592 2102/2022/2102 2101/2018/2101
f 2071/2020/2071 2064/1962/2064 2076/1983/2076
f 2102/2022/2102 2097/2010/2097 2098/2012/2098
f 593/2023/593 2103/2044/2103 2102/2022/2102
f 1019/529/1019 1895/2270/1895 746/1283/746
f 1950/2024/1950 11/2191/11 12/2025/12
f 725/396/725 2071/2020/2071 2096/2021/2096
f 1385/791/1385 2105/2046/2105 2104/2026/2104
f 1379/1551/1379 2104/2026/2104 2106/1763/2106
f 2107/2027/2107 2108/3944/2108 2100/630/2100
f 3908/2028/3908 726/397/726 502/303/502
f 3896/2029/3896 502/303/502 499/305/499
f 940/2030/940 1389/2037/1389 2109/2031/2109
f 928/2032/928 929/755/929 1170/595/1170
f 3868/2033/3868 590/351/590 684/369/684
f 1962/2034/1962 1963/2350/1963 1964/2035/1964
f 3878/1937/3878 680/1417/680 573/345/573
f 2039/1918/2039 1993/1858/1993 1968/1822/1968
f 1389/2037/1389 1390/724/1390 2110/2038/2110
f 1398/747/1398 2111/2124/2111 2113/2039/2113
f 3757/2040/3757 3755/3310/3755 3753/2041/3753
f 3911/2043/3911 3883/2123/3883 2107/2027/2107
f 949/553/949 923/476/923 924/1584/924
f 260/150/260 241/187/241 324/189/324
f 1390/724/1390 1397/746/1397 2113/2039/2113
f 2070/1974/2070 2051/1942/2051 2064/1962/2064
f 3867/2045/3867 3911/2043/3911 2103/2044/2103
f 2105/2046/2105 1385/791/1385 1421/792/1421
f 2114/2047/2114 1421/792/1421 1423/797/1423
f 3892/2049/3892 2114/2047/2114 2115/2048/2115
f 3908/2028/3908 2105/2046/2105 2114/2047/2114
f 554/1456/554 2116/2198/2116 1902/1779/1902
f 972/505/972 1163/580/1163 967/497/967
f 1765/1598/1765 1593/1387/1593 1573/2051/1573
f 1984/2052/1984 1985/2224/1985 1986/2053/1986
f 2053/2009/2053 2117/887/2117 2069/2055/2069
f 3573/2056/3573 3556/3129/3556 724/2057/724
f 1625/1485/1625 1677/1482/1677 1674/1483/1674
f 3881/2058/3881 3888/2118/3888 2119/2059/2119
f 3903/2050/3903 2115/2048/2115 2123/2061/2123
f 56/161/56 1954/1799/1954 1906/1749/1906
f 626/1496/626 3877/1202/3877 3879/2063/3879
f 2001/2064/2001 2002/2245/2002 2003/2065/2003
f 3912/2067/3912 3841/2114/3841 2127/2068/2127
f 2006/2070/2006 2007/2461/2007 2008/2071/2008
f 2127/2068/2127 1413/779/1413 1412/764/1412
f 2014/2074/2014 2015/2263/2015 2016/2075/2016
f 2018/2077/2018 2019/2889/2019 2020/2078/2020
f 1495/997/1495 1424/804/1424 1947/2080/1947
f 1379/1551/1379 1377/717/1377 1386/786/1386
f 3814/1410/3814 3811/1488/3811 1680/1844/1680
f 2029/2081/2029 1885/1929/1885 1884/2082/1884
f 3902/2084/3902 2128/2073/2128 2120/2085/2120
f 629/1494/629 3879/2063/3879 3914/631/3914
f 682/1542/682 683/2797/683 943/2088/943
f 724/2057/724 1650/2184/1650 2121/2089/2121
f 1757/991/1757 1819/2825/1819 3821/1668/3821
f 765/2091/765 1810/1169/1810 3844/2092/3844
f 3851/2093/3851 714/376/714 715/378/715
f 706/1340/706 707/1339/707 3870/2095/3870
f 981/508/981 986/1594/986 987/1613/987
f 1457/871/1457 1868/1766/1868 1656/1491/1656
f 2017/2076/2017 2016/2075/2016 2032/2097/2032
f 1458/1976/1458 1655/1588/1655 1868/1766/1868
f 1776/1630/1776 1777/1607/1777 1792/2099/1792
f 1959/1999/1959 1945/3866/1945 1946/2100/1946
f 3663/805/3663 3715/3643/3715 3725/2102/3725
f 3913/2104/3913 3881/2058/3881 2122/2060/2122
f 1093/811/1093 1089/1540/1089 689/368/689
f 966/495/966 965/494/965 968/502/968
f 3852/2094/3852 715/378/715 3881/2058/3881
f 2172/2106/2172 3577/3579/3577 2170/2107/2170
f 670/613/670 2138/2116/2138 2137/2109/2137
f 3761/2110/3761 787/1780/787 1903/2111/1903
f 1429/823/1429 19/11/19 28/2112/28
f 964/1798/964 963/507/963 978/509/978
f 3841/2114/3841 3813/782/3813 1413/779/1413
f 1473/2115/1473 1474/1914/1474 669/1450/669
f 3834/680/3834 3833/681/3833 1359/706/1359
f 2138/2116/2138 798/1873/798 1870/1713/1870
f 1872/2117/1872 1473/2115/1473 2137/2109/2137
f 715/378/715 716/377/716 3888/2118/3888
f 1881/1936/1881 1991/1857/1991 1992/1859/1992
f 3843/1428/3843 3842/1427/3842 739/482/739
f 1837/2119/1837 1847/1694/1847 3513/1695/3513
f 253/146/253 58/41/58 59/62/59
f 1808/1645/1808 3837/1643/3837 3840/1019/3840
f 1647/1964/1647 3832/1443/3832 3818/2121/3818
f 3865/2122/3865 3866/2015/3866 671/611/671
f 2112/1890/2112 3882/1762/3882 3883/2123/3883
f 1405/844/1405 2045/1718/2045 2044/1720/2044
f 3829/691/3829 3824/690/3824 1364/2125/1364
f 273/1163/273 1541/1162/1541 391/230/391
f 576/392/576 632/2493/632 3520/2127/3520
f 3875/2129/3875 3865/2122/3865 668/1449/668
f 1430/822/1430 1431/1886/1431 2140/2013/2140
f 2136/2131/2136 3850/2105/3850 3860/849/3860
f 1430/822/1430 2139/2130/2139 18/12/18
f 3893/2014/3893 3894/2017/3894 570/347/570
f 1442/835/1442 1439/828/1439 2046/2133/2046
f 1431/1886/1431 1442/835/1442 2141/2016/2141
f 3869/2134/3869 3913/2104/3913 3850/2105/3850
f 3808/412/3808 3823/1657/3823 1817/2135/1817
f 3866/2015/3866 3893/2014/3893 695/2132/695
f 2142/2137/2142 2025/1882/2025 798/1873/798
f 571/346/571 2143/2138/2143 2142/2137/2142
f 3819/1411/3819 3814/1410/3814 1618/1904/1618
f 2143/2138/2143 2022/1878/2022 2025/1882/2025
f 694/612/694 2142/2137/2142 2138/2116/2138
f 681/1418/681 1572/1541/1572 2144/2139/2144
f 2144/2139/2144 2011/1876/2011 2022/1878/2022
f 328/394/328 210/134/210 457/635/457
f 1572/1541/1572 2010/2801/2010 2011/1876/2011
f 630/395/630 3892/2049/3892 3903/2050/3903
f 2085/2140/2085 2086/3946/2086 2087/2141/2087
f 2090/2143/2090 2091/3489/2091 2092/2144/2092
f 572/1416/572 2144/2139/2144 2143/2138/2143
f 1875/2146/1875 1976/3511/1976 2153/2147/2153
f 1873/1712/1873 1875/2146/1875 2149/2148/2149
f 2103/2044/2103 2107/2027/2107 2097/2010/2097
f 2157/2150/2157 2043/2004/2043 2155/2151/2155
f 2128/2073/2128 1412/764/1412 1414/766/1414
f 3874/2153/3874 3871/2166/3871 589/1849/589
f 3872/2087/3872 3870/2095/3870 628/2154/628
f 2149/2148/2149 2153/2147/2153 2158/2155/2158
f 2159/2156/2159 2158/2155/2158 3905/2157/3905
f 698/388/698 3907/2069/3907 3902/2084/3902
f 3823/1657/3823 3847/1659/3847 3827/2160/3827
f 2158/2155/2158 2156/2152/2156 3874/2153/3874
f 1438/830/1438 2044/1720/2044 2046/2133/2046
f 2035/2161/2035 2154/2149/2154 2160/2162/2160
f 2161/2163/2161 2160/2162/2160 3889/2164/3889
f 3871/2166/3871 3891/2171/3891 605/1734/605
f 3873/2167/3873 17/10/17 18/12/18
f 370/434/370 29/15/29 61/44/61
f 649/1935/649 1951/1794/1951 413/240/413
f 2153/2147/2153 2157/2150/2157 2156/2152/2156
f 1428/2168/1428 1429/823/1429 1449/2113/1449
f 1490/1027/1490 76/53/76 73/55/73
f 3890/2158/3890 3905/2157/3905 710/1383/710
f 2155/2151/2155 1891/2175/1891 3891/2171/3891
f 1456/872/1456 1457/871/1457 1880/2096/1880
f 2125/2172/2125 2088/2142/2088 2087/2141/2087
f 2160/2162/2160 2159/2156/2159 3890/2158/3890
f 300/2000/300 1959/1999/1959 505/634/505
f 1064/592/1064 1062/540/1062 1046/538/1046
f 2043/2004/2043 1892/2003/1892 1891/2175/1891
f 2129/2176/2129 2130/2276/2130 2004/2066/2004
f 2131/2177/2131 2132/3433/2132 2133/2178/2133
f 3848/850/3848 3849/909/3849 1450/2169/1450
f 1998/1867/1998 1975/1835/1975 804/1717/804
f 3879/2063/3879 673/2296/673 3864/2180/3864
f 474/418/474 492/415/492 490/1457/490
f 1164/582/1164 1165/584/1165 1182/895/1182
f 707/1339/707 2162/2183/2162 3909/2181/3909
f 708/2182/708 1472/2215/1472 2162/2183/2162
f 2162/2183/2162 2161/2163/2161 3886/2165/3886
f 548/1429/548 549/1184/549 1905/1748/1905
f 1145/562/1145 1136/564/1136 1114/570/1114
f 705/2159/705 2121/2089/2121 1650/2184/1650
f 2043/2004/2043 2157/2150/2157 1977/1836/1977
f 737/1808/737 738/1807/738 554/1456/554
f 1034/605/1034 1195/596/1195 1191/597/1191
f 458/281/458 1905/1748/1905 1907/1832/1907
f 195/126/195 196/125/196 232/1743/232
f 2040/2185/2040 2039/1918/2039 1969/1821/1969
f 2145/2187/2145 2146/2298/2146 2147/2188/2147
f 2054/2008/2054 2050/1941/2050 2049/1943/2049
f 3832/1443/3832 1646/1434/1646 1639/1435/1639
f 9/2190/9 12/2025/12 11/2191/11
f 252/145/252 364/206/364 506/1192/506
f 472/300/472 478/362/478 479/364/479
f 1865/948/1865 3924/1172/3924 3791/1174/3791
f 900/484/900 903/473/903 910/712/910
f 1941/2194/1941 2150/2273/2150 2151/2195/2151
f 1921/2196/1921 1928/2201/1928 1927/1773/1927
f 2163/2197/2163 1897/1737/1897 1898/1738/1898
f 271/1003/271 156/103/156 153/105/153
f 1904/1746/1904 1326/2200/1326 12/2025/12
f 282/286/282 263/156/263 264/1147/264
f 1872/2117/1872 1873/1712/1873 2154/2149/2154
f 1326/2200/1326 1904/1746/1904 1897/1737/1897
f 628/2154/628 692/379/692 693/381/693
f 1724/1554/1724 1722/1534/1722 1719/1536/1719
f 1549/1222/1549 1562/1329/1562 436/267/436
f 1582/1382/1582 1583/1381/1583 1730/1545/1730
f 1921/2196/1921 1920/1755/1920 1929/1777/1929
f 3563/2202/3563 3511/5093/3511 10/2192/10
f 2152/2203/2152 2037/3915/2037 1950/2024/1950
f 475/416/475 772/422/772 774/425/774
f 769/419/769 2172/2106/2172 2171/2108/2171
f 2171/2108/2171 2165/3515/2165 476/2205/476
f 476/2205/476 773/421/773 772/422/772
f 1791/2206/1791 565/1310/565 464/1311/464
f 2166/2208/2166 2167/3295/2167 2168/2209/2168
f 595/354/595 371/212/371 372/1217/372
f 483/293/483 1809/1660/1809 1641/1655/1641
f 762/407/762 2174/1900/2174 2173/853/2173
f 771/417/771 483/293/483 484/292/484
f 486/296/486 487/295/487 1809/1660/1809
f 297/1291/297 1549/1222/1549 1517/1185/1517
f 763/2211/763 2175/3580/2175 2174/1900/2174
f 776/1419/776 755/401/755 759/403/759
f 184/374/184 185/166/185 2176/2212/2176
f 412/241/412 447/325/447 303/1201/303
f 2005/2213/2005 2176/2212/2176 185/166/185
f 3811/1488/3811 1681/1804/1681 1682/1806/1682
f 2164/2214/2164 2170/2107/2170 756/426/756
f 1472/2215/1472 2035/2161/2035 2161/2163/2161
f 950/480/950 951/479/951 964/1798/964
f 2177/2216/2177 2178/3440/2178 2179/2217/2179
f 227/1218/227 226/1051/226 1510/1050/1510
f 2182/2219/2182 2183/2886/2183 2184/2220/2184
f 2186/2222/2186 2019/2889/2019 2018/2077/2018
f 1985/2224/1985 2182/2219/2182 2181/2221/2181
f 214/136/214 736/2821/736 729/1874/729
f 865/675/865 849/1431/849 842/1433/842
f 849/1431/849 865/675/865 1357/677/1357
f 559/1455/559 3187/3576/3187 3188/2227/3188
f 16/2228/16 13/7/13 737/1808/737
f 560/2229/560 553/1454/553 498/2230/498
f 3193/2232/3193 3196/3419/3196 3195/2233/3195
f 3200/2235/3200 3197/3420/3197 3198/2236/3198
f 3211/2238/3211 3214/3525/3214 3213/2239/3213
f 3215/2241/3215 3218/2266/3218 3217/2242/3217
f 2187/2244/2187 2188/3118/2188 2002/2245/2002
f 2169/2210/2169 2168/2209/2168 2189/2246/2189
f 2192/2248/2192 2086/3946/2086 2085/2140/2085
f 2193/2250/2193 2194/3896/2194 2195/2251/2195
f 2198/2253/2198 2199/2710/2199 2200/2254/2200
f 1998/1867/1998 1982/1852/1982 1979/1853/1979
f 3664/2256/3664 3665/3143/3665 3668/2257/3668
f 2116/2198/2116 1898/1738/1898 1903/2111/1903
f 1859/1909/1859 2006/2070/2006 2009/2072/2009
f 3904/2062/3904 2123/2061/2123 2126/2259/2126
f 1135/2261/1135 1148/563/1148 1087/569/1087
f 2201/2262/2201 2202/2277/2202 2015/2263/2015
f 1149/2264/1149 111/3492/111 110/152/110
f 3221/2265/3221 3222/3531/3222 3218/2266/3218
f 2203/2267/2203 2204/3435/2204 2205/2268/2205
f 579/344/579 580/343/580 1895/2270/1895
f 1755/2271/1755 2207/2295/2207 2208/2272/2208
f 3891/2171/3891 3910/1730/3910 1893/1732/1893
f 1211/1241/1211 2151/2195/2151 2150/2273/2150
f 868/925/868 997/1032/997 2210/2274/2210
f 944/1393/944 945/1944/945 930/754/930
f 2130/2276/2130 2129/2176/2129 2202/2277/2202
f 233/629/233 1903/2111/1903 1898/1738/1898
f 665/776/665 751/841/751 750/843/750
f 1167/1207/1167 1254/1273/1254 999/1034/999
f 2211/2280/2211 2212/2349/2212 2213/2281/2213
f 2215/2283/2215 2216/2348/2216 2217/2284/2217
f 3867/2045/3867 593/2023/593 590/351/590
f 2220/2286/2220 221/2566/221 220/306/220
f 823/447/823 824/489/824 948/477/948
f 3225/2288/3225 3220/3573/3220 3227/2289/3227
f 266/160/266 204/1809/204 455/469/455
f 3882/1762/3882 2108/3944/2108 2107/2027/2107
f 2221/2291/2221 2222/3311/2222 3519/481/3519
f 2223/2292/2223 2224/3382/2224 2225/2293/2225
f 2207/2295/2207 2125/2172/2125 2124/2173/2124
f 673/2296/673 674/3187/674 3869/2134/3869
f 817/444/817 1000/1750/1000 996/516/996
f 2227/2297/2227 2228/3190/2228 2146/2298/2146
f 1947/2080/1947 1948/1932/1948 646/365/646
f 3900/633/3900 2135/632/2135 17/10/17
f 2229/2299/2229 1635/1703/1635 1638/1705/1638
f 1679/1486/1679 1613/1484/1613 1618/1904/1618
f 1637/1704/1637 2231/2303/2231 2232/2300/2232
f 2233/2302/2233 2234/2945/2234 1617/1685/1617
f 2231/2303/2231 2235/2330/2235 2236/2304/2236
f 1381/1464/1381 1638/1705/1638 2238/2306/2238
f 3586/2308/3586 2241/3103/2241 2242/2309/2242
f 1630/2311/1630 2234/2945/2234 2233/2302/2233
f 1681/1804/1681 1626/1487/1626 472/300/472
f 1408/2312/1408 1407/1479/1407 2243/2313/2243
f 3236/2315/3236 3239/3530/3239 3238/2316/3238
f 3232/2318/3232 3241/3497/3241 3240/2319/3240
f 1637/1704/1637 2230/2301/2230 2238/2306/2238
f 3237/2317/3237 3238/2316/3238 3233/2321/3233
f 1409/1480/1409 1408/2312/1408 1634/1701/1634
f 1380/1466/1380 1383/1465/1383 2247/2324/2247
f 1628/1699/1628 2248/2328/2248 2245/2323/2245
f 2249/2327/2249 1623/1690/1623 1622/1689/1622
f 1632/1702/1632 1634/1701/1634 1408/2312/1408
f 2248/2328/2248 1628/1699/1628 1631/1698/1631
f 2235/2330/2235 2231/2303/2231 1637/1704/1637
f 3245/2332/3245 3246/2949/3246 3199/2237/3199
f 631/1316/631 2070/1974/2070 2071/2020/2071
f 515/556/515 167/555/167 52/34/52
f 782/858/782 781/2875/781 2251/2333/2251
f 2253/2334/2253 2254/3196/2254 2255/2335/2255
f 397/231/397 281/282/281 459/284/459
f 1456/872/1456 2039/1918/2039 2040/2185/2040
f 2040/2185/2040 2041/1925/2041 2036/1927/2036
f 1401/2337/1401 2112/1890/2112 2111/2124/2111
f 2041/1925/2041 2040/2185/2040 1970/2186/1970
f 1535/1782/1535 121/2834/121 414/239/414
f 1586/1389/1586 1587/1388/1587 2080/2338/2080
f 2256/2339/2256 983/1021/983 1132/1175/1132
f 1700/1002/1700 1699/1518/1699 3918/1520/3918
f 3815/1967/3815 1896/1589/1896 1686/1158/1686
f 1263/1298/1263 2256/2339/2256 1886/2340/1886
f 598/2341/598 1841/1888/1841 844/1245/844
f 2257/2342/2257 2258/2345/2258 2259/2343/2259
f 2258/2345/2258 2261/3256/2261 2262/2346/2262
f 2259/2343/2259 2262/2346/2262 2263/2347/2263
f 2260/2344/2260 2259/2343/2259 2216/2348/2216
f 1967/1824/1967 1971/1823/1971 1970/2186/1970
f 2212/2349/2212 1964/2035/1964 1963/2350/1963
f 922/2351/922 921/960/921 2218/2285/2218
f 1312/1369/1312 1098/1132/1098 1101/1131/1101
f 1307/2353/1307 1306/1364/1306 1286/2354/1286
f 1548/2355/1548 1569/1819/1569 1546/2225/1546
f 2266/2356/2266 2267/2416/2267 2268/2357/2268
f 2265/2358/2265 2268/2357/2268 2270/2359/2270
f 2272/2361/2272 2265/2358/2265 2269/2360/2269
f 2273/2363/2273 2266/2356/2266 2265/2358/2265
f 2275/2364/2275 2276/2440/2276 2277/2365/2277
f 2278/2367/2278 2274/2366/2274 2277/2365/2277
f 2284/2369/2284 2285/2544/2285 3617/2370/3617
f 2287/2372/2287 2283/2376/2283 2286/2373/2286
f 2288/2375/2288 2289/2593/2289 2283/2376/2283
f 2290/2377/2290 2284/2369/2284 3639/2371/3639
f 2291/2379/2291 2292/2385/2292 2293/2380/2293
f 2295/2382/2295 2291/2379/2291 2294/2381/2294
f 2296/2383/2296 2297/2384/2297 2291/2379/2291
f 2297/2384/2297 2298/2388/2298 2292/2385/2292
f 2294/2381/2294 2293/2380/2293 2299/2386/2299
f 2279/2368/2279 2294/2381/2294 2300/2387/2300
f 2298/2388/2298 2301/2396/2301 2302/2389/2302
f 2292/2385/2292 2302/2389/2302 2303/2390/2303
f 2293/2380/2293 2303/2390/2303 2304/2391/2304
f 2304/2391/2304 2305/2587/2305 2306/2392/2306
f 2308/2393/2308 2309/2614/2309 2310/2394/2310
f 2302/2389/2302 2307/2395/2307 2310/2394/2310
f 2301/2396/2301 2311/2398/2311 2307/2395/2307
f 2312/2397/2312 2308/2393/2308 2307/2395/2307
f 2313/2399/2313 2314/2506/2314 2315/2400/2315
f 2318/2402/2318 2319/2638/2319 2320/2403/2320
f 3748/2405/3748 3771/3394/3771 2322/2406/2322
f 2324/2408/2324 2325/2417/2325 2273/2363/2273
f 2313/2399/2313 2324/2408/2324 2326/2409/2326
f 2328/2411/2328 2324/2408/2324 2313/2399/2313
f 2329/2412/2329 2325/2417/2325 2324/2408/2324
f 2331/2413/2331 2332/2420/2332 2333/2414/2333
f 2330/2415/2330 2333/2414/2333 2267/2416/2267
f 2325/2417/2325 2330/2415/2330 2266/2356/2266
f 2329/2412/2329 2331/2413/2331 2330/2415/2330
f 2333/2414/2333 2334/3875/2334 2335/2418/2335
f 2336/2419/2336 2334/3875/2334 2333/2414/2333
f 2338/2421/2338 2336/2419/2336 2332/2420/2332
f 2331/2413/2331 2339/2423/2339 2337/2422/2337
f 2329/2412/2329 2340/2424/2340 2339/2423/2339
f 2328/2411/2328 2341/2425/2341 2340/2424/2340
f 2316/2401/2316 2342/2426/2342 2341/2425/2341
f 2342/2426/2342 2316/2401/2316 2315/2400/2315
f 2344/2428/2344 2345/2432/2345 2346/2429/2346
f 2341/2425/2341 2344/2428/2344 2347/2430/2347
f 2342/2426/2342 2348/2431/2348 2344/2428/2344
f 2348/2431/2348 2349/2624/2349 2345/2432/2345
f 2350/2433/2350 2351/2436/2351 2352/2434/2352
f 2339/2423/2339 2350/2433/2350 2353/2435/2353
f 2340/2424/2340 2347/2430/2347 2350/2433/2350
f 2347/2430/2347 2346/2429/2346 2351/2436/2351
f 2337/2422/2337 2353/2435/2353 2354/2437/2354
f 2353/2435/2353 2352/2434/2352 2355/2438/2355
f 2356/2439/2356 2277/2365/2277 2276/2440/2276
f 2356/2439/2356 2357/2441/2357 2358/2442/2358
f 2356/2439/2356 2359/2443/2359 2296/2383/2296
f 2279/2368/2279 2277/2365/2277 2356/2439/2356
f 2360/2444/2360 2361/2448/2361 2270/2359/2270
f 2267/2416/2267 2335/2418/2335 2360/2444/2360
f 2362/2445/2362 2363/2450/2363 2364/2446/2364
f 2362/2445/2362 2365/2447/2365 2361/2448/2361
f 2366/2449/2366 2362/2445/2362 2358/2442/2358
f 2366/2449/2366 2367/2453/2367 2363/2450/2363
f 2357/2441/2357 2276/2440/2276 2368/2451/2368
f 2366/2449/2366 2368/2451/2368 2369/2452/2369
f 2276/2440/2276 2275/2364/2275 2370/2454/2370
f 2368/2451/2368 2370/2454/2370 2282/2455/2282
f 2372/2456/2372 2373/2537/2373 2374/2457/2374
f 2375/2459/2375 2376/2656/2376 2377/2460/2377
f 2378/2462/2378 2379/2469/2379 2380/2463/2380
f 2382/2465/2382 2378/2462/2378 2381/2464/2381
f 2384/2467/2384 2385/2468/2385 2378/2462/2378
f 2385/2468/2385 2386/2691/2386 2379/2469/2379
f 2388/2470/2388 2389/2530/2389 2390/2471/2390
f 2387/2472/2387 2390/2471/2390 2392/2473/2392
f 2393/2475/2393 2394/2476/2394 2387/2472/2387
f 2394/2476/2394 2395/2560/2395 2388/2470/2388
f 2186/2222/2186 2401/2885/2401 2402/2477/2402
f 2403/2479/2403 2404/2481/2404 2327/2410/2327
f 2272/2361/2272 2403/2479/2403 2326/2409/2326
f 2271/2362/2271 2405/2480/2405 2403/2479/2403
f 2405/2480/2405 2406/2491/2406 2404/2481/2404
f 2404/2481/2404 2407/2492/2407 2408/2482/2408
f 2409/2483/2409 2410/2487/2410 2411/2484/2411
f 2409/2483/2409 2412/2485/2412 2271/2362/2271
f 2413/2486/2413 2409/2483/2409 2269/2360/2269
f 2413/2486/2413 2414/3876/2414 2410/2487/2410
f 2417/2488/2417 2415/3958/2415 2416/2489/2416
f 2417/2488/2417 2418/2490/2418 2406/2491/2406
f 2412/2485/2412 2417/2488/2417 2405/2480/2405
f 2411/2484/2411 2415/3958/2415 2417/2488/2417
f 2406/2491/2406 2419/2500/2419 2407/2492/2407
f 3569/1337/3569 3520/2127/3520 632/2493/632
f 2420/2494/2420 2398/2501/2398 2397/2495/2397
f 2420/2494/2420 2421/2496/2421 2423/2497/2423
f 2424/2499/2424 2420/2494/2420 2422/2498/2422
f 2424/2499/2424 2399/3407/2399 2398/2501/2398
f 2425/2502/2425 2391/2474/2391 2392/2473/2392
f 2421/2496/2421 2425/2502/2425 2426/2503/2426
f 2397/2495/2397 2396/2504/2396 2425/2502/2425
f 2396/2504/2396 2393/2475/2393 2391/2474/2391
f 2427/2505/2427 2314/2506/2314 2408/2482/2408
f 2430/2508/2430 2427/2505/2427 2428/2507/2428
f 2343/2427/2343 2315/2400/2315 2427/2505/2427
f 2432/2510/2432 2343/2427/2343 2430/2508/2430
f 2431/2511/2431 2430/2508/2430 2429/2509/2429
f 2435/2513/2435 2431/2511/2431 2433/2512/2433
f 2436/2515/2436 2432/2510/2432 2431/2511/2431
f 2428/2507/2428 2408/2482/2408 2407/2492/2407
f 2422/2498/2422 2437/2516/2437 2407/2492/2407
f 2438/2517/2438 2437/2516/2437 2422/2498/2422
f 2429/2509/2429 2428/2507/2428 2437/2516/2437
f 2440/2518/2440 2434/2514/2434 2433/2512/2433
f 2441/2520/2441 2439/2519/2439 2433/2512/2433
f 2442/2521/2442 2443/2522/2443 2439/2519/2439
f 2443/2522/2443 2444/2524/2444 2440/2518/2440
f 2445/2523/2445 2446/2526/2446 2444/2524/2444
f 2447/2525/2447 2445/2523/2445 2443/2522/2443
f 2383/2466/2383 2381/2464/2381 2445/2523/2445
f 2381/2464/2381 2380/2463/2380 2446/2526/2446
f 2448/2527/2448 2438/2517/2438 2423/2497/2423
f 2449/2528/2449 2448/2527/2448 2426/2503/2426
f 2441/2520/2441 2448/2527/2448 2449/2528/2449
f 2441/2520/2441 2429/2509/2429 2438/2517/2438
f 2449/2528/2449 2392/2473/2392 2390/2471/2390
f 2450/2529/2450 2390/2471/2390 2389/2530/2389
f 2447/2525/2447 2450/2529/2450 2451/2531/2451
f 2442/2521/2442 2449/2528/2449 2450/2529/2450
f 2451/2531/2451 2389/2530/2389 2453/2532/2453
f 2452/2533/2452 2453/2532/2453 2455/2534/2455
f 2382/2465/2382 2452/2533/2452 2454/2535/2454
f 2383/2466/2383 2451/2531/2451 2452/2533/2452
f 2456/2536/2456 2457/2713/2457 2373/2537/2373
f 2459/2538/2459 2460/3957/2460 2461/2539/2461
f 2463/2541/2463 2464/2567/2464 2465/2542/2465
f 2462/2543/2462 2465/2542/2465 2285/2544/2285
f 2466/2545/2466 2462/2543/2462 2284/2369/2284
f 2467/2546/2467 2463/2541/2463 2462/2543/2462
f 2461/2539/2461 2460/3957/2460 3703/2547/3703
f 2468/2549/2468 2469/3937/2469 2470/2550/2470
f 2472/2552/2472 2468/2549/2468 2471/2551/2471
f 2474/2554/2474 2461/2539/2461 3701/2548/3701
f 2475/2556/2475 2476/3290/2476 2477/2557/2477
f 2458/2540/2458 2455/2534/2455 2453/2532/2453
f 2479/2559/2479 2453/2532/2453 2389/2530/2389
f 2395/2560/2395 2480/2561/2480 2479/2559/2479
f 2480/2561/2480 2459/2538/2459 2458/2540/2458
f 2481/2562/2481 2482/3309/2482 2483/2563/2483
f 2484/2564/2484 113/154/113 2485/2565/2485
f 2471/2551/2471 2470/2550/2470 2464/2567/2464
f 2473/2553/2473 2471/2551/2471 2463/2541/2463
f 2487/2568/2487 2467/2546/2467 2466/2545/2466
f 2486/2569/2486 2466/2545/2466 2290/2377/2290
f 2490/2571/2490 2486/2569/2486 2488/2570/2488
f 2491/2573/2491 2487/2568/2487 2486/2569/2486
f 2492/2574/2492 2473/2553/2473 2467/2546/2467
f 2493/2575/2493 2492/2574/2492 2487/2568/2487
f 2494/2576/2494 2495/2577/2495 2492/2574/2492
f 2495/2577/2495 2472/2552/2472 2473/2553/2473
f 3690/2578/3690 2496/2580/2496 2474/2554/2474
f 3691/2579/3691 2497/3172/2497 2496/2580/2496
f 2498/2581/2498 2494/2576/2494 2493/2575/2493
f 2500/2583/2500 2498/2581/2498 2499/2582/2499
f 3700/2585/3700 3687/2586/3687 2498/2581/2498
f 3687/2586/3687 3691/2579/3691 2494/2576/2494
f 2306/2392/2306 2504/2588/2504 2278/2367/2278
f 2305/2587/2305 2505/2594/2505 2504/2588/2504
f 2504/2588/2504 2505/2594/2505 2507/2589/2507
f 2506/2590/2506 2507/2589/2507 2288/2375/2288
f 2274/2366/2274 2506/2590/2506 2508/2591/2508
f 2278/2367/2278 2504/2588/2504 2506/2590/2506
f 3633/2592/3633 3632/2611/3632 2489/2572/2489
f 3620/2378/3620 3633/2592/3633 2488/2570/2488
f 2507/2589/2507 2509/2595/2509 2289/2593/2289
f 2505/2594/2505 2510/2604/2510 2509/2595/2509
f 2508/2591/2508 2288/2375/2288 2287/2372/2287
f 2511/2596/2511 2287/2372/2287 2281/2374/2281
f 2370/2454/2370 2511/2596/2511 2280/2597/2280
f 2275/2364/2275 2508/2591/2508 2511/2596/2511
f 2512/2598/2512 2490/2571/2490 2489/2572/2489
f 2514/2600/2514 2512/2598/2512 2513/2599/2513
f 2517/2602/2517 2512/2598/2512 2514/2600/2514
f 2517/2602/2517 2491/2573/2491 2490/2571/2490
f 2499/2582/2499 2493/2575/2493 2491/2573/2491
f 2499/2582/2499 2517/2602/2517 2516/2603/2516
f 2510/2604/2510 2505/2594/2505 2519/2605/2519
f 2518/2606/2518 2519/2605/2519 2521/2607/2521
f 3616/2609/3616 2518/2606/2518 2520/2608/2520
f 3632/2611/3632 2510/2604/2510 2518/2606/2518
f 2522/2612/2522 2304/2391/2304 2303/2390/2303
f 2523/2613/2523 2522/2612/2522 2310/2394/2310
f 2305/2587/2305 2304/2391/2304 2522/2612/2522
f 2524/2615/2524 2522/2612/2522 2523/2613/2523
f 2519/2605/2519 2524/2615/2524 2525/2616/2525
f 2505/2594/2505 2305/2587/2305 2524/2615/2524
f 2308/2393/2308 2312/2397/2312 2527/2617/2527
f 2526/2618/2526 2527/2617/2527 2529/2619/2529
f 2531/2621/2531 2526/2618/2526 2528/2620/2528
f 2309/2614/2309 2308/2393/2308 2526/2618/2526
f 1214/1243/1214 2532/3080/2532 2151/2195/2151
f 2419/2500/2419 2406/2491/2406 2418/2490/2418
f 2533/2623/2533 2345/2432/2345 2349/2624/2349
f 2534/2625/2534 2533/2623/2533 2317/2404/2317
f 2535/2626/2535 2536/2627/2536 2533/2623/2533
f 2536/2627/2536 2346/2429/2346 2345/2432/2345
f 2537/2628/2537 2351/2436/2351 2346/2429/2346
f 2538/2629/2538 2537/2628/2537 2536/2627/2536
f 2539/2630/2539 2540/2631/2540 2537/2628/2537
f 2540/2631/2540 2352/2434/2352 2351/2436/2351
f 2312/2397/2312 2355/2438/2355 2541/2632/2541
f 2527/2617/2527 2541/2632/2541 2542/2633/2542
f 2543/2634/2543 2435/2513/2435 2434/2514/2434
f 2545/2636/2545 2543/2634/2543 2544/2635/2544
f 2319/2638/2319 2318/2402/2318 2543/2634/2543
f 2318/2402/2318 2436/2515/2436 2435/2513/2435
f 2514/2600/2514 2515/2601/2515 2548/2639/2548
f 2547/2640/2547 2548/2639/2548 2550/2641/2550
f 2552/2643/2552 2547/2640/2547 2549/2642/2549
f 2552/2643/2552 2516/2603/2516 2514/2600/2514
f 2520/2608/2520 2521/2607/2521 2554/2645/2554
f 2553/2646/2553 2554/2645/2554 2556/2647/2556
f 3590/2649/3590 2553/2646/2553 2555/2648/2555
f 3621/2610/3621 2520/2608/2520 2553/2646/2553
f 2523/2613/2523 2309/2614/2309 2531/2621/2531
f 2557/2651/2557 2531/2621/2531 2530/2622/2530
f 2525/2616/2525 2523/2613/2523 2557/2651/2557
f 2559/2653/2559 2557/2651/2557 2558/2652/2558
f 2554/2645/2554 2559/2653/2559 2560/2654/2560
f 2521/2607/2521 2525/2616/2525 2559/2653/2559
f 2561/2655/2561 2375/2459/2375 2007/2461/2007
f 2376/2656/2376 2562/3315/2562 2225/2293/2225
f 2564/2657/2564 2565/2714/2565 2566/2658/2566
f 2563/2659/2563 2566/2658/2566 338/511/338
f 2569/2661/2569 2563/2659/2563 2567/2660/2567
f 2570/2663/2570 2564/2657/2564 2563/2659/2563
f 2572/2664/2572 2573/2672/2573 2574/2665/2574
f 2571/2666/2571 2574/2665/2574 2576/2667/2576
f 2544/2635/2544 2571/2666/2571 2575/2668/2575
f 2544/2635/2544 2434/2514/2434 2572/2664/2572
f 2578/2669/2578 2570/2663/2570 2569/2661/2569
f 2579/2671/2579 2577/2670/2577 2569/2661/2569
f 2574/2665/2574 2577/2670/2577 2579/2671/2579
f 2573/2672/2573 2578/2669/2578 2577/2670/2577
f 2581/2673/2581 2582/2681/2582 2583/2674/2583
f 2584/2676/2584 2580/2675/2580 2583/2674/2583
f 3697/2678/3697 3675/2680/3675 2580/2675/2580
f 3676/2679/3676 2581/2673/2581 2580/2675/2580
f 2582/2681/2582 2516/2603/2516 2552/2643/2552
f 2583/2674/2583 2552/2643/2552 2551/2644/2551
f 2500/2583/2500 2501/2584/2501 2589/2682/2589
f 2590/2684/2590 2588/2683/2588 2589/2682/2589
f 3693/2686/3693 3695/2687/3695 2588/2683/2588
f 3695/2687/3695 3700/2585/3700 2500/2583/2500
f 2501/2584/2501 2516/2603/2516 2591/2685/2591
f 2592/2688/2592 2593/3306/2593 2594/2689/2594
f 2386/2691/2386 2385/2468/2385 2503/2692/2503
f 2596/2694/2596 2379/2469/2379 2386/2691/2386
f 2596/2694/2596 2374/2457/2374 2373/2537/2373
f 2599/2696/2599 2596/2694/2596 2597/2695/2597
f 2599/2696/2599 2380/2463/2380 2379/2469/2379
f 2600/2698/2600 2446/2526/2446 2380/2463/2380
f 2600/2698/2600 2599/2696/2599 2598/2697/2598
f 2603/2700/2603 2600/2698/2600 2601/2699/2601
f 2603/2700/2603 2444/2524/2444 2446/2526/2446
f 2604/2702/2604 2603/2700/2603 2602/2701/2602
f 2440/2518/2440 2604/2702/2604 2605/2703/2605
f 2444/2524/2444 2603/2700/2603 2604/2702/2604
f 2606/2704/2606 2582/2681/2582 2581/2673/2581
f 2606/2704/2606 2607/2705/2607 2590/2684/2590
f 2591/2685/2591 2516/2603/2516 2582/2681/2582
f 3676/2679/3676 2587/3314/2587 2456/2536/2456
f 3689/2706/3689 2456/2536/2456 2372/2456/2372
f 2478/2558/2478 2477/2557/2477 2608/2707/2608
f 2609/2708/2609 2610/3299/2610 2611/2709/2611
f 2564/2657/2564 2570/2663/2570 2613/2711/2613
f 2612/2712/2612 2613/2711/2613 2598/2697/2598
f 2457/2713/2457 2612/2712/2612 2597/2695/2597
f 2565/2714/2565 2564/2657/2564 2612/2712/2612
f 2614/2715/2614 2613/2711/2613 2570/2663/2570
f 2615/2716/2615 2614/2715/2614 2578/2669/2578
f 2602/2701/2602 2601/2699/2601 2614/2715/2614
f 2601/2699/2601 2598/2697/2598 2613/2711/2613
f 2572/2664/2572 2434/2514/2434 2605/2703/2605
f 2616/2717/2616 2605/2703/2605 2602/2701/2602
f 2573/2672/2573 2572/2664/2572 2616/2717/2616
f 1459/880/1459 1016/548/1016 1045/541/1045
f 1265/1299/1265 1215/1887/1215 1079/1115/1079
f 1612/1950/1612 1608/1405/1608 1609/1963/1609
f 2067/1960/2067 2057/1946/2057 2069/2055/2069
f 1135/2261/1135 1109/544/1109 1136/564/1136
f 1938/1995/1938 1937/1994/1937 2618/2719/2618
f 95/387/95 548/1429/548 458/281/458
f 2058/1951/2058 1607/1406/1607 1608/1405/1608
f 1454/873/1454 1469/903/1469 1445/851/1445
f 655/769/655 2620/2758/2620 1048/1079/1048
f 722/2722/722 1049/1078/1049 2621/2723/2621
f 1131/1176/1131 985/1023/985 1033/1065/1033
f 562/349/562 1481/967/1481 366/208/366
f 1723/1546/1723 1719/1536/1719 1725/1571/1725
f 1786/2724/1786 1123/3253/1123 1122/1152/1122
f 267/159/267 300/2000/300 323/261/323
f 1325/644/1325 2034/1915/2034 1654/1586/1654
f 1468/896/1468 1165/584/1165 1435/832/1435
f 658/772/658 657/771/657 529/2725/529
f 8/4/8 532/321/532 247/339/247
f 382/1281/382 1557/1328/1557 1559/1330/1559
f 788/866/788 619/745/619 1307/2353/1307
f 940/2030/940 930/754/930 929/755/929
f 911/951/911 2622/2793/2622 2623/2727/2623
f 2621/2723/2621 2620/2758/2620 655/769/655
f 2624/2729/2624 1857/2779/1857 2625/2730/2625
f 998/1033/998 1846/1894/1846 27/26/27
f 635/753/635 638/752/638 2626/2731/2626
f 2627/2733/2627 641/756/641 644/758/644
f 2628/2734/2628 2627/2733/2627 1840/1885/1840
f 1200/2736/1200 1199/1231/1199 2627/2733/2627
f 1199/1231/1199 1773/1817/1773 641/756/641
f 1520/1358/1520 515/556/515 49/36/49
f 1452/874/1452 1350/704/1350 1349/668/1349
f 2630/2737/2630 2631/2841/2631 1859/1909/1859
f 644/758/644 643/757/643 1335/1537/1335
f 1197/1229/1197 1198/1228/1198 717/814/717
f 2632/2738/2632 717/814/717 719/815/719
f 2628/2734/2628 2632/2738/2632 1166/1205/1166
f 2629/2735/2629 1197/1229/1197 2632/2738/2632
f 1762/2739/1762 2633/2823/2633 1050/2740/1050
f 1823/1884/1823 870/927/870 873/929/873
f 2634/2742/2634 2635/2743/2635 794/1124/794
f 1042/1073/1042 794/1124/794 2635/2743/2635
f 93/70/93 94/69/94 1901/1741/1901
f 2036/1927/2036 2038/1926/2038 1458/1976/1458
f 1527/1833/1527 332/3222/332 1525/1325/1525
f 877/932/877 876/931/876 1274/1313/1274
f 134/91/134 409/258/409 797/430/797
f 1328/1413/1328 893/944/893 931/972/931
f 607/736/607 777/854/777 1091/1122/1091
f 1043/1074/1043 2635/2743/2635 2637/2744/2637
f 2636/2745/2636 2637/2744/2637 2639/2746/2639
f 1275/1315/1275 2636/2745/2636 2638/2747/2638
f 1275/1315/1275 1040/1072/1040 1043/1074/1043
f 1272/1308/1272 2624/2729/2624 2626/2731/2626
f 2640/2748/2640 2626/2731/2626 638/752/638
f 1110/1143/1110 2641/2751/2641 2640/2748/2640
f 536/2750/536 1272/1308/1272 2640/2748/2640
f 1472/2215/1472 708/2182/708 1474/1914/1474
f 2042/1931/2042 2030/1895/2030 1951/1794/1951
f 1058/2752/1058 1106/1135/1106 1105/2753/1105
f 2642/2754/2642 2623/2727/2623 2643/2755/2643
f 1192/1922/1192 2642/2754/2642 2644/2756/2644
f 912/2728/912 2623/2727/2623 2642/2754/2642
f 3898/2757/3898 1657/1917/1657 3526/1490/3526
f 1049/1078/1049 1048/1079/1048 2620/2758/2620
f 616/740/616 1829/1870/1829 1885/1929/1885
f 1331/2759/1331 1913/1972/1913 666/2278/666
f 990/2760/990 989/1024/989 1198/1228/1198
f 1911/1759/1911 1912/1758/1912 321/1830/321
f 1298/1356/1298 1282/1331/1282 1205/1332/1205
f 76/53/76 1490/1027/1490 1504/1029/1504
f 1502/2763/1502 1500/1009/1500 421/254/421
f 610/735/610 609/770/609 658/772/658
f 1146/1188/1146 937/976/937 659/773/659
f 2646/2764/2646 911/951/911 914/953/914
f 1280/1324/1280 1239/1258/1239 1238/2765/1238
f 1453/906/1453 1454/873/1454 1452/874/1452
f 835/900/835 942/1102/942 1843/2769/1843
f 1271/1307/1271 1270/1980/1270 1173/2770/1173
f 1893/1732/1893 1878/1731/1878 1826/2773/1826
f 1050/2740/1050 2633/2823/2633 1937/1994/1937
f 2651/2774/2651 2652/2863/2652 814/884/814
f 1006/1042/1006 1053/1082/1053 1281/1326/1281
f 2653/2775/2653 1084/1117/1084 2654/2776/2654
f 1001/1986/1001 1004/1610/1004 1003/1611/1003
f 585/723/585 997/1032/997 679/789/679
f 2624/2729/2624 1272/1308/1272 621/1309/621
f 555/708/555 678/3199/678 2028/2083/2028
f 1207/1238/1207 526/693/526 1197/1229/1197
f 1626/1487/1626 1627/1409/1627 478/362/478
f 426/1056/426 389/228/389 419/252/419
f 1030/1225/1030 1193/1224/1193 1773/1817/1773
f 3898/2757/3898 645/1725/645 634/1451/634
f 534/1141/534 1533/1125/1533 138/1126/138
f 1125/1812/1125 1092/1123/1092 1042/1073/1042
f 333/1261/333 228/144/228 88/65/88
f 569/437/569 1570/1745/1570 561/348/561
f 1489/1538/1489 2656/2864/2656 871/2778/871
f 1857/2779/1857 2624/2729/2624 620/743/620
f 1673/1477/1673 1674/1483/1674 3770/1647/3770
f 622/744/622 861/920/861 864/922/864
f 619/745/619 788/866/788 891/941/891
f 261/1341/261 544/329/544 545/331/545
f 393/1288/393 1555/1415/1555 1556/1263/1556
f 2658/2782/2658 2659/2784/2659 2647/2767/2647
f 1075/1105/1075 2658/2782/2658 2657/2781/2657
f 1081/2783/1081 1080/1113/1080 2658/2782/2658
f 1080/1113/1080 1139/1181/1139 2659/2784/2659
f 2644/2756/2644 2643/2755/2643 1141/1182/1141
f 2660/2785/2660 1141/1182/1141 1140/2786/1140
f 642/2787/642 2660/2785/2660 1336/1425/1336
f 1193/1224/1193 2644/2756/2644 2660/2785/2660
f 679/789/679 678/3199/678 555/708/555
f 1503/2788/1503 1501/1007/1501 1500/1009/1500
f 1318/1374/1318 1317/1373/1317 1101/1131/1101
f 2661/2790/2661 2659/2784/2659 1139/1181/1139
f 2661/2790/2661 1142/1183/1142 2663/2791/2663
f 2662/2792/2662 2647/2767/2647 2659/2784/2659
f 2662/2792/2662 2663/2791/2663 2622/2793/2622
f 2664/2794/2664 2622/2793/2622 911/951/911
f 2648/2768/2648 2664/2794/2664 2646/2764/2646
f 2648/2768/2648 2647/2767/2647 2662/2792/2662
f 2083/1998/2083 2094/1752/2094 2093/1754/2093
f 1442/835/1442 1440/836/1440 1437/831/1437
f 519/475/519 329/332/329 330/1095/330
f 1885/1929/1885 2029/2081/2029 1209/1239/1209
f 799/1716/799 800/441/800 805/443/805
f 1946/2100/1946 1943/3865/1943 1952/1971/1952
f 1302/2795/1302 1301/1361/1301 1253/1272/1253
f 566/1320/566 2005/2213/2005 224/277/224
f 1389/2037/1389 940/2030/940 928/2032/928
f 683/2797/683 682/1542/682 681/1418/681
f 836/2798/836 835/900/835 1842/1891/1842
f 2665/2799/2665 1842/1891/1842 1845/1893/1845
f 2666/2800/2666 2665/2799/2665 1303/1362/1303
f 24/27/24 836/2798/836 2665/2799/2665
f 831/899/831 1072/1101/1072 2650/2772/2650
f 1845/1893/1845 1844/1892/1844 1304/1363/1304
f 2010/2801/2010 2013/2840/2013 2012/2802/2012
f 1051/1080/1051 1936/1993/1936 2667/2803/2667
f 1522/1089/1522 1521/1077/1521 1511/1054/1511
f 531/1116/531 440/270/440 441/2805/441
f 1250/1271/1250 635/753/635 2625/2730/2625
f 2669/2806/2669 2625/2730/2625 1857/2779/1857
f 783/859/783 2669/2806/2669 1856/1905/1856
f 782/858/782 1250/1271/1250 2669/2806/2669
f 720/818/720 2670/3237/2670 2671/2807/2671
f 1055/1087/1055 1931/1987/1931 1930/1988/1930
f 1333/2808/1333 1067/1423/1067 1251/1270/1251
f 619/745/619 622/744/622 1308/1365/1308
f 652/767/652 655/769/655 2619/2721/2619
f 521/1058/521 522/1148/522 1539/1146/1539
f 1838/1883/1838 988/1026/988 537/701/537
f 2672/2809/2672 537/701/537 536/2750/536
f 1113/1145/1113 2672/2809/2672 2641/2751/2641
f 1113/1145/1113 527/697/527 1838/1883/1838
f 1016/548/1016 1013/550/1013 1351/879/1351
f 3897/1719/3897 573/345/573 570/347/570
f 226/1051/226 227/1218/227 104/2810/104
f 3564/2811/3564 3669/3906/3669 3827/2160/3827
f 1036/1068/1036 1037/1069/1037 1884/2082/1884
f 2674/2812/2674 1301/1361/1301 1304/1363/1304
f 2673/2813/2673 1304/1363/1304 1844/1892/1844
f 1334/1424/1334 2673/2813/2673 2675/2814/2675
f 1333/2808/1333 2674/2812/2674 2673/2813/2673
f 2676/2815/2676 702/803/702 1039/1071/1039
f 1843/2769/1843 2676/2815/2676 2675/2814/2675
f 942/1102/942 1074/1104/1074 2676/2815/2676
f 1074/1104/1074 699/801/699 702/803/702
f 752/2816/752 1057/1085/1057 1055/1087/1055
f 1200/2736/1200 1166/1205/1166 656/1206/656
f 1120/1150/1120 1846/1894/1846 874/930/874
f 2677/2817/2677 874/930/874 877/932/877
f 1241/1262/1241 2677/2817/2677 1052/2818/1052
f 1119/1151/1119 1120/1150/1120 2677/2817/2677
f 1560/1501/1560 1513/1198/1513 151/101/151
f 1208/2819/1208 1316/1372/1316 611/738/611
f 215/2820/215 735/399/735 736/2821/736
f 1460/881/1460 1459/880/1459 1462/1989/1462
f 1208/2819/1208 1207/1238/1207 1839/2741/1839
f 854/916/854 856/915/856 1282/1331/1282
f 72/50/72 445/1129/445 182/255/182
f 544/329/544 1563/1342/1563 1565/1354/1565
f 217/465/217 200/1213/200 456/2822/456
f 2047/1938/2047 1404/759/1404 930/754/930
f 1204/1235/1204 2618/2719/2618 1937/1994/1937
f 913/952/913 777/854/777 686/856/686
f 840/904/840 527/697/527 1113/1145/1113
f 1531/1119/1531 729/1874/729 730/435/730
f 2678/2824/2678 778/1333/778 1283/1334/1283
f 601/966/601 667/777/667 1914/1973/1914
f 1537/1149/1537 1538/1348/1538 459/284/459
f 1819/2825/1819 1757/991/1757 3509/993/3509
f 991/1025/991 1860/2837/1860 862/2827/862
f 2679/2828/2679 711/809/711 1073/1103/1073
f 2680/2829/2680 1830/1872/1830 983/1021/983
f 779/855/779 2680/2829/2680 2256/2339/2256
f 778/1333/778 2678/2824/2678 2680/2829/2680
f 2678/2824/2678 2679/2828/2679 1830/1872/1830
f 180/120/180 542/470/542 245/1786/245
f 1886/2340/1886 1132/1175/1132 1131/1176/1131
f 1138/2830/1138 1137/1180/1137 1274/1313/1274
f 1841/1888/1841 598/2341/598 1140/2786/1140
f 75/2762/75 313/1142/313 314/1287/314
f 193/1161/193 423/458/423 420/251/420
f 2681/2831/2681 2682/3251/2682 1099/1130/1099
f 170/179/170 1567/1437/1567 1565/1354/1565
f 349/197/349 416/336/416 417/247/417
f 1121/1154/1121 1124/1153/1124 2684/2832/2684
f 547/431/547 797/430/797 409/258/409
f 123/981/123 122/980/122 121/2834/121
f 2643/2755/2643 2663/2791/2663 1142/1183/1142
f 1542/1179/1542 1544/1190/1544 513/313/513
f 899/2835/899 900/484/900 907/525/907
f 1210/2836/1210 677/788/677 676/790/676
f 791/865/791 663/1020/663 982/1167/982
f 24/27/24 27/26/27 837/901/837
f 893/944/893 896/943/896 932/1300/932
f 1860/2837/1860 1320/1377/1320 863/921/863
f 535/700/535 538/702/538 862/2827/862
f 1569/1819/1569 1548/2355/1548 1547/2838/1547
f 181/119/181 455/469/455 542/470/542
f 660/2839/660 659/773/659 937/976/937
f 2013/2840/2013 567/1319/567 568/436/568
f 887/937/887 890/939/890 2631/2841/2631
f 1524/1092/1524 1508/1041/1508 361/1408/361
f 520/1430/520 161/214/161 162/2842/162
f 2653/2775/2653 855/914/855 854/916/854
f 1238/2765/1238 1237/1257/1237 2655/2777/2655
f 718/1948/718 1838/1883/1838 527/697/527
f 1492/1004/1492 1493/1075/1493 518/310/518
f 792/1871/792 616/740/616 615/1156/615
f 599/727/599 846/908/846 1835/2845/1835
f 290/393/290 457/635/457 456/2822/456
f 312/178/312 171/112/171 1552/1327/1552
f 1248/2846/1248 2687/2848/2687 1179/1214/1179
f 153/105/153 149/100/149 177/1889/177
f 1240/1260/1240 1181/1215/1181 1222/1248/1222
f 1257/1351/1257 1292/2860/1292 1235/1979/1235
f 1291/1350/1291 1084/1117/1084 1083/1249/1083
f 1052/2818/1052 877/932/877 1277/1317/1277
f 743/1237/743 742/837/742 2618/2719/2618
f 444/2847/444 140/94/140 430/263/430
f 23/23/23 1224/1251/1224 1172/1209/1172
f 2687/2848/2687 2654/2776/2654 1180/2849/1180
f 102/76/102 103/75/103 409/258/409
f 1283/1334/1283 607/736/607 610/735/610
f 373/2850/373 497/3623/497 650/372/650
f 1180/2849/1180 2654/2776/2654 1084/1117/1084
f 855/914/855 2653/2775/2653 2655/2777/2655
f 1173/2770/1173 1270/1980/1270 1917/2851/1917
f 2689/2852/2689 850/913/850 853/912/853
f 2688/2853/2688 853/912/853 1108/1138/1108
f 2686/2844/2686 2688/2853/2688 1279/1322/1279
f 2687/2848/2687 2689/2852/2689 2688/2853/2688
f 2691/2854/2691 1302/2795/1302 1252/2796/1252
f 2690/2855/2690 1252/2796/1252 850/913/850
f 1248/2846/1248 2690/2855/2690 2689/2852/2689
f 1248/2846/1248 1247/1267/1247 2691/2854/2691
f 2692/2856/2692 617/742/617 24/27/24
f 2691/2854/2691 2692/2856/2692 2666/2800/2666
f 1247/1267/1247 1258/1290/1258 2692/2856/2692
f 1258/1290/1258 1168/2858/1168 617/742/617
f 394/1226/394 1554/1795/1554 1555/1415/1555
f 2693/2857/2693 1260/2866/1260 1259/1292/1259
f 1072/1101/1072 1236/1256/1236 1262/1294/1262
f 1257/1351/1257 1071/1255/1071 1168/2858/1168
f 398/1539/398 439/271/439 1555/1415/1555
f 871/2778/871 1784/1827/1784 1314/2859/1314
f 1178/1216/1178 1232/1254/1232 1249/1268/1249
f 1224/1251/1224 1289/1345/1289 1173/2770/1173
f 1010/1044/1010 2617/2720/2617 2618/2719/2618
f 1175/1211/1175 1174/1210/1174 1292/2860/1292
f 2654/2776/2654 2687/2848/2687 2686/2844/2686
f 2694/2861/2694 1157/1196/1157 1216/1246/1216
f 71/1955/71 418/1028/418 1487/988/1487
f 701/802/701 1112/1144/1112 1111/2862/1111
f 1072/1101/1072 1261/1293/1261 2649/2771/2649
f 1085/1118/1085 2695/2868/2695 22/1250/22
f 895/961/895 2694/2861/2694 1264/1910/1264
f 1601/1400/1601 1606/1952/1606 1605/1954/1605
f 1259/1292/1259 1262/1294/1262 1271/1307/1271
f 21/22/21 20/24/20 1220/1247/1220
f 988/1026/988 991/1025/991 538/702/538
f 598/2341/598 597/726/597 1336/1425/1336
f 1050/2740/1050 860/918/860 818/890/818
f 1298/1356/1298 2645/2761/2645 1761/1810/1761
f 1168/2858/1168 1167/1207/1167 618/2279/618
f 858/917/858 1168/2858/1168 1256/1279/1256
f 39/20/39 242/440/242 516/439/516
f 2652/2863/2652 1761/1810/1761 819/888/819
f 313/1142/313 316/1140/316 315/192/315
f 2026/1923/2026 1970/2186/1970 1971/1823/1971
f 2656/2864/2656 1489/1538/1489 596/728/596
f 814/884/814 819/888/819 818/890/818
f 2696/2865/2696 2651/2774/2651 813/883/813
f 1260/2866/1260 2696/2865/2696 2649/2771/2649
f 2693/2857/2693 2697/2867/2697 2696/2865/2696
f 2697/2867/2697 1296/1357/1296 2651/2774/2651
f 381/220/381 355/201/355 390/290/390
f 3818/2121/3818 3819/1411/3819 1611/1903/1611
f 1475/935/1475 1427/824/1427 1428/2168/1428
f 1292/2860/1292 1174/1210/1174 1917/2851/1917
f 1551/1227/1551 353/202/353 354/1346/354
f 1526/1098/1526 1525/1325/1525 1523/1090/1523
f 1593/1387/1593 1589/1386/1589 1595/1403/1595
f 1232/1254/1232 1269/1306/1269 1246/1269/1246
f 2695/2868/2695 2693/2857/2693 1223/1344/1223
f 2698/2869/2698 1297/1355/1297 1296/1357/1296
f 2698/2869/2698 2697/2867/2697 2693/2857/2693
f 2685/2843/2685 2698/2869/2698 2695/2868/2695
f 2685/2843/2685 854/916/854 1297/1355/1297
f 562/349/562 1497/1778/1497 271/1003/271
f 2652/2863/2652 2651/2774/2651 1296/1357/1296
f 1365/762/1365 1366/2126/1366 1364/2125/1364
f 1958/2101/1958 1946/2100/1946 1953/1970/1953
f 585/723/585 588/722/588 2210/2274/2210
f 1561/1521/1561 1560/1501/1560 1515/1965/1515
f 975/2766/975 2648/2768/2648 1146/1188/1146
f 347/1266/347 67/48/67 68/49/68
f 1038/1070/1038 1111/2862/1111 636/751/636
f 2700/2871/2700 781/2875/781 780/857/780
f 2699/2872/2699 780/857/780 1036/1068/1036
f 2701/2873/2701 2699/2872/2699 1883/1928/1883
f 851/911/851 2700/2871/2700 2699/2872/2699
f 2674/2812/2674 1333/2808/1333 2251/2333/2251
f 2702/2874/2702 2251/2333/2251 781/2875/781
f 1253/1272/1253 2702/2874/2702 2700/2871/2700
f 1301/1361/1301 2674/2812/2674 2702/2874/2702
f 1519/1253/1519 387/227/387 388/229/388
f 1273/1312/1273 1239/1258/1239 1280/1324/1280
f 2703/2876/2703 1280/1324/1280 1107/1323/1107
f 2701/2873/2701 2703/2876/2703 852/1137/852
f 1829/1870/1829 1273/1312/1273 2703/2876/2703
f 91/2877/91 260/150/260 326/1321/326
f 1784/1827/1784 871/2778/871 2656/2864/2656
f 2683/2833/2683 2684/2832/2684 2705/2878/2705
f 604/1850/604 1894/1733/1894 3499/2880/3499
f 1669/1049/1669 3534/1048/3534 3548/2881/3548
f 2062/1958/2062 2063/1957/2063 2060/2882/2060
f 621/1309/621 535/700/535 861/920/861
f 2023/1877/2023 731/1875/731 732/2883/732
f 686/856/686 779/855/779 1263/1298/1263
f 857/919/857 1051/1080/1051 2668/2804/2668
f 883/1843/883 830/472/830 882/1252/882
f 637/2749/637 636/751/636 1111/2862/1111
f 2668/2804/2668 894/942/894 893/944/893
f 2667/2803/2667 921/960/921 894/942/894
f 1039/1071/1039 1038/1070/1038 1068/1096/1068
f 313/1142/313 75/2762/75 1504/1029/1504
f 1911/1759/1911 1972/1828/1972 305/1093/305
f 1936/1993/1936 2706/3194/2706 1964/2035/1964
f 2707/2884/2707 2402/2477/2402 2401/2885/2401
f 2708/2887/2708 2707/2884/2707 2183/2886/2183
f 738/1807/738 2163/2197/2163 2116/2198/2116
f 2349/2624/2349 2348/2431/2348 2432/2510/2432
f 2711/2888/2711 2712/3848/2712 2020/2078/2020
f 2400/2478/2400 2711/2888/2711 2019/2889/2019
f 2714/2890/2714 2715/3063/2715 2716/2891/2716
f 2717/2893/2717 2718/3032/2718 2719/2894/2719
f 2721/2896/2721 2722/3365/2722 2723/2897/2723
f 2726/2899/2726 2727/3028/2727 2728/2900/2728
f 2725/2901/2725 2728/2900/2728 2730/2902/2730
f 2731/2904/2731 2725/2901/2725 2729/2903/2729
f 2732/2906/2732 2726/2899/2726 2725/2901/2725
f 2734/2907/2734 2735/3007/2735 2736/2908/2736
f 2738/2910/2738 2739/3877/2739 2740/2911/2740
f 2737/2912/2737 2740/2911/2740 2741/2913/2741
f 2744/2915/2744 2745/2918/2745 2746/2916/2746
f 2745/2918/2745 2744/2915/2744 2748/2919/2748
f 2749/2921/2749 2750/2975/2750 2747/2920/2747
f 2753/2923/2753 2749/2921/2749 2751/2922/2751
f 2250/2329/2250 1380/1466/1380 2246/2325/2246
f 2754/2925/2754 1396/1471/1396 1614/1683/1614
f 3598/2927/3598 2754/2925/2754 2755/2926/2755
f 3608/2929/3608 2745/2918/2745 2747/2920/2747
f 1617/1685/1617 2756/2942/2756 2755/2926/2755
f 2242/2309/2242 2758/3104/2758 1620/1688/1620
f 2191/2249/2191 2085/2140/2085 2760/2931/2760
f 2761/2933/2761 2759/2932/2759 2760/2931/2760
f 3648/2935/3648 2759/2932/2759 2761/2933/2761
f 3623/2937/3623 2191/2249/2191 2759/2932/2759
f 3209/2938/3209 3248/3570/3248 3223/2939/3223
f 1395/1722/1395 1394/1470/1394 2236/2304/2236
f 1395/1722/1395 2235/2330/2235 1636/2331/1636
f 1616/1684/1616 1635/1703/1635 2229/2299/2229
f 1617/1685/1617 2234/2945/2234 2763/2941/2763
f 2756/2942/2756 2763/2941/2763 3628/2943/3628
f 2765/2944/2765 2763/2941/2763 2234/2945/2234
f 2766/2946/2766 2764/3347/2764 3628/2943/3628
f 3202/2948/3202 3199/2237/3199 3246/2949/3246
f 1516/1966/1516 437/266/437 435/268/435
f 2768/2951/2768 2769/2988/2769 3552/1458/3552
f 1495/997/1495 541/382/541 578/342/578
f 2135/632/2135 2136/2131/2136 28/2112/28
f 3526/2952/3526 3540/3908/3540 2773/2953/2773
f 1690/1646/1690 1689/3952/1689 3926/2955/3926
f 2778/2957/2778 2779/2967/2779 2780/2958/2780
f 2777/2959/2777 2780/2958/2780 2781/2960/2781
f 2784/2962/2784 2778/2957/2778 2777/2959/2777
f 3555/2128/3555 3521/1682/3521 575/380/575
f 1494/996/1494 1904/1746/1904 9/2190/9
f 3529/1467/3529 2016/2075/2016 2015/2263/2015
f 451/320/451 61/44/61 505/634/505
f 2786/2964/2786 2787/3056/2787 2788/2965/2788
f 2779/2967/2779 2786/2964/2786 2785/2966/2785
f 2789/2968/2789 2752/2924/2752 2741/2913/2741
f 2790/2969/2790 2753/2923/2753 2752/2924/2752
f 2792/2970/2792 2793/2973/2793 2794/2971/2794
f 2793/2973/2793 2795/2981/2795 2796/2974/2796
f 2796/2974/2796 2797/2980/2797 2750/2975/2750
f 2794/2971/2794 2796/2974/2796 2749/2921/2749
f 2798/2976/2798 1393/1472/1393 1396/1471/1396
f 3591/2977/3591 2798/2976/2798 2754/2925/2754
f 2798/2976/2798 2799/2979/2799 2800/2978/2800
f 3591/2977/3591 3662/3883/3662 2799/2979/2799
f 2797/2980/2797 2796/2974/2796 2795/2981/2795
f 2791/2972/2791 2794/2971/2794 2753/2923/2753
f 216/138/216 233/629/233 232/1743/232
f 3804/2983/3804 2806/3903/2806 2807/2984/2807
f 3805/2986/3805 2809/2993/2809 2804/2987/2804
f 2769/2988/2769 2810/3882/2810 3557/1507/3557
f 183/211/183 185/166/185 184/374/184
f 2811/2989/2811 2812/2994/2812 2775/2990/2775
f 2804/2987/2804 2811/2989/2811 2776/2991/2776
f 2809/2993/2809 2813/2995/2813 2811/2989/2811
f 2812/2994/2812 2811/2989/2811 2813/2995/2813
f 3805/2986/3805 2808/3885/2808 2816/2997/2816
f 3796/2999/3796 2818/3054/2818 2815/3000/2815
f 3798/3001/3798 3800/3951/3800 2820/3002/2820
f 3793/3004/3793 2823/3008/2823 2819/3005/2819
f 2824/3006/2824 2736/2908/2736 2735/3007/2735
f 2823/3008/2823 2825/3009/2825 2824/3006/2824
f 2825/3009/2825 2823/3008/2823 2826/3010/2826
f 3793/3004/3793 2822/3017/2822 2827/3011/2827
f 3796/2999/3796 2817/3874/2817 2826/3010/2826
f 2713/2892/2713 2716/2891/2716 2829/3013/2829
f 2828/3014/2828 2829/3013/2829 2831/3015/2831
f 2822/3017/2822 2821/3003/2821 2828/3014/2828
f 2821/3003/2821 2820/3002/2820 2713/2892/2713
f 2832/3018/2832 2827/3011/2827 2822/3017/2822
f 2833/3019/2833 2832/3018/2832 2830/3016/2830
f 2834/3020/2834 2835/3021/2835 2832/3018/2832
f 2835/3021/2835 2818/3054/2818 2827/3011/2827
f 2837/3022/2837 2838/3036/2838 2839/3023/2839
f 2836/3024/2836 2839/3023/2839 2841/3025/2841
f 2842/3027/2842 2836/3024/2836 2840/3026/2840
f 2843/3029/2843 2837/3022/2837 2836/3024/2836
f 2840/3026/2840 2841/3025/2841 2845/3030/2845
f 2718/3032/2718 2844/3031/2844 2845/3030/2845
f 2730/2902/2730 2728/2900/2728 2844/3031/2844
f 2727/3028/2727 2840/3026/2840 2844/3031/2844
f 2846/3033/2846 2845/3030/2845 2841/3025/2841
f 2829/3013/2829 2846/3033/2846 2847/3034/2847
f 2847/3034/2847 2841/3025/2841 2839/3023/2839
f 2848/3035/2848 2839/3023/2839 2838/3036/2838
f 2833/3019/2833 2848/3035/2848 2849/3037/2849
f 2831/3015/2831 2847/3034/2847 2848/3035/2848
f 2850/3038/2850 2814/2996/2814 2851/3039/2851
f 2853/3041/2853 2850/3038/2850 2852/3040/2852
f 2783/2963/2783 2777/2959/2777 2782/2961/2782
f 2785/2966/2785 2788/2965/2788 2853/3041/2853
f 2780/2958/2780 2785/2966/2785 2856/3044/2856
f 2857/3045/2857 2858/3051/2858 2855/3043/2855
f 2859/3046/2859 2857/3045/2857 2782/2961/2782
f 2861/3047/2861 2843/3029/2843 2842/3027/2842
f 2860/3048/2860 2842/3027/2842 2727/3028/2727
f 2862/3049/2862 2860/3048/2860 2726/2899/2726
f 2863/3050/2863 2861/3047/2861 2860/3048/2860
f 2861/3047/2861 2863/3050/2863 2858/3051/2858
f 2843/3029/2843 2861/3047/2861 2857/3045/2857
f 2856/3044/2856 2853/3041/2853 2854/3042/2854
f 2781/2960/2781 2856/3044/2856 2864/3052/2864
f 2837/3022/2837 2843/3029/2843 2859/3046/2859
f 2838/3036/2838 2837/3022/2837 2864/3052/2864
f 2852/3040/2852 2851/3039/2851 2834/3020/2834
f 2854/3042/2854 2852/3040/2852 2849/3037/2849
f 2865/3053/2865 2815/3000/2815 2818/3054/2818
f 2851/3039/2851 2865/3053/2865 2835/3021/2835
f 2813/2995/2813 2809/2993/2809 2815/3000/2815
f 2814/2996/2814 2813/2995/2813 2865/3053/2865
f 2866/3055/2866 2812/2994/2812 2814/2996/2814
f 2788/2965/2788 2866/3055/2866 2850/3038/2850
f 2866/3055/2866 2788/2965/2788 2787/3056/2787
f 2812/2994/2812 2866/3055/2866 2867/3057/2867
f 1892/2003/1892 1889/1739/1889 1890/1740/1890
f 2720/2895/2720 2719/2894/2719 2846/3033/2846
f 298/1407/298 299/1006/299 256/148/256
f 2872/3059/2872 2714/2890/2714 2713/2892/2713
f 3794/3060/3794 3800/3951/3800 2735/3007/2735
f 2729/2903/2729 2730/2902/2730 2874/3061/2874
f 2846/3033/2846 2716/2891/2716 2715/3063/2715
f 2876/3064/2876 2877/3093/2877 2878/3065/2878
f 2733/2909/2733 2875/3066/2875 2878/3065/2878
f 3806/3067/3806 3807/3091/3807 2879/3068/2879
f 3806/3067/3806 2880/3069/2880 2872/3059/2872
f 2882/3070/2882 2883/3083/2883 2884/3071/2884
f 2881/3072/2881 2884/3071/2884 2715/3063/2715
f 2880/3069/2880 2881/3072/2881 2714/2890/2714
f 2879/3068/2879 2882/3070/2882 2881/3072/2881
f 2885/3073/2885 2886/3131/2886 2887/3074/2887
f 2888/3075/2888 2889/3085/2889 2890/3076/2890
f 2885/3073/2885 2890/3076/2890 2892/3077/2892
f 2893/3079/2893 2886/3131/2886 2885/3073/2885
f 1942/2002/1942 2151/2195/2151 2532/3080/2532
f 2895/3082/2895 2892/3077/2892 2720/2895/2720
f 2884/3071/2884 2895/3082/2895 2870/3058/2870
f 2883/3083/2883 2896/3084/2896 2895/3082/2895
f 2896/3084/2896 2891/3078/2891 2892/3077/2892
f 2889/3085/2889 2874/3061/2874 2717/2893/2717
f 2890/3076/2890 2717/2893/2717 2720/2895/2720
f 2897/3086/2897 2893/3079/2893 2891/3078/2891
f 2898/3087/2898 2897/3086/2897 2896/3084/2896
f 2899/3088/2899 2898/3087/2898 2883/3083/2883
f 2900/3089/2900 2899/3088/2899 2882/3070/2882
f 3797/3090/3797 2900/3089/2900 2879/3068/2879
f 2876/3064/2876 2902/3807/2902 2901/3092/2901
f 2901/3092/2901 2902/3807/2902 2904/3094/2904
f 1785/1825/1785 2656/2864/2656 1835/2845/1835
f 2905/3096/2905 2906/3144/2906 2899/3088/2899
f 2907/3097/2907 2908/3141/2908 2897/3086/2897
f 3797/3090/3797 2901/3092/2901 2903/3095/2903
f 632/2493/632 576/392/576 577/3099/577
f 3532/1639/3532 3547/1640/3547 2867/3057/2867
f 434/265/434 385/226/385 550/337/550
f 2768/2951/2768 2770/3897/2770 3640/3100/3640
f 2910/3102/2910 2911/3925/2911 1623/1690/1623
f 2241/3103/2241 2912/3109/2912 2758/3104/2758
f 3640/3100/3640 2770/3897/2770 2913/3105/2913
f 1623/1690/1623 2911/3925/2911 2757/2930/2757
f 3587/2310/3587 2242/2309/2242 2757/2930/2757
f 2229/2299/2229 1381/1464/1381 1380/1466/1380
f 2765/2944/2765 1630/2311/1630 1629/1697/1629
f 2915/3108/2915 2914/3107/2914 1629/1697/1629
f 3642/3110/3642 3641/3111/3641 2914/3107/2914
f 3641/3111/3641 3622/2947/3622 2765/2944/2765
f 2919/3112/2919 2916/3123/2916 3642/3110/3642
f 2918/3114/2918 2915/3108/2915 2912/3109/2912
f 3614/3115/3614 2918/3114/2918 2241/3103/2241
f 3618/3116/3618 2919/3112/2919 3613/3113/3613
f 3541/1663/3541 2177/2216/2177 2180/2218/2180
f 3521/1682/3521 2002/2245/2002 2188/3118/2188
f 3705/3119/3705 3573/2056/3573 714/376/714
f 2925/3120/2925 2766/2946/2766 2917/3121/2917
f 2924/3122/2924 2917/3121/2917 2916/3123/2916
f 3610/3124/3610 2924/3122/2924 2919/3112/2919
f 3611/3125/3611 2925/3120/2925 2924/3122/2924
f 2926/3126/2926 2927/3348/2927 2766/2946/2766
f 3658/3127/3658 2926/3126/2926 2925/3120/2925
f 1715/1533/1715 1713/1529/1713 1705/1744/1705
f 785/1500/785 497/3623/497 498/2230/498
f 1387/719/1387 651/371/651 565/1310/565
f 374/2231/374 375/3578/375 1899/3128/1899
f 3573/2056/3573 2203/2267/2203 2206/2269/2206
f 2929/3130/2929 2930/3135/2930 2886/3131/2886
f 2932/3132/2932 2933/3146/2933 2934/3133/2934
f 1905/1748/1905 1906/1749/1906 1908/1813/1908
f 2930/3135/2930 2935/3917/2935 2936/3136/2936
f 2938/3138/2938 2935/3917/2935 2930/3135/2930
f 1493/1075/1493 369/433/369 517/1897/517
f 1603/3139/1603 1585/1001/1585 1586/1389/1586
f 2939/3140/2939 2938/3138/2938 2929/3130/2929
f 2940/3142/2940 2939/3140/2939 2908/3141/2908
f 3665/3143/3665 1707/1523/1707 1600/1395/1600
f 2886/3131/2886 2930/3135/2930 2937/3137/2937
f 2906/3144/2906 2907/3097/2907 2898/3087/2898
f 2908/3141/2908 2929/3130/2929 2893/3079/2893
f 2942/3145/2942 2934/3133/2934 2933/3146/2933
f 2941/3147/2941 2933/3146/2933 2937/3137/2937
f 3501/1687/3501 2941/3147/2941 2936/3136/2936
f 3498/1686/3498 2942/3145/2942 2941/3147/2941
f 2943/3148/2943 2944/5094/2944 2710/3149/2710
f 2943/3148/2943 2873/3062/2873 2874/3061/2874
f 2945/3150/2945 2943/3148/2943 2889/3085/2889
f 2946/3151/2946 2944/5094/2944 2943/3148/2943
f 2932/3132/2932 2945/3150/2945 2888/3075/2888
f 2931/3134/2931 2946/3151/2946 2945/3150/2945
f 727/375/727 1928/2201/1928 1929/1777/1929
f 2903/3095/2903 2904/3094/2904 2947/3152/2947
f 545/331/545 594/355/594 42/30/42
f 1480/969/1480 1570/1745/1570 533/322/533
f 2907/3097/2907 2906/3144/2906 2949/3154/2949
f 2906/3144/2906 2905/3096/2905 2950/3155/2950
f 1558/1286/1558 452/274/452 215/2820/215
f 3799/3098/3799 2903/3095/2903 2948/3153/2948
f 2054/2008/2054 1645/1985/1645 1644/1420/1644
f 3705/3119/3705 3684/3434/3684 2203/2267/2203
f 1828/1677/1828 1837/2119/1837 1849/986/1849
f 2953/3157/2953 2954/3301/2954 2955/3158/2955
f 2952/3159/2952 2955/3158/2955 2957/3160/2957
f 2956/3161/2956 2261/3256/2261 2258/2345/2258
f 2953/3157/2953 2952/3159/2952 2258/2345/2258
f 2454/2535/2454 2455/2534/2455 2474/2554/2474
f 3747/3162/3747 2958/3168/2958 2959/3163/2959
f 3747/3162/3747 2132/3433/2132 2131/2177/2131
f 2961/3166/2961 2962/3297/2962 2963/3167/2963
f 2958/3168/2958 2963/3167/2963 2964/3169/2964
f 222/307/222 221/2566/221 2485/2565/2485
f 2477/2557/2477 2226/2294/2226 2966/3171/2966
f 2631/2841/2631 2561/2655/2561 2006/2070/2006
f 2384/2467/2384 2454/2535/2454 2496/2580/2496
f 2967/3173/2967 2968/3174/2968 2959/3163/2959
f 2968/3174/2968 2967/3173/2967 2970/3175/2970
f 3759/3177/3759 2033/2098/2033 2971/3178/2971
f 3784/3179/3784 2971/3178/2971 2960/3180/2960
f 2972/3181/2972 2971/3178/2971 2033/2098/2033
f 2007/2461/2007 2377/2460/2377 2973/3182/2973
f 3560/3183/3560 3559/3947/3559 2134/2179/2134
f 1836/3184/1836 1833/1679/1833 1832/1711/1832
f 3506/1735/3506 2188/3118/2188 2090/2143/2090
f 955/1295/955 810/515/810 959/517/959
f 672/3186/672 675/1662/675 674/3187/674
f 633/2170/633 710/1383/710 713/1335/713
f 2024/1881/2024 732/2883/732 733/398/733
f 2025/1882/2025 2024/1881/2024 803/1489/803
f 425/1057/425 1552/1327/1552 1550/1285/1550
f 2975/3188/2975 2976/3404/2976 888/1919/888
f 1319/1375/1319 1158/1194/1158 1157/1196/1157
f 1212/1791/1212 1935/1992/1935 2977/3189/2977
f 889/938/889 957/998/957 2228/3190/2228
f 1978/1837/1978 1974/1834/1974 1975/1835/1975
f 1138/2830/1138 1078/1112/1078 1329/1414/1329
f 751/841/751 665/776/665 2979/3191/2979
f 1619/1949/1619 1613/1484/1613 1625/1485/1625
f 2252/2336/2252 2255/2335/2255 1728/3193/1728
f 1157/1196/1157 1160/1195/1160 845/907/845
f 2706/3194/2706 1936/1993/1936 1938/1995/1938
f 2980/3195/2980 2255/2335/2255 2254/3196/2254
f 2982/3198/2982 2975/3188/2975 887/937/887
f 802/875/802 712/810/712 711/809/711
f 678/3199/678 677/788/677 2029/2081/2029
f 527/697/527 840/904/840 690/905/690
f 1839/2741/1839 1207/1238/1207 2629/2735/2629
f 2983/3200/2983 2984/3233/2984 602/730/602
f 2983/3200/2983 1914/1973/1914 1913/1972/1913
f 2985/3201/2985 2983/3200/2983 1331/2759/1331
f 2986/3202/2986 2984/3233/2984 2983/3200/2983
f 2987/3203/2987 2637/2744/2637 2635/2743/2635
f 2985/3201/2985 2988/3220/2988 2639/2746/2639
f 2990/3204/2990 1319/1375/1319 1318/1374/1318
f 2991/3206/2991 2992/3211/2992 2993/3207/2993
f 2995/3209/2995 2991/3206/2991 2994/3208/2994
f 1106/1135/1106 1058/2752/1058 2991/3206/2991
f 1058/2752/1058 1057/1085/1057 2992/3211/2992
f 1415/765/1415 1406/763/1406 1365/762/1365
f 1317/1373/1317 922/2351/922 2217/2284/2217
f 1932/1990/1932 1728/3193/1728 2255/2335/2255
f 926/965/926 2998/3216/2998 2999/3213/2999
f 3001/3214/3001 2993/3207/2993 2992/3211/2992
f 3000/3215/3000 2992/3211/2992 1057/1085/1057
f 2999/3213/2999 3000/3215/3000 2978/3192/2978
f 2998/3216/2998 3001/3214/3001 3000/3215/3000
f 3002/3217/3002 2998/3216/2998 2209/2275/2209
f 3002/3217/3002 3003/3218/3003 2996/3210/2996
f 2993/3207/2993 3001/3214/3001 3002/3217/3002
f 1103/1136/1103 1106/1135/1106 2995/3209/2995
f 3004/3219/3004 2995/3209/2995 2996/3210/2996
f 2209/2275/2209 2210/2274/2210 3004/3219/3004
f 588/722/588 1103/1136/1103 3004/3219/3004
f 295/1840/295 296/1187/296 433/1347/433
f 2638/2747/2638 2639/2746/2639 2988/3220/2988
f 3005/3221/3005 2988/3220/2988 1056/1083/1056
f 1305/1366/1305 3005/3221/3005 1930/1988/1930
f 1276/1376/1276 2638/2747/2638 3005/3221/3005
f 1987/1851/1987 1968/1822/1968 1993/1858/1993
f 2633/2823/2633 1762/2739/1762 1761/1810/1761
f 1423/797/1423 1422/793/1422 1417/783/1417
f 3561/1769/3561 3517/483/3517 739/482/739
f 2671/2807/2671 2670/3237/2670 2704/2879/2704
f 1473/2115/1473 1872/2117/1872 2035/2161/2035
f 922/2351/922 1317/1373/1317 2694/2861/2694
f 1401/2337/1401 1400/749/1400 1378/715/1378
f 556/1166/556 2028/2083/2028 1884/2082/1884
f 842/1433/842 848/1432/848 3825/601/3825
f 1854/1902/1854 2706/3194/2706 2617/2720/2617
f 933/973/933 1082/1114/1082 1081/2783/1081
f 1440/836/1440 1441/840/1441 1436/963/1436
f 529/2725/529 657/771/657 719/815/719
f 1031/1063/1031 1025/1060/1025 1027/1061/1027
f 777/854/777 913/952/913 912/2728/912
f 2645/2761/2645 1205/1332/1205 1204/1235/1204
f 441/2805/441 438/269/438 1538/1348/1538
f 790/1110/790 1287/1343/1287 587/1197/587
f 2065/1969/2065 2066/1959/2066 1610/1404/1610
f 1860/2837/1860 991/1025/991 990/2760/990
f 60/40/60 106/77/106 87/78/87
f 1424/804/1424 1017/528/1017 1948/1932/1948
f 332/3222/332 1527/1833/1527 1507/1038/1507
f 261/1341/261 262/335/262 138/1126/138
f 187/123/187 188/122/188 449/273/449
f 1719/1536/1719 1720/1535/1720 1726/1583/1726
f 1931/1987/1931 1055/1087/1055 1059/1086/1059
f 3006/3223/3006 1059/1086/1059 1105/2753/1105
f 1287/1343/1287 3006/3223/3006 1104/1134/1104
f 1286/2354/1286 1931/1987/1931 3006/3223/3006
f 3007/3224/3007 3008/3244/3008 3009/3225/3009
f 3009/3225/3009 3008/3244/3008 653/869/653
f 618/2279/618 999/1034/999 26/2732/26
f 2029/2081/2029 677/788/677 1210/2836/1210
f 957/998/957 601/966/601 600/729/600
f 1049/1078/1049 2146/2298/2146 2228/3190/2228
f 2631/2841/2631 890/939/890 3011/3227/3011
f 890/939/890 889/938/889 2227/2297/2227
f 3011/3227/3011 2227/2297/2227 2145/2187/2145
f 2561/2655/2561 3011/3227/3011 3012/3228/3012
f 1026/1232/1026 656/1206/656 609/770/609
f 2706/3194/2706 1854/1902/1854 1961/2036/1961
f 3013/3229/3013 2965/3170/2965 2485/2565/2485
f 2148/2189/2148 2147/2188/2147 1267/1301/1267
f 3015/3231/3015 1267/1301/1267 1266/1303/1266
f 2997/3212/2997 2264/2352/2264 1101/1131/1101
f 642/2787/642 641/756/641 1773/1817/1773
f 186/121/186 477/1076/477 461/285/461
f 1041/1155/1041 1040/1072/1040 1320/1377/1320
f 1121/1154/1121 3016/3235/3016 3017/3232/3017
f 2984/3233/2984 2986/3202/2986 2987/3203/2987
f 3018/3234/3018 2987/3203/2987 2634/2742/2634
f 1048/1079/1048 603/731/603 3018/3234/3018
f 603/731/603 602/730/602 2984/3233/2984
f 2679/2828/2679 2678/2824/2678 801/876/801
f 2062/1958/2062 2072/1978/2072 2074/1981/2074
f 2061/1956/2061 2074/1981/2074 2076/1983/2076
f 414/239/414 303/1201/303 1545/1200/1545
f 3016/3235/3016 1121/1154/1121 2683/2833/2683
f 3019/3236/3019 2683/2833/2683 2704/2879/2704
f 3020/3238/3020 3019/3236/3019 2670/3237/2670
f 3007/3224/3007 3016/3235/3016 3019/3236/3019
f 1871/1921/1871 1090/1121/1090 1091/1122/1091
f 3021/3239/3021 1787/1826/1787 1122/1152/1122
f 3022/3240/3022 3021/3239/3021 3017/3232/3017
f 1314/2859/1314 3021/3239/3021 3022/3240/3022
f 1784/1827/1784 1787/1826/1787 3021/3239/3021
f 1316/1372/1316 1315/1371/1315 1763/3241/1763
f 3023/3242/3023 3022/3240/3022 3010/3226/3010
f 3023/3242/3023 3009/3225/3009 795/868/795
f 1763/3241/1763 3023/3242/3023 1092/1123/1092
f 1315/1371/1315 3022/3240/3022 3023/3242/3023
f 3016/3235/3016 3007/3224/3007 3010/3226/3010
f 752/2816/752 751/841/751 2978/3192/2978
f 2986/3202/2986 2639/2746/2639 2637/2744/2637
f 3024/3243/3024 654/768/654 653/869/653
f 3020/3238/3020 3024/3243/3024 3008/3244/3008
f 720/818/720 723/817/723 3024/3243/3024
f 723/817/723 2621/2723/2621 654/768/654
f 2681/2831/2681 1098/1132/1098 1268/1302/1268
f 2671/2807/2671 3025/3245/3025 1268/1302/1268
f 2705/2878/2705 2681/2831/2681 3025/3245/3025
f 1313/1370/1313 3026/3247/3026 3027/3246/3027
f 3026/3247/3026 3028/3265/3028 3029/3248/3029
f 3027/3246/3027 3029/3248/3029 3030/3249/3030
f 1311/1368/1311 3027/3246/3027 3031/3250/3031
f 2012/2802/2012 568/436/568 731/1875/731
f 917/1106/917 2657/2781/2657 974/1012/974
f 743/1237/743 1206/1236/1206 856/915/856
f 1888/1898/1888 2027/1896/2027 2030/1895/2030
f 2682/3251/2682 2705/2878/2705 2684/2832/2684
f 3032/3252/3032 2684/2832/2684 1124/1153/1124
f 1100/2789/1100 3032/3252/3032 2989/3205/2989
f 1099/1130/1099 2682/3251/2682 3032/3252/3032
f 1123/3253/1123 2990/3204/2990 2989/3205/2989
f 3033/3254/3033 1834/1879/1834 1159/1880/1159
f 2990/3204/2990 3033/3254/3033 1158/1194/1158
f 1123/3253/1123 1786/2724/1786 3033/3254/3033
f 1786/2724/1786 1785/1825/1785 1834/1879/1834
f 1054/1084/1054 1056/1083/1056 2988/3220/2988
f 2979/3191/2979 665/776/665 664/778/664
f 2623/2727/2623 2622/2793/2622 2663/2791/2663
f 1095/1127/1095 660/2839/660 688/796/688
f 3034/3255/3034 3035/3260/3035 2261/3256/2261
f 3036/3257/3036 3034/3255/3034 2956/3161/2956
f 3037/3258/3037 3038/3259/3038 3034/3255/3034
f 3038/3259/3038 3039/3267/3039 3035/3260/3035
f 3040/3261/3040 3041/3262/3041 3026/3247/3026
f 2263/2347/2263 3042/3263/3042 3041/3262/3041
f 3042/3263/3042 3039/3267/3039 3043/3264/3043
f 3041/3262/3041 3043/3264/3043 3028/3265/3028
f 3044/3266/3044 3045/3269/3045 3043/3264/3043
f 3046/3268/3046 3047/3270/3047 3045/3269/3045
f 3047/3270/3047 3048/3304/3048 3049/3271/3049
f 3043/3264/3043 3045/3269/3045 3049/3271/3049
f 3038/3259/3038 3037/3258/3037 3051/3272/3051
f 3050/3273/3050 3051/3272/3051 3053/3274/3053
f 3052/3275/3052 3046/3268/3046 3044/3266/3044
f 3039/3267/3039 3038/3259/3038 3050/3273/3050
f 3054/3276/3054 3035/3260/3035 3039/3267/3039
f 3042/3263/3042 2263/2347/2263 2262/2346/2262
f 2261/3256/2261 3035/3260/3035 3054/3276/3054
f 2216/2348/2216 2263/2347/2263 2997/3212/2997
f 2212/2349/2212 2211/2280/2211 2667/2803/2667
f 3056/3277/3056 868/925/868 2209/2275/2209
f 934/974/934 3057/3507/3057 1961/2036/1961
f 2013/2840/2013 3755/3310/3755 3757/2040/3757
f 3058/3279/3058 3059/3282/3059 3060/3280/3060
f 3059/3282/3059 3062/3284/3062 3063/3283/3063
f 3060/3280/3060 3063/3283/3063 2213/2281/2213
f 3061/3281/3061 3060/3280/3060 1963/2350/1963
f 3063/3283/3063 3064/3285/3064 2214/2282/2214
f 3062/3284/3062 3065/3286/3065 3064/3285/3064
f 3065/3286/3065 2257/2342/2257 2260/2344/2260
f 3064/3285/3064 2260/2344/2260 2215/2283/2215
f 3066/3287/3066 3067/3288/3067 3031/3250/3031
f 2608/2707/2608 2966/3171/2966 3067/3288/3067
f 2966/3171/2966 2562/3315/2562 3068/3289/3068
f 3031/3250/3031 3067/3288/3067 3068/3289/3068
f 2455/2534/2455 2458/2540/2458 2461/2539/2461
f 2476/3290/2476 2223/2292/2223 2226/2294/2226
f 3551/1899/3551 2090/2143/2090 2089/2145/2089
f 3526/2952/3526 2774/2954/2774 3769/3291/3769
f 433/1347/433 354/1346/354 355/201/355
f 2115/2048/2115 1423/797/1423 1419/785/1419
f 3509/993/3509 2868/3920/2868 2922/3293/2922
f 3769/3291/3769 3737/3165/3737 2131/2177/2131
f 3069/3294/3069 2611/2709/2611 2167/3295/2167
f 2971/3178/2971 2972/3181/2972 2928/3296/2928
f 2961/3166/2961 2774/2954/2774 2773/2953/2773
f 3070/3298/3070 2475/2556/2475 2478/2558/2478
f 2610/3299/2610 2609/2708/2609 3071/3300/3071
f 2502/2693/2502 2371/2458/2371 2374/2457/2374
f 3072/3302/3072 2592/2688/2592 2595/2690/2595
f 2964/3169/2964 3046/3268/3046 3052/3275/3052
f 3048/3304/3048 2593/3306/2593 3074/3305/3074
f 2593/3306/2593 2592/2688/2592 3075/3307/3075
f 3075/3307/3075 3030/3249/3030 3029/3248/3029
f 3074/3305/3074 3029/3248/3029 3028/3265/3028
f 3072/3302/3072 3076/3308/3076 3075/3307/3075
f 3076/3308/3076 3072/3302/3072 2482/3309/2482
f 2481/2562/2481 2608/2707/2608 3066/3287/3066
f 3076/3308/3076 3066/3287/3066 3030/3249/3030
f 2967/3173/2967 3052/3275/3052 3053/3274/3053
f 2482/3309/2482 3072/3302/3072 3073/3303/3073
f 479/364/479 480/363/480 493/297/493
f 706/1340/706 3900/633/3900 3873/2167/3873
f 3561/1769/3561 2194/3896/2194 2221/2291/2221
f 2013/2840/2013 2010/2801/2010 3754/812/3754
f 3533/1930/3533 2032/2097/2032 2016/2075/2016
f 3562/1933/3562 3519/481/3519 2222/3311/2222
f 1171/587/1171 1154/571/1154 1155/573/1155
f 2586/3313/2586 2566/2658/2566 2565/2714/2565
f 2982/3198/2982 110/152/110 113/154/113
f 2562/3315/2562 2376/2656/2376 3077/3316/3077
f 2376/2656/2376 2375/2459/2375 3012/3228/3012
f 3012/3228/3012 2145/2187/2145 2148/2189/2148
f 3077/3316/3077 2148/2189/2148 3015/3231/3015
f 2963/3167/2963 3047/3270/3047 3046/3268/3046
f 3051/3272/3051 3078/3469/3078 2970/3175/2970
f 1683/1805/1683 2173/853/2173 491/424/491
f 3850/2105/3850 2122/2060/2122 1447/848/1447
f 1986/2053/1986 2181/2221/2181 3734/3317/3734
f 3079/3319/3079 3080/3323/3080 2546/2637/2546
f 3081/3320/3081 3079/3319/3079 2575/2668/2575
f 1983/2054/1983 1986/2053/1986 3768/3318/3768
f 3082/3322/3082 2323/2407/2323 2319/2638/2319
f 3080/3323/3080 3082/3322/3082 2545/2636/2545
f 3734/3317/3734 3732/3324/3732 3082/3322/3082
f 3732/3324/3732 3748/2405/3748 2323/2407/2323
f 1309/637/1309 1471/933/1471 1888/1898/1888
f 3073/3303/3073 2595/2690/2595 2772/3325/2772
f 2760/2931/2760 3083/3328/3083 3084/3327/3084
f 2760/2931/2760 2085/2140/2085 2088/2142/2088
f 3085/3329/3085 3084/3327/3084 3086/3330/3086
f 3089/3332/3089 3085/3329/3085 3090/3333/3090
f 3089/3332/3089 2762/2934/2762 3084/3327/3084
f 3092/3335/3092 3088/3334/3088 3090/3333/3090
f 3093/3337/3093 2748/2919/2748 2744/2915/2744
f 2751/2922/2751 2747/2920/2747 2748/2919/2748
f 3093/3337/3093 2741/2913/2741 2752/2924/2752
f 2742/2914/2742 2741/2913/2741 3093/3337/3093
f 3094/3338/3094 3093/3337/3093 2743/2917/2743
f 3096/3340/3096 3097/3343/3097 3098/3341/3098
f 3099/3342/3099 3096/3340/3096 3087/3331/3087
f 3097/3343/3097 3094/3338/3094 3095/3339/3095
f 3100/3344/3100 2743/2917/2743 2746/2916/2746
f 3101/3345/3101 2927/3348/2927 3102/3346/3102
f 2764/3347/2764 2766/2946/2766 2927/3348/2927
f 2745/2918/2745 2764/3347/2764 3101/3345/3101
f 3102/3346/3102 3092/3335/3092 3091/3336/3091
f 3100/3344/3100 3091/3336/3091 3095/3339/3095
f 2869/3349/2869 2802/3408/2802 3592/3350/3592
f 3102/3346/3102 3103/3353/3103 3104/3352/3104
f 3658/3127/3658 2868/3920/2868 2869/3349/2869
f 2927/3348/2927 2926/3126/2926 3103/3353/3103
f 3098/3341/3098 3095/3339/3095 3091/3336/3091
f 3087/3331/3087 3098/3341/3098 3090/3333/3090
f 2088/2142/2088 2125/2172/2125 3105/3354/3105
f 3083/3328/3083 3105/3354/3105 3086/3330/3086
f 2483/2563/2483 3073/3303/3073 2771/3326/2771
f 2401/2885/2401 2186/2222/2186 2185/2223/2185
f 3099/3342/3099 3086/3330/3086 3105/3354/3105
f 2125/2172/2125 2207/2295/2207 3106/3356/3106
f 3108/3357/3108 2737/2912/2737 2742/2914/2742
f 3107/3358/3107 2742/2914/2742 3094/3338/3094
f 3110/3359/3110 3108/3357/3108 3107/3358/3107
f 3109/3360/3109 3107/3358/3107 3097/3343/3097
f 3111/3361/3111 3109/3360/3109 3096/3340/3096
f 3112/3362/3112 3110/3359/3110 3109/3360/3109
f 3113/3363/3113 2738/2910/2738 2737/2912/2737
f 3115/3364/3115 2723/2897/2723 2722/3365/2722
f 3117/3367/3117 3115/3364/3115 3114/3366/3114
f 3119/3369/3119 3117/3367/3117 3116/3368/3116
f 3118/3370/3118 3116/3368/3116 3120/3371/3120
f 3116/3368/3116 3114/3366/3114 3113/3363/3113
f 3122/3373/3122 3112/3362/3112 3111/3361/3111
f 3122/3373/3122 3123/3374/3123 1755/2271/1755
f 3124/3375/3124 3125/3378/3125 3126/3376/3126
f 3125/3378/3125 3118/3370/3118 3121/3372/3121
f 3128/3379/3128 3119/3369/3119 3118/3370/3118
f 3129/3380/3129 3128/3379/3128 3125/3378/3125
f 2020/2078/2020 2712/3848/2712 3128/3379/3128
f 3853/671/3853 3857/662/3857 1346/664/1346
f 1065/2174/1065 1046/538/1046 1047/537/1047
f 1814/1665/1814 3838/1653/3838 3830/1445/3830
f 2021/2079/2021 2020/2078/2020 3129/3380/3129
f 3111/3361/3111 3099/3342/3099 3106/3356/3106
f 3123/3374/3123 3106/3356/3106 2207/2295/2207
f 2377/2460/2377 2225/2293/2225 2224/3382/2224
f 3014/3230/3014 2485/2565/2485 113/154/113
f 1756/1802/1756 2208/2272/2208 3782/3383/3782
f 3131/3385/3131 3132/3400/3132 2530/2622/2530
f 3133/3386/3133 3131/3385/3131 2528/2620/2528
f 1753/1803/1753 1756/1802/1756 3767/3384/3767
f 3134/3388/3134 3124/3375/3124 3127/3377/3127
f 2327/2410/2327 2408/2482/2408 2314/2506/2314
f 2436/2515/2436 2318/2402/2318 2317/2404/2317
f 2018/2077/2018 2021/2079/2021 3711/3390/3711
f 2534/2625/2534 3136/3393/3136 3137/3392/3137
f 2320/2403/2320 2322/2406/2322 3136/3393/3136
f 2185/2223/2185 2018/2077/2018 3712/3391/3712
f 3138/3395/3138 3139/3878/3139 2542/2633/2542
f 3134/3388/3134 3135/3389/3135 3744/3396/3744
f 3785/3398/3785 3130/3381/3130 3134/3388/3134
f 3140/3399/3140 3138/3395/3138 2539/2630/2539
f 2535/2626/2535 3137/3392/3137 3140/3399/3140
f 3711/3390/3711 2021/2079/2021 3130/3381/3130
f 2558/2652/2558 2530/2622/2530 3132/3400/3132
f 3782/3383/3782 3760/3403/3760 3141/3401/3141
f 2560/2654/2560 2558/2652/2558 3141/3401/3141
f 3760/3403/3760 3777/3422/3777 3142/3402/3142
f 958/999/958 888/1919/888 2976/3404/2976
f 1933/3405/1933 1932/1990/1932 2980/3195/2980
f 2399/3407/2399 2424/2499/2424 2418/2490/2418
f 2348/2431/2348 2342/2426/2342 2343/2427/2343
f 2322/2406/2322 2320/2403/2320 2319/2638/2319
f 2718/3032/2718 2717/2893/2717 2874/3061/2874
f 2709/2905/2709 2729/2903/2729 2873/3062/2873
f 2894/3081/2894 2871/3762/2871 1361/1440/1361
f 346/384/346 289/175/289 176/177/176
f 1876/1724/1876 1877/1723/1877 1882/1920/1882
f 2802/3408/2802 2803/3412/2803 3607/3409/3607
f 3104/3352/3104 3144/3923/3144 3088/3334/3088
f 2974/3312/2974 2222/3311/2222 3649/2936/3649
f 3089/3332/3089 3145/3411/3145 2761/2933/2761
f 3088/3334/3088 3144/3923/3144 3145/3411/3145
f 2803/3412/2803 2974/3312/2974 3603/3410/3603
f 3870/2095/3870 3909/2181/3909 692/379/692
f 2123/2061/2123 1419/785/1419 1418/780/1418
f 1365/762/1365 1363/687/1363 1368/688/1368
f 1581/1380/1581 1766/1597/1766 1782/1696/1782
f 3569/1337/3569 2202/2277/2202 2129/2176/2129
f 3555/2128/3555 2003/2065/2003 2002/2245/2002
f 3146/3413/3146 2585/2677/2585 2551/2644/2551
f 3751/3415/3751 3146/3413/3146 3147/3414/3147
f 3742/3417/3742 3149/3418/3149 3146/3413/3146
f 3149/3418/3149 2584/2676/2584 2585/2677/2585
f 3196/3419/3196 3198/2236/3198 3197/3420/3197
f 3604/3421/3604 2192/2248/2192 2191/2249/2191
f 3142/3402/3142 3150/3423/3150 2556/2647/2556
f 3777/3422/3777 3778/3425/3778 3150/3423/3150
f 3646/3424/3646 3152/3428/3152 2550/2641/2550
f 3150/3423/3150 3151/3426/3151 2555/2648/2555
f 3778/3425/3778 3780/3922/3780 3151/3426/3151
f 3788/3427/3788 3781/3430/3781 3152/3428/3152
f 3153/3429/3153 3147/3414/3147 2551/2644/2551
f 3152/3428/3152 3153/3429/3153 2549/2642/2549
f 3781/3430/3781 3776/3431/3776 3153/3429/3153
f 3776/3431/3776 3750/3416/3750 3147/3414/3147
f 3148/3432/3148 2767/3486/2767 2206/2269/2206
f 2183/2886/2183 2401/2885/2401 2321/3355/2321
f 2132/3433/2132 2960/3180/2960 2928/3296/2928
f 3684/3434/3684 3685/3936/3685 2204/3435/2204
f 3719/3436/3719 2198/2253/2198 2197/2255/2197
f 2594/2689/2594 2962/3297/2962 2773/2953/2773
f 2595/2690/2595 2594/2689/2594 2951/3438/2951
f 1870/1713/1870 798/1873/798 799/1716/799
f 3713/3439/3713 2179/2217/2179 2178/3440/2178
f 3706/3441/3706 2178/3440/2178 3736/3442/3736
f 336/510/336 3154/3446/3154 3774/3444/3774
f 339/512/339 3155/3935/3155 3154/3446/3154
f 3789/3447/3789 3683/3448/3683 3149/3418/3149
f 3683/3448/3683 3697/2678/3697 2584/2676/2584
f 2963/3167/2963 2962/3297/2962 3048/3304/3048
f 3722/3445/3722 3730/3455/3730 337/3449/337
f 339/512/339 338/511/338 2566/2658/2566
f 3156/3450/3156 3157/3451/3157 2168/2209/2168
f 2610/3299/2610 3156/3450/3156 2167/3295/2167
f 2954/3301/2954 2953/3157/2953 3156/3450/3156
f 3157/3451/3157 3156/3450/3156 2953/3157/2953
f 3707/3452/3707 2166/2208/2166 2169/2210/2169
f 2567/2660/2567 3158/3945/3158 3159/3454/3159
f 337/3449/337 3158/3945/3158 2567/2660/2567
f 3730/3455/3730 3069/3294/3069 2166/2208/2166
f 3764/3456/3764 2190/2247/2190 1983/2054/1983
f 2579/2671/2579 3160/3457/3160 3081/3320/3081
f 2568/2662/2568 3159/3454/3159 3160/3457/3160
f 3709/3453/3709 2169/2210/2169 2190/2247/2190
f 3065/3286/3065 3062/3284/3062 3162/3458/3162
f 3161/3459/3161 3162/3458/3162 1984/2052/1984
f 3157/3451/3157 3161/3459/3161 2189/2246/2189
f 2257/2342/2257 3065/3286/3065 3161/3459/3161
f 734/400/734 735/399/735 1922/3460/1922
f 3059/3282/3059 3058/3279/3058 2708/2887/2708
f 3163/3461/3163 2708/2887/2708 2182/2219/2182
f 3162/3458/3162 3163/3461/3163 1985/2224/1985
f 3062/3284/3062 3059/3282/3059 3163/3461/3163
f 3203/3462/3203 3206/3566/3206 3205/3463/3205
f 2122/2060/2122 2119/2059/2119 1448/852/1448
f 3817/886/3817 1686/1158/1686 1685/1160/1685
f 139/95/139 140/94/140 444/2847/444
f 1570/1745/1570 569/437/569 566/1320/566
f 2957/3160/2957 3164/3467/3164 3165/3466/3165
f 2955/3158/2955 3166/3479/3166 3164/3467/3164
f 1912/1758/1912 454/275/454 341/499/341
f 3130/3381/3130 3129/3380/3129 3124/3375/3124
f 1548/2355/1548 322/1860/322 319/1861/319
f 1949/2204/1949 1950/2024/1950 1327/1729/1327
f 2969/3176/2969 2970/3175/2970 3078/3469/3078
f 3167/3470/3167 3078/3469/3078 3169/3471/3169
f 3724/3473/3724 2014/2074/2014 2017/2076/2017
f 3720/3474/3720 2017/2076/2017 2033/2098/2033
f 3168/3472/3168 3169/3471/3169 3165/3466/3165
f 3170/3475/3170 3165/3466/3165 3164/3467/3164
f 3779/3477/3779 3170/3475/3170 3171/3476/3171
f 3724/3473/3724 3168/3472/3168 3170/3475/3170
f 3171/3476/3171 3164/3467/3164 3166/3479/3166
f 3172/3480/3172 3166/3479/3166 3071/3300/3071
f 3752/3482/3752 3172/3480/3172 3173/3481/3173
f 3756/3478/3756 3171/3476/3171 3172/3480/3172
f 3169/3471/3169 3037/3258/3037 3036/3257/3036
f 2593/3306/2593 3048/3304/3048 2962/3297/2962
f 3173/3481/3173 3071/3300/3071 2609/2708/2609
f 3174/3484/3174 2609/2708/2609 2199/2710/2199
f 3783/3485/3783 3174/3484/3174 2198/2253/2198
f 3749/3483/3749 3173/3481/3173 3174/3484/3174
f 2190/2247/2190 2189/2246/2189 1984/2052/1984
f 2196/2252/2196 2195/2251/2195 2767/3486/2767
f 2119/2059/2119 2120/2085/2120 1414/766/1414
f 1464/947/1464 1463/3868/1463 1466/891/1466
f 2199/2710/2199 2611/2709/2611 3069/3294/3069
f 2457/2713/2457 2456/2536/2456 2587/3314/2587
f 2226/2294/2226 2225/2293/2225 2562/3315/2562
f 481/404/481 478/362/478 1627/1409/1627
f 333/1261/333 1512/1053/1512 235/1052/235
f 3078/3469/3078 3051/3272/3051 3037/3258/3037
f 3040/3261/3040 2264/2352/2264 2997/3212/2997
f 2219/2287/2219 1934/1991/1934 1933/3405/1933
f 2385/2468/2385 2384/2467/2384 2497/3172/2497
f 221/2566/221 2220/2286/2220 3175/3487/3175
f 2220/2286/2220 1933/3405/1933 3143/3406/3143
f 3175/3487/3175 3143/3406/3143 2976/3404/2976
f 2484/2564/2484 3175/3487/3175 2975/3188/2975
f 2954/3301/2954 3071/3300/3071 3166/3479/3166
f 2630/2737/2630 1858/1908/1858 110/152/110
f 1547/2838/1547 319/1861/319 1952/1971/1952
f 2091/3489/2091 2090/2143/2090 2188/3118/2188
f 3733/3490/3733 3736/3442/3736 2178/3440/2178
f 1918/1760/1918 1919/1756/1919 1927/1773/1927
f 3563/3491/3563 112/153/112 111/3492/111
f 955/1295/955 956/3185/956 960/3494/960
f 2037/3495/2037 3014/3230/3014 112/153/112
f 3143/3406/3143 2980/3195/2980 2981/3197/2981
f 2218/2285/2218 2211/2280/2211 2214/2282/2214
f 672/3186/672 3877/1202/3877 3787/1204/3787
f 2152/3496/2152 3013/3229/3013 3014/3230/3014
f 1147/586/1147 1144/578/1144 1143/1862/1143
f 2248/2328/2248 2246/2325/2246 1409/1480/1409
f 1615/1721/1615 1636/2331/1636 1635/1703/1635
f 1410/1481/1410 1409/1480/1409 2246/2325/2246
f 3241/3497/3241 3243/3534/3243 3242/3498/3242
f 1382/2307/1382 3176/3500/3176 3177/3499/3177
f 3177/3499/3177 1410/1481/1410 2247/2324/2247
f 2247/2324/2247 1383/1465/1383 3177/3499/3177
f 3176/3500/3176 2238/2306/2238 2230/2301/2230
f 1410/1481/1410 3177/3499/3177 3179/3502/3179
f 3179/3502/3179 3180/3765/3180 2243/2313/2243
f 1633/1700/1633 3181/3503/3181 2800/2978/2800
f 1621/2326/1621 1620/1688/1620 2758/3104/2758
f 1622/1689/1622 1621/2326/1621 2245/2323/2245
f 2236/2304/2236 1394/1470/1394 3181/3503/3181
f 2237/2305/2237 2236/2304/2236 3182/3504/3182
f 2250/2329/2250 1631/1698/1631 2233/2302/2233
f 2912/3109/2912 1629/1697/1629 1628/1699/1628
f 135/1847/135 136/429/136 1564/1353/1564
f 1567/1437/1567 419/252/419 512/309/512
f 1085/1118/1085 1084/1117/1084 2653/2775/2653
f 3184/3506/3184 869/926/869 868/925/868
f 869/926/869 3184/3506/3184 3057/3507/3057
f 1266/1303/1266 1268/1302/1268 1098/1132/1098
f 1267/1301/1267 2147/2188/2147 722/2722/722
f 937/976/937 1146/1188/1146 2646/2764/2646
f 2146/2298/2146 1049/1078/1049 722/2722/722
f 2211/2280/2211 2218/2285/2218 921/960/921
f 1957/2870/1957 510/985/510 507/1359/507
f 1313/1370/1313 1312/1369/1312 2264/2352/2264
f 1496/995/1496 362/205/362 1493/1075/1493
f 2887/3074/2887 2937/3137/2937 2933/3146/2933
f 1687/3508/1687 1688/3953/1688 1659/1576/1659
f 145/1011/145 1499/1010/1499 1498/1223/1498
f 37/19/37 38/21/38 418/1028/418
f 1935/1992/1935 1934/1991/1934 3185/3509/3185
f 104/2810/104 89/67/89 301/438/301
f 2101/2018/2101 2098/2012/2098 2083/1998/2083
f 543/1800/543 298/1407/298 360/1040/360
f 1934/1991/1934 2219/2287/2219 3186/3510/3186
f 234/1055/234 1521/1077/1521 212/173/212
f 3845/2090/3845 3821/1668/3821 1822/1666/1822
f 1976/3511/1976 1875/2146/1875 1874/1715/1874
f 223/308/223 3186/3510/3186 2219/2287/2219
f 3655/3512/3655 3656/3605/3656 3605/3513/3605
f 2165/3515/2165 2164/2214/2164 467/410/467
f 467/410/467 468/287/468 2165/3515/2165
f 773/421/773 476/2205/476 2165/3515/2165
f 1935/1992/1935 1212/1791/1212 1728/3193/1728
f 3240/2319/3240 3225/2288/3225 3226/2290/3226
f 3261/3516/3261 3249/5095/3249 3250/3517/3250
f 3215/2241/3215 3216/2243/3216 3244/3519/3244
f 3265/3521/3265 3221/2265/3221 3215/2241/3215
f 3267/3522/3267 3245/2332/3245 3198/2236/3198
f 3205/3463/3205 3206/3566/3206 3269/3523/3269
f 3214/3525/3214 3211/2238/3211 3265/3521/3265
f 3271/3527/3271 3213/2239/3213 3214/3525/3214
f 3251/3529/3251 3252/3568/3252 3239/3530/3239
f 3222/3531/3222 3221/2265/3221 3266/3532/3266
f 3232/2318/3232 3235/2320/3235 3234/2322/3234
f 3216/2243/3216 3242/3498/3242 3243/3534/3243
f 3196/3419/3196 3193/2232/3193 3268/3535/3268
f 3244/3519/3244 3243/3534/3243 3254/3536/3254
f 3238/2316/3238 3239/3530/3239 3247/2950/3247
f 3264/3520/3264 3244/3519/3244 3255/3524/3255
f 3253/3537/3253 3242/3498/3242 3216/2243/3216
f 3211/2238/3211 3266/3532/3266 3221/2265/3221
f 3257/3538/3257 3217/2242/3217 3218/2266/3218
f 3258/3540/3258 3222/3531/3222 3272/3533/3272
f 3274/3542/3274 3275/3548/3275 3280/3543/3280
f 3228/3545/3228 3229/3560/3229 3262/3546/3262
f 3275/3548/3275 3231/3567/3231 3281/3549/3281
f 3226/2290/3226 3227/2289/3227 3273/3544/3273
f 3236/2315/3236 3263/3547/3263 3260/3518/3260
f 3281/3549/3281 3263/3547/3263 3236/2315/3236
f 3287/1578/3287 3271/3527/3271 3192/3528/3192
f 3235/2320/3235 3226/2290/3226 3280/3543/3280
f 3234/2322/3234 3280/3543/3280 3281/3549/3281
f 3288/3551/3288 3290/3561/3290 3259/3541/3259
f 3260/3518/3260 3250/3517/3250 3276/3552/3276
f 3289/3553/3289 3212/2240/3212 3278/3554/3278
f 3210/3556/3210 3209/2938/3209 3224/2940/3224
f 3199/2237/3199 3202/2948/3202 3201/3558/3201
f 3228/3545/3228 3231/3567/3231 3230/3559/3230
f 3290/3561/3290 3288/3551/3288 3285/3562/3285
f 3282/1580/3282 3279/3571/3279 3271/3527/3271
f 3260/3518/3260 3263/3547/3263 3262/3546/3262
f 3243/3534/3243 3241/3497/3241 3268/3535/3268
f 3267/3522/3267 3268/3535/3268 3241/3497/3241
f 3194/2234/3194 3207/3575/3207 3208/3564/3208
f 3191/3565/3191 3270/3526/3270 3269/3523/3269
f 3270/3526/3270 3191/3565/3191 3192/3528/3192
f 3275/3548/3275 3274/3542/3274 3230/3559/3230
f 3264/3520/3264 3269/3523/3269 3270/3526/3270
f 3252/3568/3252 3251/3529/3251 3276/3552/3276
f 3248/3570/3248 3252/3568/3252 3291/3569/3291
f 3213/2239/3213 3271/3527/3271 3279/3571/3279
f 3272/3533/3272 3266/3532/3266 3289/3553/3289
f 3277/3572/3277 3278/3554/3278 3212/2240/3212
f 3228/3545/3228 3263/3547/3263 3281/3549/3281
f 3220/3573/3220 3225/2288/3225 3253/3537/3253
f 3219/3574/3219 3253/3537/3253 3217/2242/3217
f 3256/3539/3256 3218/2266/3218 3222/3531/3222
f 3247/2950/3247 3239/3530/3239 3252/3568/3252
f 3245/2332/3245 3267/3522/3267 3232/2318/3232
f 3266/3532/3266 3211/2238/3211 3212/2240/3212
f 3208/3564/3208 3205/3463/3205 3255/3524/3255
f 3288/3551/3288 3289/3553/3289 3284/3555/3284
f 3204/3464/3204 3205/3463/3205 3208/3564/3208
f 560/2229/560 1899/3128/1899 3187/3576/3187
f 3209/2938/3209 3210/3556/3210 3201/3558/3201
f 3189/3550/3189 3192/3528/3192 3191/3565/3191
f 448/1848/448 1980/1838/1980 807/450/807
f 647/367/647 648/366/648 122/980/122
f 1833/1679/1833 1848/1676/1848 1780/1747/1780
f 510/985/510 509/984/509 508/1360/508
f 3210/3556/3210 1949/2204/1949 1887/3468/1887
f 1887/3468/1887 15/8/15 3200/2235/3200
f 15/8/15 16/2228/16 3197/3420/3197
f 16/2228/16 3188/2227/3188 3195/2233/3195
f 3195/2233/3195 3188/2227/3188 3187/3576/3187
f 3194/2234/3194 3187/3576/3187 1899/3128/1899
f 3207/3575/3207 1899/3128/1899 375/3578/375
f 387/227/387 173/116/173 126/85/126
f 3189/3550/3189 1791/2206/1791 1760/2207/1760
f 3577/3579/3577 763/2211/763 757/406/757
f 763/2211/763 3577/3579/3577 2172/2106/2172
f 3583/3581/3583 3582/3606/3582 3580/3582/3580
f 3581/3583/3581 3580/3582/3580 3579/3584/3579
f 3594/3585/3594 3597/3642/3597 3596/3586/3596
f 3400/3588/3400 3601/3596/3601 3602/3589/3602
f 3626/3591/3626 3624/3664/3624 3625/3592/3625
f 3631/3594/3631 3635/3615/3635 3599/3595/3599
f 3636/3597/3636 3637/3608/3637 3595/3587/3595
f 3647/3598/3647 3584/3602/3584 3588/3599/3588
f 3650/3601/3650 3582/3606/3582 3584/3602/3584
f 3653/3603/3653 3579/3584/3579 3580/3582/3580
f 3653/3603/3653 2176/2212/2176 3654/1775/3654
f 1801/1633/1801 1864/950/1864 3656/3605/3656
f 3651/3604/3651 3580/3582/3580 3582/3606/3582
f 3644/3607/3644 3638/3631/3638 3595/3587/3595
f 1767/806/1767 1768/1596/1768 3659/3609/3659
f 1597/1397/1597 3663/805/3663 3661/2103/3661
f 1708/1524/1708 1707/1523/1707 3665/3143/3665
f 3671/2258/3671 3668/2257/3668 3667/3610/3667
f 3666/3611/3666 3667/3610/3667 3673/3612/3673
f 1588/1526/1588 1708/1524/1708 3664/2256/3664
f 2080/2338/2080 3671/2258/3671 3666/3611/3666
f 2082/2006/2082 3666/3611/3666 3672/3613/3672
f 3674/3614/3674 3677/3616/3677 3635/3615/3635
f 3677/3616/3677 3678/3628/3678 3636/3597/3636
f 3682/3617/3682 3647/3598/3647 3645/3600/3645
f 3692/3619/3692 3651/3604/3651 3650/3601/3650
f 3681/3618/3681 3645/3600/3645 3644/3607/3644
f 786/1499/786 3694/3622/3694 3692/3619/3692
f 3694/3622/3694 3653/3603/3653 3651/3604/3651
f 785/1500/785 3692/3619/3692 3686/3620/3686
f 497/3623/497 3686/3620/3686 3682/3617/3682
f 650/372/650 3682/3617/3682 3681/3618/3681
f 3696/3624/3696 564/370/564 3681/3618/3681
f 3405/3625/3405 3606/3659/3606 3605/3513/3605
f 3702/3627/3702 3699/3629/3699 3678/3628/3678
f 3699/3629/3699 3698/3639/3698 3679/3630/3679
f 3645/3600/3645 3588/3599/3588 3638/3631/3638
f 1799/1635/1799 3657/3655/3657 3659/3609/3659
f 3708/3632/3708 3704/3658/3704 3458/3633/3458
f 3462/3635/3462 3710/3638/3710 3708/3632/3708
f 3714/577/3714 463/576/463 564/370/564
f 3615/3636/3615 3606/3659/3606 3602/3589/3602
f 3710/3638/3710 3714/577/3714 3696/3624/3696
f 3635/3615/3635 3636/3597/3636 3596/3586/3596
f 3629/3640/3629 3626/3591/3626 3627/3593/3627
f 3597/3642/3597 3600/3637/3600 3599/3595/3599
f 3630/3641/3630 3716/3647/3716 3715/3643/3715
f 3627/3593/3627 3625/3592/3625 3597/3642/3597
f 3717/3644/3717 3716/3647/3716 3723/3645/3723
f 3715/3643/3715 3663/805/3663 3660/807/3660
f 3716/3647/3716 3717/3644/3717 3725/2102/3725
f 3668/2257/3668 3665/3143/3665 3661/2103/3661
f 3668/2257/3668 3725/2102/3725 3717/3644/3717
f 3667/3610/3667 3717/3644/3717 3718/3646/3718
f 3727/3648/3727 3728/3649/3728 3673/3612/3673
f 3728/3649/3728 1576/2019/1576 3672/3613/3672
f 3726/3650/3726 3727/3648/3727 3718/3646/3718
f 1576/2019/1576 2101/2018/2101 2084/1997/2084
f 3727/3648/3727 3726/3650/3726 3731/3651/3731
f 3203/3462/3203 376/718/376 1387/719/1387
f 3190/3577/3190 1387/719/1387 1791/2206/1791
f 3283/3557/3283 2152/2203/2152 1949/2204/1949
f 317/183/317 240/190/240 259/151/259
f 2000/1868/2000 2176/2212/2176 3653/3603/3653
f 3601/3596/3601 3599/3595/3599 3600/3637/3600
f 3589/3653/3589 3588/3599/3588 3584/3602/3584
f 3577/3579/3577 758/1497/758 756/426/756
f 3585/3654/3585 3584/3602/3584 3582/3606/3582
f 3678/3628/3678 3679/3630/3679 3637/3608/3637
f 3204/3464/3204 375/3578/375 376/718/376
f 1801/1633/1801 3655/3512/3655 3657/3655/3657
f 3729/3652/3729 3735/3657/3735 3728/3649/3728
f 1575/1378/1575 3735/3657/3735 3738/3656/3738
f 3735/3657/3735 1575/1378/1575 1576/2019/1576
f 1776/1630/1776 1795/1629/1795 1796/1637/1796
f 1293/661/1293 1294/657/1294 1290/649/1290
f 1326/2200/1326 14/9/14 1327/1729/1327
f 1294/657/1294 1245/627/1245 1234/619/1234
f 878/626/878 1244/625/1244 1330/648/1330
f 497/3623/497 373/2850/373 374/2231/374
f 122/980/122 648/366/648 413/240/413
f 3699/3629/3699 3702/3627/3702 3704/3658/3704
f 3606/3659/3606 3405/3625/3405 3401/3590/3401
f 3708/3632/3708 3710/3638/3710 3698/3639/3698
f 3464/575/3464 3714/577/3714 3710/3638/3710
f 3704/3658/3704 3674/3614/3674 3443/3660/3443
f 439/271/439 398/1539/398 399/1352/399
f 1512/1053/1512 1528/1099/1528 1526/1098/1526
f 1668/1475/1668 1741/1563/1741 1738/1567/1738
f 839/3661/839 849/1431/849 1362/2226/1362
f 1362/2226/1362 1357/677/1357 826/678/826
f 3843/1428/3843 740/1934/740 1896/1589/1896
f 2053/2009/2053 2054/2008/2054 2118/885/2118
f 3888/2118/3888 3887/2086/3887 2120/2085/2120
f 696/1234/696 697/1233/697 3816/3662/3816
f 1826/2773/1826 1878/1731/1878 639/1453/639
f 3740/3663/3740 3739/3666/3739 3729/3652/3729
f 956/3185/956 885/463/885 886/485/886
f 1980/1838/1980 806/442/806 1922/3460/1922
f 33/18/33 34/17/34 105/111/105
f 1343/659/1343 1344/660/1344 3856/666/3856
f 3907/2069/3907 2127/2068/2127 2128/2073/2128
f 1766/1597/1766 1581/1380/1581 1582/1382/1582
f 14/9/14 1326/2200/1326 2163/2197/2163
f 595/354/595 98/72/98 99/1067/99
f 3233/2321/3233 3238/2316/3238 3246/2949/3246
f 1346/664/1346 1035/534/1035 1044/535/1044
f 748/1906/748 1888/1898/1888 1425/800/1425
f 3193/2232/3193 3208/3564/3208 3254/3536/3254
f 3190/3577/3190 3191/3565/3191 3206/3566/3206
f 3612/3514/3612 3605/3513/3605 3606/3659/3606
f 3624/3664/3624 3612/3514/3612 3615/3636/3615
f 3631/3594/3631 3415/3665/3415 3443/3660/3443
f 3679/3630/3679 3680/3621/3680 3644/3607/3644
f 3686/3620/3686 3650/3601/3650 3647/3598/3647
f 3702/3627/3702 3677/3616/3677 3674/3614/3674
f 3625/3592/3625 3615/3636/3615 3600/3637/3600
f 3601/3596/3601 3400/3588/3400 3415/3665/3415
f 3739/3666/3739 3738/3656/3738 3735/3657/3735
f 3630/3641/3630 3627/3593/3627 3594/3585/3594
f 3741/3667/3741 3723/3645/3723 3716/3647/3716
f 1284/1792/1284 1290/649/1290 1288/651/1288
f 3698/3639/3698 3696/3624/3696 3680/3621/3680
f 1778/1616/1778 1781/1615/1781 1780/1747/1780
f 1792/2099/1792 1759/3895/1759 1584/1631/1584
f 695/2132/695 570/347/570 571/346/571
f 3638/3631/3638 3741/3667/3741 3594/3585/3594
f 3741/3667/3741 3638/3631/3638 3588/3599/3588
f 3247/2950/3247 3248/3570/3248 3209/2938/3209
f 3292/3668/3292 3293/3742/3293 3294/3669/3294
f 3296/3671/3296 3297/3739/3297 3298/3672/3298
f 3299/3673/3299 3298/3672/3298 3300/3674/3300
f 3302/3676/3302 3303/3684/3303 3304/3677/3304
f 3306/3679/3306 3307/3682/3307 3308/3680/3308
f 3307/3682/3307 3310/3740/3310 3311/3683/3311
f 3303/3684/3303 3302/3676/3302 3301/3675/3301
f 3312/3685/3312 3305/3678/3305 3304/3677/3304
f 3314/3687/3314 3315/3755/3315 3316/3688/3316
f 3318/3690/3318 3319/3711/3319 3320/3691/3320
f 3324/3693/3324 3318/3690/3318 3321/3692/3321
f 3326/3695/3326 3327/3723/3327 3328/3696/3328
f 3329/3698/3329 3330/5096/3330 3331/3699/3331
f 3333/3701/3333 3334/3713/3334 3335/3702/3335
f 3337/3704/3337 3338/3712/3338 3339/3705/3339
f 3333/3701/3333 3336/3703/3336 3341/3707/3341
f 3342/3708/3342 3341/3707/3341 3343/3709/3343
f 3319/3711/3319 3345/3730/3345 3344/3710/3344
f 3338/3712/3338 3335/3702/3335 3334/3713/3334
f 3346/3714/3346 3301/3675/3301 3302/3676/3302
f 3305/3678/3305 3348/3720/3348 3347/3715/3347
f 3312/3685/3312 3224/3760/3224 3223/3716/3223
f 3350/3718/3350 3337/3704/3337 3340/3706/3340
f 3312/3685/3312 3349/3717/3349 3348/3720/3348
f 3352/3721/3352 3343/3709/3343 3341/3707/3341
f 3311/3683/3311 3353/3738/3353 3354/3722/3354
f 3341/3707/3341 3336/3703/3336 3327/3723/3327
f 3359/3724/3359 3360/3727/3360 3361/3725/3361
f 3360/3727/3360 3359/3724/3359 3250/3728/3250
f 3318/3690/3318 3363/3741/3363 3345/3730/3345
f 3364/3731/3364 3363/3741/3363 3318/3690/3318
f 3314/3687/3314 3364/3731/3364 3324/3693/3324
f 3366/3733/3366 3299/3673/3299 3301/3675/3301
f 3299/3673/3299 3366/3733/3366 3367/3734/3367
f 3308/3680/3308 3354/3722/3354 3368/3735/3368
f 3369/3736/3369 3317/3689/3317 3295/3670/3295
f 3317/3689/3317 3369/3736/3369 3364/3731/3364
f 3370/3737/3370 3295/3670/3295 3317/3689/3317
f 3325/3694/3325 3371/3747/3371 3365/3732/3365
f 3352/3721/3352 3320/3691/3320 3319/3711/3319
f 3296/3671/3296 3367/3734/3367 3353/3738/3353
f 3297/3739/3297 3296/3671/3296 3311/3683/3311
f 3363/3741/3363 3368/3735/3368 3354/3722/3354
f 3345/3730/3345 3354/3722/3354 3353/3738/3353
f 3344/3710/3344 3353/3738/3353 3367/3734/3367
f 3366/3733/3366 3333/3701/3333 3342/3708/3342
f 3347/3715/3347 3339/3705/3339 3334/3713/3334
f 3339/3705/3339 3347/3715/3347 3348/3720/3348
f 3348/3720/3348 3349/3717/3349 3351/3719/3351
f 3363/3741/3363 3364/3731/3364 3369/3736/3369
f 3294/3669/3294 3309/3681/3309 3368/3735/3368
f 3293/3742/3293 3306/3679/3306 3309/3681/3309
f 3331/3699/3331 3373/3749/3373 3374/3743/3374
f 3346/3714/3346 3334/3713/3334 3333/3701/3333
f 3323/3697/3323 3322/3748/3322 3352/3721/3352
f 3356/3744/3356 3355/3745/3355 3321/3692/3321
f 3355/3745/3355 3357/3746/3357 3325/3694/3325
f 3357/3746/3357 3358/3758/3358 3371/3747/3371
f 3322/3748/3322 3356/3744/3356 3320/3691/3320
f 3361/3725/3361 3330/5096/3330 3329/3698/3329
f 3373/3749/3373 3372/3752/3372 3375/3750/3375
f 3374/3743/3374 3375/3750/3375 3376/3751/3376
f 3329/3698/3329 3332/3700/3332 3376/3751/3376
f 3327/3723/3327 3375/3750/3375 3372/3752/3372
f 3336/3703/3336 3335/3702/3335 3375/3750/3375
f 3335/3702/3335 3338/3712/3338 3376/3751/3376
f 3376/3751/3376 3338/3712/3338 3337/3704/3337
f 3337/3704/3337 3350/3718/3350 3359/3724/3359
f 3359/3724/3359 3350/3718/3350 3276/3753/3276
f 3377/3754/3377 3292/3668/3292 3295/3670/3295
f 3277/3572/3277 3316/3688/3316 3315/3755/3315
f 3371/3747/3371 3378/3757/3378 3379/3756/3379
f 3378/3757/3378 3371/3747/3371 3358/3758/3358
f 3365/3732/3365 3379/3756/3379 3315/3755/3315
f 3316/3688/3316 3277/3572/3277 3279/3571/3279
f 3282/1580/3282 3377/3754/3377 3370/3737/3370
f 3313/3686/3313 3283/3763/3283 3224/3760/3224
f 3378/3757/3378 3285/3562/3285 3284/3555/3284
f 3380/3759/3380 3286/3563/3286 3285/3562/3285
f 3379/3756/3379 3284/3555/3284 3278/3554/3278
f 3276/3753/3276 3350/3718/3350 3351/3719/3351
f 3291/3761/3291 3351/3719/3351 3349/3717/3349
f 3313/3686/3313 3304/3677/3304 2965/3170/2965
f 2965/3170/2965 3304/3677/3304 3303/3684/3303
f 222/307/222 3303/3684/3303 3300/3674/3300
f 223/308/223 3300/3674/3300 3298/3672/3298
f 3298/3672/3298 3297/3739/3297 3185/3509/3185
f 3297/3739/3297 3310/3740/3310 2977/3189/2977
f 3310/3740/3310 3307/3682/3307 1213/1242/1213
f 3307/3682/3307 3306/3679/3306 1214/1243/1214
f 2532/3080/2532 1214/1243/1214 3306/3679/3306
f 2894/3081/2894 2532/3080/2532 3293/3742/3293
f 2871/3762/2871 2894/3081/2894 3292/3668/3292
f 3253/3537/3253 3225/2288/3225 3240/2319/3240
f 3283/3763/3283 3313/3686/3313 3013/3229/3013
f 1997/1865/1997 1996/1866/1996 1889/1739/1889
f 1237/1257/1237 745/839/745 744/838/744
f 1535/1782/1535 1534/1784/1534 120/1816/120
f 1531/1119/1531 1532/1367/1532 201/137/201
f 1119/1151/1119 1241/1262/1241 1032/1066/1032
f 946/478/946 948/477/948 824/489/824
f 163/213/163 8/4/8 5/6/5
f 3589/3653/3589 3726/3650/3726 3723/3645/3723
f 1155/573/1155 1156/572/1156 1162/581/1162
f 427/280/427 213/132/213 327/1304/327
f 553/1454/553 1902/1779/1902 796/1498/796
f 3381/3764/3381 2232/2300/2232 2231/2303/2231
f 3381/3764/3381 3178/3501/3178 2230/2301/2230
f 2237/2305/2237 3183/3505/3183 3180/3765/3180
f 3383/3766/3383 3384/3769/3384 3385/3767/3385
f 3384/3769/3384 3386/3771/3386 3387/3770/3387
f 3386/3771/3386 3388/3773/3388 3389/3772/3389
f 3388/3773/3388 3390/3799/3390 3391/3774/3391
f 3392/3775/3392 3393/3794/3393 3394/3776/3394
f 3395/3777/3395 3394/3776/3394 3396/3778/3396
f 3398/3780/3398 3399/3781/3399 3397/3779/3397
f 3400/3588/3400 3401/3590/3401 3399/3781/3399
f 3403/3782/3403 3404/3784/3404 3405/3625/3405
f 3406/3783/3406 3407/3786/3407 3404/3784/3404
f 3408/3785/3408 3409/3788/3409 3407/3786/3407
f 3410/3787/3410 3411/3790/3411 3409/3788/3409
f 3412/3789/3412 3413/3836/3413 3411/3790/3411
f 3415/3665/3415 3400/3588/3400 3398/3780/3398
f 3414/3791/3414 3398/3780/3398 3396/3778/3396
f 3416/3792/3416 3396/3778/3396 3394/3776/3394
f 3417/3793/3417 3394/3776/3394 3393/3794/3393
f 3393/3794/3393 3419/3797/3419 3420/3796/3420
f 3419/3797/3419 3390/3799/3390 3421/3798/3421
f 3390/3799/3390 3388/3773/3388 3422/3800/3422
f 3388/3773/3388 3386/3771/3386 3423/3801/3423
f 3386/3771/3386 3384/3769/3384 3424/3802/3424
f 3384/3769/3384 3383/3766/3383 3425/3803/3425
f 3425/3803/3425 3383/3766/3383 3426/3804/3426
f 2904/3094/2904 3427/3864/3427 3428/3805/3428
f 3429/3806/3429 3427/3864/3427 2904/3094/2904
f 3430/3808/3430 3429/3806/3429 2902/3807/2902
f 2875/3066/2875 3431/3840/3431 3430/3808/3430
f 3432/3809/3432 3433/3841/3433 2733/2909/2733
f 2825/3009/2825 3434/3816/3434 3435/3810/3435
f 3437/3811/3437 3438/3843/3438 3439/3812/3439
f 3441/3814/3441 3437/3811/3437 3436/3813/3436
f 2724/2898/2724 2723/2897/2723 3434/3816/3434
f 3436/3813/3436 3439/3812/3439 3115/3364/3115
f 3440/3815/3440 3436/3813/3436 3117/3367/3117
f 3443/3660/3443 3415/3665/3415 3414/3791/3414
f 3442/3817/3442 3414/3791/3414 3416/3792/3416
f 3444/3818/3444 3416/3792/3416 3417/3793/3417
f 3445/3819/3445 3417/3793/3417 3418/3795/3418
f 3446/3820/3446 3418/3795/3418 3420/3796/3420
f 3420/3796/3420 3421/3798/3421 3448/3822/3448
f 3421/3798/3421 3422/3800/3422 3449/3823/3449
f 3422/3800/3422 3423/3801/3423 3450/3824/3450
f 3423/3801/3423 3424/3802/3424 3451/3825/3451
f 3424/3802/3424 3425/3803/3425 3452/3826/3452
f 3425/3803/3425 3184/3506/3184 3056/3277/3056
f 3451/3825/3451 3452/3826/3452 2253/2334/2253
f 3450/3824/3450 3451/3825/3451 2252/2336/2252
f 3449/3823/3449 3450/3824/3450 1727/1790/1727
f 3448/3822/3448 3449/3823/3449 2150/2273/2150
f 3453/3827/3453 3447/3821/3447 3448/3822/3448
f 3454/3828/3454 3446/3820/3446 3447/3821/3447
f 3455/3829/3455 3445/3819/3445 3446/3820/3446
f 3456/3830/3456 3444/3818/3444 3445/3819/3445
f 3442/3817/3442 3444/3818/3444 3456/3830/3456
f 3443/3660/3443 3442/3817/3442 3457/3831/3457
f 3459/3832/3459 3460/3634/3460 3458/3633/3458
f 3457/3831/3457 3456/3830/3456 3455/3829/3455
f 3459/3832/3459 3455/3829/3455 3454/3828/3454
f 3462/3635/3462 3460/3634/3460 3459/3832/3459
f 3461/3833/3461 3454/3828/3454 3453/3827/3453
f 3464/575/3464 3462/3635/3462 3461/3833/3461
f 3463/3834/3463 3453/3827/3453 1941/2194/1941
f 3404/3784/3404 3399/3781/3399 3401/3590/3401
f 3407/3786/3407 3397/3779/3397 3399/3781/3399
f 3409/3788/3409 3395/3777/3395 3397/3779/3397
f 3411/3790/3411 3392/3775/3392 3395/3777/3395
f 3465/3835/3465 3466/3839/3466 3413/3836/3413
f 3467/3837/3467 3468/3844/3468 3469/3838/3469
f 3465/3835/3465 3412/3789/3412 3431/3840/3431
f 3470/3842/3470 3467/3837/3467 3466/3839/3466
f 3438/3843/3438 3470/3842/3470 3432/3809/3432
f 3467/3837/3467 3470/3842/3470 3438/3843/3438
f 3468/3844/3468 3467/3837/3467 3437/3811/3437
f 3471/3845/3471 3469/3838/3469 3468/3844/3468
f 3472/3846/3472 3468/3844/3468 3441/3814/3441
f 3473/3847/3473 3441/3814/3441 3440/3815/3440
f 2712/3848/2712 3440/3815/3440 3119/3369/3119
f 3475/3849/3475 3471/3845/3471 3472/3846/3472
f 3474/3850/3474 3472/3846/3472 3473/3847/3473
f 3476/3851/3476 3473/3847/3473 2712/3848/2712
f 3477/3852/3477 3476/3851/3476 2711/2888/2711
f 3478/3853/3478 3474/3850/3474 3476/3851/3476
f 3479/3854/3479 3475/3849/3475 3474/3850/3474
f 3392/3775/3392 3411/3790/3411 3413/3836/3413
f 3466/3839/3466 3469/3838/3469 3480/3855/3480
f 3419/3797/3419 3393/3794/3393 3392/3775/3392
f 3390/3799/3390 3419/3797/3419 3480/3855/3480
f 3469/3838/3469 3471/3845/3471 3391/3774/3391
f 3389/3772/3389 3391/3774/3391 3471/3845/3471
f 3387/3770/3387 3389/3772/3389 3475/3849/3475
f 3385/3767/3385 3387/3770/3387 3479/3854/3479
f 3482/3857/3482 3477/3852/3477 2400/2478/2400
f 3483/3858/3483 3478/3853/3478 3477/3852/3477
f 3481/3856/3481 3479/3854/3479 3478/3853/3478
f 3484/3859/3484 3482/3857/3482 2402/2477/2402
f 3058/3279/3058 3484/3859/3484 2707/2884/2707
f 3061/3281/3061 3485/3860/3485 3484/3859/3484
f 3485/3860/3485 3483/3858/3483 3482/3857/3482
f 3382/3768/3382 3385/3767/3385 3481/3856/3481
f 3486/3861/3486 3481/3856/3481 3483/3858/3483
f 3426/3804/3426 3383/3766/3383 3382/3768/3382
f 3487/3862/3487 3382/3768/3382 3486/3861/3486
f 3486/3861/3486 3485/3860/3485 3061/3281/3061
f 1961/2036/1961 3057/3507/3057 3487/3862/3487
f 3057/3507/3057 3184/3506/3184 3426/3804/3426
f 3428/3805/3428 3403/3782/3403 3402/3626/3402
f 3427/3864/3427 3406/3783/3406 3403/3782/3403
f 3429/3806/3429 3408/3785/3408 3406/3783/3406
f 3430/3808/3430 3410/3787/3410 3408/3785/3408
f 3431/3840/3431 3412/3789/3412 3410/3787/3410
f 3470/3842/3470 3465/3835/3465 3433/3841/3433
f 3434/3816/3434 3439/3812/3439 3438/3843/3438
f 2723/2897/2723 3115/3364/3115 3439/3812/3439
f 2875/3066/2875 2733/2909/2733 3433/3841/3433
f 2736/2908/2736 2824/3006/2824 3435/3810/3435
f 2947/3152/2947 3428/3805/3428 3488/3863/3488
f 3464/575/3464 3463/3834/3463 1360/2001/1360
f 1900/1742/1900 1925/1768/1925 1924/1781/1924
f 1736/1561/1736 1717/1559/1717 1718/1841/1718
f 1955/3488/1955 1952/1971/1952 1943/3865/1943
f 1671/1474/1671 1738/1567/1738 1735/1560/1735
f 1696/1506/1696 1750/1591/1750 1698/1516/1698
f 1800/1634/1800 1865/948/1865 1864/950/1864
f 2063/1957/2063 2055/1945/2055 2056/1947/2056
f 1737/1568/1737 1734/1558/1734 1717/1559/1717
f 1751/1592/1751 1735/1560/1735 1697/1562/1697
f 943/2088/943 3885/1392/3885 3899/1394/3899
f 3656/3605/3656 3488/3863/3488 3402/3626/3402
f 1577/1531/1577 1578/1601/1578 1764/1605/1764
f 3917/1606/3917 1598/1396/1598 1599/1525/1599
f 1945/3866/1945 146/557/146 82/61/82
f 68/49/68 6/5/6 7/2726/7
f 147/97/147 1542/1179/1542 1543/1189/1543
f 1109/544/1109 1135/2261/1135 1133/558/1133
f 1503/2788/1503 1910/1831/1910 1907/1832/1907
f 1499/1010/1499 1501/1007/1501 1909/1814/1909
f 452/274/452 1922/3460/1922 735/399/735
f 1824/1670/1824 2068/2718/2068 3835/3867/3835
f 1825/1671/1825 2067/1960/2067 2068/2718/2068
f 1463/3868/1463 1462/1989/1462 1022/532/1022
f 841/686/841 1012/521/1012 1009/522/1009
f 1568/1783/1568 1547/2838/1547 1955/3488/1955
f 1910/1831/1910 1503/2788/1503 1502/2763/1502
f 1939/3869/1939 1502/2763/1502 422/256/422
f 309/1031/309 280/167/280 1940/1787/1940
f 1804/1638/1804 1851/959/1851 1866/3870/1866
f 269/163/269 1482/971/1482 1954/1799/1954
f 2065/1969/2065 1607/1406/1607 2060/2882/2060
f 3812/3465/3812 1685/1160/1685 1758/3871/1758
f 280/167/280 276/169/276 552/1276/552
f 1875/2146/1875 1873/1712/1873 1869/1714/1869
f 1739/1582/1739 1721/1557/1721 1734/1558/1734
f 1778/1616/1778 1779/1675/1779 1790/1678/1790
f 310/184/310 1920/1755/1920 1915/1757/1915
f 1909/1814/1909 1908/1813/1908 1906/1749/1906
f 1789/1621/1789 1783/1614/1783 1778/1616/1778
f 978/509/978 981/508/981 980/1401/980
f 1584/1631/1584 1759/3895/1759 1731/1549/1731
f 425/1057/425 426/1056/426 311/1436/311
f 148/96/148 1543/1189/1543 115/80/115
f 2044/1720/2044 3897/1719/3897 3894/2017/3894
f 277/242/277 1910/1831/1910 1939/3869/1939
f 1943/3865/1943 1946/2100/1946 1945/3866/1945
f 1461/936/1461 1462/1989/1462 1463/3868/1463
f 2253/2334/2253 3452/3826/3452 3056/3277/3056
f 2981/3197/2981 2254/3196/2254 3489/3872/3489
f 2209/2275/2209 2998/3216/2998 3489/3872/3489
f 2254/3196/2254 2253/2334/2253 3055/3278/3055
f 2998/3216/2998 926/965/926 958/999/958
f 2826/3010/2826 2817/3874/2817 2721/2896/2721
f 3490/3873/3490 2739/3877/2739 2721/2896/2721
f 2816/2997/2816 3491/3879/3491 3490/3873/3490
f 2334/3875/2334 2297/2384/2297 2296/2383/2296
f 2298/2388/2298 2297/2384/2297 2334/3875/2334
f 2301/2396/2301 2298/2388/2298 2336/2419/2336
f 2311/2398/2311 2301/2396/2301 2338/2421/2338
f 2312/2397/2312 2311/2398/2311 2354/2437/2354
f 2359/2443/2359 2358/2442/2358 2361/2448/2361
f 2335/2418/2335 2296/2383/2296 2359/2443/2359
f 2414/3876/2414 2413/2486/2413 2365/2447/2365
f 2413/2486/2413 2270/2359/2270 2361/2448/2361
f 2355/2438/2355 2352/2434/2352 2540/2631/2540
f 2541/2632/2541 2540/2631/2540 2539/2630/2539
f 2722/3365/2722 2721/2896/2721 2739/3877/2739
f 3114/3366/3114 2722/3365/2722 2738/2910/2738
f 3110/3359/3110 3112/3362/3112 3121/3372/3121
f 3108/3357/3108 3110/3359/3110 3120/3371/3120
f 3122/3373/3122 1754/1801/1754 3127/3377/3127
f 3112/3362/3112 3122/3373/3122 3126/3376/3126
f 3127/3377/3127 1754/1801/1754 1753/1803/1753
f 3139/3878/3139 3133/3386/3133 2529/2619/2529
f 3744/3396/3744 3775/3387/3775 3133/3386/3133
f 3490/3873/3490 2789/2968/2789 2740/2911/2740
f 3491/3879/3491 2790/2969/2790 2789/2968/2789
f 228/144/228 229/143/229 91/2877/91
f 245/1786/245 244/318/244 243/340/243
f 248/385/248 7/2726/7 247/339/247
f 2/2/2 297/1291/297 296/1187/296
f 145/1011/145 146/557/146 300/2000/300
f 327/1304/327 213/132/213 210/134/210
f 329/332/329 332/3222/332 331/1091/331
f 239/1191/239 241/187/241 240/190/240
f 373/2850/373 376/718/376 375/3578/375
f 178/2199/178 177/1889/177 176/177/176
f 1218/606/1218 1225/609/1225 1228/623/1228
f 3862/640/3862 1231/621/1231 1295/667/1295
f 808/445/808 809/452/809 824/489/824
f 3858/923/3858 3859/863/3859 1013/550/1013
f 3813/782/3813 3810/781/3810 1411/761/1411
f 2154/2149/2154 2149/2148/2149 2159/2156/2159
f 3845/2090/3845 3835/3867/3835 1758/3871/1758
f 306/449/306 807/450/807 1922/3460/1922
f 2157/2150/2157 2153/2147/2153 1976/3511/1976
f 708/2182/708 709/1338/709 2031/1913/2031
f 1450/2169/1450 1226/615/1226 1227/617/1227
f 1672/1478/1672 1604/1398/1604 1605/1954/1605
f 1813/3880/1813 1814/1665/1814 1821/1667/1821
f 1717/1559/1717 1716/1532/1716 1715/1533/1715
f 176/177/176 159/106/159 402/1493/402
f 1710/1842/1710 1705/1744/1705 3916/1512/3916
f 1712/1553/1712 1580/1555/1580 1577/1531/1577
f 1705/1744/1705 1713/1529/1713 1711/1528/1711
f 971/501/971 978/509/978 979/733/979
f 822/448/822 823/447/823 1094/552/1094
f 2909/3881/2909 2810/3882/2810 2793/2973/2793
f 2810/3882/2810 2769/2988/2769 2795/2981/2795
f 2799/2979/2799 2910/3102/2910 2249/2327/2249
f 3662/3883/3662 3643/3101/3643 2910/3102/2910
f 2769/2988/2769 2768/2951/2768 2801/2982/2801
f 3177/3499/3177 3176/3500/3176 3178/3501/3178
f 3178/3501/3178 3381/3764/3381 3180/3765/3180
f 3181/3503/3181 1394/1470/1394 1393/1472/1393
f 3181/3503/3181 1633/1700/1633 1632/1702/1632
f 3182/3504/3182 1632/1702/1632 2244/2314/2244
f 3183/3505/3183 2244/2314/2244 2243/2313/2243
f 3492/3884/3492 2791/2972/2791 2790/2969/2790
f 2808/3885/2808 3492/3884/3492 3491/3879/3491
f 2239/3886/2239 3574/1170/3574 3572/3887/3572
f 1149/2264/1149 1150/1907/1150 3571/3889/3571
f 1150/1907/1150 2009/2072/2009 3567/3891/3567
f 2202/2277/2202 3569/1337/3569 3566/1336/3566
f 2921/3892/2921 3564/2811/3564 3565/1770/3565
f 3568/3894/3568 3560/3183/3560 2133/2178/2133
f 1777/1607/1777 1579/1599/1579 1759/3895/1759
f 1201/598/1201 1196/599/1196 1183/588/1183
f 3561/1769/3561 3554/820/3554 2195/2251/2195
f 3553/1460/3553 3576/3930/3576 2770/3897/2770
f 3927/1519/3927 3925/2956/3925 1687/3508/1687
f 1516/1966/1516 152/1441/152 154/104/154
f 3549/1590/3549 3562/1933/3562 2974/3312/2974
f 3550/3898/3550 3548/2881/3548 2779/2967/2779
f 2771/3326/2771 2772/3325/2772 3575/3899/3575
f 3070/3298/3070 2771/3326/2771 3546/3900/3546
f 3547/1640/3547 3544/827/3544 2775/2990/2775
f 1376/714/1376 1375/713/1375 1370/705/1370
f 2767/3486/2767 3543/819/3543 3556/3129/3556
f 2195/2251/2195 3554/820/3554 3543/819/3543
f 2775/2990/2775 3544/827/3544 3542/826/3542
f 3377/3754/3377 3282/1580/3282 3545/1579/3545
f 3804/2983/3804 3802/3932/3802 3539/3902/3539
f 2776/2991/2776 3542/826/3542 3538/1577/3538
f 2240/3888/2240 3572/3887/3572 3535/3904/3535
f 2920/3905/2920 3535/3904/3535 3669/3906/3669
f 3548/2881/3548 3534/1048/3534 2786/2964/2786
f 1805/1673/1805 1850/957/1850 1851/959/1851
f 3534/1048/3534 3532/1639/3532 2787/3056/2787
f 2951/3438/2951 2773/2953/2773 3540/3908/3540
f 2772/3325/2772 2951/3438/2951 3531/3909/3531
f 2973/3182/2973 2224/3382/2224 3530/3910/3530
f 2224/3382/2224 2223/2292/2223 3537/3912/3537
f 1957/2870/1957 1953/1970/1953 320/983/320
f 306/449/306 305/1093/305 304/1199/304
f 2770/3897/2770 3576/3930/3576 3528/1171/3528
f 2913/3105/2913 3528/1171/3528 3574/1170/3574
f 2923/3893/2923 3565/1770/3565 3527/2826/3527
f 308/185/308 1940/1787/1940 431/262/431
f 207/131/207 208/130/208 132/90/132
f 1879/1916/1879 1876/1724/1876 1881/1936/1881
f 3733/3490/3733 3787/1204/3787 3525/1203/3525
f 2475/2556/2475 3070/3298/3070 3558/3901/3558
f 2476/3290/2476 2475/2556/2475 3524/3913/3524
f 2223/2292/2223 2476/3290/2476 3523/3914/3523
f 3522/1159/3522 3549/1590/3549 2803/3412/2803
f 2037/3915/2037 3563/2202/3563 11/2191/11
f 1959/1999/1959 1958/2101/1958 450/272/450
f 2003/2065/2003 3555/2128/3555 3520/2127/3520
f 9/2190/9 10/2192/10 334/328/334
f 2009/2072/2009 2008/2071/2008 3518/3916/3518
f 2008/2071/2008 2973/3182/2973 3536/3911/3536
f 3877/1202/3877 672/3186/672 673/2296/673
f 3515/1789/3515 3550/3898/3550 2778/2957/2778
f 2935/3917/2935 3514/2120/3514 3513/1695/3513
f 111/3492/111 1149/2264/1149 3570/3890/3570
f 3510/3918/3510 3514/2120/3514 2935/3917/2935
f 683/2797/683 3876/1939/3876 3885/1392/3885
f 3508/1624/3508 3557/1507/3557 2810/3882/2810
f 736/2821/736 733/398/733 732/2883/732
f 1795/1629/1795 1804/1638/1804 1803/1708/1803
f 3505/987/3505 3510/3918/3510 2938/3138/2938
f 3507/958/3507 3505/987/3505 2939/3140/2939
f 2950/3155/2950 3512/1173/3512 3504/3919/3504
f 2940/3142/2940 2949/3154/2949 3504/3919/3504
f 3801/3156/3801 3791/1174/3791 3512/1173/3512
f 2868/3920/2868 3509/993/3509 3502/992/3502
f 2869/3349/2869 3502/992/3502 3522/1159/3522
f 1024/614/1024 1034/605/1034 1023/593/1023
f 3500/949/3500 3503/2193/3503 2948/3153/2948
f 551/1277/551 1939/3869/1939 442/487/442
f 2972/3181/2972 3499/3921/3499 3568/3894/3568
f 2032/2097/2032 3533/1930/3533 3499/3921/3499
f 216/138/216 93/70/93 1924/1781/1924
f 203/236/203 202/135/202 201/137/201
f 1828/1677/1828 1848/1676/1848 1847/1694/1847
f 1958/2101/1958 1957/2870/1957 449/273/449
f 272/350/272 271/1003/271 178/2199/178
f 2871/3762/2871 3545/1579/3545 3495/1439/3495
f 3619/3907/3619 3669/3906/3669 3564/2811/3564
f 2801/2982/2801 2768/2951/2768 3643/3101/3643
f 2005/2213/2005 3758/1776/3758 3654/1775/3654
f 960/3494/960 886/485/886 899/2835/899
f 3657/3655/3657 3655/3512/3655 3612/3514/3612
f 3780/3922/3780 3788/3427/3788 3646/3424/3646
f 3151/3426/3151 3646/3424/3646 3593/2650/3593
f 2193/2250/2193 3604/3421/3604 3623/2937/3623
f 3607/3409/3607 3603/3410/3603 3145/3411/3145
f 3603/3410/3603 3649/2936/3649 2761/2933/2761
f 3592/3350/3592 3607/3409/3607 3144/3923/3144
f 2926/3126/2926 3658/3127/3658 3634/3351/3634
f 3634/3351/3634 3592/3350/3592 3104/3352/3104
f 3755/3310/3755 3754/812/3754 3746/3924/3746
f 566/1320/566 567/1319/567 3758/1776/3758
f 3488/3863/3488 3656/3605/3656 1864/950/1864
f 1602/1399/1602 1586/1389/1586 2079/2005/2079
f 2868/3920/2868 3658/3127/3658 3611/3125/3611
f 2922/3293/2922 3611/3125/3611 3610/3124/3610
f 2923/3893/2923 3610/3124/3610 3618/3116/3618
f 3670/3117/3670 3613/3113/3613 2918/3114/2918
f 3619/3907/3619 3670/3117/3670 3614/3115/3614
f 2921/3892/2921 3618/3116/3618 3670/3117/3670
f 2920/3905/2920 3614/3115/3614 3586/2308/3586
f 3613/3113/3613 3642/3110/3642 2915/3108/2915
f 2917/3121/2917 2766/2946/2766 3622/2947/3622
f 2916/3123/2916 2917/3121/2917 3641/3111/3641
f 2239/3886/2239 3587/2310/3587 3652/3106/3652
f 2911/3925/2911 3640/3100/3640 3652/3106/3652
f 3643/3101/3643 3640/3100/3640 2911/3925/2911
f 2797/2980/2797 2801/2982/2801 3662/3883/3662
f 2797/2980/2797 3591/2977/3591 3598/2927/3598
f 3622/2947/3622 3628/2943/3628 2763/2941/2763
f 3608/2929/3608 3628/2943/3628 2764/3347/2764
f 2194/3896/2194 3623/2937/3623 3648/2935/3648
f 2221/2291/2221 3648/2935/3648 3649/2936/3649
f 2756/2942/2756 3608/2929/3608 3609/2928/3609
f 2750/2975/2750 3598/2927/3598 3609/2928/3609
f 3669/3906/3669 3535/3904/3535 1817/2135/1817
f 3763/2780/3763 3770/1647/3770 1691/3926/1691
f 2515/2601/2515 3621/2610/3621 3590/2649/3590
f 2548/2639/2548 3590/2649/3590 3593/2650/3593
f 2513/2599/2513 2489/2572/2489 3632/2611/3632
f 2513/2599/2513 3616/2609/3616 3621/2610/3621
f 2509/2595/2509 3633/2592/3633 3620/2378/3620
f 2510/2604/2510 3632/2611/3632 3633/2592/3633
f 2289/2593/2289 3620/2378/3620 3639/2371/3639
f 2283/2376/2283 3639/2371/3639 3617/2370/3617
f 2240/3888/2240 3586/2308/3586 3587/2310/3587
f 3659/3609/3659 3657/3655/3657 3624/3664/3624
f 716/377/716 2121/2089/2121 3887/2086/3887
f 727/375/727 1999/1869/1999 3761/2110/3761
f 2165/3515/2165 2171/2108/2171 2170/2107/2170
f 3660/807/3660 3659/3609/3659 3626/3591/3626
f 3743/2042/3743 3581/3583/3581 3578/1774/3578
f 2175/3580/2175 2172/2106/2172 769/419/769
f 2100/630/2100 500/304/500 2095/2007/2095
f 3758/1776/3758 567/1319/567 3757/2040/3757
f 640/1452/640 3560/1736/3560 3568/3927/3568
f 1653/1644/1653 3576/3930/3576 3553/1460/3553
f 1895/2270/1895 3536/3942/3536 3530/3928/3530
f 746/1283/746 3530/3928/3530 3537/3929/3537
f 1653/1644/1653 1810/1169/1810 3528/1171/3528
f 3762/1609/3762 1603/3139/1603 1604/1398/1604
f 2093/1754/2093 2075/1753/2075 2073/1977/2073
f 959/517/959 996/516/996 995/1751/995
f 962/491/962 899/2835/899 919/527/919
f 1400/749/1400 1401/2337/1401 1398/747/1398
f 1000/1750/1000 817/444/817 1127/551/1127
f 956/3185/956 959/517/959 884/462/884
f 1662/1674/1662 3548/2881/3548 3550/3898/3550
f 2034/1915/2034 3558/3941/3558 3546/3931/3546
f 3926/2955/3926 1689/3952/1689 3539/3902/3539
f 3535/3904/3535 3572/3887/3572 766/2136/766
f 3572/3887/3572 3574/1170/3574 765/2091/765
f 334/328/334 3570/3939/3570 3571/3933/3571
f 1868/1766/1868 3531/1765/3531 3540/1492/3540
f 1684/3934/1684 1651/1459/1651 1652/1508/1652
f 1682/1806/1682 1683/1805/1683 775/423/775
f 1585/1001/1585 1603/3139/1603 3762/1609/3762
f 3763/2780/3763 3762/1609/3762 1672/1478/1672
f 2173/853/2173 2174/1900/2174 490/1457/490
f 1658/825/1658 3544/827/3544 3547/1640/3547
f 3556/3129/3556 3543/819/3543 1650/2184/1650
f 1571/813/1571 3754/812/3754 2010/2801/2010
f 1587/1388/1587 3664/2256/3664 3671/2258/3671
f 2099/2011/2099 2095/2007/2095 2077/1982/2077
f 787/1780/787 3761/2110/3761 1999/1869/1999
f 2000/1868/2000 3694/3622/3694 786/1499/786
f 3155/3935/3155 339/512/339 3697/2678/3697
f 3713/3439/3713 3155/3935/3155 3683/3448/3683
f 2180/2218/2180 2179/2217/2179 3685/3936/3685
f 3496/1664/3496 2180/2218/2180 3684/3434/3684
f 1684/3934/1684 3846/1017/3846 3840/1019/3840
f 1760/2207/1760 464/1311/464 3495/1439/3495
f 2607/2705/2607 3689/2706/3689 3693/2686/3693
f 2581/2673/2581 3676/2679/3676 3689/2706/3689
f 2371/2458/2371 2502/2693/2502 3700/2585/3700
f 2371/2458/2371 3695/2687/3695 3693/2686/3693
f 2587/3314/2587 3676/2679/3676 3675/2680/3675
f 2586/3313/2586 3675/2680/3675 3697/2678/3697
f 2497/3172/2497 3691/2579/3691 3687/2586/3687
f 2502/2693/2502 2503/2692/2503 3687/2586/3687
f 2494/2576/2494 3691/2579/3691 3690/2578/3690
f 3690/2578/3690 3688/2555/3688 2472/2552/2472
f 3688/2555/3688 3701/2548/3701 2468/2549/2468
f 3701/2548/3701 3703/2547/3703 2469/3937/2469
f 726/397/726 3908/2028/3908 3892/2049/3892
f 581/383/581 3567/1120/3567 3518/3938/3518
f 10/2192/10 3511/5093/3511 3570/3939/3570
f 1837/2119/1837 3514/2120/3514 3510/3918/3510
f 741/1282/741 3537/3929/3537 3523/3940/3523
f 1299/636/1299 3524/1208/3524 3558/3941/3558
f 1851/959/1851 3507/958/3507 3504/3919/3504
f 3527/2826/3527 3565/1770/3565 1820/1772/1820
f 580/343/580 3518/3938/3518 3536/3942/3536
f 1758/3871/1758 1685/1160/1685 3522/1159/3522
f 1693/1016/1693 3557/1507/3557 3508/1624/3508
f 3504/3919/3504 3512/1173/3512 1867/1709/1867
f 1894/1733/1894 1826/2773/1826 3568/3927/3568
f 2126/2259/2126 1418/780/1418 3813/782/3813
f 3906/2260/3906 2126/2259/2126 3841/2114/3841
f 2113/2039/2113 3911/2043/3911 3867/2045/3867
f 2179/2217/2179 3713/3439/3713 3789/3447/3789
f 624/360/624 3903/2050/3903 3904/2062/3904
f 2192/2248/2192 3604/3421/3604 3788/3427/3788
f 2177/2216/2177 3541/1663/3541 3787/1204/3787
f 1364/2125/1364 3824/690/3824 3833/681/3833
f 3858/923/3858 3855/910/3855 1470/3943/1470
f 3135/3389/3135 1753/1803/1753 3775/3387/3775
f 2069/2055/2069 3812/3465/3812 3835/3867/3835
f 1351/879/1351 3861/670/3861 3853/671/3853
f 2108/3944/2108 3882/1762/3882 3901/1764/3901
f 2089/2145/2089 2092/2144/2092 3736/3442/3736
f 3828/684/3828 3834/680/3834 1358/683/1358
f 2001/2064/2001 3749/3483/3749 3783/3485/3783
f 2187/2244/2187 3783/3485/3783 3719/3436/3719
f 2130/2276/2130 3756/3478/3756 3752/3482/3752
f 2004/2066/2004 3752/3482/3752 3749/3483/3749
f 2014/2074/2014 3724/3473/3724 3779/3477/3779
f 2201/2262/2201 3779/3477/3779 3756/3478/3756
f 3167/3470/3167 3720/3474/3720 3759/3177/3759
f 3168/3472/3168 3724/3473/3724 3720/3474/3720
f 3159/3454/3159 3709/3453/3709 3764/3456/3764
f 3160/3457/3160 3764/3456/3764 3765/3321/3765
f 3730/3455/3730 3707/3452/3707 3158/3945/3158
f 3158/3945/3158 3707/3452/3707 3709/3453/3709
f 2200/2254/2200 3069/3294/3069 3730/3455/3730
f 3685/3936/3685 3789/3447/3789 3742/3417/3742
f 3722/3445/3722 3774/3444/3774 2197/2255/2197
f 3790/3443/3790 3736/3442/3736 2092/2144/2092
f 3774/3444/3774 3790/3443/3790 3721/3437/3721
f 3154/3446/3154 3706/3441/3706 3790/3443/3790
f 3155/3935/3155 3713/3439/3713 3706/3441/3706
f 2091/3489/2091 3719/3436/3719 3721/3437/3721
f 2196/2252/2196 3148/3432/3148 3750/3416/3750
f 2193/2250/2193 2196/2252/2196 3776/3431/3776
f 3604/3421/3604 2193/2250/2193 3781/3430/3781
f 2086/3946/2086 2192/2248/2192 3780/3922/3780
f 2087/2141/2087 2086/3946/2086 3778/3425/3778
f 2204/3435/2204 3742/3417/3742 3751/3415/3751
f 2205/2268/2205 3751/3415/3751 3750/3416/3750
f 3909/2181/3909 3886/2165/3886 574/391/574
f 2124/2173/2124 2087/2141/2087 3777/3422/3777
f 2208/2272/2208 2124/2173/2124 3760/3403/3760
f 3711/3390/3711 3785/3398/3785 3140/3399/3140
f 3785/3398/3785 3745/3397/3745 3138/3395/3138
f 3745/3397/3745 3744/3396/3744 3139/3878/3139
f 3771/3394/3771 3712/3391/3712 3136/3393/3136
f 3712/3391/3712 3711/3390/3711 3137/3392/3137
f 3775/3387/3775 3767/3384/3767 3131/3385/3131
f 3767/3384/3767 3782/3383/3782 3132/3400/3132
f 1813/3880/1813 3839/1650/3839 3838/1653/3838
f 1293/661/1293 3854/1793/3854 3856/666/3856
f 2184/2220/2184 2321/3355/2321 3748/2405/3748
f 2181/2221/2181 2184/2220/2184 3732/3324/3732
f 3765/3321/3765 3768/3318/3768 3079/3319/3079
f 3768/3318/3768 3734/3317/3734 3080/3323/3080
f 709/1338/709 3873/2167/3873 3875/2129/3875
f 2774/2954/2774 2961/3166/2961 3737/3165/3737
f 3786/3292/3786 3769/3291/3769 2134/2179/2134
f 3809/413/3809 3808/412/3808 766/2136/766
f 2968/3174/2968 3784/3179/3784 3766/3164/3766
f 2969/3176/2969 3759/3177/3759 3784/3179/3784
f 2958/3168/2958 3747/3162/3747 3737/3165/3737
f 2132/3433/2132 3747/3162/3747 3766/3164/3766
f 2321/3355/2321 2185/2223/2185 3771/3394/3771
f 3860/849/3860 3848/850/3848 1449/2113/1449
f 3905/2157/3905 3874/2153/3874 582/1461/582
f 3886/2165/3886 3889/2164/3889 577/3099/577
f 3847/1659/3847 3826/1658/3826 1818/1771/1818
f 705/2159/705 3902/2084/3902 3887/2086/3887
f 3816/3662/3816 3912/2067/3912 3907/2069/3907
f 2111/2124/2111 3883/2123/3883 3911/2043/3911
f 3810/781/3810 3829/691/3829 1366/2126/1366
f 1812/1654/1812 3839/1650/3839 3822/1652/3822
f 675/1662/675 3851/2093/3851 3852/2094/3852
f 3496/1664/3496 3705/3119/3705 3851/2093/3851
f 2110/2038/2110 3867/2045/3867 3868/2033/3868
f 2104/2026/2104 3896/2029/3896 3901/1764/3901
f 2109/2031/2109 3868/2033/3868 3899/1394/3899
f 3842/1427/3842 3831/877/3831 703/390/703
f 1680/1844/1680 3811/1488/3811 3846/1017/3846
f 1639/1435/1639 1627/1409/1627 3819/1411/3819
f 623/361/623 3904/2062/3904 3906/2260/3906
f 2139/2130/2139 2140/2013/2140 3866/2015/3866
f 1808/1645/1808 1640/1642/1640 3844/2092/3844
f 3820/1669/3820 3821/1668/3821 1819/2825/1819
f 3872/2087/3872 3914/631/3914 3900/633/3900
f 1646/1434/1646 3832/1443/3832 3830/1445/3830
f 3889/2164/3889 3890/2158/3890 633/2170/633
f 2139/2130/2139 3865/2122/3865 3875/2129/3875
f 2156/2152/2156 2155/2151/2155 3871/2166/3871
f 674/3187/674 3852/2094/3852 3913/2104/3913
f 2117/887/2117 3817/886/3817 3812/3465/3812
f 1815/1661/1815 3822/1652/3822 3847/1659/3847
f 3855/910/3855 3849/909/3849 1444/846/1444
f 697/1233/697 3906/2260/3906 3912/2067/3912
f 866/682/866 842/1433/842 3836/603/3836
f 3864/2180/3864 3869/2134/3869 2136/2131/2136
f 3585/3654/3585 3731/3651/3731 3726/3650/3726
f 3583/3581/3583 3740/3663/3740 3731/3651/3731
f 3753/2041/3753 3746/3924/3746 3738/3656/3738
f 3740/3663/3740 3583/3581/3583 3581/3583/3581
f 1088/1379/1088 3738/3656/3738 3746/3924/3746
f 3739/3666/3739 3740/3663/3740 3743/2042/3743
f 2791/2972/2791 3492/3884/3492 3493/3948/3493
f 3492/3884/3492 2808/3885/2808 2807/2984/2807
f 2792/2970/2792 3493/3948/3493 3494/3949/3494
f 3493/3948/3493 2807/2984/2807 2806/3903/2806
f 3508/1624/3508 2909/3881/2909 3494/3949/3494
f 3516/3950/3516 3494/3949/3494 2806/3903/2806
f 2948/3153/2948 3503/2193/3503 3791/1174/3791
f 2105/2046/2105 3908/2028/3908 3896/2029/3896
f 3538/1577/3538 3802/3932/3802 3804/2983/3804
f 680/1417/680 3878/1937/3878 3876/1939/3876
f 1891/2175/1891 1890/1740/1890 3910/1730/3910
f 2905/3096/2905 3799/3098/3799 3801/3156/3801
f 2900/3089/2900 3797/3090/3797 3799/3098/3799
f 2901/3092/2901 3797/3090/3797 3807/3091/3807
f 2734/2907/2734 2878/3065/2878 3806/3067/3806
f 2877/3093/2877 3807/3091/3807 3806/3067/3806
f 2820/3002/2820 3800/3951/3800 3794/3060/3794
f 2818/3054/2818 3796/2999/3796 3792/3012/3792
f 2823/3008/2823 3793/3004/3793 3792/3012/3792
f 2822/3017/2822 3793/3004/3793 3798/3001/3798
f 2819/3005/2819 2735/3007/2735 3800/3951/3800
f 2817/3874/2817 3796/2999/3796 3795/2998/3795
f 2809/2993/2809 3805/2986/3805 3795/2998/3795
f 2808/3885/2808 3805/2986/3805 3803/2985/3803
f 2805/2992/2805 3804/2983/3804 3803/2985/3803
f 1702/1513/1702 3921/1509/3921 3923/1511/3923
f 3922/1627/3922 3920/1632/3920 1797/1636/1797
f 3915/1788/3915 3916/1512/3916 1706/1514/1706
f 3918/1520/3918 3927/1519/3927 1692/1505/1692
f 1657/1917/1657 3898/2757/3898 3880/1728/3880
f 1890/1740/1890 1877/1723/1877 3895/1617/3895
f 3772/1648/3772 3770/1647/3770 1674/1483/1674
f 1689/3952/1689 1690/1646/1690 3772/1648/3772
f 3926/2955/3926 3802/3932/3802 3538/1577/3538
f 3516/3950/3516 3539/3902/3539 1689/3952/1689
f 3917/1606/3917 3923/1511/3923 1703/1510/1703
f 1598/1396/1598 3917/1606/3917 3928/1602/3928
f 3880/1728/3880 3884/1618/3884 1876/1724/1876
f 1691/3926/1691 1690/1646/1690 3925/2956/3925
f 3925/2956/3925 3926/2955/3926 1688/3953/1688
f 3934/3959/3934 3933/3965/3933 3937/3960/3937
f 3934/3959/3934 3938/3961/3938 3939/3962/3939
f 3932/3964/3932 3936/4074/3936 3937/3960/3937
f 3938/3961/3938 3942/3969/3942 3943/3966/3943
f 3937/3960/3937 3936/4074/3936 3940/3967/3940
f 3937/3960/3937 3941/3968/3941 3942/3969/3942
f 3942/3969/3942 3946/3973/3946 3947/3970/3947
f 3941/3968/3941 3940/3967/3940 3944/3971/3944
f 3942/3969/3942 3941/3968/3941 3945/3972/3945
f 3947/3970/3947 3946/3973/3946 3950/3974/3950
f 3944/3971/3944 3948/4075/3948 3949/3976/3949
f 3945/3972/3945 3949/3976/3949 3950/3974/3950
f 3950/3974/3950 3954/3980/3954 3955/3977/3955
f 3949/3976/3949 3948/4075/3948 3952/3978/3952
f 3950/3974/3950 3949/3976/3949 3953/3979/3953
f 3955/3977/3955 3954/3980/3954 3958/3981/3958
f 3953/3979/3953 3952/3978/3952 3956/3983/3956
f 3953/3979/3953 3957/3984/3957 3958/3981/3958
f 3959/3982/3959 3958/3981/3958 3962/3985/3962
f 3957/3984/3957 3956/3983/3956 3960/3987/3960
f 3958/3981/3958 3957/3984/3957 3961/3988/3961
f 3962/3985/3962 3966/3991/3966 3967/3989/3967
f 3960/3987/3960 3964/4076/3964 3965/3990/3965
f 3961/3988/3961 3965/3990/3965 3966/3991/3966
f 3966/3991/3966 3970/3995/3970 3971/3992/3971
f 3965/3990/3965 3964/4076/3964 3968/3993/3968
f 3966/3991/3966 3965/3990/3965 3969/3994/3969
f 3970/3995/3970 3974/3998/3974 3975/3996/3975
f 3968/3993/3968 3972/4077/3972 3973/3997/3973
f 3969/3994/3969 3973/3997/3973 3974/3998/3974
f 3974/3998/3974 3978/4002/3978 3979/3999/3979
f 3973/3997/3973 3972/4077/3972 3976/4000/3976
f 3974/3998/3974 3973/3997/3973 3977/4001/3977
f 3979/3999/3979 3978/4002/3978 3982/4003/3982
f 3976/4000/3976 3980/4078/3980 3981/4005/3981
f 3977/4001/3977 3981/4005/3981 3982/4003/3982
f 3982/4003/3982 3986/4009/3986 3987/4006/3987
f 3981/4005/3981 3980/4078/3980 3984/4007/3984
f 3982/4003/3982 3981/4005/3981 3985/4008/3985
f 3987/4006/3987 3986/4009/3986 3990/4010/3990
f 3984/4007/3984 3988/4079/3988 3989/4012/3989
f 3985/4008/3985 3989/4012/3989 3990/4010/3990
f 3991/4011/3991 3990/4010/3990 3994/4013/3994
f 3989/4012/3989 3988/4079/3988 3992/4015/3992
f 3990/4010/3990 3989/4012/3989 3993/4016/3993
f 3995/4014/3995 3994/4013/3994 3998/4017/3998
f 3992/4015/3992 3996/4080/3996 3997/4019/3997
f 3993/4016/3993 3997/4019/3997 3998/4017/3998
f 3998/4017/3998 4002/4023/4002 4003/4020/4003
f 3997/4019/3997 3996/4080/3996 4000/4021/4000
f 3998/4017/3998 3997/4019/3997 4001/4022/4001
f 4002/4023/4002 4006/4026/4006 4007/4024/4007
f 4000/4021/4000 4004/4081/4004 4005/4025/4005
f 4001/4022/4001 4005/4025/4005 4006/4026/4006
f 4006/4026/4006 4010/4030/4010 4011/4027/4011
f 4005/4025/4005 4004/4081/4004 4008/4028/4008
f 4006/4026/4006 4005/4025/4005 4009/4029/4009
f 4011/4027/4011 4010/4030/4010 4014/4031/4014
f 4008/4028/4008 4012/4082/4012 4013/4033/4013
f 4009/4029/4009 4013/4033/4013 4014/4031/4014
f 4014/4031/4014 4018/4037/4018 4019/4034/4019
f 4013/4033/4013 4012/4082/4012 4016/4035/4016
f 4014/4031/4014 4013/4033/4013 4017/4036/4017
f 4019/4034/4019 4018/4037/4018 4022/4038/4022
f 4016/4035/4016 4020/4083/4020 4021/4040/4021
f 4017/4036/4017 4021/4040/4021 4022/4038/4022
f 4023/4039/4023 4022/4038/4022 4026/4041/4026
f 4021/4040/4021 4020/4083/4020 4024/4043/4024
f 4022/4038/4022 4021/4040/4021 4025/4044/4025
f 4027/4042/4027 4026/4041/4026 4030/4045/4030
f 4024/4043/4024 4028/4084/4028 4029/4047/4029
f 4025/4044/4025 4029/4047/4029 4030/4045/4030
f 4031/4046/4031 4030/4045/4030 4034/4048/4034
f 4029/4047/4029 4028/4084/4028 4032/4050/4032
f 4030/4045/4030 4029/4047/4029 4033/4051/4033
f 4034/4048/4034 4038/4054/4038 4039/4052/4039
f 4032/4050/4032 4036/4085/4036 4037/4053/4037
f 4033/4051/4033 4037/4053/4037 4038/4054/4038
f 4038/4054/4038 4042/4058/4042 4043/4055/4043
f 4037/4053/4037 4036/4085/4036 4040/4056/4040
f 4038/4054/4038 4037/4053/4037 4041/4057/4041
f 4043/4055/4043 4042/4058/4042 4046/4059/4046
f 4040/4056/4040 4044/4086/4044 4045/4061/4045
f 4041/4057/4041 4045/4061/4045 4046/4059/4046
f 4046/4059/4046 4050/4065/4050 4051/4062/4051
f 4045/4061/4045 4044/4086/4044 4048/4063/4048
f 4046/4059/4046 4045/4061/4045 4049/4064/4049
f 4051/4062/4051 4050/4065/4050 4055/4066/4055
f 4048/4063/4048 4053/4071/4053 4054/4068/4054
f 4049/4064/4049 4054/4068/4054 4055/4066/4055
f 4056/4067/4056 4055/4066/4055 4059/4069/4059
f 4053/4071/4053 4057/4087/4057 4058/4072/4058
f 4055/4066/4055 4054/4068/4054 4058/4072/4058
f 4060/4070/4060 4059/4069/4059 3934/3959/3934
f 4058/4072/4058 4057/4087/4057 3932/3964/3932
f 4058/4072/4058 3933/3965/3933 3934/3959/3934
f 4069/4088/4069 4068/4105/4068 4081/4089/4081
f 4066/4091/4066 4079/4122/4079 4080/4092/4080
f 4065/4094/4065 4064/4108/4064 4077/4095/4077
f 4063/4097/4063 4062/4110/4062 4075/4098/4075
f 4071/4100/4071 4084/4113/4084 4085/4101/4085
f 4069/4088/4069 4082/4090/4082 4083/4103/4083
f 4067/4093/4067 4080/4092/4080 4081/4089/4081
f 4066/4106/4066 4065/4094/4065 4078/4096/4078
f 4063/4097/4063 4076/4099/4076 4077/4095/4077
f 4061/4109/4061 4074/4115/4074 4075/4098/4075
f 4072/4102/4072 4085/4101/4085 4086/4111/4086
f 4071/4100/4071 4070/4104/4070 4083/4103/4083
f 4076/4099/4076 4089/4125/4089 4090/4114/4090
f 4074/4115/4074 4087/4525/4087 4088/4116/4088
f 4086/4111/4086 4085/4101/4085 4098/4117/4098
f 4083/4103/4083 4096/4126/4096 4097/4119/4097
f 4082/4090/4082 4081/4089/4081 4094/4120/4094
f 4079/4122/4079 4092/4135/4092 4093/4123/4093
f 4078/4096/4078 4077/4095/4077 4090/4114/4090
f 4076/4099/4076 4075/4098/4075 4088/4116/4088
f 4085/4101/4085 4084/4113/4084 4097/4119/4097
f 4082/4090/4082 4095/4121/4095 4096/4126/4096
f 4080/4092/4080 4093/4123/4093 4094/4120/4094
f 4079/4107/4079 4078/4096/4078 4091/4124/4091
f 4089/4125/4089 4102/4138/4102 4103/4128/4103
f 4088/4116/4088 4087/4525/4087 4100/4129/4100
f 4098/4117/4098 4111/4139/4111 4112/4131/4112
f 4096/4126/4096 4109/4140/4109 4110/4132/4110
f 4095/4121/4095 4094/4120/4094 4107/4133/4107
f 4092/4135/4092 4105/4150/4105 4106/4136/4106
f 4090/4114/4090 4103/4128/4103 4104/4137/4104
f 4089/4125/4089 4088/4116/4088 4101/4130/4101
f 4097/4119/4097 4110/4132/4110 4111/4139/4111
f 4095/4121/4095 4108/4134/4108 4109/4140/4109
f 4094/4120/4094 4093/4123/4093 4106/4136/4106
f 4092/4127/4092 4091/4124/4091 4104/4137/4104
f 4103/4128/4103 4102/4138/4102 4115/4142/4115
f 4100/4129/4100 4113/5097/4113 4114/4144/4114
f 4112/4131/4112 4111/4139/4111 4124/4145/4124
f 4110/4132/4110 4109/4140/4109 4122/4147/4122
f 4107/4133/4107 4120/4153/4120 4121/4149/4121
f 4105/4150/4105 4118/5098/4118 4119/4151/4119
f 4103/4128/4103 4116/4143/4116 4117/4152/4117
f 4101/4130/4101 4114/4144/4114 4115/4142/4115
f 4110/4132/4110 4123/4148/4123 4124/4145/4124
f 4109/4140/4109 4108/4134/4108 4121/4149/4121
f 4107/4133/4107 4106/4136/4106 4119/4151/4119
f 4105/4141/4105 4104/4137/4104 4117/4152/4117
f 4115/4142/4115 4128/4165/4128 4129/4155/4129
f 4114/4144/4114 4113/5097/4113 4126/4156/4126
f 4124/4145/4124 4137/4166/4137 4138/4158/4138
f 4123/4148/4123 4122/4147/4122 4135/4159/4135
f 4120/4153/4120 4133/4167/4133 4134/4161/4134
f 4119/4151/4119 4118/5098/4118 4131/4162/4131
f 4117/4152/4117 4116/4143/4116 4129/4155/4129
f 4114/4144/4114 4127/4157/4127 4128/4165/4128
f 4124/4145/4124 4123/4148/4123 4136/4160/4136
f 4122/4147/4122 4121/4149/4121 4134/4161/4134
f 4119/4151/4119 4132/4163/4132 4133/4167/4133
f 4117/4152/4117 4130/4164/4130 4131/4168/4131
f 4129/4155/4129 4128/4165/4128 4141/4169/4141
f 4126/4156/4126 4139/4524/4139 4140/4171/4140
f 4138/4158/4138 4137/4166/4137 4150/4172/4150
f 4136/4160/4136 4135/4159/4135 4148/4174/4148
f 4133/4167/4133 4146/4179/4146 4147/4176/4147
f 4131/4162/4131 4144/4189/4144 4145/4177/4145
f 4130/4164/4130 4129/4155/4129 4142/4170/4142
f 4127/4157/4127 4140/4171/4140 4141/4169/4141
f 4137/4166/4137 4136/4160/4136 4149/4175/4149
f 4135/4159/4135 4134/4161/4134 4147/4176/4147
f 4132/4163/4132 4145/4177/4145 4146/4179/4146
f 4131/4168/4131 4130/4164/4130 4143/4178/4143
f 4142/4170/4142 4141/4169/4141 4154/4181/4154
f 4140/4171/4140 4139/4524/4139 4152/4183/4152
f 4150/4172/4150 4163/4192/4163 4164/4185/4164
f 4149/4175/4149 4148/4174/4148 4161/4186/4161
f 4146/4179/4146 4159/4193/4159 4160/4188/4160
f 4144/4189/4144 4157/5099/4157 4158/4190/4158
f 4142/4170/4142 4155/4182/4155 4156/4191/4156
f 4140/4171/4140 4153/4184/4153 4154/4181/4154
f 4149/4175/4149 4162/4187/4162 4163/4192/4163
f 4148/4174/4148 4147/4176/4147 4160/4188/4160
f 4146/4179/4146 4145/4177/4145 4158/4190/4158
f 4144/4180/4144 4143/4178/4143 4156/4191/4156
f 4155/4182/4155 4154/4181/4154 4167/4195/4167
f 4153/4184/4153 4152/4183/4152 4165/4197/4165
f 4163/4192/4163 4176/4205/4176 4177/4199/4177
f 4161/4186/4161 4174/4206/4174 4175/4200/4175
f 4159/4193/4159 4172/4207/4172 4173/4201/4173
f 4158/4190/4158 4157/5099/4157 4170/4202/4170
f 4155/4182/4155 4168/4196/4168 4169/4204/4169
f 4153/4184/4153 4166/4198/4166 4167/4195/4167
f 4163/4192/4163 4162/4187/4162 4175/4200/4175
f 4161/4186/4161 4160/4188/4160 4173/4201/4173
f 4159/4193/4159 4158/4190/4158 4171/4203/4171
f 4156/4191/4156 4169/4204/4169 4170/4208/4170
f 4167/4195/4167 4180/4218/4180 4181/4209/4181
f 4165/4197/4165 4178/4222/4178 4179/4210/4179
f 4176/4205/4176 4189/4219/4189 4190/4211/4190
f 4175/4200/4175 4174/4206/4174 4187/4212/4187
f 4173/4201/4173 4172/4207/4172 4185/4214/4185
f 4170/4202/4170 4183/4229/4183 4184/4216/4184
f 4169/4204/4169 4168/4196/4168 4181/4209/4181
f 4167/4195/4167 4166/4198/4166 4179/4210/4179
f 4175/4200/4175 4188/4213/4188 4189/4219/4189
f 4173/4201/4173 4186/4215/4186 4187/4212/4187
f 4171/4203/4171 4184/4216/4184 4185/4214/4185
f 4170/4208/4170 4169/4204/4169 4182/4217/4182
f 4180/4218/4180 4193/4232/4193 4194/4221/4194
f 4178/4222/4178 4191/4523/4191 4192/4223/4192
f 4190/4211/4190 4189/4219/4189 4202/4224/4202
f 4187/4212/4187 4200/4233/4200 4201/4226/4201
f 4186/4215/4186 4185/4214/4185 4198/4227/4198
f 4183/4229/4183 4196/4242/4196 4197/4230/4197
f 4182/4217/4182 4181/4209/4181 4194/4221/4194
f 4180/4218/4180 4179/4210/4179 4192/4223/4192
f 4189/4219/4189 4188/4213/4188 4201/4226/4201
f 4186/4215/4186 4199/4228/4199 4200/4233/4200
f 4184/4216/4184 4197/4230/4197 4198/4227/4198
f 4183/4220/4183 4182/4217/4182 4195/4231/4195
f 4193/4232/4193 4206/4245/4206 4207/4235/4207
f 4192/4223/4192 4191/4523/4191 4204/4236/4204
f 4202/4224/4202 4215/4246/4215 4216/4238/4216
f 4200/4233/4200 4213/4247/4213 4214/4239/4214
f 4199/4228/4199 4198/4227/4198 4211/4240/4211
f 4196/4242/4196 4209/4256/4209 4210/4243/4210
f 4194/4221/4194 4207/4235/4207 4208/4244/4208
f 4193/4232/4193 4192/4223/4192 4205/4237/4205
f 4201/4226/4201 4214/4239/4214 4215/4246/4215
f 4199/4228/4199 4212/4241/4212 4213/4247/4213
f 4198/4227/4198 4197/4230/4197 4210/4243/4210
f 4196/4234/4196 4195/4231/4195 4208/4244/4208
f 4207/4235/4207 4206/4245/4206 4219/4249/4219
f 4204/4236/4204 4217/5100/4217 4218/4251/4218
f 4216/4238/4216 4215/4246/4215 4228/4252/4228
f 4213/4247/4213 4226/4259/4226 4227/4254/4227
f 4211/4240/4211 4224/4260/4224 4225/4255/4225
f 4209/4256/4209 4222/5101/4222 4223/4257/4223
f 4207/4235/4207 4220/4250/4220 4221/4258/4221
f 4205/4237/4205 4218/4251/4218 4219/4249/4219
f 4214/4239/4214 4227/4254/4227 4228/4252/4228
f 4213/4247/4213 4212/4241/4212 4225/4255/4225
f 4211/4240/4211 4210/4243/4210 4223/4257/4223
f 4209/4248/4209 4208/4244/4208 4221/4258/4221
f 4219/4249/4219 4232/4272/4232 4233/4262/4233
f 4218/4251/4218 4217/5100/4217 4230/4263/4230
f 4228/4252/4228 4241/4273/4241 4242/4265/4242
f 4226/4259/4226 4239/4274/4239 4240/4266/4240
f 4225/4255/4225 4224/4260/4224 4237/4267/4237
f 4223/4257/4223 4222/5101/4222 4235/4269/4235
f 4221/4258/4221 4220/4250/4220 4233/4262/4233
f 4218/4251/4218 4231/4264/4231 4232/4272/4232
f 4228/4252/4228 4227/4254/4227 4240/4266/4240
f 4226/4259/4226 4225/4255/4225 4238/4268/4238
f 4223/4257/4223 4236/4270/4236 4237/4267/4237
f 4221/4258/4221 4234/4271/4234 4235/4275/4235
f 4233/4262/4233 4232/4272/4232 4245/4276/4245
f 4230/4263/4230 4243/4522/4243 4244/4278/4244
f 4242/4265/4242 4241/4273/4241 4254/4279/4254
f 4240/4266/4240 4239/4274/4239 4252/4281/4252
f 4237/4267/4237 4250/4286/4250 4251/4283/4251
f 4235/4269/4235 4248/4296/4248 4249/4284/4249
f 4234/4271/4234 4233/4262/4233 4246/4277/4246
f 4231/4264/4231 4244/4278/4244 4245/4276/4245
f 4241/4273/4241 4240/4266/4240 4253/4282/4253
f 4239/4274/4239 4238/4268/4238 4251/4283/4251
f 4236/4270/4236 4249/4284/4249 4250/4286/4250
f 4235/4275/4235 4234/4271/4234 4247/4285/4247
f 4246/4277/4246 4245/4276/4245 4258/4288/4258
f 4244/4278/4244 4243/4522/4243 4256/4290/4256
f 4254/4279/4254 4267/4299/4267 4268/4292/4268
f 4253/4282/4253 4252/4281/4252 4265/4293/4265
f 4250/4286/4250 4263/4300/4263 4264/4295/4264
f 4248/4296/4248 4261/5102/4261 4262/4297/4262
f 4246/4277/4246 4259/4289/4259 4260/4298/4260
f 4244/4278/4244 4257/4291/4257 4258/4288/4258
f 4253/4282/4253 4266/4294/4266 4267/4299/4267
f 4252/4281/4252 4251/4283/4251 4264/4295/4264
f 4250/4286/4250 4249/4284/4249 4262/4297/4262
f 4248/4287/4248 4247/4285/4247 4260/4298/4260
f 4259/4289/4259 4258/4288/4258 4271/4302/4271
f 4257/4291/4257 4256/4290/4256 4269/4304/4269
f 4267/4299/4267 4280/4312/4280 4281/4306/4281
f 4265/4293/4265 4278/4313/4278 4279/4307/4279
f 4263/4300/4263 4276/4314/4276 4277/4308/4277
f 4262/4297/4262 4261/5102/4261 4274/4309/4274
f 4259/4289/4259 4272/4303/4272 4273/4311/4273
f 4257/4291/4257 4270/4305/4270 4271/4302/4271
f 4266/4294/4266 4279/4307/4279 4280/4312/4280
f 4265/4293/4265 4264/4295/4264 4277/4308/4277
f 4263/4300/4263 4262/4297/4262 4275/4310/4275
f 4260/4298/4260 4273/4311/4273 4274/4315/4274
f 4271/4302/4271 4284/4326/4284 4285/4316/4285
f 4269/4304/4269 4282/4329/4282 4283/4317/4283
f 4281/4306/4281 4280/4312/4280 4293/4318/4293
f 4279/4307/4279 4278/4313/4278 4291/4320/4291
f 4277/4308/4277 4276/4314/4276 4289/4322/4289
f 4274/4309/4274 4287/4336/4287 4288/4324/4288
f 4273/4311/4273 4272/4303/4272 4285/4316/4285
f 4271/4302/4271 4270/4305/4270 4283/4317/4283
f 4280/4312/4280 4279/4307/4279 4292/4321/4292
f 4277/4308/4277 4290/4323/4290 4291/4320/4291
f 4275/4310/4275 4288/4324/4288 4289/4322/4289
f 4274/4315/4274 4273/4311/4273 4286/4325/4286
f 4284/4326/4284 4297/4339/4297 4298/4328/4298
f 4282/4329/4282 4295/4521/4295 4296/4330/4296
f 4294/4319/4294 4293/4318/4293 4306/4331/4306
f 4291/4320/4291 4304/4340/4304 4305/4333/4305
f 4290/4323/4290 4289/4322/4289 4302/4334/4302
f 4287/4336/4287 4300/4349/4300 4301/4337/4301
f 4286/4325/4286 4285/4316/4285 4298/4328/4298
f 4284/4326/4284 4283/4317/4283 4296/4330/4296
f 4293/4318/4293 4292/4321/4292 4305/4333/4305
f 4290/4323/4290 4303/4335/4303 4304/4340/4304
f 4288/4324/4288 4301/4337/4301 4302/4334/4302
f 4287/4327/4287 4286/4325/4286 4299/4338/4299
f 4297/4339/4297 4310/4352/4310 4311/4342/4311
f 4296/4330/4296 4295/4521/4295 4308/4343/4308
f 4306/4331/4306 4319/4353/4319 4320/4345/4320
f 4304/4340/4304 4317/4354/4317 4318/4346/4318
f 4303/4335/4303 4302/4334/4302 4315/4347/4315
f 4300/4349/4300 4313/4364/4313 4314/4350/4314
f 4298/4328/4298 4311/4342/4311 4312/4351/4312
f 4297/4339/4297 4296/4330/4296 4309/4344/4309
f 4305/4333/4305 4318/4346/4318 4319/4353/4319
f 4304/4340/4304 4303/4335/4303 4316/4348/4316
f 4302/4334/4302 4301/4337/4301 4314/4350/4314
f 4300/4341/4300 4299/4338/4299 4312/4351/4312
f 4310/4352/4310 4323/4367/4323 4324/4356/4324
f 4308/4343/4308 4321/5103/4321 4322/4357/4322
f 4320/4345/4320 4319/4353/4319 4332/4358/4332
f 4318/4346/4318 4317/4354/4317 4330/4360/4330
f 4316/4348/4316 4315/4347/4315 4328/4362/4328
f 4313/4364/4313 4326/5104/4326 4327/4365/4327
f 4311/4342/4311 4324/4356/4324 4325/4366/4325
f 4310/4352/4310 4309/4344/4309 4322/4357/4322
f 4318/4346/4318 4331/4361/4331 4332/4358/4332
f 4316/4348/4316 4329/4363/4329 4330/4360/4330
f 4315/4347/4315 4314/4350/4314 4327/4365/4327
f 4312/4351/4312 4325/4366/4325 4326/4368/4326
f 4323/4367/4323 4336/4379/4336 4337/4369/4337
f 4322/4357/4322 4321/5103/4321 4334/4370/4334
f 4332/4358/4332 4345/4380/4345 4346/4372/4346
f 4330/4360/4330 4343/4381/4343 4344/4373/4344
f 4329/4363/4329 4328/4362/4328 4341/4374/4341
f 4327/4365/4327 4326/5104/4326 4339/4376/4339
f 4325/4366/4325 4324/4356/4324 4337/4369/4337
f 4322/4357/4322 4335/4371/4335 4336/4379/4336
f 4332/4358/4332 4331/4361/4331 4344/4373/4344
f 4330/4360/4330 4329/4363/4329 4342/4375/4342
f 4327/4365/4327 4340/4377/4340 4341/4374/4341
f 4325/4366/4325 4338/4378/4338 4339/4382/4339
f 4337/4369/4337 4336/4379/4336 4350/4383/4350
f 4334/4370/4334 4348/4520/4348 4349/4385/4349
f 4346/4372/4346 4345/4380/4345 4359/4386/4359
f 4344/4373/4344 4343/4381/4343 4357/4388/4357
f 4341/4374/4341 4355/4394/4355 4356/4390/4356
f 4340/4377/4340 4339/4376/4339 4353/4391/4353
f 4338/4378/4338 4337/4369/4337 4351/4384/4351
f 4335/4371/4335 4349/4385/4349 4350/4383/4350
f 4345/4380/4345 4344/4373/4344 4358/4389/4358
f 4343/4381/4343 4342/4375/4342 4356/4390/4356
f 4340/4377/4340 4354/4392/4354 4355/4394/4355
f 4338/4378/4338 4352/4393/4352 4353/4395/4353
f 4351/4384/4351 4350/4383/4350 4363/4396/4363
f 4349/4385/4349 4348/4520/4348 4361/4398/4361
f 4359/4386/4359 4372/4407/4372 4373/4400/4373
f 4358/4389/4358 4357/4388/4357 4370/4401/4370
f 4355/4394/4355 4368/4408/4368 4369/4403/4369
f 4354/4392/4354 4353/4391/4353 4366/4404/4366
f 4351/4384/4351 4364/4397/4364 4365/4406/4365
f 4349/4385/4349 4362/4399/4362 4363/4396/4363
f 4358/4389/4358 4371/4402/4371 4372/4407/4372
f 4357/4388/4357 4356/4390/4356 4369/4403/4369
f 4355/4394/4355 4354/4392/4354 4367/4405/4367
f 4352/4393/4352 4365/4406/4365 4366/4409/4366
f 4364/4397/4364 4363/4396/4363 4376/4410/4376
f 4362/4399/4362 4361/4398/4361 4374/4412/4374
f 4373/4400/4373 4372/4407/4372 4385/4414/4385
f 4370/4401/4370 4383/4421/4383 4384/4416/4384
f 4368/4408/4368 4381/4422/4381 4382/4417/4382
f 4367/4405/4367 4366/4404/4366 4379/4418/4379
f 4364/4397/4364 4377/4411/4377 4378/4420/4378
f 4362/4399/4362 4375/4413/4375 4376/4410/4376
f 4372/4407/4372 4371/4402/4371 4384/4416/4384
f 4370/4401/4370 4369/4403/4369 4382/4417/4382
f 4368/4408/4368 4367/4405/4367 4380/4419/4380
f 4365/4406/4365 4378/4420/4378 4379/4423/4379
f 4376/4410/4376 4389/4433/4389 4390/4424/4390
f 4374/4412/4374 4387/4437/4387 4388/4425/4388
f 4385/4414/4385 4398/4434/4398 4399/4426/4399
f 4384/4416/4384 4383/4421/4383 4396/4427/4396
f 4382/4417/4382 4381/4422/4381 4394/4429/4394
f 4379/4418/4379 4392/5105/4392 4393/4431/4393
f 4378/4420/4378 4377/4411/4377 4390/4424/4390
f 4376/4410/4376 4375/4413/4375 4388/4425/4388
f 4384/4416/4384 4397/4428/4397 4398/4434/4398
f 4382/4417/4382 4395/4430/4395 4396/4427/4396
f 4380/4419/4380 4393/4431/4393 4394/4429/4394
f 4379/4423/4379 4378/4420/4378 4391/4432/4391
f 4389/4433/4389 4402/4447/4402 4403/4436/4403
f 4387/4437/4387 4400/4519/4400 4401/4438/4401
f 4399/4426/4399 4398/4434/4398 4411/4439/4411
f 4396/4427/4396 4409/4448/4409 4410/4441/4410
f 4395/4430/4395 4394/4429/4394 4407/4442/4407
f 4393/4431/4393 4392/5105/4392 4405/4444/4405
f 4391/4432/4391 4390/4424/4390 4403/4436/4403
f 4389/4433/4389 4388/4425/4388 4401/4438/4401
f 4398/4434/4398 4397/4428/4397 4410/4441/4410
f 4395/4430/4395 4408/4443/4408 4409/4448/4409
f 4393/4431/4393 4406/4445/4406 4407/4442/4407
f 4391/4432/4391 4404/4446/4404 4405/4449/4405
f 4402/4447/4402 4415/4460/4415 4416/4450/4416
f 4401/4438/4401 4400/4519/4400 4413/4451/4413
f 4411/4439/4411 4424/4461/4424 4425/4453/4425
f 4409/4448/4409 4422/4462/4422 4423/4454/4423
f 4408/4443/4408 4407/4442/4407 4420/4455/4420
f 4406/4445/4406 4405/4444/4405 4418/4457/4418
f 4403/4436/4403 4416/4450/4416 4417/4459/4417
f 4402/4447/4402 4401/4438/4401 4414/4452/4414
f 4410/4441/4410 4423/4454/4423 4424/4461/4424
f 4408/4443/4408 4421/4456/4421 4422/4462/4422
f 4407/4442/4407 4406/4445/4406 4419/4458/4419
f 4404/4446/4404 4417/4459/4417 4418/4463/4418
f 4416/4450/4416 4415/4460/4415 4428/4464/4428
f 4413/4451/4413 4426/4477/4426 4427/4466/4427
f 4425/4453/4425 4424/4461/4424 4437/4467/4437
f 4423/4454/4423 4422/4462/4422 4435/4469/4435
f 4421/4456/4421 4420/4455/4420 4433/4471/4433
f 4418/4457/4418 4431/5106/4431 4432/4473/4432
f 4416/4450/4416 4429/4465/4429 4430/4474/4430
f 4415/4460/4415 4414/4452/4414 4427/4466/4427
f 4423/4454/4423 4436/4470/4436 4437/4467/4437
f 4421/4456/4421 4434/4472/4434 4435/4469/4435
f 4420/4455/4420 4419/4458/4419 4432/4473/4432
f 4418/4463/4418 4417/4459/4417 4430/4474/4430
f 4428/4464/4428 4441/4486/4441 4442/4476/4442
f 4426/4477/4426 4439/4492/4439 4440/4478/4440
f 4437/4467/4437 4450/4487/4450 4451/4479/4451
f 4435/4469/4435 4448/4488/4448 4449/4480/4449
f 4434/4472/4434 4433/4471/4433 4446/4481/4446
f 4432/4473/4432 4431/5106/4431 4444/4483/4444
f 4430/4474/4430 4429/4465/4429 4442/4476/4442
f 4427/4466/4427 4440/4478/4440 4441/4486/4441
f 4437/4467/4437 4436/4470/4436 4449/4480/4449
f 4435/4469/4435 4434/4472/4434 4447/4482/4447
f 4432/4473/4432 4445/4484/4445 4446/4481/4446
f 4430/4474/4430 4443/4485/4443 4444/4489/4444
f 4442/4476/4442 4441/4486/4441 4454/4490/4454
f 4439/4492/4439 4452/4518/4452 4453/4493/4453
f 4451/4479/4451 4450/4487/4450 4463/4494/4463
f 4449/4480/4449 4448/4488/4448 4461/4496/4461
f 4446/4481/4446 4459/4501/4459 4460/4498/4460
f 4444/4483/4444 4457/4511/4457 4458/4499/4458
f 4443/4485/4443 4442/4476/4442 4455/4491/4455
f 4440/4478/4440 4453/4493/4453 4454/4490/4454
f 4450/4487/4450 4449/4480/4449 4462/4497/4462
f 4447/4482/4447 4460/4498/4460 4461/4496/4461
f 4445/4484/4445 4458/4499/4458 4459/4501/4459
f 4444/4489/4444 4443/4485/4443 4456/4500/4456
f 4455/4491/4455 4454/4490/4454 4467/4503/4467
f 4453/4493/4453 4452/4518/4452 4465/4505/4465
f 4463/4494/4463 4476/4514/4476 4477/4507/4477
f 4462/4497/4462 4461/4496/4461 4474/4508/4474
f 4459/4501/4459 4472/4515/4472 4473/4510/4473
f 4457/4511/4457 4470/5107/4470 4471/4512/4471
f 4455/4491/4455 4468/4504/4468 4469/4513/4469
f 4453/4493/4453 4466/4506/4466 4467/4503/4467
f 4462/4497/4462 4475/4509/4475 4476/4514/4476
f 4461/4496/4461 4460/4498/4460 4473/4510/4473
f 4459/4501/4459 4458/4499/4458 4471/4512/4471
f 4457/4502/4457 4456/4500/4456 4469/4513/4469
f 4468/4504/4468 4467/4503/4467 4063/4097/4063
f 4466/4506/4466 4465/4505/4465 4061/4109/4061
f 4477/4507/4477 4476/4514/4476 4072/4102/4072
f 4474/4508/4474 4070/4104/4070 4071/4100/4071
f 4472/4515/4472 4068/4105/4068 4069/4088/4069
f 4471/4512/4471 4470/5107/4470 4066/4091/4066
f 4468/4504/4468 4064/4108/4064 4065/4094/4065
f 4466/4506/4466 4062/4110/4062 4063/4097/4063
f 4476/4514/4476 4475/4509/4475 4071/4100/4071
f 4474/4508/4474 4473/4510/4473 4069/4088/4069
f 4472/4515/4472 4471/4512/4471 4067/4093/4067
f 4469/4513/4469 4065/4094/4065 4066/4106/4066
f 3935/3963/3935 4061/4109/4061 4465/4505/4465
f 4465/4505/4465 4452/4518/4452 4056/4067/4056
f 4452/4518/4452 4439/4492/4439 4051/4062/4051
f 4439/4492/4439 4426/4477/4426 4047/4060/4047
f 4047/4060/4047 4426/4477/4426 4413/4451/4413
f 4043/4055/4043 4413/4451/4413 4400/4519/4400
f 4039/4052/4039 4400/4519/4400 4387/4437/4387
f 4387/4437/4387 4374/4412/4374 4031/4046/4031
f 4031/4046/4031 4374/4412/4374 4361/4398/4361
f 4361/4398/4361 4348/4520/4348 4023/4039/4023
f 4348/4520/4348 4334/4370/4334 4019/4034/4019
f 4334/4370/4334 4321/5103/4321 4015/4032/4015
f 4015/4032/4015 4321/5103/4321 4308/4343/4308
f 4011/4027/4011 4308/4343/4308 4295/4521/4295
f 4007/4024/4007 4295/4521/4295 4282/4329/4282
f 4282/4329/4282 4269/4304/4269 3999/4018/3999
f 3999/4018/3999 4269/4304/4269 4256/4290/4256
f 4256/4290/4256 4243/4522/4243 3991/4011/3991
f 4243/4522/4243 4230/4263/4230 3987/4006/3987
f 4230/4263/4230 4217/5100/4217 3983/4004/3983
f 3983/4004/3983 4217/5100/4217 4204/4236/4204
f 3979/3999/3979 4204/4236/4204 4191/4523/4191
f 3975/3996/3975 4191/4523/4191 4178/4222/4178
f 4178/4222/4178 4165/4197/4165 3967/3989/3967
f 3967/3989/3967 4165/4197/4165 4152/4183/4152
f 4152/4183/4152 4139/4524/4139 3959/3982/3959
f 4139/4524/4139 4126/4156/4126 3955/3977/3955
f 4126/4156/4126 4113/5097/4113 3951/3975/3951
f 3951/3975/3951 4113/5097/4113 4100/4129/4100
f 3947/3970/3947 4100/4129/4100 4087/4525/4087
f 3943/3966/3943 4087/4525/4087 4074/4115/4074
f 4074/4115/4074 4061/4109/4061 3935/3963/3935
f 4480/4526/4480 4479/4531/4479 4483/4527/4483
f 4480/4526/4480 4484/4528/4484 4485/4529/4485
f 4479/4531/4479 4478/4640/4478 4482/4532/4482
f 4484/4528/4484 4488/4535/4488 4489/4533/4489
f 4482/4532/4482 4486/4642/4486 4487/4534/4487
f 4483/4527/4483 4487/4534/4487 4488/4535/4488
f 4488/4535/4488 4492/4539/4492 4493/4536/4493
f 4487/4534/4487 4486/4642/4486 4490/4537/4490
f 4488/4535/4488 4487/4534/4487 4491/4538/4491
f 4493/4536/4493 4492/4539/4492 4496/4540/4496
f 4490/4537/4490 4494/4643/4494 4495/4542/4495
f 4491/4538/4491 4495/4542/4495 4496/4540/4496
f 4496/4540/4496 4500/4546/4500 4501/4543/4501
f 4495/4542/4495 4494/4643/4494 4498/4544/4498
f 4496/4540/4496 4495/4542/4495 4499/4545/4499
f 4501/4543/4501 4500/4546/4500 4504/4547/4504
f 4498/4544/4498 4502/4644/4502 4503/4549/4503
f 4499/4545/4499 4503/4549/4503 4504/4547/4504
f 4505/4548/4505 4504/4547/4504 4508/4550/4508
f 4503/4549/4503 4502/4644/4502 4506/4552/4506
f 4504/4547/4504 4503/4549/4503 4507/4553/4507
f 4509/4551/4509 4508/4550/4508 4512/4554/4512
f 4506/4552/4506 4510/4645/4510 4511/4556/4511
f 4507/4553/4507 4511/4556/4511 4512/4554/4512
f 4513/4555/4513 4512/4554/4512 4516/4557/4516
f 4511/4556/4511 4510/4645/4510 4514/4559/4514
f 4512/4554/4512 4511/4556/4511 4515/4560/4515
f 4516/4557/4516 4520/4563/4520 4521/4561/4521
f 4514/4559/4514 4518/4565/4518 4519/4562/4519
f 4515/4560/4515 4519/4562/4519 4520/4563/4520
f 4520/4563/4520 4524/4567/4524 4525/4564/4525
f 4518/4565/4518 4522/4570/4522 4523/4566/4523
f 4520/4563/4520 4519/4562/4519 4523/4566/4523
f 4525/4564/4525 4524/4567/4524 4528/4568/4528
f 4522/4570/4522 4526/4646/4526 4527/4571/4527
f 4523/4566/4523 4527/4571/4527 4528/4568/4528
f 4528/4568/4528 4532/4575/4532 4533/4572/4533
f 4527/4571/4527 4526/4646/4526 4530/4573/4530
f 4528/4568/4528 4527/4571/4527 4531/4574/4531
f 4533/4572/4533 4532/4575/4532 4536/4576/4536
f 4530/4573/4530 4534/4581/4534 4535/4578/4535
f 4531/4574/4531 4535/4578/4535 4536/4576/4536
f 4537/4577/4537 4536/4576/4536 4540/4579/4540
f 4534/4581/4534 4538/4647/4538 4539/4582/4539
f 4536/4576/4536 4535/4578/4535 4539/4582/4539
f 4541/4580/4541 4540/4579/4540 4544/4583/4544
f 4539/4582/4539 4538/4647/4538 4542/4585/4542
f 4539/4582/4539 4543/4586/4543 4544/4583/4544
f 4544/4583/4544 4548/4589/4548 4549/4587/4549
f 4542/4585/4542 4546/4648/4546 4547/4588/4547
f 4544/4583/4544 4543/4586/4543 4547/4588/4547
f 4548/4589/4548 4552/4593/4552 4553/4590/4553
f 4547/4588/4547 4546/4648/4546 4550/4591/4550
f 4547/4588/4547 4551/4592/4551 4552/4593/4552
f 4552/4593/4552 4556/4597/4556 4557/4594/4557
f 4551/4592/4551 4550/4591/4550 4554/4595/4554
f 4552/4593/4552 4551/4592/4551 4555/4596/4555
f 4557/4594/4557 4556/4597/4556 4560/4598/4560
f 4554/4595/4554 4558/4649/4558 4559/4600/4559
f 4555/4596/4555 4559/4600/4559 4560/4598/4560
f 4560/4598/4560 4564/4604/4564 4565/4601/4565
f 4559/4600/4559 4558/4649/4558 4562/4602/4562
f 4560/4598/4560 4559/4600/4559 4563/4603/4563
f 4565/4601/4565 4564/4604/4564 4568/4605/4568
f 4562/4602/4562 4566/4650/4566 4567/4607/4567
f 4563/4603/4563 4567/4607/4567 4568/4605/4568
f 4569/4606/4569 4568/4605/4568 4572/4608/4572
f 4567/4607/4567 4566/4650/4566 4570/4610/4570
f 4568/4605/4568 4567/4607/4567 4571/4611/4571
f 4572/4608/4572 4576/4614/4576 4577/4612/4577
f 4570/4610/4570 4574/4651/4574 4575/4613/4575
f 4571/4611/4571 4575/4613/4575 4576/4614/4576
f 4576/4614/4576 4580/4618/4580 4581/4615/4581
f 4575/4613/4575 4574/4651/4574 4578/4616/4578
f 4576/4614/4576 4575/4613/4575 4579/4617/4579
f 4580/4618/4580 4584/4621/4584 4585/4619/4585
f 4578/4616/4578 4582/4652/4582 4583/4620/4583
f 4579/4617/4579 4583/4620/4583 4584/4621/4584
f 4584/4621/4584 4588/4625/4588 4589/4622/4589
f 4583/4620/4583 4582/4652/4582 4586/4623/4586
f 4584/4621/4584 4583/4620/4583 4587/4624/4587
f 4589/4622/4589 4588/4625/4588 4592/4626/4592
f 4586/4623/4586 4590/4653/4590 4591/4628/4591
f 4587/4624/4587 4591/4628/4591 4592/4626/4592
f 4592/4626/4592 4596/4632/4596 4597/4629/4597
f 4591/4628/4591 4590/4653/4590 4594/4630/4594
f 4592/4626/4592 4591/4628/4591 4595/4631/4595
f 4597/4629/4597 4596/4632/4596 4601/4633/4601
f 4594/4630/4594 4599/4654/4599 4600/4635/4600
f 4595/4631/4595 4600/4635/4600 4601/4633/4601
f 4602/4634/4602 4601/4633/4601 4605/4636/4605
f 4600/4635/4600 4599/4654/4599 4603/4638/4603
f 4601/4633/4601 4600/4635/4600 4604/4639/4604
f 4606/4637/4606 4605/4636/4605 4480/4526/4480
f 4603/4638/4603 4478/4640/4478 4479/4531/4479
f 4604/4639/4604 4479/4531/4479 4480/4526/4480
f 4615/4655/4615 4614/4672/4614 4627/4656/4627
f 4612/4658/4612 4625/5108/4625 4626/4659/4626
f 4611/4661/4611 4610/4675/4610 4623/4662/4623
f 4609/4664/4609 4608/4677/4608 4621/4665/4621
f 4618/4667/4618 4617/4680/4617 4630/4668/4630
f 4615/4655/4615 4628/4657/4628 4629/4670/4629
f 4613/4660/4613 4626/4659/4626 4627/4656/4627
f 4612/4673/4612 4611/4661/4611 4624/4663/4624
f 4609/4664/4609 4622/4666/4622 4623/4662/4623
f 4607/4676/4607 4620/4682/4620 4621/4665/4621
f 4619/4678/4619 4618/4667/4618 4631/4669/4631
f 4617/4680/4617 4616/4671/4616 4629/4670/4629
f 4622/4666/4622 4635/4692/4635 4636/4681/4636
f 4620/4682/4620 4633/5092/4633 4634/4683/4634
f 4632/4679/4632 4631/4669/4631 4644/4684/4644
f 4629/4670/4629 4642/4693/4642 4643/4686/4643
f 4628/4657/4628 4627/4656/4627 4640/4687/4640
f 4626/4659/4626 4625/5108/4625 4638/4689/4638
f 4624/4663/4624 4623/4662/4623 4636/4681/4636
f 4622/4666/4622 4621/4665/4621 4634/4683/4634
f 4631/4669/4631 4630/4668/4630 4643/4686/4643
f 4628/4657/4628 4641/4688/4641 4642/4693/4642
f 4626/4659/4626 4639/4690/4639 4640/4687/4640
f 4624/4663/4624 4637/4691/4637 4638/4694/4638
f 4635/4692/4635 4648/4705/4648 4649/4695/4649
f 4634/4683/4634 4633/5092/4633 4646/4696/4646
f 4644/4684/4644 4657/4706/4657 4658/4698/4658
f 4642/4693/4642 4655/4707/4655 4656/4699/4656
f 4641/4688/4641 4640/4687/4640 4653/4700/4653
f 4639/4690/4639 4638/4689/4638 4651/4702/4651
f 4636/4681/4636 4649/4695/4649 4650/4704/4650
f 4635/4692/4635 4634/4683/4634 4647/4697/4647
f 4643/4686/4643 4656/4699/4656 4657/4706/4657
f 4642/4693/4642 4641/4688/4641 4654/4701/4654
f 4640/4687/4640 4639/4690/4639 4652/4703/4652
f 4637/4691/4637 4650/4704/4650 4651/4708/4651
f 4648/4705/4648 4661/4718/4661 4662/4709/4662
f 4646/4696/4646 4659/5109/4659 4660/4710/4660
f 4658/4698/4658 4657/4706/4657 4670/4711/4670
f 4656/4699/4656 4655/4707/4655 4668/4713/4668
f 4653/4700/4653 4666/4719/4666 4667/4715/4667
f 4651/4702/4651 4664/5110/4664 4665/4716/4665
f 4649/4695/4649 4662/4709/4662 4663/4717/4663
f 4648/4705/4648 4647/4697/4647 4660/4710/4660
f 4656/4699/4656 4669/4714/4669 4670/4711/4670
f 4654/4701/4654 4667/4715/4667 4668/4713/4668
f 4653/4700/4653 4652/4703/4652 4665/4716/4665
f 4651/4708/4651 4650/4704/4650 4663/4717/4663
f 4661/4718/4661 4674/4731/4674 4675/4721/4675
f 4660/4710/4660 4659/5109/4659 4672/4722/4672
f 4670/4711/4670 4683/4732/4683 4684/4724/4684
f 4668/4713/4668 4681/4733/4681 4682/4725/4682
f 4667/4715/4667 4666/4719/4666 4679/4726/4679
f 4665/4716/4665 4664/5110/4664 4677/4728/4677
f 4663/4717/4663 4662/4709/4662 4675/4721/4675
f 4661/4718/4661 4660/4710/4660 4673/4723/4673
f 4670/4711/4670 4669/4714/4669 4682/4725/4682
f 4667/4715/4667 4680/4727/4680 4681/4733/4681
f 4665/4716/4665 4678/4729/4678 4679/4726/4679
f 4663/4717/4663 4676/4730/4676 4677/4734/4677
f 4675/4721/4675 4674/4731/4674 4687/4735/4687
f 4672/4722/4672 4685/5091/4685 4686/4737/4686
f 4684/4724/4684 4683/4732/4683 4696/4738/4696
f 4682/4725/4682 4681/4733/4681 4694/4740/4694
f 4679/4726/4679 4692/4746/4692 4693/4742/4693
f 4678/4729/4678 4677/4728/4677 4690/4743/4690
f 4676/4730/4676 4675/4721/4675 4688/4736/4688
f 4673/4723/4673 4686/4737/4686 4687/4735/4687
f 4683/4732/4683 4682/4725/4682 4695/4741/4695
f 4681/4733/4681 4680/4727/4680 4693/4742/4693
f 4678/4729/4678 4691/4744/4691 4692/4746/4692
f 4676/4730/4676 4689/4745/4689 4690/4747/4690
f 4688/4736/4688 4687/4735/4687 4700/4748/4700
f 4686/4737/4686 4685/5091/4685 4698/4750/4698
f 4696/4738/4696 4709/4759/4709 4710/4752/4710
f 4695/4741/4695 4694/4740/4694 4707/4753/4707
f 4692/4746/4692 4705/4760/4705 4706/4755/4706
f 4691/4744/4691 4690/4743/4690 4703/4756/4703
f 4688/4736/4688 4701/4749/4701 4702/4758/4702
f 4686/4737/4686 4699/4751/4699 4700/4748/4700
f 4695/4741/4695 4708/4754/4708 4709/4759/4709
f 4694/4740/4694 4693/4742/4693 4706/4755/4706
f 4692/4746/4692 4691/4744/4691 4704/4757/4704
f 4689/4745/4689 4702/4758/4702 4703/4761/4703
f 4701/4749/4701 4700/4748/4700 4713/4762/4713
f 4699/4751/4699 4698/4750/4698 4711/4764/4711
f 4710/4752/4710 4709/4759/4709 4722/4766/4722
f 4707/4753/4707 4720/4773/4720 4721/4768/4721
f 4705/4760/4705 4718/4774/4718 4719/4769/4719
f 4704/4757/4704 4703/4756/4703 4716/4770/4716
f 4701/4749/4701 4714/4763/4714 4715/4772/4715
f 4699/4751/4699 4712/4765/4712 4713/4762/4713
f 4709/4759/4709 4708/4754/4708 4721/4768/4721
f 4707/4753/4707 4706/4755/4706 4719/4769/4719
f 4705/4760/4705 4704/4757/4704 4717/4771/4717
f 4702/4758/4702 4715/4772/4715 4716/4775/4716
f 4713/4762/4713 4726/4786/4726 4727/4776/4727
f 4711/4764/4711 4724/4789/4724 4725/4777/4725
f 4723/4767/4723 4722/4766/4722 4735/4778/4735
f 4721/4768/4721 4720/4773/4720 4733/4780/4733
f 4719/4769/4719 4718/4774/4718 4731/4782/4731
f 4716/4770/4716 4729/5111/4729 4730/4784/4730
f 4715/4772/4715 4714/4763/4714 4727/4776/4727
f 4713/4762/4713 4712/4765/4712 4725/4777/4725
f 4721/4768/4721 4734/4781/4734 4735/4778/4735
f 4719/4769/4719 4732/4783/4732 4733/4780/4733
f 4717/4771/4717 4730/4784/4730 4731/4782/4731
f 4716/4775/4716 4715/4772/4715 4728/4785/4728
f 4726/4786/4726 4739/4799/4739 4740/4788/4740
f 4724/4789/4724 4737/5090/4737 4738/4790/4738
f 4736/4779/4736 4735/4778/4735 4748/4791/4748
f 4733/4780/4733 4746/4800/4746 4747/4793/4747
f 4732/4783/4732 4731/4782/4731 4744/4794/4744
f 4730/4784/4730 4729/5111/4729 4742/4796/4742
f 4728/4785/4728 4727/4776/4727 4740/4788/4740
f 4726/4786/4726 4725/4777/4725 4738/4790/4738
f 4735/4778/4735 4734/4781/4734 4747/4793/4747
f 4732/4783/4732 4745/4795/4745 4746/4800/4746
f 4730/4784/4730 4743/4797/4743 4744/4794/4744
f 4728/4785/4728 4741/4798/4741 4742/4801/4742
f 4739/4799/4739 4752/4812/4752 4753/4802/4753
f 4738/4790/4738 4737/5090/4737 4750/4803/4750
f 4748/4791/4748 4761/4813/4761 4762/4805/4762
f 4746/4800/4746 4759/4814/4759 4760/4806/4760
f 4745/4795/4745 4744/4794/4744 4757/4807/4757
f 4743/4797/4743 4742/4796/4742 4755/4809/4755
f 4740/4788/4740 4753/4802/4753 4754/4811/4754
f 4739/4799/4739 4738/4790/4738 4751/4804/4751
f 4747/4793/4747 4760/4806/4760 4761/4813/4761
f 4745/4795/4745 4758/4808/4758 4759/4814/4759
f 4744/4794/4744 4743/4797/4743 4756/4810/4756
f 4741/4798/4741 4754/4811/4754 4755/4815/4755
f 4753/4802/4753 4752/4812/4752 4765/4816/4765
f 4750/4803/4750 4763/5112/4763 4764/4818/4764
f 4762/4805/4762 4761/4813/4761 4774/4819/4774
f 4759/4814/4759 4772/4826/4772 4773/4821/4773
f 4758/4808/4758 4757/4807/4757 4770/4822/4770
f 4755/4809/4755 4768/5113/4768 4769/4824/4769
f 4753/4802/4753 4766/4817/4766 4767/4825/4767
f 4752/4812/4752 4751/4804/4751 4764/4818/4764
f 4760/4806/4760 4773/4821/4773 4774/4819/4774
f 4758/4808/4758 4771/4823/4771 4772/4826/4772
f 4757/4807/4757 4756/4810/4756 4769/4824/4769
f 4755/4815/4755 4754/4811/4754 4767/4825/4767
f 4765/4816/4765 4778/4838/4778 4779/4828/4779
f 4764/4818/4764 4763/5112/4763 4776/4829/4776
f 4774/4819/4774 4787/4839/4787 4788/4831/4788
f 4772/4826/4772 4785/4840/4785 4786/4832/4786
f 4771/4823/4771 4770/4822/4770 4783/4833/4783
f 4769/4824/4769 4768/5113/4768 4781/4835/4781
f 4767/4825/4767 4766/4817/4766 4779/4828/4779
f 4765/4816/4765 4764/4818/4764 4777/4830/4777
f 4774/4819/4774 4773/4821/4773 4786/4832/4786
f 4771/4823/4771 4784/4834/4784 4785/4840/4785
f 4769/4824/4769 4782/4836/4782 4783/4833/4783
f 4767/4825/4767 4780/4837/4780 4781/4841/4781
f 4779/4828/4779 4778/4838/4778 4791/4842/4791
f 4776/4829/4776 4789/5089/4789 4790/4844/4790
f 4788/4831/4788 4787/4839/4787 4800/4845/4800
f 4786/4832/4786 4785/4840/4785 4798/4847/4798
f 4783/4833/4783 4796/4853/4796 4797/4849/4797
f 4782/4836/4782 4781/4835/4781 4794/4850/4794
f 4780/4837/4780 4779/4828/4779 4792/4843/4792
f 4777/4830/4777 4790/4844/4790 4791/4842/4791
f 4787/4839/4787 4786/4832/4786 4799/4848/4799
f 4785/4840/4785 4784/4834/4784 4797/4849/4797
f 4782/4836/4782 4795/4851/4795 4796/4853/4796
f 4780/4837/4780 4793/4852/4793 4794/4854/4794
f 4792/4843/4792 4791/4842/4791 4804/4855/4804
f 4790/4844/4790 4789/5089/4789 4802/4857/4802
f 4800/4845/4800 4813/4866/4813 4814/4859/4814
f 4799/4848/4799 4798/4847/4798 4811/4860/4811
f 4796/4853/4796 4809/4867/4809 4810/4862/4810
f 4795/4851/4795 4794/4850/4794 4807/4863/4807
f 4792/4843/4792 4805/4856/4805 4806/4865/4806
f 4790/4844/4790 4803/4858/4803 4804/4855/4804
f 4799/4848/4799 4812/4861/4812 4813/4866/4813
f 4798/4847/4798 4797/4849/4797 4810/4862/4810
f 4796/4853/4796 4795/4851/4795 4808/4864/4808
f 4793/4852/4793 4806/4865/4806 4807/4868/4807
f 4805/4856/4805 4804/4855/4804 4817/4869/4817
f 4803/4858/4803 4802/4857/4802 4815/4871/4815
f 4814/4859/4814 4813/4866/4813 4826/4873/4826
f 4811/4860/4811 4824/4880/4824 4825/4875/4825
f 4809/4867/4809 4822/4881/4822 4823/4876/4823
f 4808/4864/4808 4807/4863/4807 4820/4877/4820
f 4805/4856/4805 4818/4870/4818 4819/4879/4819
f 4803/4858/4803 4816/4872/4816 4817/4869/4817
f 4813/4866/4813 4812/4861/4812 4825/4875/4825
f 4811/4860/4811 4810/4862/4810 4823/4876/4823
f 4809/4867/4809 4808/4864/4808 4821/4878/4821
f 4806/4865/4806 4819/4879/4819 4820/4882/4820
f 4817/4869/4817 4830/4892/4830 4831/4883/4831
f 4815/4871/4815 4828/4896/4828 4829/4884/4829
f 4826/4873/4826 4839/4893/4839 4840/4885/4840
f 4825/4875/4825 4824/4880/4824 4837/4886/4837
f 4823/4876/4823 4822/4881/4822 4835/4888/4835
f 4820/4877/4820 4833/5114/4833 4834/4890/4834
f 4819/4879/4819 4818/4870/4818 4831/4883/4831
f 4817/4869/4817 4816/4872/4816 4829/4884/4829
f 4825/4875/4825 4838/4887/4838 4839/4893/4839
f 4823/4876/4823 4836/4889/4836 4837/4886/4837
f 4821/4878/4821 4834/4890/4834 4835/4888/4835
f 4820/4882/4820 4819/4879/4819 4832/4891/4832
f 4830/4892/4830 4843/4906/4843 4844/4895/4844
f 4828/4896/4828 4841/5088/4841 4842/4897/4842
f 4840/4885/4840 4839/4893/4839 4852/4898/4852
f 4837/4886/4837 4850/4907/4850 4851/4900/4851
f 4836/4889/4836 4835/4888/4835 4848/4901/4848
f 4834/4890/4834 4833/5114/4833 4846/4903/4846
f 4832/4891/4832 4831/4883/4831 4844/4895/4844
f 4830/4892/4830 4829/4884/4829 4842/4897/4842
f 4839/4893/4839 4838/4887/4838 4851/4900/4851
f 4836/4889/4836 4849/4902/4849 4850/4907/4850
f 4834/4890/4834 4847/4904/4847 4848/4901/4848
f 4832/4891/4832 4845/4905/4845 4846/4908/4846
f 4843/4906/4843 4856/4919/4856 4857/4909/4857
f 4842/4897/4842 4841/5088/4841 4854/4910/4854
f 4852/4898/4852 4865/4920/4865 4866/4912/4866
f 4850/4907/4850 4863/4921/4863 4864/4913/4864
f 4849/4902/4849 4848/4901/4848 4861/4914/4861
f 4847/4904/4847 4846/4903/4846 4859/4916/4859
f 4844/4895/4844 4857/4909/4857 4858/4918/4858
f 4843/4906/4843 4842/4897/4842 4855/4911/4855
f 4851/4900/4851 4864/4913/4864 4865/4920/4865
f 4849/4902/4849 4862/4915/4862 4863/4921/4863
f 4848/4901/4848 4847/4904/4847 4860/4917/4860
f 4845/4905/4845 4858/4918/4858 4859/4922/4859
f 4857/4909/4857 4856/4919/4856 4869/4923/4869
f 4855/4911/4855 4854/4910/4854 4867/4925/4867
f 4866/4912/4866 4865/4920/4865 4878/4927/4878
f 4864/4913/4864 4863/4921/4863 4876/4929/4876
f 4862/4915/4862 4861/4914/4861 4874/4931/4874
f 4859/4916/4859 4872/5115/4872 4873/4933/4873
f 4857/4909/4857 4870/4924/4870 4871/4934/4871
f 4856/4919/4856 4855/4911/4855 4868/4926/4868
f 4864/4913/4864 4877/4930/4877 4878/4927/4878
f 4862/4915/4862 4875/4932/4875 4876/4929/4876
f 4861/4914/4861 4860/4917/4860 4873/4933/4873
f 4859/4922/4859 4858/4918/4858 4871/4934/4871
f 4869/4923/4869 4882/4946/4882 4883/4936/4883
f 4868/4926/4868 4867/4925/4867 4880/4937/4880
f 4878/4927/4878 4891/4947/4891 4892/4939/4892
f 4877/4930/4877 4876/4929/4876 4889/4940/4889
f 4874/4931/4874 4887/4948/4887 4888/4942/4888
f 4873/4933/4873 4872/5115/4872 4885/4943/4885
f 4871/4934/4871 4870/4924/4870 4883/4936/4883
f 4868/4926/4868 4881/4938/4881 4882/4946/4882
f 4878/4927/4878 4877/4930/4877 4890/4941/4890
f 4876/4929/4876 4875/4932/4875 4888/4942/4888
f 4873/4933/4873 4886/4944/4886 4887/4948/4887
f 4871/4934/4871 4884/4945/4884 4885/4949/4885
f 4883/4936/4883 4882/4946/4882 4896/4950/4896
f 4880/4937/4880 4894/5087/4894 4895/4952/4895
f 4892/4939/4892 4891/4947/4891 4905/4953/4905
f 4890/4941/4890 4889/4940/4889 4903/4955/4903
f 4887/4948/4887 4901/4960/4901 4902/4957/4902
f 4885/4943/4885 4899/4970/4899 4900/4958/4900
f 4884/4945/4884 4883/4936/4883 4897/4951/4897
f 4881/4938/4881 4895/4952/4895 4896/4950/4896
f 4891/4947/4891 4890/4941/4890 4904/4956/4904
f 4889/4940/4889 4888/4942/4888 4902/4957/4902
f 4886/4944/4886 4900/4958/4900 4901/4960/4901
f 4885/4949/4885 4884/4945/4884 4898/4959/4898
f 4897/4951/4897 4896/4950/4896 4909/4962/4909
f 4895/4952/4895 4894/5087/4894 4907/4964/4907
f 4905/4953/4905 4918/4973/4918 4919/4966/4919
f 4904/4956/4904 4903/4955/4903 4916/4967/4916
f 4901/4960/4901 4914/4974/4914 4915/4969/4915
f 4899/4970/4899 4912/5116/4912 4913/4971/4913
f 4897/4951/4897 4910/4963/4910 4911/4972/4911
f 4895/4952/4895 4908/4965/4908 4909/4962/4909
f 4904/4956/4904 4917/4968/4917 4918/4973/4918
f 4903/4955/4903 4902/4957/4902 4915/4969/4915
f 4901/4960/4901 4900/4958/4900 4913/4971/4913
f 4899/4961/4899 4898/4959/4898 4911/4972/4911
f 4910/4963/4910 4909/4962/4909 4922/4976/4922
f 4908/4965/4908 4907/4964/4907 4920/4978/4920
f 4919/4966/4919 4918/4973/4918 4931/4980/4931
f 4916/4967/4916 4929/4987/4929 4930/4982/4930
f 4914/4974/4914 4927/4988/4927 4928/4983/4928
f 4913/4971/4913 4912/5116/4912 4925/4984/4925
f 4910/4963/4910 4923/4977/4923 4924/4986/4924
f 4908/4965/4908 4921/4979/4921 4922/4976/4922
f 4918/4973/4918 4917/4968/4917 4930/4982/4930
f 4916/4967/4916 4915/4969/4915 4928/4983/4928
f 4914/4974/4914 4913/4971/4913 4926/4985/4926
f 4911/4972/4911 4924/4986/4924 4925/4989/4925
f 4922/4976/4922 4935/4999/4935 4936/4990/4936
f 4920/4978/4920 4933/5003/4933 4934/4991/4934
f 4931/4980/4931 4944/5000/4944 4945/4992/4945
f 4930/4982/4930 4929/4987/4929 4942/4993/4942
f 4928/4983/4928 4927/4988/4927 4940/4995/4940
f 4925/4984/4925 4938/5010/4938 4939/4997/4939
f 4924/4986/4924 4923/4977/4923 4936/4990/4936
f 4922/4976/4922 4921/4979/4921 4934/4991/4934
f 4930/4982/4930 4943/4994/4943 4944/5000/4944
f 4928/4983/4928 4941/4996/4941 4942/4993/4942
f 4926/4985/4926 4939/4997/4939 4940/4995/4940
f 4925/4989/4925 4924/4986/4924 4937/4998/4937
f 4935/4999/4935 4948/5013/4948 4949/5002/4949
f 4933/5003/4933 4946/5086/4946 4947/5004/4947
f 4945/4992/4945 4944/5000/4944 4957/5005/4957
f 4942/4993/4942 4955/5014/4955 4956/5007/4956
f 4941/4996/4941 4940/4995/4940 4953/5008/4953
f 4938/5010/4938 4951/5023/4951 4952/5011/4952
f 4937/4998/4937 4936/4990/4936 4949/5002/4949
f 4935/4999/4935 4934/4991/4934 4947/5004/4947
f 4944/5000/4944 4943/4994/4943 4956/5007/4956
f 4941/4996/4941 4954/5009/4954 4955/5014/4955
f 4939/4997/4939 4952/5011/4952 4953/5008/4953
f 4938/5001/4938 4937/4998/4937 4950/5012/4950
f 4948/5013/4948 4961/5026/4961 4962/5016/4962
f 4947/5004/4947 4946/5086/4946 4959/5017/4959
f 4957/5005/4957 4970/5027/4970 4971/5019/4971
f 4955/5014/4955 4968/5028/4968 4969/5020/4969
f 4954/5009/4954 4953/5008/4953 4966/5021/4966
f 4951/5023/4951 4964/5037/4964 4965/5024/4965
f 4949/5002/4949 4962/5016/4962 4963/5025/4963
f 4948/5013/4948 4947/5004/4947 4960/5018/4960
f 4956/5007/4956 4969/5020/4969 4970/5027/4970
f 4954/5009/4954 4967/5022/4967 4968/5028/4968
f 4953/5008/4953 4952/5011/4952 4965/5024/4965
f 4951/5015/4951 4950/5012/4950 4963/5025/4963
f 4962/5016/4962 4961/5026/4961 4974/5030/4974
f 4959/5017/4959 4972/5117/4972 4973/5032/4973
f 4971/5019/4971 4970/5027/4970 4983/5033/4983
f 4968/5028/4968 4981/5040/4981 4982/5035/4982
f 4966/5021/4966 4979/5041/4979 4980/5036/4980
f 4964/5037/4964 4977/5118/4977 4978/5038/4978
f 4962/5016/4962 4975/5031/4975 4976/5039/4976
f 4960/5018/4960 4973/5032/4973 4974/5030/4974
f 4969/5020/4969 4982/5035/4982 4983/5033/4983
f 4967/5022/4967 4980/5036/4980 4981/5040/4981
f 4966/5021/4966 4965/5024/4965 4978/5038/4978
f 4964/5029/4964 4963/5025/4963 4976/5039/4976
f 4975/5031/4975 4974/5030/4974 4987/5043/4987
f 4973/5032/4973 4972/5117/4972 4985/5045/4985
f 4983/5033/4983 4996/5053/4996 4997/5047/4997
f 4981/5040/4981 4994/5054/4994 4995/5048/4995
f 4979/5041/4979 4992/5055/4992 4993/5049/4993
f 4978/5038/4978 4977/5118/4977 4990/5050/4990
f 4976/5039/4976 4975/5031/4975 4988/5044/4988
f 4973/5032/4973 4986/5046/4986 4987/5043/4987
f 4983/5033/4983 4982/5035/4982 4995/5048/4995
f 4981/5040/4981 4980/5036/4980 4993/5049/4993
f 4978/5038/4978 4991/5051/4991 4992/5055/4992
f 4976/5039/4976 4989/5052/4989 4990/5056/4990
f 4988/5044/4988 4987/5043/4987 5000/5057/5000
f 4985/5045/4985 4998/5085/4998 4999/5059/4999
f 4997/5047/4997 4996/5053/4996 5009/5060/5009
f 4995/5048/4995 4994/5054/4994 5007/5062/5007
f 4992/5055/4992 5005/5068/5005 5006/5064/5006
f 4991/5051/4991 4990/5050/4990 5003/5065/5003
f 4989/5052/4989 4988/5044/4988 5001/5058/5001
f 4986/5046/4986 4999/5059/4999 5000/5057/5000
f 4996/5053/4996 4995/5048/4995 5008/5063/5008
f 4994/5054/4994 4993/5049/4993 5006/5064/5006
f 4991/5051/4991 5004/5066/5004 5005/5068/5005
f 4989/5052/4989 5002/5067/5002 5003/5069/5003
f 5001/5058/5001 5000/5057/5000 5013/5070/5013
f 4999/5059/4999 4998/5085/4998 5011/5072/5011
f 5009/5060/5009 5022/5081/5022 5023/5074/5023
f 5008/5063/5008 5007/5062/5007 5020/5075/5020
f 5005/5068/5005 5018/5082/5018 5019/5077/5019
f 5004/5066/5004 5003/5065/5003 5016/5078/5016
f 5001/5058/5001 5014/5071/5014 5015/5080/5015
f 4999/5059/4999 5012/5073/5012 5013/5070/5013
f 5008/5063/5008 5021/5076/5021 5022/5081/5022
f 5007/5062/5007 5006/5064/5006 5019/5077/5019
f 5005/5068/5005 5004/5066/5004 5017/5079/5017
f 5002/5067/5002 5015/5080/5015 5016/5083/5016
f 5014/5071/5014 5013/5070/5013 4609/4664/4609
f 5012/5073/5012 5011/5072/5011 4607/4676/4607
f 5022/5081/5022 4618/4667/4618 4619/4678/4619
f 5020/5075/5020 4616/4671/4616 4617/4680/4617
f 5018/5082/5018 4614/4672/4614 4615/4655/4615
f 5017/5079/5017 5016/5078/5016 4612/4658/4612
f 5014/5071/5014 4610/4675/4610 4611/4661/4611
f 5012/5073/5012 4608/4677/4608 4609/4664/4609
f 5021/5076/5021 4617/4680/4617 4618/4667/4618
f 5020/5075/5020 5019/5077/5019 4615/4655/4615
f 5018/5082/5018 5017/5079/5017 4613/4660/4613
f 5015/5080/5015 4611/4661/4611 4612/4673/4612
f 4481/4530/4481 4607/4676/4607 5011/5072/5011
f 5011/5072/5011 4998/5085/4998 4602/4634/4602
f 4998/5085/4998 4985/5045/4985 4597/4629/4597
f 4985/5045/4985 4972/5117/4972 4593/4627/4593
f 4593/4627/4593 4972/5117/4972 4959/5017/4959
f 4589/4622/4589 4959/5017/4959 4946/5086/4946
f 4585/4619/4585 4946/5086/4946 4933/5003/4933
f 4933/5003/4933 4920/4978/4920 4577/4612/4577
f 4577/4612/4577 4920/4978/4920 4907/4964/4907
f 4907/4964/4907 4894/5087/4894 4569/4606/4569
f 4894/5087/4894 4880/4937/4880 4565/4601/4565
f 4880/4937/4880 4867/4925/4867 4561/4599/4561
f 4561/4599/4561 4867/4925/4867 4854/4910/4854
f 4557/4594/4557 4854/4910/4854 4841/5088/4841
f 4553/4590/4553 4841/5088/4841 4828/4896/4828
f 4828/4896/4828 4815/4871/4815 4545/4584/4545
f 4545/4584/4545 4815/4871/4815 4802/4857/4802
f 4802/4857/4802 4789/5089/4789 4537/4577/4537
f 4789/5089/4789 4776/4829/4776 4533/4572/4533
f 4776/4829/4776 4763/5112/4763 4529/4569/4529
f 4529/4569/4529 4763/5112/4763 4750/4803/4750
f 4525/4564/4525 4750/4803/4750 4737/5090/4737
f 4521/4561/4521 4737/5090/4737 4724/4789/4724
f 4724/4789/4724 4711/4764/4711 4513/4555/4513
f 4513/4555/4513 4711/4764/4711 4698/4750/4698
f 4698/4750/4698 4685/5091/4685 4505/4548/4505
f 4685/5091/4685 4672/4722/4672 4501/4543/4501
f 4672/4722/4672 4659/5109/4659 4497/4541/4497
f 4497/4541/4497 4659/5109/4659 4646/4696/4646
f 4493/4536/4493 4646/4696/4646 4633/5092/4633
f 4489/4533/4489 4633/5092/4633 4620/4682/4620
f 4620/4682/4620 4607/4676/4607 4481/4530/4481
