# https://github.com/mikedh/trimesh
v 0.07265767 -0.01041096 -0.08264859 0.81960784 0.67450980 0.65098039
v 0.07635269 -0.01140277 -0.08334894 0.81960784 0.67450980 0.65098039
v 0.07703882 -0.00997787 -0.08326790 0.81960784 0.67450980 0.65098039
v 0.07343251 -0.00944589 -0.08272664 0.81960784 0.67450980 0.65098039
v 0.07801244 -0.01035376 -0.09514631 0.81960784 0.67450980 0.65098039
v 0.08101812 -0.00696737 -0.09158958 0.83921569 0.65098039 0.61960784
v 0.08104973 -0.00456077 -0.09051780 0.85098039 0.63529412 0.61176471
v 0.07939608 -0.00451740 -0.09290825 0.84705882 0.61960784 0.58431373
v 0.00886262 -0.04384077 -0.11988203 0.49411765 0.42352941 0.43137255
v -0.00589124 -0.04347449 -0.11606839 0.49411765 0.42352941 0.43137255
v -0.00483585 -0.05466566 -0.11420178 0.57647059 0.47450980 0.47450980
v 0.00955289 -0.05781535 -0.11650200 0.57647059 0.47450980 0.47450980
v 0.03540579 -0.08148930 -0.11119986 0.73333333 0.63921569 0.63529412
v 0.02828018 -0.07330206 -0.11265754 0.73333333 0.63921569 0.63529412
v 0.02426641 -0.08516493 -0.11514694 0.73333333 0.63921569 0.63529412
v 0.03682450 -0.08909020 -0.11207199 0.85098039 0.78431373 0.80392157
v 0.09774280 0.04413719 0.00829705 0.83921569 0.74901961 0.70588235
v 0.10105275 0.04297302 -0.00036500 0.85882353 0.74509804 0.69411765
v 0.10167974 0.03711391 0.00311297 0.87450980 0.76078431 0.70588235
v -0.03739397 -0.01060934 -0.02157939 0.78431373 0.57647059 0.58823529
v -0.03987419 -0.01166233 -0.01869276 0.75294118 0.56470588 0.57647059
v -0.04020487 -0.01027065 -0.01808078 0.78431373 0.57647059 0.58823529
v -0.03772552 -0.00958781 -0.02109356 0.78431373 0.57647059 0.58823529
v -0.05081382 -0.01034050 -0.02388201 0.78431373 0.57647059 0.58823529
v -0.04949679 -0.00702554 -0.01925636 0.90196078 0.65098039 0.62745098
v -0.04859604 -0.00467707 -0.01862827 0.87058824 0.67450980 0.61960784
v -0.04968637 -0.00452818 -0.02145229 0.87058824 0.67450980 0.61960784
v 0.09789620 0.03756262 0.01043741 0.86274510 0.74901961 0.71372549
v 0.08829977 0.01201185 -0.11002851 0.68627451 0.52941176 0.50980392
v 0.08771803 0.00959136 -0.11121590 0.68627451 0.52941176 0.50980392
v 0.08907345 0.00774003 -0.11007921 0.68627451 0.52941176 0.50980392
v 0.08958044 0.00977255 -0.10859714 0.68627451 0.52941176 0.50980392
v 0.08475918 -0.00514965 -0.10860445 0.68627451 0.52941176 0.50980392
v 0.08474982 0.00189998 -0.10928338 0.68627451 0.52941176 0.50980392
v 0.08563762 0.00435268 -0.11020869 0.68627451 0.52941176 0.50980392
v 0.08606637 0.00215482 -0.10976837 0.68627451 0.52941176 0.50980392
v 0.08543570 -0.01536948 -0.10656944 0.81960784 0.67450980 0.65098039
v 0.08439077 -0.01468395 -0.10570821 0.81960784 0.67450980 0.65098039
v 0.08495604 -0.01020910 -0.10761040 0.81960784 0.67450980 0.65098039
v 0.08614868 -0.01062386 -0.10886037 0.81960784 0.67450980 0.65098039
v 0.08557243 -0.03597816 -0.08036131 0.54117647 0.43137255 0.45098039
v 0.08655056 -0.03302873 -0.08368104 0.58431373 0.47843137 0.48627451
v 0.08594258 -0.03611466 -0.08515026 0.54117647 0.43137255 0.45098039
v 0.08292584 -0.03755285 -0.08156466 0.54117647 0.43137255 0.45098039
v 0.07970451 -0.03570138 -0.08099877 0.54117647 0.43137255 0.45098039
v 0.08117568 -0.03628258 -0.08690767 0.54117647 0.43137255 0.45098039
v 0.08022577 -0.03280669 -0.08759720 0.58431373 0.47843137 0.48627451
v 0.07880566 -0.03270751 -0.08305816 0.58431373 0.47843137 0.48627451
v 0.09090136 0.02062299 -0.09661618 0.77254902 0.62352941 0.61176471
v 0.09162045 0.01689063 -0.09619747 0.77254902 0.62352941 0.61176471
v 0.09166536 0.01570434 -0.09387724 0.77254902 0.62352941 0.61176471
v 0.09090520 0.01935451 -0.09391573 0.77254902 0.62352941 0.61176471
v 0.07212497 -0.00902273 -0.09931376 0.81960784 0.67450980 0.65098039
v 0.07122577 -0.01550338 -0.09749609 0.81960784 0.67450980 0.65098039
v 0.07546754 -0.01087322 -0.10233380 0.81960784 0.67450980 0.65098039
v 0.07603049 -0.00815490 -0.10251652 0.81960784 0.67450980 0.65098039
v 0.08758792 0.01108651 -0.10147187 0.68627451 0.52941176 0.50980392
v 0.08608508 0.01181956 -0.10406412 0.68627451 0.52941176 0.50980392
v 0.08568972 0.00988426 -0.10543728 0.68627451 0.52941176 0.50980392
v 0.08632886 0.00857604 -0.10329933 0.68627451 0.52941176 0.50980392
v 0.08521149 0.01364804 -0.10935079 0.68627451 0.52941176 0.50980392
v 0.08458502 0.01088925 -0.11066337 0.68627451 0.52941176 0.50980392
v 0.08455968 -0.02638986 -0.07869255 0.65882353 0.53333333 0.54901961
v 0.08428657 -0.02297833 -0.07742272 0.65882353 0.53333333 0.54901961
v 0.08401240 -0.02149497 -0.07866891 0.63921569 0.47843137 0.50588235
v 0.08331561 -0.02251117 -0.08022421 0.65882353 0.53333333 0.54901961
v 0.07923989 -0.01046185 -0.09203000 0.81960784 0.67450980 0.65098039
v 0.08181396 -0.00599604 -0.09033839 0.85490196 0.64313725 0.61960784
v 0.08472215 -0.02608191 -0.10142089 0.65882353 0.53333333 0.54901961
v 0.08485669 -0.02414280 -0.10029373 0.62745098 0.45882353 0.43137255
v 0.08536647 -0.02001190 -0.10384876 0.62745098 0.45882353 0.43137255
v 0.08484247 -0.02138518 -0.10530490 0.62745098 0.45882353 0.43137255
v 0.08296320 -0.02190465 -0.09691186 0.62745098 0.45882353 0.43137255
v 0.08346560 -0.01898534 -0.10070866 0.62745098 0.45882353 0.43137255
v 0.08351830 -0.01823241 -0.10263708 0.81960784 0.67450980 0.65098039
v 0.08368035 -0.02048536 -0.10058918 0.62745098 0.45882353 0.43137255
v 0.08810179 0.01359562 -0.10317905 0.69019608 0.53725490 0.52549020
v 0.08950433 0.01574255 -0.09834277 0.72156863 0.57254902 0.56078431
v 0.09130778 0.01461537 -0.09800703 0.72156863 0.57254902 0.56078431
v 0.09058231 0.01263084 -0.10239723 0.69019608 0.53725490 0.52549020
v 0.07861387 0.00304294 -0.10233004 0.68627451 0.52941176 0.50980392
v 0.07859129 0.00780834 -0.09965785 0.68627451 0.52941176 0.50980392
v 0.07754526 0.00725263 -0.09919982 0.68627451 0.52941176 0.50980392
v 0.07737680 0.00314125 -0.10154638 0.68627451 0.52941176 0.50980392
v 0.08614849 0.01106860 -0.10734384 0.68627451 0.52941176 0.50980392
v 0.08581986 0.00895420 -0.10872093 0.68627451 0.52941176 0.50980392
v 0.08525308 0.00766706 -0.10697736 0.68627451 0.52941176 0.50980392
v 0.08597267 0.00811228 -0.08801954 0.68627451 0.52941176 0.50980392
v 0.08646082 0.00924073 -0.09045494 0.68627451 0.52941176 0.50980392
v 0.08608574 0.00769811 -0.09135597 0.68627451 0.52941176 0.50980392
v 0.08615403 0.00651591 -0.09058738 0.68627451 0.52941176 0.50980392
v 0.08379643 -0.03683032 -0.08803205 0.54117647 0.43137255 0.45098039
v 0.07335781 -0.02429403 -0.09162959 0.65882353 0.53333333 0.54901961
v 0.07395735 -0.02393397 -0.09388971 0.65882353 0.53333333 0.54901961
v 0.07495487 -0.01974854 -0.09753300 0.62745098 0.45882353 0.43137255
v 0.07332498 -0.01844579 -0.09699941 0.62745098 0.45882353 0.43137255
v 0.08265345 -0.03379603 -0.07629058 0.54117647 0.43137255 0.45098039
v 0.08535993 -0.03363971 -0.07805238 0.58431373 0.47843137 0.48627451
v 0.08531216 -0.03485848 -0.07921316 0.54117647 0.43137255 0.45098039
v 0.08238526 -0.03592622 -0.07808852 0.54117647 0.43137255 0.45098039
v 0.08717838 0.01250641 -0.09100224 0.70196078 0.54901961 0.53725490
v 0.08808143 0.01179086 -0.09351562 0.69019608 0.53725490 0.52549020
v 0.08680834 0.01101453 -0.09229956 0.69019608 0.53725490 0.52549020
v 0.08640534 0.01145892 -0.09048470 0.69019608 0.53725490 0.52549020
v 0.08441773 0.00011063 -0.10748798 0.68627451 0.52941176 0.50980392
v 0.08550856 0.00619452 -0.10502342 0.68627451 0.52941176 0.50980392
v 0.08555620 -0.00892271 -0.10342273 0.81960784 0.67450980 0.65098039
v 0.08434559 -0.00851746 -0.10581490 0.81960784 0.67450980 0.65098039
v 0.08452134 -0.01258497 -0.10446835 0.81960784 0.67450980 0.65098039
v -0.03878699 -0.04410132 -0.09229554 0.55294118 0.47450980 0.47058824
v -0.02819202 -0.04355276 -0.10314821 0.55294118 0.47450980 0.47058824
v -0.02694689 -0.05480985 -0.10140473 0.53725490 0.47450980 0.48235294
v -0.03601530 -0.05815355 -0.09010659 0.53725490 0.47450980 0.48235294
v 0.08512317 -0.01277623 -0.10207933 0.81960784 0.67450980 0.65098039
v 0.08624864 -0.00117144 -0.10295442 0.68627451 0.52941176 0.50980392
v 0.08479703 -0.00097980 -0.10578690 0.68627451 0.52941176 0.50980392
v 0.08778760 0.00695891 -0.10787679 0.68627451 0.52941176 0.50980392
v 0.08712494 0.00134558 -0.10906161 0.68627451 0.52941176 0.50980392
v 0.08690135 0.00765031 -0.10835347 0.68627451 0.52941176 0.50980392
v 0.07821877 0.01080968 -0.09661917 0.68627451 0.52941176 0.50980392
v 0.07660593 0.01419301 -0.10039721 0.68627451 0.52941176 0.50980392
v 0.07412738 0.00834349 -0.10161468 0.68627451 0.52941176 0.50980392
v 0.07716113 0.00859161 -0.09820245 0.68627451 0.52941176 0.50980392
v 0.08458681 -0.01763701 -0.07893162 0.62745098 0.45882353 0.43137255
v 0.08493184 -0.01543060 -0.08052552 0.62745098 0.45882353 0.43137255
v 0.08255360 -0.01744009 -0.08139661 0.62745098 0.45882353 0.43137255
v 0.08194432 -0.01997735 -0.08058514 0.62745098 0.45882353 0.43137255
v 0.07623272 -0.02201880 -0.09699998 0.62745098 0.45882353 0.43137255
v 0.07510831 -0.02509231 -0.09369651 0.65882353 0.53333333 0.54901961
v 0.07598810 -0.02583033 -0.09344825 0.65882353 0.53333333 0.54901961
v 0.07744238 -0.02375435 -0.09610309 0.62745098 0.45882353 0.43137255
v 0.08891290 0.01247768 -0.09607963 0.69019608 0.53725490 0.52549020
v 0.08838230 0.00846015 -0.09749298 0.68627451 0.52941176 0.50980392
v 0.08773902 0.00840198 -0.09565251 0.68627451 0.52941176 0.50980392
v 0.08333848 -0.02111716 -0.08867806 0.62745098 0.45882353 0.43137255
v 0.08254872 -0.01983702 -0.09051856 0.62745098 0.45882353 0.43137255
v 0.08307807 -0.02253267 -0.09233794 0.62745098 0.45882353 0.43137255
v 0.08393372 -0.02457065 -0.09069473 0.65882353 0.53333333 0.54901961
v 0.08451912 -0.03279422 -0.09479176 0.58431373 0.47843137 0.48627451
v 0.08175751 -0.03288940 -0.09422838 0.58431373 0.47843137 0.48627451
v 0.08160876 -0.03494254 -0.09032981 0.58431373 0.47843137 0.48627451
v 0.08423672 -0.03519170 -0.09142689 0.58431373 0.47843137 0.48627451
v 0.08282650 -0.02111168 -0.08055058 0.59215686 0.41568627 0.40392157
v 0.08403552 -0.02011094 -0.07879972 0.59215686 0.41568627 0.40392157
v 0.07957751 0.00327400 -0.10478594 0.68627451 0.52941176 0.50980392
v 0.08022307 0.00897519 -0.10172252 0.68627451 0.52941176 0.50980392
v 0.08714185 0.00714079 -0.10155376 0.68627451 0.52941176 0.50980392
v 0.08635296 0.00502063 -0.10313646 0.68627451 0.52941176 0.50980392
v 0.08469024 -0.00508328 -0.08377026 0.85490196 0.64313725 0.61960784
v 0.08240490 -0.00461604 -0.08443160 0.85098039 0.63529412 0.61176471
v 0.08267537 -0.00542565 -0.08455739 0.85490196 0.64313725 0.61960784
v 0.08537237 -0.00651267 -0.08401048 0.81960784 0.67450980 0.65098039
v 0.08540916 -0.00549337 -0.08252143 0.83921569 0.64705882 0.62352941
v 0.08586238 -0.00705043 -0.08272593 0.81960784 0.67450980 0.65098039
v 0.08564112 -0.00710888 -0.08169961 0.81960784 0.67450980 0.65098039
v 0.08544786 -0.00629084 -0.08134367 0.83921569 0.65098039 0.61960784
v 0.08154426 -0.00443384 -0.08448852 0.85098039 0.63529412 0.61176471
v 0.08201793 -0.00469123 -0.08447302 0.85098039 0.63529412 0.61176471
v 0.08216108 -0.00419170 -0.08456852 0.85098039 0.63529412 0.61176471
v 0.07992904 -0.00170420 -0.09579404 0.53725490 0.40784314 0.41176471
v 0.07809770 -0.00870133 -0.09750833 0.81960784 0.67450980 0.65098039
v 0.07776449 -0.01006282 -0.09729945 0.81960784 0.67450980 0.65098039
v 0.08064084 -0.00454027 -0.09577004 0.84705882 0.61960784 0.58431373
v 0.08418931 -0.00747512 -0.10733590 0.81960784 0.67450980 0.65098039
v 0.09081373 0.01586773 -0.08940222 0.77254902 0.62352941 0.61176471
v 0.09016000 0.01869359 -0.08884472 0.77254902 0.62352941 0.61176471
v 0.09024682 0.02144303 -0.09322479 0.77254902 0.62352941 0.61176471
v 0.07674080 -0.01815880 -0.08950188 0.62745098 0.45882353 0.43137255
v 0.08081313 -0.01801757 -0.08919469 0.62745098 0.45882353 0.43137255
v 0.08126454 -0.01819121 -0.08751173 0.62745098 0.45882353 0.43137255
v 0.07807751 -0.01835479 -0.08823097 0.62745098 0.45882353 0.43137255
v 0.08211978 -0.01339498 -0.08405840 0.81960784 0.67450980 0.65098039
v 0.08006459 -0.01639353 -0.08294936 0.62745098 0.45882353 0.43137255
v 0.08408758 -0.01499674 -0.08288909 0.71372549 0.59215686 0.54901961
v 0.08583224 0.00009355 -0.08214613 0.58431373 0.44705882 0.43137255
v 0.08389868 -0.00352997 -0.08424462 0.84705882 0.61960784 0.58431373
v 0.08451952 -0.00437632 -0.08321422 0.85098039 0.63529412 0.61176471
v 0.08517705 -0.00408551 -0.08209319 0.85098039 0.63529412 0.61176471
v 0.08489655 -0.01600937 -0.10790747 0.81960784 0.67450980 0.65098039
v 0.08510487 -0.01076007 -0.11010297 0.81960784 0.67450980 0.65098039
v 0.08294937 -0.01077048 -0.11061227 0.81960784 0.67450980 0.65098039
v 0.08281575 -0.01641173 -0.10852755 0.81960784 0.67450980 0.65098039
v 0.08438563 -0.02999325 -0.07596148 0.62745098 0.52156863 0.53725490
v 0.07855406 -0.03171298 -0.07670894 0.58431373 0.47843137 0.48627451
v 0.08338210 -0.02680116 -0.07540645 0.67843137 0.58823529 0.58431373
v 0.08960392 0.01816439 -0.10497908 0.77254902 0.62352941 0.61176471
v 0.08773956 0.02004132 -0.10421731 0.77254902 0.62352941 0.61176471
v 0.08680366 0.01817855 -0.10625890 0.70980392 0.55686275 0.54901961
v 0.08916599 0.01636864 -0.10705260 0.69019608 0.53725490 0.52549020
v 0.08184392 0.00130164 -0.08856064 0.68627451 0.52941176 0.50980392
v 0.08154421 -0.00063009 -0.08830234 0.58431373 0.44705882 0.43137255
v 0.08270757 0.00037999 -0.08731472 0.58431373 0.44705882 0.43137255
v 0.08258293 0.00257003 -0.08719105 0.68627451 0.52941176 0.50980392
v 0.03833617 -0.03050611 -0.11662439 0.65882353 0.53333333 0.54901961
v 0.05472593 -0.03120537 -0.10436140 0.65882353 0.53333333 0.54901961
v 0.05429158 -0.01727371 -0.11299726 0.81960784 0.67450980 0.65098039
v 0.04024301 -0.01689855 -0.12323352 0.81960784 0.67450980 0.65098039
v 0.08533888 -0.02966607 -0.09422853 0.65882353 0.53333333 0.54901961
v 0.08611581 -0.03186298 -0.09181510 0.62745098 0.52156863 0.53725490
v 0.08815465 0.00750716 -0.08181735 0.69019608 0.53725490 0.52549020
v 0.08803928 0.00919627 -0.08074621 0.70980392 0.55686275 0.54901961
v 0.08792579 0.01469511 -0.08260381 0.77254902 0.62352941 0.61176471
v 0.08866634 0.01153899 -0.08313277 0.72156863 0.57254902 0.56078431
v 0.08418368 0.00356250 -0.11267138 0.68627451 0.52941176 0.50980392
v 0.08688207 0.00275913 -0.11283826 0.68627451 0.52941176 0.50980392
v 0.08746846 0.01267978 -0.08939440 0.70980392 0.55686275 0.54901961
v 0.08793625 0.01530955 -0.09278084 0.72156863 0.57254902 0.56078431
v 0.08727943 0.01318758 -0.09130699 0.70980392 0.55686275 0.54901961
v 0.08689305 0.01191629 -0.08941482 0.70196078 0.54901961 0.53725490
v 0.08853155 0.00450650 -0.08701338 0.68627451 0.52941176 0.50980392
v 0.08912950 0.00575938 -0.08730820 0.68627451 0.52941176 0.50980392
v 0.08745985 0.00665535 -0.08652976 0.68627451 0.52941176 0.50980392
v 0.08648029 0.00538599 -0.08624547 0.68627451 0.52941176 0.50980392
v 0.08813389 0.01415217 -0.07966392 0.77254902 0.62352941 0.61176471
v 0.08758670 0.01928133 -0.08321834 0.77254902 0.62352941 0.61176471
v 0.07180077 -0.02452665 -0.09030314 0.65882353 0.53333333 0.54901961
v 0.08921307 0.00634929 -0.08431701 0.68627451 0.52941176 0.50980392
v 0.08968879 0.00892789 -0.08495346 0.70196078 0.54901961 0.53725490
v 0.08973720 0.00746503 -0.08746325 0.68627451 0.52941176 0.50980392
v -0.04368195 -0.08239548 -0.06539406 0.83529412 0.73333333 0.73333333
v -0.04151685 -0.07409820 -0.07221627 0.76470588 0.65098039 0.64705882
v -0.04168861 -0.08585073 -0.07693478 0.83529412 0.73333333 0.73333333
v -0.04499554 -0.09005051 -0.06481960 0.83529412 0.73333333 0.73333333
v 0.08445643 -0.02216422 -0.07522614 0.64705882 0.49803922 0.51372549
v 0.08446839 -0.02053621 -0.07729843 0.64313725 0.49803922 0.50196078
v 0.08667810 0.01158149 -0.08903638 0.70196078 0.54901961 0.53725490
v 0.08613066 0.01044478 -0.08862688 0.69019608 0.53725490 0.52549020
v 0.08573550 0.00654217 -0.08676799 0.68627451 0.52941176 0.50980392
v 0.08533232 0.00556401 -0.08901754 0.68627451 0.52941176 0.50980392
v 0.08463532 -0.00057674 -0.09747448 0.68627451 0.52941176 0.50980392
v 0.08399104 -0.00854742 -0.09945993 0.81960784 0.67450980 0.65098039
v 0.06403019 -0.01736988 -0.10230009 0.81960784 0.67450980 0.65098039
v 0.06789760 -0.03069820 -0.08895002 0.58431373 0.47843137 0.48627451
v 0.08633755 0.00710347 -0.08618427 0.68627451 0.52941176 0.50980392
v 0.08642040 0.00766266 -0.08641964 0.68627451 0.52941176 0.50980392
v 0.08602192 0.00685897 -0.08598909 0.68627451 0.52941176 0.50980392
v 0.08538264 0.00603632 -0.08608443 0.68627451 0.52941176 0.50980392
v 0.08641741 -0.03379526 -0.08922631 0.58431373 0.47843137 0.48627451
v 0.08609889 0.00531104 -0.09534130 0.68627451 0.52941176 0.50980392
v 0.08464018 0.00333894 -0.09233902 0.68627451 0.52941176 0.50980392
v 0.08609554 0.00520456 -0.09303515 0.68627451 0.52941176 0.50980392
v 0.08659312 -0.00624411 -0.10889821 0.68627451 0.52941176 0.50980392
v 0.08812594 0.00107098 -0.10947211 0.68627451 0.52941176 0.50980392
v 0.08864065 0.00130314 -0.11133441 0.68627451 0.52941176 0.50980392
v 0.08714391 -0.00634770 -0.11050708 0.68627451 0.52941176 0.50980392
v 0.07889798 -0.03439553 -0.07888077 0.54117647 0.43137255 0.45098039
v 0.08069888 -0.00133539 -0.08940583 0.53725490 0.40784314 0.41176471
v 0.08192202 -0.00266646 -0.08934247 0.64313725 0.44705882 0.43137255
v 0.08385755 0.00403029 -0.08862422 0.68627451 0.52941176 0.50980392
v 0.08461588 0.00514251 -0.08614941 0.68627451 0.52941176 0.50980392
v 0.08490115 -0.01761592 -0.07681879 0.62745098 0.45882353 0.43137255
v 0.08685470 0.01444377 -0.10438923 0.69019608 0.53725490 0.52549020
v 0.08664498 0.01292990 -0.10590532 0.68627451 0.52941176 0.50980392
v 0.08665370 0.01325693 -0.10290474 0.69019608 0.53725490 0.52549020
v 0.08730544 0.01428233 -0.10151016 0.69019608 0.53725490 0.52549020
v 0.08773322 0.01647554 -0.09986147 0.72156863 0.57254902 0.56078431
v 0.08742896 0.01720850 -0.09911722 0.72156863 0.57254902 0.56078431
v 0.08727800 0.01588427 -0.10263009 0.70196078 0.54901961 0.53725490
v 0.08536679 0.00469672 -0.09049194 0.68627451 0.52941176 0.50980392
v 0.08608790 0.00565368 -0.09173636 0.68627451 0.52941176 0.50980392
v 0.08428477 -0.02232520 -0.08738232 0.62745098 0.45882353 0.43137255
v 0.08509818 -0.02783740 -0.08807364 0.65882353 0.53333333 0.54901961
v 0.08429703 -0.01609325 -0.10226853 0.81960784 0.67450980 0.65098039
v 0.08455129 -0.01554802 -0.09964396 0.81960784 0.67450980 0.65098039
v 0.08060727 -0.00511965 -0.10971587 0.68627451 0.52941176 0.50980392
v 0.08092446 0.00348267 -0.10921613 0.68627451 0.52941176 0.50980392
v 0.08032758 0.00330538 -0.10682715 0.68627451 0.52941176 0.50980392
v 0.08012468 -0.00490300 -0.10804307 0.68627451 0.52941176 0.50980392
v 0.07640322 -0.00267710 -0.10227751 0.68627451 0.52941176 0.50980392
v 0.07333061 -0.00164760 -0.10046786 0.68627451 0.52941176 0.50980392
v 0.08543932 -0.00546526 -0.08072151 0.83921569 0.64705882 0.62352941
v 0.08604595 -0.00182246 -0.07865267 0.64313725 0.44705882 0.43137255
v 0.08306734 0.00326318 -0.08742281 0.68627451 0.52941176 0.50980392
v 0.08397217 0.00490221 -0.08624030 0.68627451 0.52941176 0.50980392
v 0.07830024 -0.01958267 -0.10103940 0.62745098 0.45882353 0.43137255
v 0.07891095 -0.02668837 -0.09296904 0.65882353 0.53333333 0.54901961
v 0.07948835 -0.02175846 -0.09962117 0.62745098 0.45882353 0.43137255
v 0.07638703 -0.02712036 -0.08926550 0.65882353 0.53333333 0.54901961
v 0.07737952 -0.02815728 -0.08719699 0.65882353 0.53333333 0.54901961
v 0.07876608 -0.02832503 -0.08977106 0.65882353 0.53333333 0.54901961
v 0.08319929 -0.02000075 -0.09604367 0.62745098 0.45882353 0.43137255
v 0.08377905 -0.01863614 -0.09912128 0.62745098 0.45882353 0.43137255
v 0.08176106 -0.00490078 -0.08528714 0.85490196 0.64313725 0.61960784
v 0.08000194 -0.00649249 -0.08624368 0.83921569 0.65098039 0.61960784
v 0.08025984 -0.00492358 -0.08421838 0.85490196 0.64313725 0.61960784
v 0.08624632 -0.00111167 -0.10051188 0.68627451 0.52941176 0.50980392
v 0.08576613 -0.00876066 -0.10150594 0.81960784 0.67450980 0.65098039
v 0.08852297 0.00795626 -0.08762377 0.68627451 0.52941176 0.50980392
v 0.08597982 -0.00131709 -0.08607567 0.58431373 0.44705882 0.43137255
v 0.08767674 0.00195391 -0.08469108 0.68627451 0.52941176 0.50980392
v 0.09092578 0.01085174 -0.08919497 0.70980392 0.55686275 0.54901961
v 0.08968518 0.00945695 -0.08892564 0.69019608 0.53725490 0.52549020
v 0.08922759 0.00858844 -0.08834133 0.69019608 0.53725490 0.52549020
v 0.09038018 0.00907131 -0.08803481 0.69019608 0.53725490 0.52549020
v 0.07503597 -0.01349471 -0.08385964 0.81960784 0.67450980 0.65098039
v 0.07777153 -0.01523915 -0.08340936 0.62745098 0.45882353 0.43137255
v 0.07960932 -0.01231186 -0.08359546 0.81960784 0.67450980 0.65098039
v 0.08833485 0.01630621 -0.09675419 0.72156863 0.57254902 0.56078431
v 0.08832224 0.01456212 -0.09797421 0.70196078 0.54901961 0.53725490
v 0.08106118 0.00950166 -0.10379138 0.68627451 0.52941176 0.50980392
v 0.08655597 0.00951205 -0.09149658 0.68627451 0.52941176 0.50980392
v 0.08598965 0.00818162 -0.09249620 0.68627451 0.52941176 0.50980392
v 0.08228968 0.02202515 -0.09711108 0.77254902 0.62352941 0.61176471
v 0.08442391 0.01924755 -0.09410959 0.77254902 0.62352941 0.61176471
v 0.08493898 0.01940237 -0.09279212 0.77254902 0.62352941 0.61176471
v 0.08471210 0.02414584 -0.09299456 0.77254902 0.62352941 0.61176471
v 0.07848716 -0.03100794 -0.08418304 0.58431373 0.47843137 0.48627451
v 0.07942340 -0.03072000 -0.08774620 0.62745098 0.52156863 0.53725490
v 0.07888007 -0.02941217 -0.08797093 0.67843137 0.58823529 0.58431373
v 0.07818722 -0.02946012 -0.08548938 0.67843137 0.58823529 0.58431373
v 0.08114911 -0.01832938 -0.08665371 0.62745098 0.45882353 0.43137255
v 0.07860197 -0.01857169 -0.08735397 0.62745098 0.45882353 0.43137255
v 0.08365525 -0.01459991 -0.10499681 0.81960784 0.67450980 0.65098039
v 0.08371191 -0.01553390 -0.10392065 0.81960784 0.67450980 0.65098039
v 0.08396583 -0.01155007 -0.10605482 0.81960784 0.67450980 0.65098039
v 0.08367339 -0.01007669 -0.10686245 0.81960784 0.67450980 0.65098039
v 0.08108126 0.00204780 -0.09183683 0.68627451 0.52941176 0.50980392
v 0.08119711 0.00104796 -0.09064850 0.68627451 0.52941176 0.50980392
v 0.08224100 0.01431255 -0.09462827 0.69019608 0.53725490 0.52549020
v 0.08367233 0.01609767 -0.09672398 0.70980392 0.55686275 0.54901961
v 0.08533764 0.01804559 -0.09402849 0.77254902 0.62352941 0.61176471
v 0.08373213 0.01658318 -0.09331468 0.72156863 0.57254902 0.56078431
v 0.08160631 0.01022230 -0.10624859 0.68627451 0.52941176 0.50980392
v 0.08589822 0.00671781 -0.09260184 0.68627451 0.52941176 0.50980392
v 0.08575486 0.00691754 -0.09353418 0.68627451 0.52941176 0.50980392
v 0.08608807 0.00709095 -0.09198233 0.68627451 0.52941176 0.50980392
v 0.08556432 0.00452170 -0.08609529 0.68627451 0.52941176 0.50980392
v 0.08739743 0.00338439 -0.08723142 0.68627451 0.52941176 0.50980392
v 0.09005500 0.01119420 -0.09020574 0.70196078 0.54901961 0.53725490
v 0.09103027 0.01439064 -0.09361420 0.72156863 0.57254902 0.56078431
v 0.08973306 0.01501399 -0.09422819 0.72156863 0.57254902 0.56078431
v 0.08954423 0.01207520 -0.09007879 0.70980392 0.55686275 0.54901961
v 0.08681478 0.00923126 -0.08720020 0.69019608 0.53725490 0.52549020
v -0.00769528 -0.03118407 -0.12177657 0.58431373 0.47843137 0.48627451
v -0.00960374 -0.02072036 -0.12862472 0.81960784 0.67450980 0.65098039
v 0.03060007 0.04394632 0.04615565 0.73725490 0.62745098 0.57647059
v 0.02138089 0.04263704 0.04501330 0.74117647 0.62352941 0.58823529
v 0.02410887 0.03685716 0.04702048 0.74117647 0.63529412 0.59607843
v 0.03235244 0.03745794 0.04699302 0.75686275 0.66666667 0.63529412
v 0.08924577 0.01854430 -0.08790611 0.77254902 0.62352941 0.61176471
v 0.08766083 0.02000716 -0.09084909 0.77254902 0.62352941 0.61176471
v 0.08829947 0.02087250 -0.09171585 0.77254902 0.62352941 0.61176471
v 0.08948373 0.01927503 -0.08860843 0.77254902 0.62352941 0.61176471
v 0.08750989 0.01314967 -0.10118645 0.69019608 0.53725490 0.52549020
v 0.08702807 0.01003364 -0.10705760 0.68627451 0.52941176 0.50980392
v 0.08341357 -0.00465334 -0.08897232 0.85098039 0.63529412 0.61176471
v 0.08079281 -0.00736370 -0.08843405 0.81960784 0.67450980 0.65098039
v 0.07298385 -0.00784968 -0.08298437 0.81960784 0.67450980 0.65098039
v 0.07342432 -0.00673370 -0.08288725 0.83921569 0.64705882 0.62352941
v 0.07347989 -0.00704302 -0.08411792 0.83921569 0.65098039 0.61960784
v 0.07318184 -0.00790167 -0.08449042 0.81960784 0.67450980 0.65098039
v 0.07539162 -0.01297288 -0.08691270 0.81960784 0.67450980 0.65098039
v 0.07753671 -0.01377766 -0.08738995 0.81960784 0.67450980 0.65098039
v 0.07746442 -0.01527355 -0.08567001 0.62745098 0.45882353 0.43137255
v 0.07514922 -0.01425335 -0.08611631 0.81960784 0.67450980 0.65098039
v 0.07227471 -0.01045281 -0.08323675 0.81960784 0.67450980 0.65098039
v 0.07266483 -0.00902900 -0.08307295 0.81960784 0.67450980 0.65098039
v 0.07258072 -0.00943564 -0.08474337 0.81960784 0.67450980 0.65098039
v 0.07186327 -0.01090048 -0.08518894 0.81960784 0.67450980 0.65098039
v 0.08861815 0.01685801 -0.09498113 0.77254902 0.62352941 0.61176471
v 0.08882095 0.01667548 -0.09766753 0.72156863 0.57254902 0.56078431
v 0.08924705 0.00866410 -0.10697940 0.68627451 0.52941176 0.50980392
v 0.08879582 0.00672181 -0.10821247 0.68627451 0.52941176 0.50980392
v 0.08808169 0.01364188 -0.10429159 0.69019608 0.53725490 0.52549020
v 0.08769881 0.01192265 -0.10567206 0.68627451 0.52941176 0.50980392
v 0.08529204 -0.01282758 -0.08027176 0.71372549 0.56862745 0.52941176
v 0.08541445 -0.01262293 -0.08213392 0.72156863 0.56470588 0.52941176
v 0.08507967 -0.01417723 -0.08208115 0.71372549 0.59215686 0.54901961
v 0.09039808 0.01117216 -0.10721451 0.68627451 0.52941176 0.50980392
v 0.08885811 0.01411012 -0.10852372 0.69019608 0.53725490 0.52549020
v 0.08549291 -0.02976031 -0.07849731 0.62745098 0.52156863 0.53725490
v 0.08526927 -0.03138670 -0.07712613 0.58431373 0.47843137 0.48627451
v 0.06942242 -0.10244191 -0.05631905 0.80000000 0.74117647 0.76862745
v 0.07062299 -0.09629598 -0.07105868 0.82745098 0.77647059 0.78823529
v 0.06979187 -0.10616880 -0.07071879 0.81568627 0.76470588 0.78039216
v 0.06832536 -0.11207020 -0.05641077 0.81568627 0.75686275 0.77254902
v 0.09055801 0.01397863 -0.08765601 0.75294118 0.60000000 0.59215686
v 0.08922401 0.01681314 -0.08693866 0.77254902 0.62352941 0.61176471
v 0.07202336 -0.01238417 -0.08357844 0.81960784 0.67450980 0.65098039
v 0.07195483 -0.01252751 -0.08364039 0.81960784 0.67450980 0.65098039
v 0.07431565 -0.01424354 -0.08478933 0.81960784 0.67450980 0.65098039
v 0.07750226 -0.00856914 -0.08340377 0.81960784 0.67450980 0.65098039
v 0.07381158 -0.00814321 -0.08262587 0.81960784 0.67450980 0.65098039
v 0.07617053 -0.01159947 -0.08706820 0.81960784 0.67450980 0.65098039
v 0.07669519 -0.00660318 -0.08527980 0.83921569 0.64705882 0.62352941
v 0.07701248 -0.00543006 -0.08405492 0.85490196 0.64313725 0.61960784
v 0.07838835 -0.01808687 -0.08330476 0.62745098 0.45882353 0.43137255
v 0.07821852 -0.01901021 -0.08537123 0.62745098 0.45882353 0.43137255
v 0.08105052 -0.01952947 -0.08358285 0.62745098 0.45882353 0.43137255
v 0.07208654 -0.01297275 -0.08554076 0.81960784 0.67450980 0.65098039
v 0.08274873 0.00346011 -0.09058002 0.68627451 0.52941176 0.50980392
v 0.07864919 -0.01130109 -0.08817872 0.81960784 0.67450980 0.65098039
v 0.07835726 -0.01333244 -0.09054005 0.81960784 0.67450980 0.65098039
v 0.07803389 -0.01497518 -0.08958329 0.81960784 0.67450980 0.65098039
v 0.07798237 -0.01293221 -0.08796954 0.81960784 0.67450980 0.65098039
v 0.08291654 -0.02289639 -0.09394258 0.62745098 0.45882353 0.43137255
v 0.08279705 -0.02112530 -0.09388409 0.62745098 0.45882353 0.43137255
v 0.07582337 -0.01729047 -0.09134109 0.62745098 0.45882353 0.43137255
v 0.07933103 -0.01779413 -0.09156416 0.62745098 0.45882353 0.43137255
v 0.08355659 -0.00193993 -0.08893421 0.53725490 0.40784314 0.41176471
v 0.08608788 0.00084442 -0.08762067 0.68627451 0.52941176 0.50980392
v 0.08212661 -0.00480832 -0.08608828 0.85098039 0.63529412 0.61176471
v 0.07922885 -0.00927254 -0.08734128 0.81960784 0.67450980 0.65098039
v 0.07937304 -0.01149202 -0.09024096 0.81960784 0.67450980 0.65098039
v 0.07757242 -0.00746875 -0.08352805 0.81960784 0.67450980 0.65098039
v 0.08099744 -0.00716452 -0.08391993 0.81960784 0.67450980 0.65098039
v 0.08066843 -0.00613400 -0.08400021 0.83921569 0.64705882 0.62352941
v 0.07746011 -0.00653956 -0.08366922 0.83921569 0.64705882 0.62352941
v 0.08680803 0.00837070 -0.09437503 0.68627451 0.52941176 0.50980392
v 0.08895586 0.01475482 -0.08486772 0.77254902 0.62352941 0.61176471
v 0.09037861 0.01148307 -0.08626257 0.72156863 0.57254902 0.56078431
v 0.07662277 0.02707010 -0.10732575 0.77254902 0.62352941 0.61176471
v 0.07182331 0.01923303 -0.11041769 0.68627451 0.52941176 0.50980392
v 0.07956772 0.01910417 -0.09991656 0.70980392 0.55686275 0.54901961
v 0.07703675 -0.01006458 -0.08716981 0.81960784 0.67450980 0.65098039
v 0.07365455 -0.00622724 -0.08306355 0.85490196 0.64313725 0.61960784
v 0.07424369 -0.00678058 -0.08306096 0.83921569 0.64705882 0.62352941
v 0.08439239 -0.01886308 -0.10318231 0.62745098 0.45882353 0.43137255
v 0.08159822 -0.02030010 -0.08353549 0.62745098 0.45882353 0.43137255
v 0.08437943 0.00267147 -0.08602896 0.68627451 0.52941176 0.50980392
v 0.08031477 -0.01012602 -0.10867410 0.81960784 0.67450980 0.65098039
v 0.08031179 -0.01551201 -0.10679696 0.81960784 0.67450980 0.65098039
v 0.08401882 0.00405872 -0.08603191 0.68627451 0.52941176 0.50980392
v 0.08423777 0.00507069 -0.08608991 0.68627451 0.52941176 0.50980392
v 0.07843269 -0.01896221 -0.08661161 0.62745098 0.45882353 0.43137255
v 0.08133470 -0.01897231 -0.08540712 0.62745098 0.45882353 0.43137255
v 0.08467338 0.00532804 -0.08604044 0.68627451 0.52941176 0.50980392
v 0.08485718 -0.01299404 -0.08345442 0.81960784 0.67450980 0.65098039
v 0.08789212 0.00845073 -0.10042521 0.68627451 0.52941176 0.50980392
v 0.08021954 -0.03014546 -0.09376737 0.67843137 0.58823529 0.58431373
v 0.08011398 -0.03160319 -0.09038442 0.58431373 0.47843137 0.48627451
v 0.07428527 -0.00719456 -0.08268414 0.83921569 0.65098039 0.61960784
v 0.07678423 -0.01511557 -0.08446398 0.62745098 0.45882353 0.43137255
v 0.07673147 -0.00822495 -0.08585984 0.81960784 0.67450980 0.65098039
v 0.08319284 -0.00923419 -0.08434756 0.81960784 0.67450980 0.65098039
v 0.08289719 -0.01136177 -0.08404037 0.81960784 0.67450980 0.65098039
v 0.08519094 -0.01078669 -0.08326967 0.81960784 0.67450980 0.65098039
v 0.07925667 -0.01716167 -0.09343404 0.62745098 0.45882353 0.43137255
v 0.07546957 -0.01515185 -0.09330031 0.81960784 0.67450980 0.65098039
v 0.07542776 -0.01428179 -0.09557502 0.81960784 0.67450980 0.65098039
v 0.08022383 -0.01606404 -0.09542952 0.81960784 0.67450980 0.65098039
v 0.08029176 -0.02057629 -0.10433412 0.62745098 0.45882353 0.43137255
v 0.08034922 -0.02507769 -0.10085300 0.62745098 0.45882353 0.43137255
v 0.08226748 -0.02704387 -0.10208888 0.65882353 0.53333333 0.54901961
v 0.08273870 -0.02211524 -0.10589908 0.62745098 0.45882353 0.43137255
v 0.07308105 0.04346598 -0.11507452 0.76862745 0.63529412 0.61568627
v 0.08085755 0.03239240 -0.10161401 0.77254902 0.62352941 0.61176471
v 0.07960026 0.04934575 -0.10536202 0.75294118 0.63529412 0.61176471
v 0.08364995 0.01766037 -0.10200030 0.70196078 0.54901961 0.53725490
v 0.08269531 0.01548083 -0.10323488 0.69019608 0.53725490 0.52549020
v 0.08602279 0.01607058 -0.10789016 0.69019608 0.53725490 0.52549020
v 0.08690464 0.02188517 -0.08820663 0.77254902 0.62352941 0.61176471
v 0.08545984 0.01935002 -0.09138131 0.77254902 0.62352941 0.61176471
v 0.08776184 0.01920016 -0.09063940 0.77254902 0.62352941 0.61176471
v 0.08337484 -0.00562268 -0.11197417 0.68627451 0.52941176 0.50980392
v 0.08745968 0.00381320 -0.08150847 0.68627451 0.52941176 0.50980392
v 0.08839072 0.00399436 -0.08410887 0.68627451 0.52941176 0.50980392
v 0.07692757 -0.01825607 -0.10128392 0.81960784 0.67450980 0.65098039
v 0.08251405 -0.01799174 -0.09411012 0.62745098 0.45882353 0.43137255
v 0.08373257 -0.01718939 -0.09674411 0.81960784 0.67450980 0.65098039
v 0.09165046 0.01704060 -0.09890134 0.77254902 0.62352941 0.61176471
v 0.09107964 0.01486562 -0.09575946 0.72156863 0.57254902 0.56078431
v 0.05287784 -0.11569817 -0.01575758 0.85098039 0.74901961 0.74117647
v 0.05033915 -0.12180498 -0.01906069 0.76078431 0.72549020 0.73725490
v 0.07937419 -0.01378347 0.03774283 0.89019608 0.69803922 0.69411765
v 0.07960220 -0.01386209 0.03625959 0.89019608 0.69803922 0.69411765
v 0.07790069 -0.01230907 0.03603740 0.88235294 0.67843137 0.69411765
v 0.07790243 -0.01234564 0.03668841 0.88235294 0.67843137 0.69411765
v 0.07944730 -0.02197757 0.03694821 0.87843137 0.58039216 0.70196078
v 0.07861651 -0.02073692 0.03666915 0.89019608 0.59607843 0.72156863
v 0.07925336 -0.02064438 0.03531702 0.87058824 0.57647059 0.68235294
v 0.08051780 -0.02166373 0.03552645 0.87058824 0.57647059 0.68235294
v 0.07688561 -0.01223716 0.03686880 0.88235294 0.67843137 0.69411765
v 0.07721118 -0.01418643 0.03950267 0.89019608 0.69803922 0.69411765
v 0.07839522 -0.01405856 0.03955116 0.89019608 0.69803922 0.69411765
v 0.07734010 -0.01227968 0.03691503 0.88235294 0.67843137 0.69411765
v 0.09153406 0.02020147 -0.09969182 0.77254902 0.62352941 0.61176471
v 0.08291318 -0.02123480 0.03498413 0.88627451 0.73725490 0.73333333
v 0.08153716 -0.01960818 0.03506676 0.89019608 0.73333333 0.74117647
v 0.08262463 -0.01917016 0.03630375 0.89019608 0.74509804 0.74901961
v 0.08483267 -0.02028322 0.03583205 0.89019608 0.74509804 0.74901961
v 0.07997571 -0.02041923 0.04519510 0.88235294 0.65882353 0.65882353
v 0.08093162 -0.01846851 0.04466064 0.87843137 0.67450980 0.66274510
v 0.07907072 -0.01947870 0.04336965 0.89019608 0.64705882 0.65490196
v 0.07881810 -0.02131101 0.04306949 0.89019608 0.62745098 0.64705882
v 0.08235054 -0.01803022 0.04308697 0.87843137 0.71764706 0.69411765
v 0.08491683 -0.01810663 0.04372293 0.88627451 0.73333333 0.72156863
v 0.08557629 -0.01817590 0.04135740 0.88627451 0.74509804 0.73725490
v 0.08297642 -0.01838069 0.04101610 0.88627451 0.73333333 0.72156863
v 0.07728194 -0.01781540 0.03953991 0.88235294 0.62745098 0.67058824
v 0.07853334 -0.01978252 0.04006277 0.89411765 0.52549020 0.62352941
v 0.07812776 -0.01722887 0.04239874 0.89019608 0.63529412 0.66274510
v 0.08147769 -0.01717773 0.03540387 0.89019608 0.73333333 0.73725490
v 0.08072734 -0.01801908 0.03462603 0.89019608 0.73333333 0.74117647
v 0.07916199 -0.01482370 0.03530253 0.89411765 0.72156863 0.72549020
v 0.07933013 -0.01448765 0.03511373 0.88235294 0.70196078 0.70980392
v 0.07323336 -0.08603061 -0.05658857 0.81568627 0.76470588 0.78039216
v 0.07168894 -0.08263043 -0.07208211 0.72941176 0.67843137 0.72549020
v 0.09366846 0.00140259 0.00875012 0.89411765 0.78039216 0.77647059
v 0.09346259 -0.00128610 0.01010808 0.90196078 0.79215686 0.77647059
v 0.09034616 -0.00025547 0.01276558 0.90588235 0.78823529 0.77647059
v 0.09067535 0.00211142 0.01140002 0.89019608 0.78823529 0.77647059
v 0.08597079 -0.00883378 -0.08259883 0.81960784 0.67450980 0.65098039
v 0.08578627 -0.00812825 -0.08134516 0.81960784 0.67450980 0.65098039
v 0.08190776 0.01297163 -0.10453656 0.68627451 0.52941176 0.50980392
v 0.08735466 0.01482361 -0.10329999 0.69019608 0.53725490 0.52549020
v 0.08490998 0.01914520 -0.10052215 0.77254902 0.62352941 0.61176471
v 0.08681614 0.02054693 -0.09621355 0.77254902 0.62352941 0.61176471
v 0.08593830 0.01924817 -0.09496342 0.77254902 0.62352941 0.61176471
v 0.08407629 0.01763401 -0.09838680 0.72156863 0.57254902 0.56078431
v 0.09088105 0.01463036 -0.10379353 0.69019608 0.53725490 0.52549020
v 0.08256007 -0.02171996 -0.08400990 0.62745098 0.45882353 0.43137255
v 0.08652657 0.00461335 -0.09780917 0.68627451 0.52941176 0.50980392
v 0.08762158 0.02093594 -0.09382985 0.77254902 0.62352941 0.61176471
v 0.09008479 0.02212025 -0.09571446 0.77254902 0.62352941 0.61176471
v 0.08517855 -0.00575055 -0.10794815 0.68627451 0.52941176 0.50980392
v 0.09049514 0.01334946 -0.10560261 0.69019608 0.53725490 0.52549020
v 0.09003355 0.01168648 -0.10405350 0.68627451 0.52941176 0.50980392
v 0.09143262 0.01279983 -0.09033979 0.72156863 0.57254902 0.56078431
v 0.07686640 -0.01171247 -0.09759667 0.81960784 0.67450980 0.65098039
v 0.08283810 -0.01191172 -0.09868708 0.81960784 0.67450980 0.65098039
v 0.08160241 -0.01455496 -0.09722300 0.81960784 0.67450980 0.65098039
v -0.06889912 0.01171837 -0.02202674 0.70588235 0.54117647 0.53333333
v -0.06972554 0.00929097 -0.02309783 0.70588235 0.54117647 0.53333333
v -0.06922105 0.00742679 -0.02133561 0.70588235 0.54117647 0.53333333
v -0.06824902 0.00945871 -0.02020607 0.70588235 0.54117647 0.53333333
v -0.06562922 -0.00542320 -0.02440098 0.70588235 0.54117647 0.53333333
v -0.06635168 0.00153268 -0.02481651 0.70588235 0.54117647 0.53333333
v -0.06755244 0.00403238 -0.02461978 0.70588235 0.54117647 0.53333333
v -0.06756086 0.00180019 -0.02386476 0.70588235 0.54117647 0.53333333
v 0.07631096 -0.01362233 -0.09707499 0.81960784 0.67450980 0.65098039
v 0.08097923 -0.00007541 -0.09022068 0.58431373 0.44705882 0.43137255
v 0.08583562 -0.01702430 -0.07489925 0.62745098 0.45882353 0.43137255
v 0.08451274 -0.02735422 -0.09167466 0.65882353 0.53333333 0.54901961
v -0.06433368 -0.01568796 -0.02223095 0.75294118 0.56470588 0.57647059
v -0.06319174 -0.01507879 -0.02281458 0.75294118 0.56470588 0.57647059
v -0.06496070 -0.01049955 -0.02330877 0.78431373 0.57647059 0.58823529
v -0.06664358 -0.01093627 -0.02273781 0.78431373 0.57647059 0.58823529
v 0.08394031 -0.02618742 -0.09410314 0.65882353 0.53333333 0.54901961
v 0.00908743 -0.03085520 -0.12503289 0.65882353 0.53333333 0.54901961
v 0.00913882 -0.01961352 -0.13207448 0.81960784 0.67450980 0.65098039
v 0.08577754 -0.00604664 -0.11181143 0.68627451 0.52941176 0.50980392
v 0.08840040 0.01701033 -0.09650382 0.77254902 0.62352941 0.61176471
v 0.08360517 -0.02213626 -0.08598165 0.62745098 0.45882353 0.43137255
v 0.08498748 -0.02738771 -0.08446070 0.65882353 0.53333333 0.54901961
v 0.08447792 -0.02672459 -0.08228652 0.65882353 0.53333333 0.54901961
v 0.08577246 0.00737198 -0.09320358 0.68627451 0.52941176 0.50980392
v 0.07629547 -0.01679614 -0.10078520 0.81960784 0.67450980 0.65098039
v 0.07552401 -0.01446427 -0.10167213 0.81960784 0.67450980 0.65098039
v 0.07378319 -0.00643233 -0.08394649 0.85490196 0.64313725 0.61960784
v 0.07984915 -0.02331588 -0.09995268 0.62745098 0.45882353 0.43137255
v 0.07975368 -0.02830445 -0.09336171 0.65882353 0.53333333 0.54901961
v 0.06622313 -0.07852364 -0.08483898 0.52156863 0.56862745 0.64705882
v 0.05551189 -0.07465728 -0.09662259 0.73333333 0.63921569 0.63529412
v -0.04175376 -0.03615432 -0.00829046 0.59607843 0.48235294 0.49411765
v -0.04502972 -0.03323438 -0.00920209 0.56470588 0.47450980 0.50196078
v -0.04592680 -0.03614836 -0.01043184 0.59607843 0.48235294 0.49411765
v -0.04142784 -0.03760821 -0.01128959 0.61176471 0.51372549 0.52549020
v 0.05721848 -0.08634127 -0.09588022 0.52156863 0.56862745 0.64705882
v 0.06659362 -0.09106117 -0.08451618 0.72941176 0.67843137 0.72549020
v 0.08644794 -0.00359414 -0.07551375 0.85098039 0.63529412 0.61176471
v 0.08555812 -0.01035307 -0.07790388 0.74117647 0.58431373 0.56078431
v 0.08599524 -0.01160170 -0.07638189 0.72156863 0.56470588 0.52941176
v 0.06277627 -0.10627417 -0.02708810 0.30980392 0.29411765 0.32156863
v 0.05753777 -0.11731333 -0.02898496 0.39215686 0.33333333 0.36078431
v 0.08729985 -0.01656368 -0.07153847 0.65882353 0.53725490 0.50588235
v 0.09296145 -0.01741798 -0.06133186 0.75294118 0.67843137 0.67058824
v 0.09393242 -0.00186381 -0.06153547 0.76862745 0.59607843 0.55686275
v 0.08811320 -0.00686597 -0.07058021 0.76470588 0.56862745 0.55686275
v 0.10329687 0.02730853 -0.02338054 0.84313725 0.70588235 0.63529412
v 0.10253870 0.02838616 -0.02844157 0.80000000 0.71372549 0.63921569
v 0.10314056 0.01882803 -0.02870139 0.82745098 0.73725490 0.63921569
v 0.10326511 0.01978796 -0.02417052 0.83921569 0.73333333 0.64313725
v 0.07841754 0.08286580 0.01256209 0.72941176 0.67058824 0.62745098
v 0.07102205 0.08376007 0.01971507 0.73333333 0.63921569 0.60000000
v 0.06787515 0.09113951 0.01460228 0.73333333 0.63921569 0.60000000
v 0.07534174 0.08998454 0.00710416 0.72941176 0.67058824 0.62745098
v 0.00888213 -0.01120258 -0.13625897 0.85490196 0.64313725 0.61960784
v 0.00842422 -0.00056958 -0.14079686 0.68627451 0.52941176 0.50980392
v -0.01211675 -0.00309987 -0.13713534 0.64313725 0.44705882 0.43137255
v -0.01073448 -0.01297002 -0.13252641 0.85490196 0.64313725 0.61960784
v 0.06442630 0.10806550 -0.01203734 0.70588235 0.65098039 0.61960784
v 0.05677198 0.10950139 -0.00437908 0.73333333 0.64705882 0.60000000
v 0.05190262 0.11501633 -0.01302214 0.73333333 0.64705882 0.60000000
v -0.03939082 -0.03630490 -0.01363569 0.61176471 0.51372549 0.52549020
v -0.04483163 -0.03649278 -0.01560894 0.59607843 0.48235294 0.49411765
v -0.04500740 -0.03321093 -0.01681874 0.56470588 0.47450980 0.50196078
v -0.04076238 -0.03351169 -0.01544772 0.59607843 0.48235294 0.49411765
v 0.05988764 0.11333375 -0.02047800 0.70588235 0.65098039 0.61960784
v 0.10466082 -0.00096626 -0.00854982 0.87450980 0.77254902 0.78823529
v 0.10644922 -0.00682132 -0.00967717 0.89019608 0.78823529 0.80392157
v 0.10514721 -0.00732087 -0.00456712 0.88627451 0.79215686 0.81176471
v 0.10341111 -0.00137535 -0.00429505 0.87843137 0.77647059 0.79215686
v 0.08645286 -0.03186097 -0.08219917 0.58431373 0.47843137 0.48627451
v 0.08609428 -0.03081679 -0.08060093 0.62745098 0.52156863 0.53725490
v -0.05838128 0.02009549 -0.01269688 0.72549020 0.55294118 0.54117647
v -0.05837542 0.01639739 -0.01204630 0.72549020 0.55294118 0.54117647
v -0.05631153 0.01521443 -0.01097335 0.72549020 0.55294118 0.54117647
v -0.05591263 0.01883273 -0.01138829 0.72549020 0.55294118 0.54117647
v -0.05267350 -0.01005191 -0.02908538 0.78431373 0.57647059 0.58823529
v -0.05064404 -0.01676280 -0.02882028 0.75294118 0.56470588 0.57647059
v -0.05686474 -0.01190388 -0.02781931 0.78431373 0.57647059 0.58823529
v -0.05722560 -0.00898246 -0.02771015 0.80784314 0.58823529 0.58431373
v 0.04621230 0.11989432 -0.02319503 0.73333333 0.64705882 0.60000000
v 0.05462884 0.11804015 -0.03042450 0.70588235 0.61960784 0.58823529
v 0.07719371 0.00790021 0.02556088 0.93725490 0.83137255 0.79607843
v -0.06034232 0.01088893 -0.01938490 0.70588235 0.54117647 0.53333333
v -0.06214653 0.01155022 -0.02164431 0.70588235 0.54117647 0.53333333
v -0.06325993 0.00957885 -0.02243705 0.70588235 0.54117647 0.53333333
v -0.06152672 0.00826594 -0.02092680 0.70588235 0.54117647 0.53333333
v -0.06677993 0.01330224 -0.02431316 0.70588235 0.54117647 0.53333333
v -0.06768925 0.01057701 -0.02557740 0.70588235 0.54117647 0.53333333
v -0.03999360 -0.02757369 -0.00807015 0.55294118 0.48627451 0.50980392
v -0.03869288 -0.02424837 -0.00781147 0.67843137 0.58039216 0.59215686
v -0.03962107 -0.02252239 -0.00886671 0.69411765 0.56470588 0.55686275
v -0.04079988 -0.02343019 -0.00999997 0.67843137 0.58039216 0.59215686
v -0.04873975 -0.01050016 -0.02117498 0.78431373 0.57647059 0.58823529
v -0.04873747 -0.00612654 -0.01794041 0.90196078 0.65098039 0.60784314
v -0.05913622 -0.02608978 -0.02016945 0.61176471 0.41960784 0.42352941
v -0.05853584 -0.02432018 -0.01937005 0.61176471 0.41960784 0.42352941
v -0.06188170 -0.02024693 -0.02081189 0.75294118 0.56470588 0.57647059
v -0.06268662 -0.02153645 -0.02210917 0.75294118 0.56470588 0.57647059
v 0.07629168 0.00978829 0.02324765 0.92549020 0.79607843 0.75686275
v 0.07903145 0.00658743 0.02048919 0.93725490 0.83529412 0.79215686
v 0.07968801 0.00456615 0.02239894 0.93333333 0.82745098 0.80784314
v 0.07458490 0.05644788 0.02994449 0.77254902 0.68235294 0.61568627
v 0.07424764 0.06429769 0.02756802 0.70588235 0.60784314 0.56078431
v 0.08120607 0.06442702 0.02177272 0.72156863 0.60392157 0.55294118
v 0.08136590 0.05669371 0.02484555 0.75686275 0.64313725 0.59215686
v 0.08273520 0.00434755 0.01730086 0.90588235 0.80392157 0.78431373
v 0.08268686 0.00239245 0.01900806 0.90980392 0.80784314 0.79607843
v 0.06449493 0.09776168 0.00891289 0.73333333 0.64705882 0.60000000
v 0.07200561 0.09654533 0.00118471 0.72941176 0.67058824 0.62745098
v 0.02905079 0.12638429 -0.07338410 0.74117647 0.65490196 0.63137255
v -0.05494371 -0.02219437 -0.01927794 0.61176471 0.41960784 0.42352941
v -0.05847140 -0.01928289 -0.02089388 0.75294118 0.56470588 0.57647059
v -0.06012151 -0.01856035 -0.02190248 0.75294118 0.56470588 0.57647059
v -0.05847476 -0.02080938 -0.02064994 0.61176471 0.41960784 0.42352941
v 0.03372682 0.12621810 -0.06627014 0.74901961 0.65490196 0.63529412
v 0.02388042 0.12883516 -0.06093832 0.71372549 0.61960784 0.59215686
v -0.06246375 0.01331007 -0.01922439 0.70196078 0.53725490 0.52941176
v -0.05899368 0.01544139 -0.01559150 0.72549020 0.55294118 0.54117647
v -0.05963700 0.01426071 -0.01366401 0.72549020 0.55294118 0.54117647
v -0.06305304 0.01234156 -0.01656638 0.70196078 0.53725490 0.52941176
v 0.01847209 0.12852827 -0.07237672 0.74901961 0.65490196 0.63529412
v 0.05564698 0.00115525 -0.12166391 0.68627451 0.52941176 0.50980392
v 0.06605311 -0.00099057 -0.10936530 0.68627451 0.52941176 0.50980392
v 0.06823514 0.01094424 -0.11179435 0.68627451 0.52941176 0.50980392
v 0.05839831 0.01763217 -0.12547548 0.68627451 0.52941176 0.50980392
v 0.06807473 -0.09878264 -0.03992746 0.81176471 0.76862745 0.79607843
v 0.06388715 -0.11041040 -0.04180632 0.81176471 0.75294118 0.76470588
v -0.05791544 0.00245476 -0.02570265 0.70588235 0.54117647 0.53333333
v -0.05532683 0.00725980 -0.02433986 0.70588235 0.54117647 0.53333333
v -0.05470790 0.00663790 -0.02464858 0.70588235 0.54117647 0.53333333
v -0.05693527 0.00252852 -0.02612736 0.70588235 0.54117647 0.53333333
v -0.06525218 0.01076282 -0.02289849 0.70588235 0.54117647 0.53333333
v -0.06632142 0.00863824 -0.02379263 0.70588235 0.54117647 0.53333333
v -0.06440714 0.00734657 -0.02346692 0.70588235 0.54117647 0.53333333
v -0.04856240 0.00778993 -0.01344534 0.70588235 0.54117647 0.53333333
v -0.05107823 0.00880274 -0.01425856 0.70588235 0.54117647 0.53333333
v -0.05146842 0.00737024 -0.01515713 0.70588235 0.54117647 0.53333333
v -0.05094520 0.00614441 -0.01463161 0.70588235 0.54117647 0.53333333
v -0.04721904 -0.03683405 -0.01390448 0.59607843 0.48235294 0.49411765
v -0.04631558 -0.02555714 -0.02408974 0.67843137 0.58039216 0.59215686
v -0.04847226 -0.02502497 -0.02481857 0.67843137 0.58039216 0.59215686
v -0.05216373 -0.02081203 -0.02590213 0.61176471 0.41960784 0.42352941
v -0.05109582 -0.01969261 -0.02685910 0.61176471 0.41960784 0.42352941
v 0.10136374 0.04916341 -0.01367112 0.74117647 0.63529412 0.60000000
v 0.10079500 0.05445258 -0.01794802 0.70588235 0.62352941 0.61176471
v 0.10165311 0.04771135 -0.02316981 0.73333333 0.63137255 0.61176471
v 0.10237233 0.04331488 -0.01829457 0.77254902 0.67058824 0.61960784
v 0.07449247 0.04372226 0.03272878 0.84313725 0.76078431 0.72156863
v 0.08073667 0.04395019 0.02865330 0.82745098 0.73333333 0.70196078
v 0.07908490 0.03791922 0.02939383 0.83529412 0.74117647 0.70980392
v 0.07397218 0.03748559 0.03316846 0.85882353 0.77647059 0.74509804
v -0.03676135 -0.03476798 -0.00854865 0.59607843 0.48235294 0.49411765
v -0.03966772 -0.03437331 -0.00716470 0.59607843 0.48235294 0.49411765
v -0.04066619 -0.03531659 -0.00790231 0.59607843 0.48235294 0.49411765
v -0.03825625 -0.03636146 -0.00991261 0.61176471 0.51372549 0.52549020
v 0.10367372 0.01227447 -0.02357705 0.81960784 0.72941176 0.66274510
v 0.10432291 0.00960835 -0.02736764 0.81568627 0.72549020 0.66666667
v 0.10610555 0.00142954 -0.02275266 0.85490196 0.78431373 0.76470588
v 0.10466868 0.00512924 -0.01949378 0.83529412 0.74509804 0.72156863
v 0.10516998 0.00033363 -0.01256310 0.86274510 0.76862745 0.78039216
v -0.05177647 0.01211921 -0.01405230 0.69803922 0.54117647 0.52941176
v -0.05419094 0.01153176 -0.01481918 0.70196078 0.53725490 0.52941176
v -0.05257709 0.01073236 -0.01516296 0.70196078 0.53725490 0.52941176
v -0.05099666 0.01107094 -0.01438977 0.70196078 0.53725490 0.52941176
v 0.10705289 -0.00517613 -0.01409823 0.87450980 0.78431373 0.80000000
v -0.06455439 -0.00026035 -0.02411143 0.70588235 0.54117647 0.53333333
v -0.06271315 0.00589241 -0.02226718 0.70588235 0.54117647 0.53333333
v 0.08064120 0.07356730 0.01805218 0.74117647 0.64313725 0.59607843
v 0.07316421 0.07395250 0.02441518 0.71764706 0.62745098 0.56862745
v 0.10203193 0.03870635 -0.02701084 0.75294118 0.65098039 0.60784314
v 0.10287309 0.03567712 -0.02164456 0.79607843 0.69019608 0.62352941
v 0.07593475 0.01096896 0.02876526 0.95686275 0.81176471 0.74901961
v 0.07495467 0.01249274 0.02569719 0.95686275 0.83529412 0.76470588
v 0.07386753 0.01681446 0.02866570 0.95294118 0.81176471 0.74117647
v -0.06173189 -0.00922107 -0.02060109 0.78431373 0.57647059 0.58823529
v -0.06301868 -0.00882234 -0.02309225 0.80784314 0.58823529 0.58431373
v -0.06203273 -0.01286558 -0.02208245 0.75294118 0.56470588 0.57647059
v -0.06037915 -0.01302065 -0.02012556 0.75294118 0.56470588 0.57647059
v 0.07346503 0.01618196 0.03499114 0.92549020 0.82352941 0.76078431
v 0.07276623 0.02030496 0.03376716 0.90980392 0.80000000 0.74117647
v 0.07389272 0.02045373 0.02952661 0.92549020 0.81568627 0.75294118
v 0.09279384 0.05656143 0.00987032 0.74509804 0.63137255 0.61176471
v 0.09259856 0.06366599 0.00624075 0.69411765 0.60000000 0.58431373
v 0.09622021 0.06241330 -0.00235384 0.66666667 0.57254902 0.56078431
v 0.09656225 0.05578579 0.00142894 0.75294118 0.64705882 0.62352941
v 0.06843045 0.10243878 -0.00502214 0.70588235 0.65098039 0.61960784
v -0.06157496 -0.00153920 -0.02001678 0.70588235 0.54117647 0.53333333
v -0.06322104 -0.00135826 -0.02282638 0.70588235 0.54117647 0.53333333
v 0.06084539 0.10373791 0.00272610 0.73333333 0.64705882 0.60000000
v 0.07292964 0.02966728 0.03305912 0.87843137 0.80000000 0.76862745
v 0.07584357 0.03005102 0.02941019 0.87843137 0.77254902 0.73333333
v 0.07459085 0.02633195 0.02919591 0.89019608 0.79607843 0.74901961
v -0.06667852 0.00668200 -0.02150023 0.70588235 0.54117647 0.53333333
v -0.06748793 0.00102432 -0.02243547 0.70588235 0.54117647 0.53333333
v -0.06662405 0.00737340 -0.02257303 0.70588235 0.54117647 0.53333333
v -0.05239483 0.01010968 -0.02252549 0.70588235 0.54117647 0.53333333
v -0.05465540 0.01342968 -0.02550209 0.70588235 0.54117647 0.53333333
v -0.05518979 0.00763515 -0.02803638 0.70588235 0.54117647 0.53333333
v -0.05353053 0.00791990 -0.02410272 0.70588235 0.54117647 0.53333333
v 0.07274514 0.02631933 0.03294059 0.89803922 0.81960784 0.77254902
v 0.08642253 0.00084510 0.01584535 0.90980392 0.80000000 0.78823529
v 0.08666063 0.00298983 0.01447901 0.90196078 0.79215686 0.77254902
v 0.07566237 -0.03064803 -0.08240445 0.58431373 0.47843137 0.48627451
v 0.07776196 -0.03202324 -0.08205972 0.58431373 0.47843137 0.48627451
v 0.09000222 0.01417331 -0.07348656 0.74901961 0.61176471 0.59607843
v 0.08888070 0.00361920 -0.07135171 0.66274510 0.44705882 0.41960784
v 0.09451194 0.01132198 -0.06256154 0.63921569 0.49803922 0.45882353
v 0.09447181 0.02407987 -0.06485914 0.72156863 0.61568627 0.59215686
v 0.09486218 0.03606075 -0.06884453 0.76862745 0.64313725 0.61960784
v 0.09290674 0.04465522 -0.07355312 0.76078431 0.64705882 0.62352941
v 0.09024313 0.02893757 -0.08053184 0.75294118 0.63529412 0.61176471
v 0.09092328 0.02320622 -0.07656429 0.76470588 0.63137255 0.61176471
v 0.04672278 -0.08302531 -0.10498022 0.85098039 0.78431373 0.80392157
v 0.04289607 -0.07265005 -0.10603251 0.73333333 0.63921569 0.63529412
v 0.07488591 0.01307855 0.03720339 0.92156863 0.80784314 0.76862745
v 0.07612456 0.01011746 0.03934031 0.93725490 0.82745098 0.80000000
v -0.01473504 0.03922808 -0.14656188 0.68627451 0.52941176 0.50980392
v -0.03999026 -0.01845413 -0.00903738 0.61176471 0.41960784 0.42352941
v -0.04163559 -0.01617434 -0.00967249 0.61176471 0.41960784 0.42352941
v -0.04115127 -0.01808377 -0.01208500 0.61176471 0.41960784 0.42352941
v -0.04030325 -0.02072032 -0.01189777 0.61176471 0.41960784 0.42352941
v -0.01463471 0.02564546 -0.14508453 0.68627451 0.52941176 0.50980392
v 0.00727467 0.02930222 -0.14784293 0.68627451 0.52941176 0.50980392
v 0.00716624 0.04223594 -0.14882219 0.68627451 0.52941176 0.50980392
v 0.05449623 -0.00951822 -0.11710976 0.83921569 0.64705882 0.62352941
v -0.05216265 -0.02293581 -0.02456607 0.61176471 0.41960784 0.42352941
v -0.04867850 -0.02606452 -0.02383576 0.67843137 0.58039216 0.59215686
v -0.04878478 -0.02674647 -0.02304273 0.55294118 0.48627451 0.50980392
v -0.05185091 -0.02461220 -0.02318847 0.61176471 0.41960784 0.42352941
v 0.06475861 -0.00969613 -0.10606173 0.81960784 0.67450980 0.65098039
v 0.08154115 -0.01646914 0.03725737 0.89019608 0.72941176 0.72941176
v 0.07738531 -0.01219111 0.03553136 0.88235294 0.67843137 0.69411765
v 0.07842202 -0.01513465 0.03607541 0.89411765 0.72156863 0.72549020
v 0.07750732 -0.01229430 0.03554555 0.88235294 0.67843137 0.69411765
v 0.08319001 -0.01877326 0.03865858 0.89019608 0.74901961 0.74509804
v 0.08593296 -0.01875549 0.03858100 0.89019608 0.74901961 0.74509804
v 0.07845770 -0.01895169 0.03523736 0.89019608 0.58431373 0.70980392
v 0.07778464 -0.01897874 0.03607161 0.89019608 0.58431373 0.70980392
v 0.07792357 -0.01491678 0.03659256 0.89019608 0.69803922 0.69411765
v 0.07772852 -0.01218179 0.03550097 0.88235294 0.67843137 0.69411765
v 0.07870208 -0.02184468 0.04837276 0.87843137 0.63921569 0.64705882
v 0.08061160 -0.02041435 0.05051865 0.87058824 0.67058824 0.65882353
v 0.08334044 -0.01915690 0.04777456 0.87450980 0.69019608 0.67843137
v 0.08105551 -0.02062102 0.04681777 0.87843137 0.63921569 0.64705882
v 0.07701357 -0.01220520 0.03676134 0.88235294 0.67843137 0.69411765
v 0.07694787 -0.01473303 0.03834754 0.89019608 0.69803922 0.69411765
v 0.07948051 -0.01658524 0.04319911 0.88235294 0.66666667 0.66666667
v 0.07901858 -0.01385728 0.03891852 0.89019608 0.69803922 0.69411765
v 0.07765678 -0.01230181 0.03684822 0.88235294 0.67843137 0.69411765
v 0.08068742 -0.01620505 0.04155684 0.88235294 0.70980392 0.69803922
v 0.07867394 -0.02172502 0.04041355 0.89411765 0.52549020 0.62352941
v 0.08126166 -0.01622521 0.03955246 0.88627451 0.72941176 0.71764706
v -0.05642108 0.01232350 -0.01571459 0.70196078 0.53725490 0.52941176
v -0.05753815 0.00821207 -0.01656875 0.70588235 0.54117647 0.53333333
v -0.05577418 0.00815805 -0.01616414 0.70588235 0.54117647 0.53333333
v -0.04821508 -0.02149222 -0.01454575 0.61176471 0.41960784 0.42352941
v -0.04954483 -0.02015094 -0.01608698 0.61176471 0.41960784 0.42352941
v -0.05110165 -0.02281850 -0.01672483 0.61176471 0.41960784 0.42352941
v -0.04995604 -0.02488038 -0.01521410 0.67843137 0.58039216 0.59215686
v 0.08205278 -0.01889839 -0.09223065 0.62745098 0.45882353 0.43137255
v 0.07596223 -0.06520210 -0.06769719 0.85098039 0.78431373 0.80392157
v 0.07481355 -0.04989255 -0.07475282 0.57647059 0.47450980 0.47450980
v 0.07135594 -0.05039448 -0.07918982 0.57647059 0.47450980 0.47450980
v -0.05314053 -0.03263704 -0.01693457 0.56470588 0.47450980 0.50196078
v -0.05157210 -0.03317397 -0.01905861 0.56470588 0.47450980 0.50196078
v -0.04823467 -0.03529844 -0.01703750 0.59607843 0.48235294 0.49411765
v -0.05024824 -0.03511585 -0.01538888 0.59607843 0.48235294 0.49411765
v -0.04089467 -0.02193735 -0.01078956 0.60784314 0.43137255 0.43137255
v -0.03965207 -0.02103842 -0.00915015 0.60784314 0.43137255 0.43137255
v -0.06033320 0.00276584 -0.02648468 0.70588235 0.54117647 0.53333333
v -0.05808873 0.00844410 -0.02421930 0.70588235 0.54117647 0.53333333
v 0.07161149 -0.06616064 -0.07570072 0.85098039 0.78431373 0.80392157
v 0.08642695 0.00693632 -0.09497181 0.68627451 0.52941176 0.50980392
v 0.10016342 0.05479706 -0.04320407 0.71372549 0.61176471 0.59215686
v 0.09640062 0.06655185 -0.05144398 0.72549020 0.63529412 0.61568627
v 0.09503005 0.05580407 -0.06431966 0.73725490 0.63529412 0.60784314
v -0.06027385 0.00682666 -0.01943597 0.70588235 0.54117647 0.53333333
v -0.06137423 0.00468988 -0.02058367 0.70588235 0.54117647 0.53333333
v 0.09750390 0.04522888 -0.05997174 0.75294118 0.64313725 0.61960784
v 0.09290015 0.07665066 -0.05854505 0.72549020 0.63529412 0.61568627
v 0.09188893 0.06676836 -0.07062629 0.73725490 0.63529412 0.60784314
v 0.08959549 0.05539560 -0.08081762 0.76078431 0.64705882 0.62352941
v 0.08442618 0.03549779 -0.09401817 0.76862745 0.63529412 0.61568627
v 0.09824768 0.01308234 0.00104778 0.87058824 0.77647059 0.74117647
v 0.09852083 0.01292024 0.00107716 0.87058824 0.77647059 0.74117647
v 0.09783073 0.01262615 0.00296895 0.88627451 0.79607843 0.74509804
v -0.04455937 -0.00555708 -0.01180292 0.90196078 0.65098039 0.60784314
v -0.04399506 -0.00502602 -0.01417700 0.88235294 0.65098039 0.59607843
v -0.04422235 -0.00583723 -0.01396067 0.90196078 0.65098039 0.60784314
v -0.04508342 -0.00702423 -0.01126458 0.87058824 0.62352941 0.64313725
v 0.09776607 0.01276410 0.00272630 0.88627451 0.79607843 0.74509804
v 0.09751268 0.01332731 0.00078726 0.87450980 0.78823529 0.74509804
v 0.09685406 0.01290695 0.00251442 0.88627451 0.79215686 0.74117647
v -0.04385284 -0.00609879 -0.01045593 0.90196078 0.65098039 0.62745098
v -0.04424107 -0.00765947 -0.01013051 0.78431373 0.57647059 0.58823529
v -0.04325163 -0.00776189 -0.00974803 0.78431373 0.57647059 0.58823529
v -0.04286149 -0.00697183 -0.00974170 0.87058824 0.62352941 0.64313725
v 0.09787449 0.01364694 -0.00057366 0.88235294 0.76470588 0.72156863
v 0.09856728 0.01338312 -0.00038473 0.87450980 0.75686275 0.72156863
v 0.09887640 0.01317317 -0.00039229 0.87450980 0.75686275 0.72156863
v 0.08471851 0.01403151 0.01279942 0.89803922 0.76862745 0.71764706
v 0.08522678 0.01438637 0.01188080 0.89803922 0.76862745 0.71764706
v 0.08763917 0.01346535 0.01066659 0.90588235 0.78039216 0.73333333
v 0.08732182 0.01337216 0.01199411 0.90588235 0.77254902 0.72156863
v 0.08479631 0.01372154 0.01330288 0.89803922 0.76862745 0.71764706
v 0.08767059 0.01301925 0.01234917 0.90980392 0.77647059 0.72941176
v -0.04363643 -0.00473645 -0.01501459 0.88235294 0.65098039 0.59607843
v -0.04384328 -0.00505203 -0.01455842 0.88235294 0.65098039 0.59607843
v -0.04401560 -0.00454937 -0.01450859 0.88235294 0.65098039 0.59607843
v -0.05252316 -0.00156789 -0.02308565 0.70588235 0.54117647 0.53333333
v -0.05343765 -0.00885891 -0.02478998 0.80784314 0.58823529 0.58431373
v -0.05272477 -0.01014617 -0.02507554 0.78431373 0.57647059 0.58823529
v -0.05260817 -0.00455843 -0.02224847 0.87058824 0.67450980 0.61960784
v 0.08517849 0.01616139 0.00584505 0.91372549 0.77254902 0.71764706
v 0.08455820 0.01645148 0.00603559 0.89019608 0.75294118 0.69803922
v -0.06418530 -0.00775908 -0.02416728 0.90196078 0.65098039 0.60784314
v 0.08606164 0.01579515 0.00548671 0.92549020 0.79607843 0.74509804
v 0.08207173 0.01580641 0.01146024 0.89019608 0.78823529 0.73333333
v 0.08215418 0.01683677 0.01155392 0.88627451 0.78823529 0.73333333
v -0.05210914 0.01523077 -0.00910366 0.72549020 0.55294118 0.54117647
v -0.05127554 0.01796095 -0.00915019 0.72549020 0.55294118 0.54117647
v -0.05515057 0.02075249 -0.01131302 0.72549020 0.55294118 0.54117647
v 0.08428694 0.01727977 0.00629757 0.88627451 0.75686275 0.70196078
v 0.08417782 0.01665882 0.00616102 0.89019608 0.75294118 0.69803922
v 0.08258452 0.01550622 0.01141198 0.89803922 0.78431373 0.72549020
v -0.04555152 -0.01854626 -0.02114476 0.61176471 0.41960784 0.42352941
v -0.04749636 -0.01841660 -0.01715095 0.61176471 0.41960784 0.42352941
v -0.04606183 -0.01856415 -0.01599223 0.61176471 0.41960784 0.42352941
v -0.04518466 -0.01875984 -0.01919594 0.61176471 0.41960784 0.42352941
v -0.04334366 -0.01390323 -0.01393365 0.75294118 0.56470588 0.57647059
v -0.04129735 -0.01691872 -0.01506726 0.61176471 0.41960784 0.42352941
v -0.04330011 -0.01561770 -0.01160175 0.75294118 0.56470588 0.57647059
v -0.04361329 -0.00044848 -0.01008818 0.93333333 0.68627451 0.61568627
v -0.04446485 -0.00388986 -0.01288599 0.87058824 0.67450980 0.61960784
v -0.04400948 -0.00491101 -0.01165137 0.88235294 0.65098039 0.59607843
v -0.04337753 -0.00472116 -0.01044259 0.88235294 0.65098039 0.59607843
v -0.06514175 -0.01629882 -0.02344319 0.75294118 0.56470588 0.57647059
v -0.06720172 -0.01108720 -0.02441968 0.78431373 0.57647059 0.58823529
v -0.06679569 -0.01121067 -0.02672664 0.78431373 0.57647059 0.58823529
v -0.06483870 -0.01685442 -0.02569078 0.75294118 0.56470588 0.57647059
v 0.08120878 0.01511298 0.01257027 0.89803922 0.78431373 0.72941176
v 0.08009754 0.01532501 0.01275258 0.89019608 0.78039216 0.72549020
v -0.03732153 -0.03119763 -0.00679675 0.56470588 0.47450980 0.50196078
v -0.03503397 -0.03311661 -0.01221486 0.59607843 0.48235294 0.49411765
v -0.03654255 -0.02837966 -0.00724682 0.55294118 0.48627451 0.50980392
v -0.06507172 0.01771343 -0.01814487 0.72549020 0.55294118 0.54117647
v -0.06344467 0.01949743 -0.01927226 0.72549020 0.55294118 0.54117647
v -0.06480423 0.01769597 -0.02118222 0.72549020 0.55294118 0.54117647
v -0.06670547 0.01597917 -0.01964759 0.72549020 0.55294118 0.54117647
v -0.04728654 0.00105240 -0.01705185 0.70588235 0.54117647 0.53333333
v -0.04685569 -0.00083855 -0.01721039 0.70588235 0.54117647 0.53333333
v -0.04652704 0.00009166 -0.01572772 0.70588235 0.54117647 0.53333333
v -0.04647692 0.00222793 -0.01568972 0.70588235 0.54117647 0.53333333
v 0.08027142 0.01670988 0.01307636 0.89019608 0.78039216 0.72549020
v 0.09220331 0.01198702 0.00976612 0.92549020 0.80784314 0.75686275
v 0.09245470 0.01123253 0.00963280 0.91764706 0.79215686 0.74901961
v 0.08849314 0.01162630 0.01218911 0.90588235 0.78823529 0.74117647
v 0.08809145 0.01244253 0.01234035 0.90588235 0.78039216 0.73333333
v 0.09187709 0.01245643 0.00980046 0.92549020 0.81176471 0.76862745
v 0.09443864 0.01251657 0.00729086 0.91764706 0.80784314 0.77254902
v 0.09461674 0.01203177 0.00733063 0.90980392 0.79215686 0.76078431
v 0.09476669 0.01128677 0.00714936 0.90196078 0.77254902 0.76078431
v -0.05046955 -0.03120115 -0.06553183 0.56470588 0.47450980 0.50196078
v -0.04779715 -0.03226034 -0.04557252 0.56470588 0.47450980 0.50196078
v -0.05532365 -0.01818858 -0.05031335 0.75294118 0.56470588 0.57647059
v -0.05721008 -0.01759407 -0.06732406 0.78431373 0.57647059 0.58823529
v -0.05341452 -0.02966888 -0.01583125 0.55294118 0.48627451 0.50980392
v -0.05166173 -0.03185413 -0.01391865 0.56470588 0.47450980 0.50196078
v -0.04442958 0.00676923 -0.00770067 0.70196078 0.53725490 0.52941176
v -0.04316845 0.00826154 -0.00686052 0.70588235 0.54117647 0.52549020
v -0.04451481 0.01379849 -0.00766497 0.72549020 0.55294118 0.54117647
v -0.04545142 0.01084775 -0.00760264 0.70980392 0.54117647 0.52941176
v 0.08551671 0.01252523 0.01367498 0.89411765 0.77647059 0.72549020
v 0.08524308 0.01333734 0.01350603 0.89803922 0.76862745 0.71764706
v 0.09480494 0.01061758 0.00699857 0.89803922 0.77647059 0.75294118
v 0.09268199 0.01056487 0.00934238 0.91372549 0.78039216 0.74117647
v -0.06926003 0.00328327 -0.02703323 0.70588235 0.54117647 0.53333333
v -0.07055452 0.00249033 -0.02465276 0.70588235 0.54117647 0.53333333
v 0.08866982 0.01097417 0.01200418 0.90588235 0.78431373 0.74117647
v 0.08548152 0.01210835 0.01376196 0.89019608 0.78431373 0.73725490
v 0.08262169 0.01327195 0.01467187 0.90588235 0.79215686 0.74117647
v 0.08372101 0.01348136 0.01415492 0.90196078 0.77647059 0.72941176
v 0.09269017 0.00984089 0.00898215 0.90196078 0.78039216 0.75294118
v 0.09255213 0.00910321 0.00902876 0.90196078 0.78039216 0.75294118
v 0.08867672 0.00949269 0.01196514 0.89411765 0.78039216 0.74509804
v 0.08869129 0.01024946 0.01182930 0.89411765 0.78039216 0.74509804
v -0.05053854 0.01222902 -0.01296825 0.70588235 0.54117647 0.52549020
v -0.05334850 0.01502969 -0.01459512 0.72549020 0.55294118 0.54117647
v -0.05185206 0.01289818 -0.01434501 0.70588235 0.54117647 0.52549020
v -0.05025331 0.01151709 -0.01345257 0.69803922 0.54117647 0.52941176
v -0.04906422 0.00405317 -0.01058458 0.70588235 0.54117647 0.53333333
v -0.04955024 0.00530839 -0.01026966 0.70588235 0.54117647 0.53333333
v -0.04805273 0.00621662 -0.01133757 0.70588235 0.54117647 0.53333333
v -0.04737668 0.00494411 -0.01198817 0.70588235 0.54117647 0.53333333
v 0.09472702 0.00992588 0.00659889 0.90196078 0.78431373 0.77254902
v 0.09463744 0.00914295 0.00646922 0.89803922 0.78431373 0.77254902
v -0.04197586 0.01294764 -0.00598823 0.72549020 0.55294118 0.54117647
v -0.04457138 0.01811342 -0.00808821 0.72549020 0.55294118 0.54117647
v 0.09897780 0.01326818 -0.00252117 0.87450980 0.77254902 0.73333333
v 0.09900720 0.01374811 -0.00354296 0.86666667 0.74901961 0.71764706
v 0.09895414 0.01320948 -0.00350330 0.87450980 0.75686275 0.72941176
v -0.04424708 -0.02584600 -0.02463192 0.55294118 0.48627451 0.50980392
v 0.09886771 0.01280352 -0.00292066 0.87450980 0.75686275 0.72941176
v 0.09938875 0.01094790 -0.00711279 0.83529412 0.73333333 0.71764706
v 0.09985463 0.01228950 -0.00830455 0.85098039 0.72941176 0.70588235
v 0.10040777 0.01179198 -0.01053411 0.85882353 0.75686275 0.71372549
v -0.04705400 0.00580549 -0.00859444 0.70588235 0.54117647 0.53333333
v -0.04774457 0.00832473 -0.00827765 0.70196078 0.53725490 0.52941176
v -0.04989718 0.00699270 -0.00980260 0.70588235 0.54117647 0.53333333
v -0.03681818 -0.02368414 -0.00659323 0.67843137 0.58039216 0.59215686
v -0.03850799 -0.02173908 -0.00792763 0.69411765 0.56470588 0.55686275
v -0.04988125 0.01116406 -0.01341877 0.69803922 0.54117647 0.52941176
v -0.04930167 0.01002564 -0.01360706 0.70196078 0.53725490 0.52941176
v -0.04742865 0.00617131 -0.01293824 0.70588235 0.54117647 0.53333333
v -0.04926012 0.00513935 -0.01442353 0.70588235 0.54117647 0.53333333
v 0.10006802 0.01023039 -0.00877767 0.83529412 0.74509804 0.71764706
v -0.05617622 -0.00078769 -0.01899962 0.70588235 0.54117647 0.53333333
v -0.05758545 -0.00874555 -0.02016778 0.78431373 0.57647059 0.58823529
v 0.10510539 0.00220494 -0.01636916 0.85882353 0.76862745 0.76470588
v 0.10177185 0.00763633 -0.01061454 0.85098039 0.76078431 0.74509804
v 0.10188365 0.00915060 -0.01312618 0.85882353 0.75294118 0.72156863
v 0.09893623 0.01304443 -0.00152700 0.87450980 0.76470588 0.72156863
v 0.09884383 0.01277056 -0.00037482 0.87450980 0.75686275 0.72549020
v 0.09894195 0.01338921 -0.00151640 0.87450980 0.76470588 0.72156863
v 0.09890822 0.01371867 -0.00257572 0.87843137 0.76862745 0.72549020
v 0.09884046 0.01243717 -0.00194246 0.88235294 0.76862745 0.73333333
v 0.09874750 0.01216018 -0.00062912 0.87450980 0.75686275 0.72549020
v 0.09851819 0.01257932 0.00104883 0.86666667 0.77647059 0.75294118
v 0.09843829 0.01188185 0.00094637 0.86666667 0.77647059 0.75294118
v 0.09774196 0.01156640 0.00288813 0.87450980 0.77254902 0.76078431
v 0.09776651 0.01228887 0.00302947 0.88235294 0.79607843 0.75294118
v 0.09654290 0.01213686 0.00507441 0.90980392 0.77647059 0.75294118
v -0.05092499 -0.01858153 -0.03699128 0.75294118 0.56470588 0.57647059
v -0.04062334 -0.03218049 -0.02697696 0.56470588 0.47450980 0.50196078
v 0.09671434 0.01256792 0.00476330 0.90196078 0.77647059 0.74509804
v 0.09658694 0.01137488 0.00483933 0.90980392 0.78039216 0.76078431
v 0.09767003 0.01095006 0.00254179 0.87450980 0.77254902 0.76078431
v 0.09657212 0.01072751 0.00461907 0.89803922 0.77647059 0.76470588
v 0.09824337 0.01125058 0.00050491 0.87843137 0.77647059 0.75294118
v 0.09856366 0.01161895 -0.00113540 0.87058824 0.76470588 0.73725490
v 0.09866713 0.01200762 -0.00249636 0.87450980 0.76470588 0.72549020
v 0.09884473 0.01241327 -0.00354068 0.87450980 0.74901961 0.71764706
v 0.09898730 0.01302966 -0.00425468 0.86666667 0.73333333 0.70980392
v 0.09863994 0.01151622 -0.00322611 0.87058824 0.74509804 0.71764706
v 0.09876867 0.01090957 -0.00427399 0.85882353 0.74901961 0.72941176
v 0.09839451 0.01036579 -0.00247545 0.86666667 0.75686275 0.74117647
v 0.09846297 0.01106914 -0.00171121 0.87058824 0.76078431 0.73333333
v 0.09895140 0.01206404 -0.00444376 0.87058824 0.72941176 0.70588235
v 0.09912451 0.01156456 -0.00570718 0.84705882 0.72549020 0.69803922
v -0.04719068 0.00668481 -0.01216415 0.70588235 0.54117647 0.53333333
v -0.04742099 0.00725467 -0.01224021 0.70588235 0.54117647 0.53333333
v -0.04690319 0.00645961 -0.01225024 0.70588235 0.54117647 0.53333333
v -0.04669569 0.00560204 -0.01287866 0.70588235 0.54117647 0.53333333
v 0.09817206 0.01071972 -0.00004904 0.88235294 0.78431373 0.76078431
v 0.09801866 0.01003688 -0.00052756 0.88235294 0.77254902 0.75294118
v 0.09731761 0.00965097 0.00167979 0.88235294 0.78039216 0.75294118
v 0.09753486 0.01034590 0.00212974 0.87843137 0.77254902 0.75294118
v -0.04963972 -0.03383304 -0.01225680 0.56470588 0.47450980 0.50196078
v -0.05473763 0.00510783 -0.01706739 0.70588235 0.54117647 0.53333333
v -0.05181565 0.00300420 -0.01655882 0.70588235 0.54117647 0.53333333
v -0.05302814 0.00487868 -0.01577598 0.70588235 0.54117647 0.53333333
v 0.09649432 0.01009412 0.00424837 0.89411765 0.78431373 0.76470588
v 0.09638398 0.00931507 0.00377458 0.90588235 0.80000000 0.77647059
v -0.06672823 -0.00645016 -0.02264307 0.70588235 0.54117647 0.53333333
v -0.06830831 0.00075797 -0.02153942 0.70588235 0.54117647 0.53333333
v -0.07012281 0.00098306 -0.02210806 0.70588235 0.54117647 0.53333333
v -0.06835233 -0.00653817 -0.02299289 0.70588235 0.54117647 0.53333333
v 0.09156065 0.01257824 0.00956739 0.92549020 0.81176471 0.76862745
v 0.09067868 0.01286827 0.00871712 0.92549020 0.81176471 0.76862745
v 0.09329946 0.01263701 0.00661732 0.92156863 0.82352941 0.77647059
v 0.09437315 0.01257588 0.00687307 0.91764706 0.80784314 0.77254902
v 0.09665547 0.01262587 0.00446363 0.90196078 0.77647059 0.74509804
v -0.03717703 -0.03529637 -0.01316564 0.59607843 0.48235294 0.49411765
v -0.04735209 -0.00147050 -0.01851790 0.93333333 0.68627451 0.61568627
v -0.04797779 -0.00285152 -0.01738017 0.94509804 0.70588235 0.63137255
v 0.09544776 0.01276767 0.00439663 0.90196078 0.78431373 0.74509804
v 0.09265627 0.01281385 0.00544156 0.92156863 0.82352941 0.77647059
v 0.08943303 0.01495920 0.00316292 0.91372549 0.81176471 0.76862745
v 0.09043343 0.01496047 0.00219754 0.88627451 0.79215686 0.74117647
v 0.09442635 0.01290576 0.00357666 0.90196078 0.79607843 0.75294118
v -0.04827539 0.00349863 -0.01538176 0.70588235 0.54117647 0.53333333
v -0.04638963 0.00472746 -0.01347886 0.70588235 0.54117647 0.53333333
v 0.09029043 0.01310676 0.00731461 0.92549020 0.81176471 0.76470588
v 0.08826342 0.01515653 0.00400584 0.92549020 0.83137255 0.78431373
v 0.08771299 0.01379304 0.00906319 0.91764706 0.78431373 0.73333333
v -0.03841958 -0.01873352 -0.00747818 0.61176471 0.41960784 0.42352941
v 0.08714408 0.01541332 0.00486423 0.92941176 0.80784314 0.76862745
v 0.08556511 0.01450914 0.01054326 0.90588235 0.76470588 0.70588235
v 0.09309331 0.02444082 0.00992158 0.87058824 0.76862745 0.71372549
v 0.09332639 0.02500424 0.00997152 0.87058824 0.76078431 0.71372549
v 0.09711774 0.02448492 0.00642857 0.88235294 0.77254902 0.71372549
v 0.09649695 0.02391448 0.00671723 0.88235294 0.77647059 0.72156863
v 0.02488702 0.00232364 -0.13802403 0.68627451 0.52941176 0.50980392
v 0.02379658 0.01738526 -0.14305678 0.68627451 0.52941176 0.50980392
v 0.00797839 0.01329602 -0.14538787 0.68627451 0.52941176 0.50980392
v 0.09866072 0.02112624 0.00414236 0.89411765 0.77647059 0.72156863
v 0.09844257 0.02241189 0.00392761 0.89803922 0.78431373 0.72941176
v 0.09955603 0.02128559 0.00103824 0.88235294 0.78039216 0.71372549
v 0.09962739 0.02010525 0.00124036 0.88627451 0.78823529 0.72549020
v 0.09869457 0.01984218 0.00426653 0.89411765 0.80000000 0.74117647
v -0.06289675 0.01415846 -0.02104897 0.70196078 0.53725490 0.52941176
v -0.06418359 0.01263183 -0.02186863 0.70588235 0.54117647 0.53333333
v -0.06141585 0.01298130 -0.02062135 0.70196078 0.53725490 0.52941176
v -0.06054472 0.01400762 -0.01937053 0.70196078 0.53725490 0.52941176
v -0.05928807 0.01622130 -0.01807266 0.72549020 0.55294118 0.54117647
v -0.05860005 0.01694172 -0.01795634 0.72549020 0.55294118 0.54117647
v -0.06155235 0.01561392 -0.01989254 0.72549020 0.55294118 0.54117647
v -0.05057194 0.00429165 -0.01510881 0.70588235 0.54117647 0.53333333
v -0.05189268 0.00531092 -0.01521286 0.70588235 0.54117647 0.53333333
v 0.09945408 0.01880739 0.00137341 0.88627451 0.78039216 0.72156863
v 0.09727602 0.02086402 0.00738025 0.87450980 0.78823529 0.74117647
v -0.04755715 -0.02277473 -0.01303392 0.61176471 0.41960784 0.42352941
v -0.04815390 -0.02811072 -0.01286893 0.55294118 0.48627451 0.50980392
v -0.06019014 -0.01636238 -0.02092979 0.75294118 0.56470588 0.57647059
v -0.05824491 -0.01584990 -0.01910899 0.75294118 0.56470588 0.57647059
v -0.06482116 -0.00552198 -0.02830684 0.70588235 0.54117647 0.53333333
v -0.06480584 0.00303305 -0.02769999 0.70588235 0.54117647 0.53333333
v -0.06249615 0.00279763 -0.02688665 0.70588235 0.54117647 0.53333333
v -0.06321076 -0.00535855 -0.02774847 0.70588235 0.54117647 0.53333333
v 0.09722100 0.02226354 0.00721740 0.87450980 0.76470588 0.70980392
v 0.09683216 0.02339866 0.00686012 0.88235294 0.77647059 0.72156863
v 0.09627189 0.01799605 -0.00169228 0.87058824 0.78431373 0.73725490
v 0.09600650 0.01866506 -0.00068108 0.87058824 0.78431373 0.73725490
v -0.05714931 -0.00334787 -0.02739118 0.70588235 0.54117647 0.53333333
v -0.05429926 -0.00237501 -0.02870044 0.70588235 0.54117647 0.53333333
v -0.04234757 -0.00622675 -0.00933705 0.90196078 0.65098039 0.62745098
v -0.04076995 -0.00268879 -0.00764724 0.87058824 0.67450980 0.61960784
v -0.04688278 0.00286398 -0.01538491 0.70588235 0.54117647 0.53333333
v -0.04626722 0.00445743 -0.01401106 0.70588235 0.54117647 0.53333333
v -0.05661454 -0.02042022 -0.02502534 0.75294118 0.56470588 0.57647059
v -0.04972906 -0.02748118 -0.02050075 0.55294118 0.48627451 0.50980392
v -0.05586016 -0.02256353 -0.02347893 0.61176471 0.41960784 0.42352941
v -0.04533654 -0.02812758 -0.02057202 0.55294118 0.48627451 0.50980392
v -0.04394890 -0.02913118 -0.01871234 0.55294118 0.48627451 0.50980392
v -0.04680087 -0.02913561 -0.01898212 0.55294118 0.48627451 0.50980392
v 0.09741016 0.01832781 0.00010644 0.88235294 0.76862745 0.72156863
v 0.09765232 0.01776244 -0.00151980 0.87058824 0.78431373 0.73725490
v 0.09645256 0.01748875 -0.00250220 0.87058824 0.78431373 0.73725490
v 0.09768689 0.01728774 -0.00259413 0.87058824 0.77647059 0.72549020
v 0.09180612 0.01749931 -0.00124805 0.87058824 0.78431373 0.73725490
v 0.09166194 0.01777286 -0.00076112 0.87058824 0.78431373 0.73725490
v 0.09140889 0.01810210 -0.00005143 0.88235294 0.76862745 0.72156863
v -0.05443958 -0.02028484 -0.01841081 0.61176471 0.41960784 0.42352941
v -0.05728479 -0.01889930 -0.01964221 0.75294118 0.56470588 0.57647059
v 0.09190412 0.01721735 -0.00154891 0.87058824 0.78431373 0.73725490
v -0.04446493 -0.00517381 -0.01527316 0.88235294 0.65098039 0.59607843
v -0.04423897 -0.00659443 -0.01747297 0.90196078 0.65098039 0.62745098
v -0.04276658 -0.00518146 -0.01598125 0.90196078 0.65098039 0.60784314
v -0.05935358 -0.00138478 -0.01892820 0.70588235 0.54117647 0.53333333
v -0.06016242 -0.00902848 -0.01950275 0.78431373 0.57647059 0.58823529
v -0.04946457 0.00752118 -0.01100080 0.70588235 0.54117647 0.53333333
v 0.09199852 0.01690257 -0.00171522 0.87058824 0.78431373 0.73725490
v -0.04711564 -0.00166408 -0.01220439 0.93333333 0.68627451 0.61568627
v -0.04672363 0.00152266 -0.01010952 0.70588235 0.54117647 0.53333333
v -0.05203225 0.01032551 -0.00940336 0.70588235 0.54117647 0.52549020
v -0.05119428 0.00897705 -0.01053532 0.70196078 0.53725490 0.52941176
v -0.05035476 0.00816535 -0.01074242 0.70196078 0.53725490 0.52941176
v -0.05061794 0.00861720 -0.00947220 0.70196078 0.53725490 0.52941176
v -0.03961928 -0.01372654 -0.02004732 0.75294118 0.56470588 0.57647059
v -0.04061095 -0.01553621 -0.01741714 0.75294118 0.56470588 0.57647059
v -0.04173195 -0.01264454 -0.01596866 0.75294118 0.56470588 0.57647059
v 0.09211884 0.01654501 -0.00177347 0.86666667 0.77254902 0.72549020
v 0.09196946 0.01627086 -0.00151031 0.86666667 0.77254902 0.72549020
v 0.10752462 -0.01321204 -0.01754633 0.89411765 0.80784314 0.81960784
v 0.10687533 -0.00264968 -0.01850288 0.86274510 0.77647059 0.78431373
v -0.05690708 0.01607501 -0.01618568 0.72549020 0.55294118 0.54117647
v -0.05786614 0.01434948 -0.01688895 0.72549020 0.55294118 0.54117647
v -0.06003468 0.00907418 -0.02489152 0.70588235 0.54117647 0.53333333
v 0.10727539 -0.01024203 -0.02255770 0.87450980 0.80000000 0.81568627
v 0.09859885 0.01367871 -0.00154008 0.87843137 0.76470588 0.72156863
v -0.05199320 0.00908984 -0.01474631 0.70588235 0.54117647 0.53333333
v -0.05237373 0.00788283 -0.01584847 0.70588235 0.54117647 0.53333333
v 0.09859581 0.01406445 -0.00258774 0.87843137 0.76862745 0.72549020
v -0.05359419 0.02094559 -0.01895119 0.72549020 0.55294118 0.54117647
v -0.05224263 0.01823102 -0.01591813 0.72549020 0.55294118 0.54117647
v -0.05141222 0.01842927 -0.01502945 0.72549020 0.55294118 0.54117647
v -0.05121987 0.02301545 -0.01503671 0.72549020 0.55294118 0.54117647
v 0.09792230 0.01396341 -0.00159690 0.87843137 0.76078431 0.72156863
v -0.04165046 -0.03188227 -0.01628668 0.56470588 0.47450980 0.50196078
v -0.04522419 -0.03150450 -0.01742430 0.56470588 0.47450980 0.50196078
v -0.04525207 -0.03024762 -0.01794808 0.55294118 0.48627451 0.50980392
v -0.04271216 -0.03034616 -0.01718204 0.56470588 0.47450980 0.50196078
v -0.04522900 -0.01874887 -0.01569840 0.61176471 0.41960784 0.42352941
v -0.04469848 -0.01900918 -0.01823591 0.61176471 0.41960784 0.42352941
v 0.09792678 0.01437891 -0.00250056 0.87843137 0.75294118 0.71372549
v -0.06225365 -0.01498252 -0.02305023 0.75294118 0.56470588 0.57647059
v -0.06132564 -0.01587136 -0.02239111 0.75294118 0.56470588 0.57647059
v -0.06312618 -0.01185787 -0.02346471 0.78431373 0.57647059 0.58823529
v -0.06376703 -0.01042535 -0.02411773 0.78431373 0.57647059 0.58823529
v 0.09861217 0.01459780 -0.00359665 0.85490196 0.73725490 0.72156863
v 0.09895875 0.01432736 -0.00379901 0.86274510 0.74117647 0.71764706
v 0.09642457 0.01357902 0.00045728 0.87058824 0.78431373 0.73333333
v 0.09165637 0.01528891 0.00048395 0.86666667 0.77254902 0.72156863
v 0.09195976 0.01548378 -0.00026402 0.87843137 0.78039216 0.73333333
v -0.04964378 0.00180044 -0.01963298 0.70588235 0.54117647 0.53333333
v -0.04871180 0.00088514 -0.01884932 0.70588235 0.54117647 0.53333333
v -0.05223545 0.01360570 -0.01854960 0.69803922 0.54117647 0.52941176
v -0.05460933 0.01547540 -0.01865822 0.72549020 0.55294118 0.54117647
v -0.05295563 0.01739715 -0.01582684 0.72549020 0.55294118 0.54117647
v -0.05164325 0.01581407 -0.01655960 0.72549020 0.55294118 0.54117647
v -0.06240984 0.00983033 -0.02573893 0.70588235 0.54117647 0.53333333
v 0.09674888 0.01399628 -0.00070741 0.89019608 0.77254902 0.72549020
v 0.09566607 0.01318714 0.00204895 0.88235294 0.79215686 0.73725490
v 0.09115266 0.01509442 0.00131383 0.88235294 0.79215686 0.73725490
v 0.09173654 0.01581881 -0.00065945 0.88235294 0.77647059 0.72941176
v 0.09187110 0.01600222 -0.00113898 0.86666667 0.77254902 0.72549020
v -0.05250171 0.00640023 -0.01581974 0.70588235 0.54117647 0.53333333
v -0.05320571 0.00661568 -0.01638949 0.70588235 0.54117647 0.53333333
v 0.09650403 0.01442816 -0.00141920 0.88235294 0.77647059 0.72941176
v -0.05203854 0.00676857 -0.01541461 0.70588235 0.54117647 0.53333333
v 0.09660786 0.01484690 -0.00229156 0.86666667 0.77254902 0.72549020
v 0.09791477 0.01496905 -0.00316136 0.86666667 0.74901961 0.70588235
v -0.04686845 0.00409203 -0.01265420 0.70588235 0.54117647 0.53333333
v -0.04875153 0.00296559 -0.01164790 0.70588235 0.54117647 0.53333333
v -0.05240094 0.01077228 -0.01091922 0.69803922 0.54117647 0.52941176
v -0.05563825 0.01409968 -0.01184692 0.72549020 0.55294118 0.54117647
v -0.05555461 0.01466926 -0.01345691 0.72549020 0.55294118 0.54117647
v -0.05207500 0.01164478 -0.01139731 0.70588235 0.54117647 0.52549020
v 0.09681085 0.01581447 -0.00330766 0.86666667 0.77254902 0.72549020
v 0.09674439 0.01636494 -0.00326403 0.87058824 0.78431373 0.73725490
v 0.09803537 0.01544069 -0.00353032 0.86666667 0.74901961 0.70588235
v -0.04831352 0.00885606 -0.01230187 0.70196078 0.53725490 0.52941176
v 0.09803551 0.01608564 -0.00361086 0.86666667 0.74901961 0.70588235
v 0.09668393 0.01536967 -0.00296144 0.86666667 0.77254902 0.72549020
v -0.03223046 -0.03129714 -0.10759569 0.59607843 0.48235294 0.49411765
v -0.03717180 -0.02084618 -0.11271840 0.78431373 0.57647059 0.58823529
v 0.09663741 0.01693091 -0.00300807 0.87058824 0.78431373 0.73725490
v 0.09796473 0.01660397 -0.00325509 0.85882353 0.74901961 0.70196078
v 0.09902574 0.01387213 -0.00408612 0.86274510 0.74117647 0.71764706
v 0.09901409 0.01474923 -0.00433884 0.86274510 0.74117647 0.71764706
v 0.09911668 0.01562196 -0.00509322 0.86274510 0.74117647 0.71764706
v 0.09908460 0.01389087 -0.00476792 0.87058824 0.74509804 0.72549020
v -0.04990446 0.01770435 -0.00929624 0.72549020 0.55294118 0.54117647
v -0.05157482 0.01921351 -0.01216759 0.72549020 0.55294118 0.54117647
v -0.05273466 0.02013933 -0.01216722 0.72549020 0.55294118 0.54117647
v -0.05064359 0.01850458 -0.00953470 0.72549020 0.55294118 0.54117647
v -0.06015248 0.01295679 -0.01924077 0.70196078 0.53725490 0.52941176
v 0.09924439 0.01403006 -0.00576094 0.87843137 0.75294118 0.73333333
v 0.09908769 0.01283811 -0.00528489 0.87058824 0.72549020 0.70196078
v 0.09962732 0.01644496 -0.00590992 0.85882353 0.73725490 0.71764706
v 0.10018453 0.01720182 -0.00747174 0.84705882 0.72549020 0.68235294
v -0.06550808 0.00977747 -0.02189433 0.70588235 0.54117647 0.53333333
v -0.04835812 -0.00488991 -0.01589003 0.88235294 0.65098039 0.59607843
v -0.04649284 -0.00748189 -0.01793757 0.87058824 0.62352941 0.64313725
v 0.09970786 0.01416720 -0.00727872 0.86666667 0.74901961 0.71372549
v 0.09933153 0.01268327 -0.00662264 0.85490196 0.73725490 0.70980392
v 0.09877755 0.01524614 -0.00415919 0.85490196 0.73725490 0.72156863
v -0.03774959 -0.00796645 -0.02165782 0.87058824 0.62352941 0.64313725
v -0.03792728 -0.00685147 -0.02128480 0.90196078 0.65098039 0.62745098
v -0.03900271 -0.00714762 -0.02186196 0.90196078 0.65098039 0.62745098
v -0.03912949 -0.00799289 -0.02225678 0.87058824 0.62352941 0.64313725
v 0.09871698 0.01574408 -0.00436491 0.85098039 0.74509804 0.72156863
v 0.09983999 0.01743417 -0.00452791 0.84313725 0.75686275 0.72549020
v -0.04240326 -0.01316842 -0.02140962 0.75294118 0.56470588 0.57647059
v -0.04397594 -0.01402746 -0.01971083 0.75294118 0.56470588 0.57647059
v -0.04241220 -0.01553200 -0.01881674 0.75294118 0.56470588 0.57647059
v -0.04160013 -0.01446313 -0.02106560 0.75294118 0.56470588 0.57647059
v 0.10019179 0.01845604 -0.00523563 0.84313725 0.75294118 0.70980392
v 0.09937654 0.01667677 -0.00407924 0.85490196 0.73725490 0.71372549
v 0.09954171 0.01736973 -0.00275833 0.85490196 0.75686275 0.71764706
v 0.09996366 0.01826306 -0.00302989 0.85098039 0.76470588 0.72549020
v -0.03752372 -0.01053857 -0.02226752 0.78431373 0.57647059 0.58823529
v -0.03762655 -0.00912612 -0.02192933 0.78431373 0.57647059 0.58823529
v -0.03900516 -0.00952699 -0.02283755 0.78431373 0.57647059 0.58823529
v -0.03898615 -0.01104485 -0.02346262 0.78431373 0.57647059 0.58823529
v 0.10016958 0.01921102 -0.00351722 0.84313725 0.76078431 0.71764706
v 0.09998676 0.01905604 -0.00110662 0.85882353 0.75686275 0.69803922
v -0.05556980 0.01660762 -0.01501920 0.72549020 0.55294118 0.54117647
v -0.05796697 0.01644844 -0.01608189 0.72549020 0.55294118 0.54117647
v 0.10005966 0.02018528 -0.00143703 0.87843137 0.78039216 0.71764706
v 0.09958966 0.01800749 -0.00100957 0.86274510 0.73725490 0.66274510
v 0.09881336 0.01641176 -0.00372711 0.85098039 0.74509804 0.72156863
v -0.06660371 0.00839354 -0.01980220 0.70588235 0.54117647 0.53333333
v -0.06745565 0.00644198 -0.02065883 0.70588235 0.54117647 0.53333333
v -0.06348898 0.01338440 -0.01978570 0.70196078 0.53725490 0.52941176
v -0.06457378 0.01166009 -0.02071324 0.70588235 0.54117647 0.53333333
v 0.09884744 0.01702762 -0.00269459 0.85882353 0.74901961 0.70196078
v 0.09882280 0.01764125 -0.00118045 0.87058824 0.76078431 0.70196078
v 0.09876953 0.01812521 0.00101247 0.88627451 0.77647059 0.72156863
v -0.04171588 -0.01360588 -0.00922844 0.75294118 0.56470588 0.57647059
v -0.04338562 -0.01328380 -0.01013427 0.75294118 0.56470588 0.57647059
v -0.04312203 -0.01486135 -0.01038023 0.75294118 0.56470588 0.57647059
v -0.06742828 0.01087643 -0.01890439 0.70588235 0.54117647 0.53333333
v -0.06783006 0.01378686 -0.02076377 0.70196078 0.53725490 0.52941176
v -0.04011275 -0.03070263 -0.00731988 0.56470588 0.47450980 0.50196078
v -0.03877348 -0.03235096 -0.00668136 0.56470588 0.47450980 0.50196078
v -0.01021175 -0.10378288 -0.01082048 0.78039216 0.67843137 0.66666667
v -0.02426554 -0.09785309 -0.01659604 0.83137255 0.73725490 0.73333333
v -0.02373955 -0.10779419 -0.01713054 0.80392157 0.70588235 0.69803922
v -0.00996732 -0.11337661 -0.01159594 0.78039216 0.67843137 0.66666667
v -0.05047856 0.01334898 -0.00847016 0.72549020 0.55294118 0.54117647
v -0.04916432 0.01605329 -0.00889933 0.72549020 0.55294118 0.54117647
v 0.09816617 0.01898683 0.00378595 0.89803922 0.78823529 0.73725490
v 0.09665373 0.01905438 0.00261047 0.89411765 0.78823529 0.73333333
v 0.09672257 0.01999137 0.00685282 0.87450980 0.79607843 0.75294118
v -0.03785534 -0.01257829 -0.02255055 0.75294118 0.56470588 0.57647059
v -0.03783339 -0.01267132 -0.02257621 0.75294118 0.56470588 0.57647059
v -0.04002855 -0.01442542 -0.02111538 0.75294118 0.56470588 0.57647059
v -0.04059738 -0.00887267 -0.01780615 0.78431373 0.57647059 0.58823529
v -0.03804786 -0.00839386 -0.02063069 0.80784314 0.58823529 0.58431373
v 0.09511541 0.01965070 0.00542237 0.90196078 0.80392157 0.75686275
v 0.09412324 0.02626381 0.01028843 0.86666667 0.76862745 0.71372549
v 0.09805360 0.02597438 0.00623562 0.85882353 0.76078431 0.70980392
v 0.09375064 0.01995954 0.00392578 0.89803922 0.80000000 0.74901961
v 0.09008147 0.01868922 0.00235426 0.90980392 0.80392157 0.74901961
v 0.08899125 0.01878342 0.00347402 0.89411765 0.78431373 0.72941176
v 0.09165005 0.01998974 0.00632041 0.89411765 0.76470588 0.70980392
v -0.04290954 -0.01170957 -0.02104171 0.75294118 0.56470588 0.57647059
v 0.08299644 0.01767451 0.01168764 0.87843137 0.77647059 0.71372549
v 0.08416693 0.01845509 0.01174127 0.87058824 0.75686275 0.70588235
v -0.04173873 -0.00667111 -0.01982234 0.90196078 0.65098039 0.62745098
v -0.04100207 -0.00564158 -0.01874287 0.90196078 0.65098039 0.60784314
v -0.04089871 -0.01869690 -0.01646958 0.61176471 0.41960784 0.42352941
v -0.04267577 -0.01950569 -0.01759910 0.61176471 0.41960784 0.42352941
v -0.04256248 -0.02014035 -0.01415755 0.61176471 0.41960784 0.42352941
v -0.03934772 -0.01304959 -0.02334351 0.75294118 0.56470588 0.57647059
v -0.04942242 0.00305381 -0.01743997 0.70588235 0.54117647 0.53333333
v 0.08535638 0.01795720 0.00632023 0.89411765 0.76078431 0.70980392
v 0.08474065 0.01764985 0.00635597 0.89019608 0.76470588 0.71372549
v 0.08192534 0.01755188 0.01328310 0.88627451 0.78823529 0.73333333
v 0.08357178 0.01842307 0.01327879 0.87058824 0.75686275 0.70588235
v -0.04518559 -0.01139112 -0.01957684 0.75294118 0.56470588 0.57647059
v -0.04708822 -0.01353311 -0.02086362 0.75294118 0.56470588 0.57647059
v -0.04606600 -0.01520332 -0.02046102 0.75294118 0.56470588 0.57647059
v -0.04460367 -0.01306154 -0.01987167 0.75294118 0.56470588 0.57647059
v -0.05234243 -0.02317892 -0.01775640 0.61176471 0.41960784 0.42352941
v -0.05233555 -0.02140115 -0.01769940 0.61176471 0.41960784 0.42352941
v -0.04635773 -0.01756829 -0.02334397 0.75294118 0.56470588 0.57647059
v -0.04856197 -0.01803168 -0.01996072 0.75294118 0.56470588 0.57647059
v -0.04843078 -0.00216574 -0.01581634 0.93333333 0.68627451 0.61568627
v -0.04849246 0.00050363 -0.01295239 0.70588235 0.54117647 0.53333333
v -0.04533357 -0.00510821 -0.01539142 0.88235294 0.65098039 0.59607843
v -0.04479198 -0.00935144 -0.01866338 0.78431373 0.57647059 0.58823529
v -0.04731954 -0.01158762 -0.02000972 0.75294118 0.56470588 0.57647059
v -0.04076762 -0.00775531 -0.01787562 0.80784314 0.58823529 0.58431373
v -0.04283195 -0.00748633 -0.01508688 0.87058824 0.62352941 0.64313725
v -0.04276300 -0.00642238 -0.01546768 0.90196078 0.65098039 0.62745098
v -0.04086393 -0.00679749 -0.01810821 0.90196078 0.65098039 0.62745098
v -0.05433115 0.00810258 -0.01618004 0.70588235 0.54117647 0.53333333
v -0.04696235 0.01411612 -0.00809013 0.72549020 0.55294118 0.54117647
v -0.04885547 0.01098344 -0.00825818 0.70980392 0.54117647 0.52941176
v -0.06015845 0.02613151 -0.02860397 0.72549020 0.55294118 0.54117647
v -0.06102946 0.01841408 -0.03422036 0.70196078 0.53725490 0.52941176
v -0.05498734 0.01815617 -0.02269867 0.72549020 0.55294118 0.54117647
v -0.04351109 -0.01010973 -0.02048340 0.78431373 0.57647059 0.58823529
v -0.03823354 -0.00633583 -0.02121616 0.90196078 0.65098039 0.62745098
v -0.03870664 -0.00702549 -0.02058428 0.90196078 0.65098039 0.62745098
v -0.06095234 -0.01924108 -0.02153870 0.75294118 0.56470588 0.57647059
v -0.04287724 -0.02096173 -0.01347474 0.61176471 0.41960784 0.42352941
v -0.04625526 0.00228397 -0.01359844 0.70588235 0.54117647 0.53333333
v -0.06400850 -0.01069497 -0.02782307 0.78431373 0.57647059 0.58823529
v -0.06234271 -0.01613502 -0.02688357 0.75294118 0.56470588 0.57647059
v -0.04613584 0.00365141 -0.01389941 0.70588235 0.54117647 0.53333333
v -0.04626396 0.00462908 -0.01378560 0.70588235 0.54117647 0.53333333
v -0.04390245 -0.01941035 -0.01803341 0.61176471 0.41960784 0.42352941
v -0.04421228 -0.01945534 -0.01489100 0.61176471 0.41960784 0.42352941
v -0.04637428 0.00488145 -0.01341547 0.70588235 0.54117647 0.53333333
v -0.04421694 -0.01357270 -0.01127581 0.75294118 0.56470588 0.57647059
v -0.05971924 0.00816253 -0.01838038 0.70588235 0.54117647 0.53333333
v 0.08739847 0.01953588 0.01017887 0.88235294 0.76470588 0.71372549
v 0.08700988 0.01847740 0.00555237 0.89019608 0.78431373 0.73333333
v -0.05063561 -0.03062542 -0.02010282 0.55294118 0.48627451 0.50980392
v -0.04766214 -0.03215507 -0.01836287 0.56470588 0.47450980 0.50196078
v 0.08609620 0.01822629 0.00608317 0.89019608 0.78039216 0.73333333
v -0.03836682 -0.00744864 -0.02029352 0.90196078 0.65098039 0.62745098
v 0.08576296 0.01900775 0.01097819 0.88235294 0.76078431 0.71372549
v -0.04101557 -0.01534220 -0.01881861 0.75294118 0.56470588 0.57647059
v -0.04220082 -0.00832748 -0.01998523 0.80784314 0.58823529 0.58431373
v 0.08769547 0.01976606 0.01225138 0.88235294 0.76470588 0.71372549
v 0.08537689 0.01909181 0.01294483 0.87058824 0.76078431 0.70980392
v 0.09286550 0.02001409 0.00827270 0.88627451 0.74509804 0.69411765
v -0.04423312 -0.00972663 -0.01324906 0.78431373 0.57647059 0.58823529
v -0.04376544 -0.01185523 -0.01332204 0.75294118 0.56470588 0.57647059
v -0.04429024 -0.01136808 -0.01090517 0.75294118 0.56470588 0.57647059
v -0.01109576 0.07467153 -0.14343812 0.77254902 0.62352941 0.61176471
v -0.01351164 0.05929908 -0.14653283 0.68627451 0.52941176 0.50980392
v -0.05021008 -0.01731919 -0.02090666 0.75294118 0.56470588 0.57647059
v -0.04811993 -0.01544186 -0.02452470 0.75294118 0.56470588 0.57647059
v -0.05025976 -0.01457942 -0.02550947 0.75294118 0.56470588 0.57647059
v -0.05243509 -0.01614053 -0.02098996 0.75294118 0.56470588 0.57647059
v -0.06004782 -0.02117595 -0.02563262 0.75294118 0.56470588 0.57647059
v -0.05693423 -0.02562922 -0.02365105 0.61176471 0.41960784 0.42352941
v -0.05860453 -0.02734389 -0.02271289 0.67843137 0.58039216 0.59215686
v -0.06227043 -0.02244583 -0.02431431 0.61176471 0.41960784 0.42352941
v 0.00786440 0.06077697 -0.14854285 0.70980392 0.55686275 0.54901961
v 0.00948063 0.07412808 -0.14580594 0.77254902 0.62352941 0.61176471
v -0.06505864 0.04259506 -0.03536071 0.71372549 0.54901961 0.52941176
v -0.05704171 0.03135135 -0.02221236 0.71372549 0.54901961 0.52941176
v -0.05966139 0.04836542 -0.02500722 0.69411765 0.54901961 0.52156863
v -0.05945815 0.01710805 -0.02158281 0.72549020 0.55294118 0.54117647
v -0.06015132 0.01500566 -0.02311269 0.70196078 0.53725490 0.52941176
v -0.06579196 0.01569942 -0.02289005 0.70196078 0.53725490 0.52941176
v -0.04848075 0.02077959 -0.01105356 0.72549020 0.55294118 0.54117647
v -0.05058150 0.01843226 -0.01400376 0.72549020 0.55294118 0.54117647
v -0.05132259 0.01830409 -0.01183670 0.72549020 0.55294118 0.54117647
v -0.06811729 -0.00595334 -0.02735788 0.70588235 0.54117647 0.53333333
v 0.09511161 0.01940418 0.00156899 0.89411765 0.78431373 0.72941176
v 0.09088064 0.01845044 0.00108913 0.89411765 0.78431373 0.72941176
v 0.02204404 0.07489205 -0.14400612 0.77254902 0.62352941 0.61176471
v 0.02299237 0.08326774 -0.14086558 0.75294118 0.63529412 0.61176471
v 0.01271139 0.08543448 -0.14128861 0.75294118 0.63529412 0.61176471
v 0.02258487 -0.05996272 -0.11387609 0.57647059 0.47450980 0.47450980
v 0.01066458 -0.07112487 -0.11507662 0.57647059 0.47450980 0.47450980
v -0.04384164 0.00323508 -0.00851452 0.70588235 0.54117647 0.53333333
v -0.04653985 0.00351150 -0.00922877 0.70588235 0.54117647 0.53333333
v 0.08081043 0.01720300 0.01541617 0.89019608 0.78431373 0.73333333
v -0.05628036 -0.01916735 -0.02616466 0.75294118 0.56470588 0.57647059
v 0.08269057 0.01829516 0.01496150 0.88235294 0.78039216 0.72941176
v -0.05246322 -0.01820581 -0.01799006 0.75294118 0.56470588 0.57647059
v -0.05523541 -0.01737813 -0.01837058 0.75294118 0.56470588 0.57647059
v -0.06074164 0.01657134 -0.01339107 0.72549020 0.55294118 0.54117647
v -0.05749160 0.01453824 -0.01280799 0.72549020 0.55294118 0.54117647
v 0.07947366 0.01622214 0.01564400 0.89803922 0.78039216 0.72549020
v 0.07878579 0.01609295 0.01611376 0.89411765 0.76862745 0.71372549
v 0.08015943 0.01728667 0.01592604 0.89411765 0.77254902 0.72156863
v 0.08185803 0.01851825 0.01560466 0.88235294 0.78039216 0.72941176
v 0.08491112 0.01923495 0.01429443 0.87450980 0.75686275 0.70588235
v 0.08444704 0.01963307 0.01516481 0.87450980 0.75686275 0.70588235
v 0.08799408 0.02074085 0.01427773 0.87843137 0.75294118 0.69411765
v 0.08774588 0.01994635 0.01366464 0.88235294 0.76078431 0.70588235
v 0.09398574 0.02057717 0.00990188 0.88627451 0.74509804 0.69411765
v 0.09435640 0.02149655 0.01042907 0.86666667 0.76078431 0.70980392
v 0.08737776 0.02177753 0.01434365 0.86666667 0.74901961 0.69019608
v 0.08374280 0.02033639 0.01518035 0.87843137 0.75294118 0.69803922
v 0.08659504 0.02294314 0.01434938 0.85098039 0.74509804 0.68235294
v 0.08352105 0.02147452 0.01514662 0.86274510 0.73725490 0.68235294
v 0.09365103 0.02385213 0.00989861 0.87450980 0.77254902 0.72156863
v 0.09434079 0.02282566 0.01019135 0.87450980 0.77254902 0.72156863
v 0.08216126 0.01415484 0.01441728 0.89803922 0.78431373 0.72549020
v 0.08006817 0.01444409 0.01537097 0.89019608 0.77647059 0.71764706
v 0.08255022 0.01450171 0.01388602 0.89803922 0.78431373 0.72549020
v 0.08038106 0.01477787 0.01481733 0.89019608 0.77647059 0.71764706
v 0.08316649 0.01489201 0.01249631 0.90196078 0.78039216 0.72941176
v 0.07945572 0.01519732 0.01518392 0.89019608 0.77647059 0.71764706
v 0.07881969 0.01498603 0.01584957 0.89019608 0.76470588 0.70980392
v 0.03508339 -0.11607999 -0.00557849 0.37254902 0.28627451 0.30196078
v 0.03274247 -0.12209036 -0.00907041 0.37254902 0.28627451 0.30196078
v 0.08373942 0.01509847 0.01131395 0.90196078 0.78039216 0.72941176
v 0.07924093 0.01733345 0.01597700 0.90196078 0.76862745 0.71372549
v 0.07793251 0.01596582 0.01645284 0.90588235 0.78039216 0.72549020
v 0.07797441 0.01798804 0.01600842 0.90980392 0.78431373 0.72156863
v 0.07713540 0.01612078 0.01654997 0.90588235 0.78039216 0.72549020
v 0.08052858 0.02030624 0.01542928 0.89019608 0.77254902 0.71764706
v 0.08084986 0.01891163 0.01544982 0.88235294 0.76470588 0.71372549
v 0.07792501 0.01483460 0.01625550 0.89411765 0.76078431 0.71372549
v 0.07867106 0.01432764 0.01603920 0.89019608 0.76470588 0.70980392
v 0.07722436 0.01484572 0.01646101 0.89411765 0.76078431 0.71372549
v 0.07799643 0.01416426 0.01631668 0.89411765 0.76078431 0.71372549
v 0.08526860 0.01147720 0.01388352 0.89019608 0.78431373 0.73725490
v 0.08510524 0.01090057 0.01398081 0.90980392 0.81176471 0.76470588
v 0.08196336 0.01276458 0.01508987 0.91372549 0.80392157 0.74509804
v 0.08137143 0.01241337 0.01530061 0.90196078 0.79215686 0.72941176
v 0.09222713 0.00834233 0.00900247 0.89411765 0.78823529 0.77254902
v 0.09443495 0.00832941 0.00652544 0.89411765 0.78431373 0.78039216
v 0.09187140 0.00731400 0.00913110 0.88235294 0.78039216 0.76470588
v 0.06568838 -0.01379339 0.04558623 0.86274510 0.57647059 0.61176471
v 0.06429895 -0.01385643 0.04501411 0.86274510 0.57647059 0.61176471
v 0.06494707 -0.01233474 0.04342236 0.85882353 0.52549020 0.60000000
v 0.06551532 -0.01236372 0.04377889 0.85882353 0.52549020 0.60000000
v 0.09417855 0.00726028 0.00648699 0.89019608 0.78823529 0.78039216
v 0.08792706 0.00781530 0.01241583 0.90588235 0.78431373 0.76470588
v 0.08839403 0.00871996 0.01214169 0.89803922 0.78431373 0.75686275
v 0.06262147 -0.11816407 -0.04280946 0.78431373 0.71764706 0.72549020
v 0.09907138 0.01011817 -0.00529130 0.86274510 0.75686275 0.73725490
v 0.09965707 0.00913392 -0.00640096 0.85098039 0.75294118 0.72941176
v 0.09912352 0.00833977 -0.00409013 0.86274510 0.78039216 0.76078431
v 0.09853242 0.00958374 -0.00330500 0.86274510 0.77254902 0.75294118
v 0.09789866 0.00915818 -0.00111194 0.87450980 0.77254902 0.74901961
v 0.06494626 -0.02196179 0.04529651 0.90588235 0.56862745 0.73333333
v 0.06513499 -0.02069834 0.04446921 0.90588235 0.59607843 0.74117647
v 0.06368345 -0.02062402 0.04430988 0.89803922 0.57647059 0.70588235
v 0.06321231 -0.02164016 0.04545935 0.90588235 0.55294118 0.69019608
v 0.09824257 0.00787195 -0.00150220 0.86666667 0.75686275 0.74509804
v 0.09713424 0.00756494 0.00119407 0.88235294 0.77647059 0.74901961
v 0.09704989 0.00875505 0.00141005 0.87843137 0.78039216 0.74901961
v 0.09618382 0.00851214 0.00363838 0.89803922 0.77254902 0.75686275
v 0.09600815 0.00725743 0.00371137 0.89803922 0.76862745 0.74901961
v 0.10032090 0.01395175 -0.00939178 0.86274510 0.74901961 0.70196078
v 0.10084242 0.01744019 -0.01043923 0.85098039 0.74509804 0.69411765
v 0.10082582 0.01355938 -0.01178477 0.84705882 0.75294118 0.70196078
v 0.10155883 0.01731653 -0.01343386 0.86666667 0.78431373 0.73333333
v 0.07646476 0.01895218 0.01690660 0.92156863 0.79607843 0.72549020
v 0.06616827 -0.01224282 0.04302123 0.85882353 0.52549020 0.60000000
v 0.06826932 -0.01418069 0.04468412 0.86274510 0.52549020 0.60784314
v 0.06772378 -0.01404803 0.04569599 0.86274510 0.52549020 0.60784314
v 0.06598406 -0.01229469 0.04342794 0.85882353 0.52549020 0.60000000
v 0.07594739 0.01647016 0.01677880 0.92156863 0.79215686 0.72156863
v 0.07553251 0.01983961 0.01838370 0.92549020 0.80392157 0.72941176
v 0.07512828 0.01713490 0.01803292 0.92941176 0.80000000 0.72941176
v 0.07708047 0.02280255 0.01860572 0.91764706 0.79607843 0.72549020
v 0.07830225 0.02172560 0.01682173 0.90588235 0.79215686 0.73725490
v 0.07644837 0.01498014 0.01677077 0.92156863 0.79215686 0.72941176
v 0.07727219 0.01397446 0.01643295 0.89411765 0.76078431 0.71372549
v 0.07565787 0.01490009 0.01747109 0.92941176 0.80000000 0.73725490
v 0.07671815 0.01353893 0.01708325 0.91764706 0.78431373 0.72941176
v 0.08456567 0.01018575 0.01419154 0.90980392 0.81176471 0.76470588
v 0.08411240 0.00933448 0.01447589 0.91372549 0.80784314 0.76078431
v 0.08090262 0.01192689 0.01568851 0.90196078 0.79215686 0.72941176
v 0.08016134 0.01116438 0.01609191 0.89803922 0.78823529 0.72549020
v 0.02543153 -0.00888143 -0.13322046 0.85490196 0.64313725 0.61960784
v 0.02350478 0.03319133 -0.14530998 0.68627451 0.52941176 0.50980392
v 0.10258959 0.03062824 -0.00023320 0.84705882 0.74901961 0.69411765
v 0.10119517 0.02757055 0.00173394 0.87450980 0.75294118 0.70196078
v 0.09933441 0.02866727 0.00562121 0.86666667 0.76078431 0.71372549
v 0.10073280 0.03233004 0.00460253 0.86666667 0.77254902 0.71372549
v 0.10358305 0.03469700 -0.00352510 0.85098039 0.77254902 0.70588235
v 0.10415084 0.03116924 -0.00725640 0.86274510 0.79215686 0.72156863
v 0.10342212 0.02829494 -0.00424221 0.86274510 0.75686275 0.70588235
v 0.10230927 0.02583178 -0.00179387 0.87843137 0.78823529 0.72941176
v 0.10185295 0.02046278 -0.01021773 0.86274510 0.75686275 0.69803922
v 0.10124288 0.02011339 -0.00792029 0.85098039 0.74117647 0.67843137
v 0.10192163 0.02198996 -0.00678611 0.85098039 0.76078431 0.69019608
v 0.10255805 0.02289318 -0.00892514 0.85882353 0.78431373 0.72549020
v 0.10251550 0.02061402 -0.01313879 0.86274510 0.77254902 0.71764706
v 0.10351305 0.02382625 -0.01184754 0.87843137 0.78431373 0.72941176
v 0.10317004 0.02531274 -0.00681075 0.85882353 0.76470588 0.70980392
v 0.10223001 0.02382354 -0.00457800 0.85490196 0.75294118 0.69019608
v 0.10415337 0.02707520 -0.00969957 0.85882353 0.75294118 0.69411765
v 0.08540835 0.02811735 0.01660461 0.80784314 0.70196078 0.67058824
v 0.08535428 0.02621954 0.01551018 0.85098039 0.73333333 0.68627451
v 0.08216530 0.02382812 0.01599757 0.86274510 0.76078431 0.69411765
v 0.08120880 0.02471581 0.01708378 0.86666667 0.77647059 0.70980392
v 0.08451523 0.02955872 0.01792458 0.82745098 0.72156863 0.67450980
v 0.07969531 0.02575130 0.01861145 0.88627451 0.78823529 0.71764706
v 0.09652314 0.03266509 0.01046775 0.87058824 0.76862745 0.72156863
v 0.09545629 0.02933090 0.01031911 0.86666667 0.74901961 0.69019608
v 0.08614828 0.02382887 0.01417363 0.84705882 0.73725490 0.67843137
v 0.08431589 0.02262165 0.01496059 0.85490196 0.74509804 0.68235294
v 0.08563896 0.02409478 0.01433438 0.84705882 0.73725490 0.67843137
v 0.08346763 0.02254661 0.01518610 0.85098039 0.74117647 0.68627451
v 0.03982867 0.09333723 -0.12966566 0.76078431 0.64705882 0.62352941
v 0.04814522 0.09874672 -0.11977059 0.76078431 0.64705882 0.62352941
v 0.03089270 0.10976163 -0.11674038 0.73725490 0.63529412 0.60784314
v 0.02377709 0.10289356 -0.12712358 0.76078431 0.64705882 0.62352941
v 0.09845965 0.02293558 0.00411941 0.89803922 0.78431373 0.72941176
v 0.09887750 0.02360659 0.00347553 0.88235294 0.77647059 0.71372549
v 0.10002066 0.02261300 0.00049447 0.88627451 0.77254902 0.70588235
v 0.09965988 0.02198544 0.00118037 0.88235294 0.77647059 0.70980392
v 0.10023196 0.02101680 -0.00156418 0.87843137 0.77647059 0.70980392
v 0.10062404 0.02166018 -0.00221678 0.87450980 0.76862745 0.70588235
v 0.10075504 0.02063949 -0.00438566 0.85490196 0.74509804 0.69411765
v 0.10045509 0.02017179 -0.00372802 0.85490196 0.75686275 0.70196078
v 0.10040078 0.01946175 -0.00512793 0.83921569 0.73333333 0.67843137
v 0.10056531 0.01956720 -0.00595735 0.83921569 0.73333333 0.67843137
v 0.08374153 0.02363991 0.01535823 0.85098039 0.74509804 0.68627451
v 0.08577400 0.02480929 0.01472959 0.85490196 0.74117647 0.68235294
v 0.02234413 0.06318948 -0.14609466 0.77254902 0.62352941 0.61176471
v 0.09531671 0.06953850 -0.00737870 0.68235294 0.60392157 0.56862745
v 0.09787311 0.06622976 -0.01664506 0.70588235 0.61176471 0.58823529
v 0.09882946 0.05995634 -0.01097248 0.67450980 0.58431373 0.56470588
v 0.09981793 0.02502851 0.00309923 0.87843137 0.77647059 0.71764706
v 0.10097747 0.02388253 -0.00020838 0.87058824 0.75294118 0.69019608
v 0.10136072 0.02260380 -0.00305972 0.85882353 0.74901961 0.69019608
v 0.10136308 0.02132650 -0.00522214 0.85490196 0.75294118 0.69411765
v 0.10111716 0.02034643 -0.00644227 0.85098039 0.74117647 0.68235294
v 0.08570379 -0.01435913 -0.07642294 0.70196078 0.57254902 0.52941176
v 0.08504945 -0.01424981 -0.07795107 0.70196078 0.57254902 0.52941176
v 0.07791724 -0.00342357 -0.10326014 0.64313725 0.44705882 0.43137255
v 0.07660702 0.00311497 -0.10109836 0.68627451 0.52941176 0.50980392
v 0.07632595 0.00649625 -0.09929100 0.68627451 0.52941176 0.50980392
v 0.08818415 0.01286955 -0.08936700 0.72156863 0.57254902 0.56078431
v 0.08854932 0.01594942 -0.09270595 0.77254902 0.62352941 0.61176471
v 0.08417419 -0.02223013 -0.09990201 0.62745098 0.45882353 0.43137255
v 0.08314250 -0.02420297 -0.09503116 0.62745098 0.45882353 0.43137255
v -0.06145237 0.01969184 -0.01372251 0.72549020 0.55294118 0.54117647
v 0.08372714 -0.02129588 -0.10015260 0.62745098 0.45882353 0.43137255
v 0.08922720 0.01212682 -0.10390399 0.69019608 0.53725490 0.52549020
v 0.08882411 0.01058153 -0.10531048 0.68627451 0.52941176 0.50980392
v 0.08977444 0.01021444 -0.10548120 0.68627451 0.52941176 0.50980392
v 0.02398284 -0.03053387 -0.12193750 0.65882353 0.53333333 0.54901961
v 0.02507497 -0.01774536 -0.12889464 0.81960784 0.67450980 0.65098039
v 0.08824174 0.00890884 -0.10663316 0.68627451 0.52941176 0.50980392
v 0.08551596 -0.00964414 -0.08052889 0.81960784 0.67450980 0.65098039
v 0.07888605 -0.00395583 -0.10405292 0.64313725 0.44705882 0.43137255
v 0.07942400 -0.00452727 -0.10644706 0.64313725 0.44705882 0.43137255
v 0.07992756 -0.00959851 -0.10734101 0.81960784 0.67450980 0.65098039
v 0.07955245 -0.00906160 -0.10634027 0.81960784 0.67450980 0.65098039
v 0.08004317 -0.01464344 -0.10562833 0.81960784 0.67450980 0.65098039
v 0.07964627 -0.01378550 -0.10481987 0.81960784 0.67450980 0.65098039
v 0.08386868 -0.01839201 -0.10298326 0.81960784 0.67450980 0.65098039
v 0.08264101 -0.01397334 -0.10529540 0.81960784 0.67450980 0.65098039
v 0.08876429 0.01638326 -0.09442559 0.77254902 0.62352941 0.61176471
v 0.08904659 0.01558603 -0.09375971 0.72156863 0.57254902 0.56078431
v 0.08919790 0.01639624 -0.09518964 0.77254902 0.62352941 0.61176471
v 0.08554231 -0.01071603 -0.08216935 0.81960784 0.67450980 0.65098039
v 0.08662389 0.01070742 -0.08862071 0.69019608 0.53725490 0.52549020
v 0.08728562 0.00890120 -0.08703747 0.69019608 0.53725490 0.52549020
v 0.08676696 0.00936462 -0.08727095 0.69019608 0.53725490 0.52549020
v 0.08199225 -0.00579680 -0.08437189 0.85490196 0.64313725 0.61960784
v 0.08174871 -0.00499267 -0.08436266 0.85490196 0.64313725 0.61960784
v 0.08314979 -0.00724139 -0.08470957 0.81960784 0.67450980 0.65098039
v 0.08561887 -0.00856740 -0.08380440 0.81960784 0.67450980 0.65098039
v 0.07938080 -0.01591771 -0.08312049 0.62745098 0.45882353 0.43137255
v 0.07826290 -0.01656377 -0.08430210 0.62745098 0.45882353 0.43137255
v 0.07801574 -0.01724266 -0.08358210 0.62745098 0.45882353 0.43137255
v 0.08941227 0.02224943 -0.09876381 0.77254902 0.62352941 0.61176471
v 0.08759379 0.00791585 -0.08677281 0.68627451 0.52941176 0.50980392
v 0.08847193 0.00889044 -0.08768326 0.69019608 0.53725490 0.52549020
v 0.08882070 0.01000346 -0.08823054 0.69019608 0.53725490 0.52549020
v 0.08973250 0.01571903 -0.09571043 0.72156863 0.57254902 0.56078431
v 0.08913709 0.01088718 -0.08866479 0.70196078 0.54901961 0.53725490
v 0.08814617 0.01098124 -0.08828403 0.70196078 0.54901961 0.53725490
v 0.08890270 0.01255573 -0.08964524 0.72156863 0.57254902 0.56078431
v 0.08736901 0.01111700 -0.08826569 0.70196078 0.54901961 0.53725490
v 0.07692678 -0.01303621 -0.09720582 0.81960784 0.67450980 0.65098039
v 0.07707733 -0.01315272 -0.09499598 0.81960784 0.67450980 0.65098039
v 0.08739233 0.00555864 -0.07691707 0.67450980 0.50588235 0.48627451
v 0.08686271 0.00360172 -0.07893100 0.66666667 0.48627451 0.45882353
v 0.08344130 -0.02495912 -0.09268280 0.65882353 0.53333333 0.54901961
v 0.08015419 0.01197355 -0.09458765 0.68627451 0.52941176 0.50980392
v 0.08026008 0.01507435 -0.09700033 0.69019608 0.53725490 0.52549020
v 0.08381019 -0.00988453 -0.10714299 0.81960784 0.67450980 0.65098039
v 0.08230877 -0.01637420 -0.09579223 0.81960784 0.67450980 0.65098039
v 0.08116242 -0.01733273 -0.09365308 0.62745098 0.45882353 0.43137255
v 0.08353563 -0.01499381 -0.09808710 0.81960784 0.67450980 0.65098039
v 0.08463171 -0.01242998 -0.10030218 0.81960784 0.67450980 0.65098039
v 0.08231521 0.00221046 -0.08889993 0.68627451 0.52941176 0.50980392
v 0.08751036 0.00654696 -0.09843802 0.68627451 0.52941176 0.50980392
v 0.08709200 0.00445741 -0.09979131 0.68627451 0.52941176 0.50980392
v 0.08698816 0.00667225 -0.09660632 0.68627451 0.52941176 0.50980392
v 0.08215892 0.01830577 -0.09630712 0.72156863 0.57254902 0.56078431
v 0.08364496 0.01784333 -0.09417631 0.72156863 0.57254902 0.56078431
v 0.08016495 0.01484032 -0.09365535 0.69019608 0.53725490 0.52549020
v 0.08370502 0.01590366 -0.09355675 0.72156863 0.57254902 0.56078431
v 0.08128886 -0.01266341 -0.08362575 0.81960784 0.67450980 0.65098039
v 0.07719119 -0.01791878 -0.08594900 0.62745098 0.45882353 0.43137255
v 0.07837926 -0.01667746 -0.08810697 0.62745098 0.45882353 0.43137255
v 0.07757099 -0.01849018 -0.08735608 0.62745098 0.45882353 0.43137255
v 0.07812470 -0.01758734 -0.08950407 0.62745098 0.45882353 0.43137255
v 0.07762520 -0.01631922 -0.09084265 0.62745098 0.45882353 0.43137255
v 0.07751149 -0.01462204 -0.09200713 0.81960784 0.67450980 0.65098039
v 0.07883535 -0.01285790 -0.09258284 0.81960784 0.67450980 0.65098039
v 0.08093411 -0.00868191 -0.08383051 0.81960784 0.67450980 0.65098039
v 0.08781795 0.01790318 -0.08571257 0.77254902 0.62352941 0.61176471
v 0.08044815 -0.01043982 -0.08371528 0.81960784 0.67450980 0.65098039
v 0.08231500 -0.00707676 -0.08436778 0.81960784 0.67450980 0.65098039
v 0.08236280 -0.00878222 -0.08412506 0.81960784 0.67450980 0.65098039
v 0.08198886 -0.01063870 -0.08377150 0.81960784 0.67450980 0.65098039
v 0.08276424 -0.02022356 -0.08768467 0.62745098 0.45882353 0.43137255
v 0.08167064 -0.01870156 -0.08979315 0.62745098 0.45882353 0.43137255
v 0.08225456 -0.01964321 -0.08652690 0.62745098 0.45882353 0.43137255
v 0.08095293 -0.01819276 -0.09183045 0.62745098 0.45882353 0.43137255
v 0.08166596 -0.01925517 -0.08559606 0.62745098 0.45882353 0.43137255
v 0.08192783 0.01281054 -0.09487581 0.69019608 0.53725490 0.52549020
v 0.08279730 0.01564373 -0.09526529 0.70196078 0.54901961 0.53725490
v 0.08649269 -0.01107742 -0.07476728 0.72156863 0.56470588 0.52941176
v 0.10631640 -0.00491148 -0.02797205 0.86666667 0.80000000 0.78823529
v 0.10460909 0.00464244 -0.03330711 0.81176471 0.73333333 0.68235294
v 0.08321579 -0.05612980 0.00652916 0.92549020 0.84313725 0.87450980
v 0.08264539 -0.05936544 0.00697297 0.93333333 0.85098039 0.87450980
v 0.10707717 -0.01595496 -0.01230231 0.89803922 0.80784314 0.83137255
v 0.10578719 -0.01899874 -0.00602528 0.89411765 0.81568627 0.83529412
v 0.08813224 -0.05150720 0.01790602 0.89803922 0.76862745 0.76078431
v 0.08749697 -0.05269107 0.01846071 0.89019608 0.76078431 0.75294118
v 0.08693153 -0.05214677 0.01922575 0.89411765 0.78431373 0.77647059
v 0.08742066 -0.05155937 0.01847950 0.89411765 0.77254902 0.76470588
v 0.08484292 -0.05158231 0.01788187 0.89803922 0.78039216 0.77647059
v 0.08521312 -0.05133239 0.01675825 0.89411765 0.78431373 0.77647059
v 0.08601087 -0.05141962 0.01800832 0.89411765 0.78431373 0.77647059
v 0.08570714 -0.05165449 0.01911201 0.89803922 0.78823529 0.77647059
v 0.09185141 -0.03435535 0.01766674 0.89803922 0.78823529 0.78823529
v 0.09467939 -0.03033681 0.01492378 0.90196078 0.76862745 0.76862745
v 0.09619653 -0.03504572 0.01201746 0.89411765 0.76470588 0.76862745
v 0.09377053 -0.03850493 0.01470536 0.90196078 0.76078431 0.77254902
v 0.08317353 -0.05314242 0.00971226 0.91372549 0.80392157 0.81960784
v 0.08328947 -0.05139600 0.01042430 0.90588235 0.78431373 0.79607843
v 0.08399902 -0.05117077 0.01324024 0.89411765 0.76078431 0.74901961
v 0.08387370 -0.05220558 0.01276826 0.89411765 0.76470588 0.75686275
v 0.08303671 -0.05434353 0.00946552 0.91764706 0.81176471 0.82745098
v 0.08369988 -0.05265775 0.01262778 0.89411765 0.76470588 0.75686275
v 0.08329554 -0.05422541 0.00679130 0.93333333 0.83529412 0.86666667
v 0.08332883 -0.05155059 0.00751508 0.92941176 0.81960784 0.84313725
v 0.09309144 -0.05771639 0.00876831 0.92941176 0.84705882 0.87843137
v 0.09120767 -0.05564228 0.01260077 0.93333333 0.83137255 0.85490196
v 0.09209672 -0.05204524 0.01277876 0.92549020 0.80784314 0.83137255
v 0.09413587 -0.05266664 0.00926729 0.92549020 0.83137255 0.84705882
v 0.08945020 -0.02189276 0.01964227 0.89019608 0.76470588 0.74901961
v 0.09243141 -0.02579978 0.01739111 0.89411765 0.78039216 0.77254902
v 0.09011043 -0.03016014 0.01917776 0.87450980 0.77647059 0.78039216
v 0.08695750 -0.02546483 0.02129946 0.79215686 0.61960784 0.60784314
v 0.08421333 -0.02086092 0.02371685 0.90196078 0.76862745 0.77647059
v 0.08627979 -0.01759834 0.02182477 0.91372549 0.79607843 0.79607843
v 0.08433627 -0.01317725 0.02775742 0.91764706 0.81568627 0.82352941
v 0.08544391 -0.01673485 0.02830662 0.90588235 0.79215686 0.80392157
v 0.08654346 -0.01796751 0.03141961 0.90196078 0.76078431 0.77254902
v 0.08638120 -0.01563546 0.03034336 0.90588235 0.79215686 0.80000000
v 0.08415394 -0.02188077 0.03089688 0.89411765 0.74117647 0.74901961
v 0.08473618 -0.01887572 0.02700359 0.90980392 0.77647059 0.78431373
v 0.08091548 -0.02337747 0.03328522 0.90196078 0.60784314 0.70980392
v 0.06152418 -0.02122044 0.04721815 0.85098039 0.63137255 0.64313725
v 0.06230986 -0.01959091 0.04610278 0.85098039 0.63137255 0.64313725
v 0.06282113 -0.01917753 0.04766104 0.84313725 0.65490196 0.65490196
v 0.06126215 -0.02024901 0.04929483 0.85098039 0.67843137 0.66274510
v 0.08118466 -0.02296082 0.03421481 0.90196078 0.60784314 0.70980392
v 0.08352530 -0.02220110 0.02944741 0.89019608 0.74117647 0.76470588
v 0.07183017 -0.02043196 0.04986231 0.87058824 0.60000000 0.63529412
v 0.07088998 -0.01847823 0.05040106 0.86274510 0.62745098 0.63137255
v 0.07062940 -0.01948942 0.04826244 0.87843137 0.59607843 0.65882353
v 0.07053034 -0.02134801 0.04786817 0.88235294 0.57647059 0.66666667
v 0.08283099 -0.02300627 0.02770934 0.88235294 0.70588235 0.74509804
v 0.08081101 -0.02390724 0.03206187 0.89803922 0.60784314 0.73725490
v 0.08105902 -0.02232620 0.03524141 0.90196078 0.60784314 0.70980392
v 0.08363186 -0.02186162 0.03388646 0.89411765 0.72941176 0.73333333
v 0.06882778 -0.01803184 0.05080000 0.83921569 0.61176471 0.61568627
v 0.06811126 -0.01809909 0.05329724 0.82352941 0.63921569 0.61176471
v 0.06568588 -0.01815276 0.05270725 0.81960784 0.63921569 0.61568627
v 0.06671584 -0.01838396 0.05028760 0.84313725 0.62352941 0.61960784
v 0.06824079 -0.01779028 0.04481832 0.86666667 0.52156863 0.59607843
v 0.06803145 -0.01977929 0.04617245 0.87843137 0.52549020 0.64313725
v 0.07027535 -0.01722047 0.04696357 0.85490196 0.54509804 0.59215686
v 0.06261621 -0.01716957 0.04619784 0.85098039 0.63137255 0.64313725
v 0.06232116 -0.01799240 0.04517661 0.85098039 0.63137255 0.64313725
v 0.06370771 -0.01482069 0.04417192 0.86274510 0.57647059 0.61176471
v 0.06345357 -0.01449871 0.04419524 0.86274510 0.57647059 0.61176471
v 0.08570889 -0.01977493 0.03448642 0.89803922 0.74901961 0.75294118
v 0.07934113 -0.02141492 0.04523358 0.88627451 0.63137255 0.64705882
v 0.08141123 -0.02009397 0.04631220 0.87843137 0.67450980 0.66274510
v 0.07722860 0.00884774 0.03117954 0.94509804 0.80784314 0.78039216
v 0.07842305 0.00559717 0.02748716 0.94117647 0.82745098 0.80392157
v 0.07841800 0.00618720 0.03292158 0.94117647 0.80784314 0.80784314
v 0.07942627 0.00334840 0.02919393 0.93725490 0.81960784 0.81176471
v 0.08674747 -0.01777412 0.03771419 0.89803922 0.74901961 0.75686275
v 0.08758658 -0.01581716 0.03581636 0.90196078 0.76470588 0.77647059
v 0.08636360 -0.01689282 0.04197574 0.89803922 0.76470588 0.75686275
v 0.08721086 -0.01424118 0.04137937 0.90980392 0.77647059 0.76470588
v 0.07263418 0.02351185 0.03320542 0.89803922 0.81568627 0.76470588
v 0.07562017 -0.02481418 0.04279135 0.93333333 0.60000000 0.74509804
v 0.07568723 -0.02541786 0.04226155 0.95294118 0.59607843 0.76470588
v 0.07611573 -0.02362575 0.04432178 0.91764706 0.56470588 0.70588235
v -0.00365473 0.09660712 -0.13243751 0.76078431 0.64705882 0.62352941
v 0.00265055 0.10842654 -0.12271827 0.76078431 0.64705882 0.62352941
v 0.01383352 0.12053961 -0.10198648 0.73725490 0.63529412 0.60784314
v 0.01819805 0.12423307 -0.09003370 0.74117647 0.65490196 0.63137255
v 0.07926885 -0.04163803 0.04185070 0.92941176 0.76470588 0.81568627
v 0.07921317 -0.03877464 0.04199851 0.87450980 0.61568627 0.70196078
v 0.07699858 -0.04691824 0.02396675 0.91372549 0.81960784 0.83137255
v 0.07306350 -0.04675460 0.02799742 0.90588235 0.80392157 0.81960784
v 0.07434773 -0.04760244 0.03067212 0.89411765 0.78823529 0.80392157
v 0.07831585 -0.04812769 0.02675841 0.90588235 0.80392157 0.81960784
v 0.08064081 -0.04856758 0.02331016 0.83529412 0.70588235 0.69019608
v 0.07954051 -0.04743836 0.02026358 0.90588235 0.80392157 0.80784314
v 0.07611057 -0.04559398 0.02174259 0.91372549 0.81568627 0.82745098
v 0.07194394 -0.04544339 0.02554340 0.89411765 0.78039216 0.79215686
v 0.08058237 -0.04909994 0.03161590 0.90980392 0.81568627 0.84313725
v 0.07709239 -0.04853148 0.03599481 0.91372549 0.81568627 0.83137255
v 0.07826738 -0.04700547 0.03851946 0.92156863 0.83137255 0.84705882
v 0.08156531 -0.04756014 0.03370536 0.92156863 0.83137255 0.85490196
v 0.08451620 -0.02706772 0.02531853 0.54509804 0.23529412 0.30980392
v 0.08214661 -0.02666628 0.02954121 0.52941176 0.25882353 0.35294118
v 0.08020096 -0.02694706 0.03457280 0.46274510 0.28627451 0.29803922
v 0.07848731 -0.02735177 0.03838525 0.59215686 0.39607843 0.40784314
v 0.07793580 -0.02547446 0.03892927 0.52549020 0.35686275 0.39215686
v 0.07925294 -0.02475982 0.03584409 0.55686275 0.34901961 0.44313725
v 0.07767321 -0.02468000 0.03933963 0.59607843 0.37647059 0.47843137
v 0.07899646 -0.02410177 0.03651921 0.75294118 0.42745098 0.51764706
v 0.07902037 -0.02353091 0.03703485 0.75294118 0.42745098 0.51764706
v 0.07953253 -0.02264415 0.03698160 0.87843137 0.53725490 0.65098039
v 0.07859784 -0.02269358 0.03889550 0.89411765 0.54117647 0.67843137
v 0.07892324 -0.02198047 0.03856026 0.89411765 0.54117647 0.67843137
v 0.07771130 -0.02402969 0.03969588 0.59607843 0.37647059 0.47843137
v 0.08005432 0.00055833 0.04580430 0.96078431 0.85098039 0.85098039
v 0.07852170 0.00389960 0.04353324 0.93333333 0.81568627 0.82352941
v 0.08243772 -0.03731054 0.03778451 0.86666667 0.63529412 0.71372549
v 0.07887332 -0.03655719 0.04146883 0.85882353 0.57647059 0.65098039
v 0.07724591 -0.03240121 0.04107833 0.82352941 0.54509804 0.59215686
v 0.08049797 -0.03258548 0.03770113 0.75686275 0.43529412 0.50980392
v 0.08337277 -0.03341001 0.03320306 0.76862745 0.46274510 0.53725490
v 0.08535102 -0.03913705 0.03296122 0.91764706 0.82745098 0.85490196
v 0.07585129 -0.02617186 0.04179817 0.82352941 0.66274510 0.67843137
v 0.08276853 -0.03982090 0.03777900 0.90980392 0.79215686 0.81960784
v 0.08273676 -0.04249030 0.03721648 0.92941176 0.81960784 0.84705882
v 0.08567247 -0.04171981 0.03268203 0.92156863 0.84705882 0.86666667
v 0.08539963 -0.04418657 0.03200541 0.92549020 0.85098039 0.87058824
v 0.08750346 -0.04174870 0.02772882 0.91372549 0.83529412 0.86274510
v 0.08642205 -0.03523002 0.02800148 0.86274510 0.76470588 0.78823529
v 0.08935682 -0.03750911 0.02226937 0.88235294 0.78823529 0.80784314
v 0.08889438 -0.04470474 0.02298240 0.91372549 0.81568627 0.83921569
v 0.09227158 -0.04871768 0.01411667 0.91372549 0.78823529 0.80392157
v 0.08912528 -0.05162960 0.01683194 0.89803922 0.76862745 0.76862745
v 0.08927973 -0.05020128 0.01745482 0.89411765 0.77254902 0.77254902
v 0.08947714 -0.04875337 0.01846657 0.90196078 0.78823529 0.78823529
v 0.09234305 -0.04526090 0.01554523 0.90588235 0.77647059 0.78431373
v 0.09429906 -0.04780141 0.01104975 0.92156863 0.80392157 0.81960784
v 0.09436227 -0.04297423 0.01268626 0.90196078 0.76470588 0.78039216
v 0.09162812 -0.04139343 0.01801022 0.90588235 0.78431373 0.78823529
v 0.08944309 -0.04691384 0.02011291 0.90980392 0.80392157 0.81960784
v 0.08846135 -0.05042525 0.01842501 0.89803922 0.78823529 0.78823529
v 0.08763426 -0.05093407 0.01870454 0.89411765 0.77647059 0.76862745
v 0.08854923 -0.04957630 0.01935643 0.90588235 0.80000000 0.80392157
v 0.08772653 -0.05033367 0.01952754 0.90196078 0.80000000 0.80392157
v 0.08858393 -0.04856696 0.02064667 0.90980392 0.80784314 0.81960784
v 0.08767545 -0.04968427 0.02070319 0.90980392 0.81176471 0.81568627
v 0.08741339 -0.04864123 0.02272039 0.90588235 0.81176471 0.82352941
v 0.08834705 -0.04699336 0.02296063 0.90980392 0.81568627 0.83137255
v 0.08528704 -0.05076655 0.01869933 0.89803922 0.78823529 0.78431373
v 0.08480832 -0.05058206 0.02033259 0.89803922 0.80392157 0.80784314
v 0.08545475 -0.05046005 0.02155021 0.90980392 0.80784314 0.81176471
v 0.08579436 -0.05075497 0.01974515 0.90196078 0.80000000 0.79607843
v 0.08547567 -0.05101502 0.01736481 0.89803922 0.78039216 0.77647059
v 0.08600623 -0.05100258 0.01866941 0.89803922 0.78039216 0.77647059
v 0.08390329 -0.05048770 0.01426569 0.89411765 0.77254902 0.76470588
v 0.08361378 -0.04982501 0.01554393 0.89803922 0.78039216 0.77647059
v -0.01232988 -0.08781511 -0.00750973 0.80392157 0.70588235 0.69803922
v -0.02575597 -0.08434089 -0.01620878 0.83921569 0.74509804 0.74509804
v 0.08556616 -0.05116056 0.01652692 0.89411765 0.77254902 0.76470588
v 0.08613171 -0.05122405 0.01749555 0.89411765 0.77254902 0.76470588
v 0.08672971 -0.05135048 0.01882525 0.89803922 0.78039216 0.77647059
v 0.08680792 -0.05081644 0.01932551 0.89803922 0.79215686 0.79215686
v 0.08669601 -0.05042787 0.02041195 0.90196078 0.80392157 0.80784314
v 0.08636098 -0.04983206 0.02221203 0.90980392 0.81568627 0.82745098
v 0.08461680 -0.04640320 0.03090978 0.92549020 0.84313725 0.86666667
v 0.08671173 -0.04637168 0.02724596 0.92156863 0.83921569 0.85882353
v 0.08566953 -0.04822740 0.02631287 0.91372549 0.83137255 0.85098039
v 0.08347893 -0.04860839 0.02938201 0.91764706 0.82745098 0.85098039
v 0.08461125 -0.04967019 0.02526838 0.91372549 0.81960784 0.84313725
v 0.07893045 -0.04620036 0.01776792 0.90588235 0.80392157 0.80784314
v 0.08238684 -0.04975121 0.02758173 0.91372549 0.82352941 0.84313725
v 0.08148605 -0.04814740 0.01598076 0.90196078 0.79607843 0.78823529
v 0.08121467 -0.04708117 0.01338731 0.89803922 0.78823529 0.78431373
v 0.08230919 -0.04917166 0.01923777 0.90588235 0.80392157 0.80784314
v 0.08318739 -0.05016745 0.01146437 0.89411765 0.76078431 0.74901961
v 0.08284248 -0.04909954 0.01254079 0.89411765 0.77647059 0.76862745
v 0.08312712 -0.04966069 0.00855796 0.91372549 0.79215686 0.81176471
v 0.08272412 -0.04824175 0.00997498 0.89803922 0.76862745 0.76862745
v 0.08379254 -0.05027400 0.02384691 0.90588235 0.80392157 0.80784314
v 0.08737092 -0.04428232 0.02763347 0.91764706 0.83529412 0.85882353
v 0.08218617 -0.04504200 0.03569886 0.92549020 0.83137255 0.85490196
v 0.07890064 -0.04432872 0.04035307 0.92941176 0.80392157 0.82745098
v 0.03283707 0.00112361 0.04285764 0.85098039 0.71372549 0.69803922
v 0.03411518 -0.00150403 0.04346953 0.87058824 0.73333333 0.71372549
v 0.03812589 -0.00029538 0.04228193 0.86666667 0.72156863 0.70196078
v 0.03679426 0.00203654 0.04174903 0.85098039 0.72156863 0.69803922
v 0.08365838 -0.00703905 0.05068479 0.94509804 0.83921569 0.85098039
v 0.08184784 -0.00289211 0.04811117 0.95294118 0.85490196 0.87450980
v 0.08639161 -0.05187288 0.01960657 0.89411765 0.78431373 0.77647059
v 0.04858046 -0.12690879 -0.02169494 0.76078431 0.72549020 0.73725490
v -0.04416620 -0.00948976 -0.00990447 0.75294118 0.56470588 0.57647059
v -0.04302547 -0.00882475 -0.00938758 0.78431373 0.57647059 0.58823529
v -0.06097315 0.01256994 -0.02460876 0.70588235 0.54117647 0.53333333
v 0.08842883 -0.05329720 0.01724111 0.89411765 0.76470588 0.75686275
v 0.08252344 -0.05675189 0.00955660 0.92156863 0.82352941 0.83921569
v 0.08307692 -0.05369670 0.01282696 0.89411765 0.76470588 0.76470588
v 0.09116599 -0.06322164 0.00995104 0.93333333 0.85882353 0.88627451
v 0.08847028 -0.06752221 0.01401425 0.91764706 0.83137255 0.83529412
v 0.08779618 -0.06348242 0.01687640 0.85490196 0.72549020 0.72156863
v 0.08981216 -0.05989034 0.01355224 0.92156863 0.82352941 0.84705882
v 0.08666731 -0.05783757 0.02133726 0.74117647 0.59215686 0.57254902
v 0.08777777 -0.05511393 0.01874309 0.88627451 0.77254902 0.76862745
v -0.06221013 0.01457780 -0.02005920 0.70196078 0.53725490 0.52941176
v 0.08707604 -0.05414313 0.02015311 0.89019608 0.77647059 0.76862745
v 0.08616799 -0.05585765 0.02307305 0.68235294 0.50980392 0.49019608
v 0.08570173 -0.05425027 0.02411611 0.66274510 0.44313725 0.42352941
v 0.08645272 -0.05312819 0.02100824 0.87450980 0.76862745 0.76078431
v 0.08325256 -0.05226528 0.02412708 0.77647059 0.60392157 0.59607843
v 0.08067970 -0.05244375 0.02806077 0.74901961 0.53333333 0.45882353
v 0.07793492 -0.05597483 0.02373499 0.76862745 0.57254902 0.48235294
v 0.08063878 -0.05566456 0.01978271 0.74901961 0.58039216 0.58039216
v 0.08277894 -0.05493283 0.01546247 0.87450980 0.75294118 0.74901961
v 0.08432617 -0.05191447 0.01961672 0.89803922 0.78823529 0.78431373
v -0.05873512 0.01855555 -0.01970911 0.72549020 0.55294118 0.54117647
v -0.05601703 0.01988757 -0.01580197 0.72549020 0.55294118 0.54117647
v -0.05419560 0.01864225 -0.01593904 0.72549020 0.55294118 0.54117647
v -0.05629821 0.01704596 -0.01931432 0.72549020 0.55294118 0.54117647
v 0.08426183 -0.05230557 0.02459263 0.69803922 0.47450980 0.45490196
v 0.08518884 -0.05198248 0.02097740 0.88627451 0.77254902 0.75686275
v 0.08212281 -0.05253041 0.02895654 0.74901961 0.53333333 0.45882353
v 0.05577386 -0.12340260 -0.03122750 0.39215686 0.33333333 0.36078431
v 0.08595368 -0.05231521 0.02115919 0.89411765 0.78431373 0.77647059
v 0.08495173 -0.05283755 0.02445894 0.69803922 0.47450980 0.45490196
v 0.08318287 -0.05350220 0.02925967 0.80000000 0.60392157 0.51372549
v 0.08426225 -0.05552743 0.02900895 0.82352941 0.63529412 0.56078431
v 0.08495180 -0.05786236 0.02821659 0.83529412 0.65098039 0.59607843
v 0.08501337 -0.06067655 0.02654245 0.86274510 0.70588235 0.63921569
v 0.08521221 -0.06781559 0.02155233 0.80392157 0.69803922 0.67843137
v 0.08553293 -0.07266786 0.01894654 0.86274510 0.77647059 0.78431373
v 0.08137222 -0.07034473 0.02708689 0.71764706 0.63529412 0.64705882
v 0.08192073 -0.07557466 0.02518607 0.84313725 0.75294118 0.78039216
v 0.08267939 -0.06279694 0.03195167 0.92156863 0.73725490 0.65882353
v 0.08298922 -0.05931037 0.03382203 0.66274510 0.38039216 0.31372549
v 0.08217332 -0.05646826 0.03416970 0.64313725 0.40392157 0.35294118
v 0.08100638 -0.05414172 0.03386761 0.65490196 0.43921569 0.38823529
v 0.07624416 -0.02767530 0.04114593 0.76862745 0.70196078 0.69803922
v 0.07815300 -0.02264055 0.04064800 0.91764706 0.55686275 0.69411765
v 0.07823074 -0.02221846 0.04303306 0.89411765 0.58039216 0.64705882
v 0.08375874 -0.01864932 0.04592103 0.87450980 0.70588235 0.69019608
v 0.07718620 -0.02275336 0.04625774 0.90588235 0.58431373 0.66274510
v 0.08592738 -0.01711571 0.04418917 0.89411765 0.74509804 0.73725490
v 0.08506815 -0.01757643 0.04624050 0.89019608 0.72941176 0.71764706
v 0.08610474 -0.01597901 0.04662633 0.90588235 0.75294118 0.73725490
v 0.08665047 -0.01537782 0.04510074 0.90588235 0.75294118 0.73725490
v 0.08434422 -0.01814780 0.04803056 0.89019608 0.72941176 0.71764706
v 0.08578724 -0.01614016 0.04791449 0.89411765 0.73725490 0.72941176
v 0.08173177 -0.01926782 0.05149128 0.87843137 0.71372549 0.70196078
v 0.08356751 -0.01598331 0.05276524 0.89019608 0.73725490 0.72156863
v 0.08440382 -0.01058952 0.05221608 0.92156863 0.78823529 0.78039216
v 0.08418614 -0.01381235 0.05295037 0.90980392 0.76862745 0.76078431
v 0.08669553 -0.01439245 0.04694011 0.91372549 0.76470588 0.74901961
v 0.08702929 -0.01257533 0.04500933 0.92156863 0.77647059 0.76470588
v -0.06461683 0.01424359 -0.01662424 0.72549020 0.55294118 0.54117647
v 0.08632572 -0.00955019 0.04320194 0.94509804 0.81568627 0.82745098
v 0.08668426 -0.01143094 0.03911376 0.92549020 0.80784314 0.80784314
v 0.03232186 0.12751479 -0.04747080 0.69411765 0.60392157 0.57254902
v 0.07970060 -0.05288306 0.03332303 0.72156863 0.54509804 0.49019608
v 0.07778843 -0.05264238 0.03217740 0.76078431 0.58431373 0.53725490
v -0.04389354 -0.02240283 -0.01262367 0.61176471 0.41960784 0.42352941
v -0.05693172 0.00438676 -0.01777888 0.70588235 0.54117647 0.53333333
v 0.07464930 -0.06486973 0.01716080 0.76470588 0.64705882 0.63529412
v 0.07561229 -0.06105684 0.01948083 0.78431373 0.63529412 0.57647059
v 0.07242030 -0.06174807 0.02300819 0.86666667 0.74117647 0.70980392
v -0.05431284 0.02025029 -0.01384520 0.72549020 0.55294118 0.54117647
v -0.05726355 0.02148421 -0.01280297 0.72549020 0.55294118 0.54117647
v 0.07141045 -0.06549965 0.02086521 0.75294118 0.65882353 0.65882353
v 0.07495405 -0.05264336 0.03500974 0.80392157 0.67058824 0.63921569
v -0.06527533 -0.00599054 -0.02348200 0.70588235 0.54117647 0.53333333
v -0.06604426 0.01300338 -0.01795358 0.70196078 0.53725490 0.52941176
v -0.06431191 0.01139000 -0.01779450 0.70196078 0.53725490 0.52941176
v -0.05317693 0.01228799 -0.00950864 0.72549020 0.55294118 0.54117647
v -0.05285765 -0.01193927 -0.02536975 0.78431373 0.57647059 0.58823529
v -0.05651156 -0.01202855 -0.02053865 0.75294118 0.56470588 0.57647059
v -0.05467999 -0.01464224 -0.02071127 0.75294118 0.56470588 0.57647059
v -0.05197260 -0.01378434 -0.02542040 0.75294118 0.56470588 0.57647059
v -0.04829699 -0.00021003 -0.01865276 0.70588235 0.54117647 0.53333333
v 0.07205343 -0.05649222 0.02979792 0.78039216 0.60784314 0.57254902
v 0.07479250 -0.05620265 0.02731940 0.84313725 0.67058824 0.63137255
v 0.07633322 -0.05313417 0.03652205 0.77647059 0.65098039 0.60000000
v 0.07758695 -0.05456754 0.03744435 0.68627451 0.54117647 0.50588235
v 0.07883377 -0.05702437 0.03821757 0.60392157 0.45098039 0.42745098
v 0.06962708 -0.06217365 0.02536041 0.96470588 0.86274510 0.85098039
v 0.06868835 -0.06616922 0.02314429 0.85098039 0.74509804 0.72941176
v -0.03728405 -0.01844510 -0.00551375 0.61176471 0.41960784 0.42352941
v 0.08163936 -0.05865557 0.01128733 0.91372549 0.80784314 0.82745098
v -0.05091684 -0.02748917 -0.01522598 0.67843137 0.58039216 0.59215686
v -0.05277719 -0.02636165 -0.01703961 0.67843137 0.58039216 0.59215686
v -0.04339683 -0.03109866 -0.09469084 0.56470588 0.47450980 0.50196078
v -0.04946188 -0.01990003 -0.09827869 0.78431373 0.57647059 0.58823529
v -0.06890316 -0.00629449 -0.02502425 0.70588235 0.54117647 0.53333333
v 0.08109686 -0.06192707 0.00898474 0.92941176 0.84313725 0.86274510
v 0.07903320 -0.06062736 0.01568864 0.78823529 0.63137255 0.63529412
v 0.07835378 -0.06359588 0.01326552 0.86274510 0.74509804 0.73333333
v 0.07763371 -0.07655680 0.03120894 0.84313725 0.75686275 0.77647059
v 0.07693931 -0.07151642 0.03221178 0.80392157 0.69411765 0.70588235
v 0.07969506 -0.06014082 0.03792888 0.45882353 0.29019608 0.27450980
v 0.07893982 -0.06408313 0.03657960 0.80784314 0.60000000 0.52549020
v 0.00822277 0.11572073 -0.11302461 0.73725490 0.63529412 0.60784314
v 0.09565142 0.07315172 -0.04222573 0.74117647 0.65490196 0.63137255
v 0.09834010 0.06612942 -0.03488817 0.74117647 0.65490196 0.63137255
v -0.05666578 0.01679547 -0.01602761 0.72549020 0.55294118 0.54117647
v 0.09613926 0.07302283 -0.02495829 0.74901961 0.65490196 0.63529412
v 0.09406550 0.07868918 -0.03216525 0.74117647 0.65490196 0.63137255
v 0.09225789 0.08127838 -0.04946949 0.74117647 0.65490196 0.63137255
v 0.09076696 0.08572979 -0.03906090 0.74117647 0.65490196 0.63137255
v 0.04805669 0.12054952 -0.07933882 0.74117647 0.65490196 0.63137255
v 0.05568761 0.11930010 -0.06729300 0.74117647 0.65490196 0.63137255
v 0.04132127 0.12503564 -0.05420621 0.71372549 0.61960784 0.59215686
v 0.03657567 0.12116088 -0.08883464 0.74117647 0.65490196 0.63137255
v 0.04245117 0.11339194 -0.10330325 0.73725490 0.63529412 0.60784314
v 0.05415742 0.11528686 -0.08754089 0.74117647 0.65490196 0.63137255
v 0.06178115 0.11443780 -0.07428240 0.74117647 0.65490196 0.63137255
v -0.04607176 -0.02270358 -0.01277866 0.61176471 0.41960784 0.42352941
v -0.04521572 -0.02800319 -0.01095394 0.55294118 0.48627451 0.50980392
v -0.04309537 -0.02754679 -0.01014053 0.55294118 0.48627451 0.50980392
v -0.05290262 0.00707707 -0.01630436 0.70588235 0.54117647 0.53333333
v 0.00975963 -0.08267636 -0.11639475 0.73333333 0.63921569 0.63529412
v 0.02310974 0.04582782 -0.14624196 0.68627451 0.52941176 0.50980392
v 0.06756955 0.11282938 -0.06172176 0.74117647 0.65490196 0.63137255
v 0.06199104 0.11689021 -0.05508158 0.74901961 0.65490196 0.63529412
v 0.06772602 0.11328255 -0.04418070 0.73725490 0.64313725 0.61960784
v 0.07227958 0.11003935 -0.05099622 0.74901961 0.65490196 0.63529412
v 0.04836219 0.12199866 -0.04169597 0.69411765 0.60392157 0.57254902
v 0.03978192 0.12407927 -0.03448582 0.70588235 0.65098039 0.61960784
v -0.01356591 0.00977712 -0.14198732 0.68627451 0.52941176 0.50980392
v 0.07722002 0.00721404 0.04134204 0.92549020 0.81176471 0.80392157
v 0.03678952 -0.04735589 -0.11107504 0.49411765 0.42352941 0.43137255
v 0.05363760 -0.04814365 -0.10028791 0.52549020 0.45882353 0.45490196
v 0.06639273 -0.10091121 -0.08460371 0.72941176 0.67843137 0.72549020
v 0.07507183 -0.02645368 -0.08958009 0.65882353 0.53333333 0.54901961
v 0.07436495 -0.02567822 -0.08991618 0.65882353 0.53333333 0.54901961
v 0.06512151 -0.06390381 -0.08586955 0.73333333 0.63921569 0.63529412
v 0.06560308 -0.04969936 -0.08641620 0.57647059 0.47450980 0.47450980
v 0.02286108 -0.04587688 -0.11642057 0.49411765 0.42352941 0.43137255
v 0.07710208 -0.01510107 -0.10262603 0.81960784 0.67450980 0.65098039
v 0.07739571 -0.01141340 -0.10359848 0.81960784 0.67450980 0.65098039
v 0.07857355 -0.01616193 -0.10306781 0.81960784 0.67450980 0.65098039
v 0.07864776 -0.01215541 -0.10425567 0.81960784 0.67450980 0.65098039
v 0.07875982 -0.00794918 -0.10457442 0.81960784 0.67450980 0.65098039
v 0.07968348 -0.01801388 -0.10273935 0.81960784 0.67450980 0.65098039
v 0.08464098 0.01745276 -0.09264838 0.77254902 0.62352941 0.61176471
v 0.08657371 0.01883679 -0.09220033 0.77254902 0.62352941 0.61176471
v -0.05567453 -0.01784536 -0.02642879 0.75294118 0.56470588 0.57647059
v -0.05620536 -0.01555948 -0.02743930 0.75294118 0.56470588 0.57647059
v 0.07672973 -0.02817755 -0.08578151 0.65882353 0.53333333 0.54901961
v 0.07577373 -0.02736128 -0.08709479 0.65882353 0.53333333 0.54901961
v -0.03904285 -0.00653269 -0.02155896 0.90196078 0.65098039 0.62745098
v 0.07555664 -0.02770029 -0.08616691 0.65882353 0.53333333 0.54901961
v 0.07614581 -0.02825090 -0.08496018 0.67843137 0.58823529 0.58431373
v 0.07743259 -0.02918732 -0.08438502 0.67843137 0.58823529 0.58431373
v 0.07661438 -0.02892427 -0.08399487 0.67843137 0.58823529 0.58431373
v 0.08802545 0.03446322 -0.08591358 0.75294118 0.63529412 0.61176471
v 0.07386228 -0.02806182 -0.08654443 0.65882353 0.53333333 0.54901961
v 0.07382848 -0.02601092 -0.08918130 0.65882353 0.53333333 0.54901961
v 0.07470608 -0.02670415 -0.08797692 0.65882353 0.53333333 0.54901961
v 0.07493013 -0.02755913 -0.08661264 0.65882353 0.53333333 0.54901961
v 0.07582693 -0.02878233 -0.08493694 0.67843137 0.58823529 0.58431373
v 0.07667220 -0.02976253 -0.08353984 0.67843137 0.58823529 0.58431373
v 0.07738463 -0.03037627 -0.08322912 0.62745098 0.52156863 0.53725490
v -0.05615678 -0.02401284 -0.02346092 0.61176471 0.41960784 0.42352941
v -0.05028833 -0.02894646 -0.02016504 0.55294118 0.48627451 0.50980392
v -0.03494380 -0.07995080 -0.02676438 0.83529412 0.73725490 0.74117647
v -0.04056189 -0.07615251 -0.04112333 0.83529412 0.73333333 0.73333333
v -0.04055706 -0.08767963 -0.03948346 0.83529412 0.73725490 0.74117647
v -0.03459095 -0.09250049 -0.02623378 0.83921569 0.74509804 0.74509804
v -0.03857532 -0.00499016 -0.00517143 0.90196078 0.65098039 0.60784314
v -0.03992995 -0.01131142 -0.00760934 0.75294118 0.56470588 0.57647059
v -0.03889001 -0.01282487 -0.00623964 0.70980392 0.52156863 0.51372549
v 0.07991664 -0.01922948 -0.10326660 0.62745098 0.45882353 0.43137255
v 0.07949968 -0.02968858 -0.09025895 0.67843137 0.58823529 0.58431373
v 0.01991929 -0.10751869 -0.00229511 0.35294118 0.31372549 0.32156863
v 0.02038226 -0.11807490 -0.00779524 0.37254902 0.28627451 0.30196078
v 0.08038972 0.01142783 -0.09658422 0.68627451 0.52941176 0.50980392
v 0.07936256 0.00967112 -0.09796149 0.68627451 0.52941176 0.50980392
v 0.08098175 0.01107236 -0.10016584 0.68627451 0.52941176 0.50980392
v 0.08177780 0.01308255 -0.09893039 0.68627451 0.52941176 0.50980392
v 0.04041192 -0.00846514 -0.12754673 0.85490196 0.64313725 0.61960784
v 0.04018620 0.00261935 -0.13288508 0.68627451 0.52941176 0.50980392
v -0.00407679 -0.08044590 -0.11350435 0.73333333 0.63921569 0.63529412
v -0.00393486 -0.06804363 -0.11296903 0.57647059 0.47450980 0.47450980
v 0.06136047 0.03427710 -0.12604487 0.70980392 0.55686275 0.54901961
v 0.08123364 0.01284546 -0.09547492 0.68627451 0.52941176 0.50980392
v 0.08272777 0.01467319 -0.09785720 0.69019608 0.53725490 0.52549020
v 0.07778078 -0.00737520 -0.10381508 0.83921569 0.65098039 0.61960784
v 0.07915205 0.01289378 -0.09467720 0.68627451 0.52941176 0.50980392
v 0.07852510 0.01127547 -0.09599254 0.68627451 0.52941176 0.50980392
v 0.08308418 0.01621408 -0.09973517 0.70196078 0.54901961 0.53725490
v 0.08210003 0.01435956 -0.10089132 0.69019608 0.53725490 0.52549020
v 0.08117899 0.01213848 -0.10203245 0.68627451 0.52941176 0.50980392
v 0.07785012 0.00944222 -0.09735043 0.68627451 0.52941176 0.50980392
v -0.03540209 -0.01833887 -0.00215416 0.68627451 0.53725490 0.51764706
v -0.02912564 -0.01950491 0.00796386 0.66666667 0.59215686 0.59215686
v -0.02993637 -0.00388569 0.00887549 0.75294118 0.63529412 0.58431373
v -0.03523852 -0.00864850 -0.00085746 0.73725490 0.56862745 0.54901961
v 0.08106349 0.01683706 -0.09771673 0.70196078 0.54901961 0.53725490
v 0.07809371 0.06360681 -0.10724195 0.76078431 0.64705882 0.62352941
v 0.07012340 0.05838787 -0.11913067 0.75294118 0.63529412 0.61176471
v 0.07370217 0.08050526 -0.10817773 0.76078431 0.64705882 0.62352941
v 0.06498572 0.07618099 -0.12099584 0.76078431 0.64705882 0.62352941
v 0.05285087 0.07094665 -0.13264780 0.75294118 0.63529412 0.61176471
v 0.05767244 0.05212214 -0.13074322 0.77254902 0.62352941 0.61176471
v 0.08433865 0.01770366 -0.09299910 0.77254902 0.62352941 0.61176471
v 0.08701298 0.01986262 -0.09287692 0.77254902 0.62352941 0.61176471
v 0.08885597 0.08807139 -0.05637398 0.74117647 0.65490196 0.63137255
v 0.08957066 0.08355517 -0.06539942 0.72549020 0.63529412 0.61568627
v 0.08738495 0.09192435 -0.04526871 0.74117647 0.65490196 0.63137255
v 0.08392125 0.09751709 -0.05092394 0.74117647 0.65490196 0.63137255
v 0.08488182 0.09450605 -0.06198446 0.74117647 0.65490196 0.63137255
v 0.08497371 0.08840196 -0.07629172 0.72156863 0.62745098 0.60784314
v 0.08476341 0.05369456 -0.09400624 0.76862745 0.64705882 0.62352941
v 0.08385538 0.06833540 -0.09401651 0.76078431 0.64705882 0.62352941
v 0.08812710 0.07171041 -0.08067317 0.73725490 0.63529412 0.60784314
v -0.00000624 0.02652728 0.03576373 0.70980392 0.57254902 0.54117647
v -0.00400937 0.02743619 0.03275587 0.70196078 0.58039216 0.52549020
v -0.00466326 0.01768265 0.03295819 0.74901961 0.61176471 0.55294118
v -0.00060218 0.01887017 0.03513777 0.76470588 0.68235294 0.63137255
v 0.07991656 0.08467671 -0.09352750 0.73725490 0.63529412 0.60784314
v 0.07819454 0.09772953 -0.07949743 0.72549020 0.62745098 0.60392157
v 0.07396436 0.09480330 -0.09409465 0.73725490 0.63529412 0.60784314
v 0.07020391 0.10628099 -0.07909002 0.74117647 0.65490196 0.63137255
v 0.06463969 0.10501093 -0.09288937 0.73725490 0.63529412 0.60784314
v 0.05637137 0.10307709 -0.10671838 0.73725490 0.63529412 0.60784314
v 0.06768582 0.09152629 -0.10815336 0.74901961 0.63921569 0.61568627
v 0.08021075 0.10025562 -0.06627504 0.74117647 0.65490196 0.63137255
v 0.07982928 0.10254272 -0.05474058 0.74117647 0.65490196 0.63137255
v 0.07411394 0.10673346 -0.06662119 0.74117647 0.65490196 0.63137255
v 0.07559703 0.10674860 -0.05746722 0.74117647 0.65490196 0.63137255
v 0.09002739 0.07305401 -0.07334137 0.73725490 0.63529412 0.60784314
v 0.07264228 -0.03427095 -0.08116540 0.54117647 0.43137255 0.45098039
v 0.07737536 -0.03509092 -0.07801573 0.54117647 0.43137255 0.45098039
v 0.04395012 0.08272324 0.03214847 0.69019608 0.60000000 0.56470588
v 0.05400275 0.08370049 0.02932373 0.71764706 0.61568627 0.58823529
v 0.05080234 0.09119403 0.02421468 0.72156863 0.61176471 0.58431373
v 0.04043721 0.09005804 0.02694093 0.69019608 0.60000000 0.56470588
v 0.08532012 -0.02491065 -0.07236022 0.69803922 0.59215686 0.59215686
v -0.05292388 -0.01149500 -0.10060436 0.90196078 0.65098039 0.62745098
v -0.05652741 -0.00083598 -0.10328537 0.70588235 0.54117647 0.53333333
v -0.04320556 -0.00324090 -0.11918038 0.87058824 0.67450980 0.61960784
v -0.03997365 -0.01310591 -0.11565626 0.90196078 0.65098039 0.62745098
v 0.10343979 -0.00182695 -0.04064980 0.84313725 0.74509804 0.69019608
v 0.10209727 0.01081149 -0.04284776 0.75294118 0.65490196 0.60392157
v 0.09912360 0.00358665 -0.05339064 0.83921569 0.68235294 0.60784314
v 0.09885329 -0.01147007 -0.05151040 0.80392157 0.70196078 0.67450980
v 0.02921584 0.10792524 0.00830778 0.63921569 0.56470588 0.53725490
v 0.03971395 0.10944775 0.00545596 0.69803922 0.61176471 0.57647059
v 0.03461444 0.11492851 -0.00302202 0.69803922 0.61176471 0.57647059
v 0.02414708 0.11313342 0.00022158 0.63921569 0.56470588 0.53725490
v 0.01202234 -0.00217699 0.04412604 0.83529412 0.71764706 0.70588235
v 0.01007085 -0.00843812 0.04499626 0.83529412 0.71764706 0.70980392
v 0.01521445 -0.00870499 0.04635175 0.85882353 0.73333333 0.71372549
v 0.01642107 -0.00236300 0.04504263 0.84705882 0.71764706 0.70980392
v 0.10013384 0.02454421 -0.04371548 0.65882353 0.56470588 0.50196078
v 0.09784057 0.01759326 -0.05434953 0.63921569 0.51764706 0.46666667
v 0.09759650 0.03189907 -0.05636461 0.71372549 0.61568627 0.58431373
v 0.10022777 0.03883570 -0.04431748 0.69019608 0.60784314 0.56862745
v 0.03745805 0.06617735 -0.14152892 0.77254902 0.62352941 0.61176471
v 0.03995089 0.04936807 -0.14142807 0.77254902 0.62352941 0.61176471
v -0.04376955 -0.03227650 -0.00847479 0.56470588 0.47450980 0.50196078
v -0.04223263 -0.03151454 -0.00792957 0.56470588 0.47450980 0.50196078
v 0.04095608 0.03656621 -0.14034888 0.68627451 0.52941176 0.50980392
v 0.09949484 0.05410390 -0.00713955 0.71764706 0.60392157 0.59215686
v 0.02860347 0.11977708 -0.01298548 0.69803922 0.61176471 0.57647059
v 0.01813433 0.11779392 -0.00925399 0.65098039 0.54509804 0.52549020
v -0.00729032 0.08801062 -0.13791338 0.76078431 0.64705882 0.62352941
v 0.09325609 0.07692892 -0.01467477 0.70588235 0.60784314 0.57647059
v 0.03108811 0.08639474 -0.13745049 0.76078431 0.64705882 0.62352941
v -0.01585851 -0.06652432 -0.10778688 0.52549020 0.46274510 0.47450980
v -0.01585851 -0.06652432 -0.10778688 0.52549020 0.46274510 0.47450980
v 0.01655061 0.09265687 -0.13643435 0.76078431 0.64705882 0.62352941
v 0.05927606 0.08739673 -0.12094649 0.76078431 0.64705882 0.62352941
v 0.04947412 0.08277154 -0.13115220 0.76078431 0.64705882 0.62352941
v 0.03486873 0.07709830 -0.14011785 0.75294118 0.63529412 0.61176471
v 0.04067231 0.02034113 -0.13849290 0.68627451 0.52941176 0.50980392
v 0.07650119 0.10571626 -0.04479834 0.74901961 0.65490196 0.63529412
v 0.10315305 0.02065948 -0.01702450 0.84705882 0.75686275 0.69019608
v 0.10228039 0.01607735 -0.01723778 0.86666667 0.78431373 0.71372549
v 0.10389444 0.02536217 -0.01583875 0.84705882 0.75686275 0.68235294
v 0.10180351 0.01120794 -0.01487209 0.85882353 0.75686275 0.72549020
v 0.08042736 0.00254638 0.02407819 0.92941176 0.82352941 0.80784314
v 0.08094493 0.00062952 0.02581873 0.93333333 0.83137255 0.83137255
v 0.08164117 -0.00183967 0.02742201 0.92549020 0.83137255 0.82745098
v 0.08312270 -0.00177576 0.02259549 0.92156863 0.82745098 0.81960784
v 0.08354983 -0.00462663 0.02423243 0.91764706 0.81176471 0.81176471
v 0.08117555 -0.00181614 0.03317971 0.94117647 0.85098039 0.85882353
v 0.08040796 0.00078148 0.03102833 0.93725490 0.83137255 0.82745098
v 0.08187298 -0.00426075 0.02918818 0.93725490 0.83137255 0.83921569
v 0.08248877 -0.00723956 0.03058791 0.94117647 0.83921569 0.85098039
v 0.08229748 -0.00474889 0.03484339 0.94901961 0.85098039 0.85882353
v 0.08413336 -0.01874387 0.02496081 0.91764706 0.79215686 0.79607843
v 0.08448925 -0.01420323 0.02367895 0.91764706 0.80392157 0.81176471
v 0.08316039 -0.01044410 0.02662037 0.92549020 0.81568627 0.81960784
v 0.08638403 -0.00720177 0.02139907 0.91372549 0.80000000 0.80000000
v 0.08574882 -0.01042694 0.02273283 0.91372549 0.80392157 0.80392157
v 0.08329026 -0.00728480 0.02555292 0.91764706 0.80000000 0.80392157
v 0.08627709 -0.00404302 0.01941692 0.90588235 0.80000000 0.79607843
v 0.08461612 -0.01053500 0.03183881 0.92549020 0.81960784 0.83137255
v 0.08700797 -0.01375308 0.03376068 0.90588235 0.78823529 0.79607843
v 0.08433162 -0.00807273 0.03701557 0.94117647 0.84313725 0.86274510
v 0.08433408 -0.00630776 0.04075520 0.94509804 0.83921569 0.85882353
v 0.08236514 -0.00278850 0.03855198 0.95686275 0.85490196 0.86274510
v 0.08288847 0.00031642 0.02085708 0.92941176 0.82745098 0.82352941
v 0.08644587 -0.00167012 0.01754523 0.91372549 0.80784314 0.80392157
v 0.08874188 -0.01362789 0.02059324 0.90980392 0.78431373 0.78431373
v 0.09237818 -0.01688376 0.01816275 0.90196078 0.77254902 0.76078431
v 0.08993012 -0.00950583 0.01850930 0.90196078 0.78431373 0.78039216
v 0.09331605 -0.01212167 0.01603681 0.89019608 0.77254902 0.76078431
v 0.08991295 -0.00607269 0.01655119 0.88627451 0.78039216 0.77254902
v 0.09350833 -0.00835803 0.01389573 0.87843137 0.76470588 0.74901961
v 0.09537488 -0.02105692 0.01554045 0.90588235 0.79607843 0.79607843
v 0.09775680 -0.02520678 0.01255285 0.90196078 0.78823529 0.79607843
v 0.09920786 -0.03099870 0.00899532 0.88235294 0.75294118 0.75686275
v 0.09969007 -0.01996146 0.00993665 0.88235294 0.77647059 0.78431373
v 0.10157396 -0.02548371 0.00593537 0.87843137 0.77254902 0.78431373
v 0.10048866 -0.01448878 0.00755244 0.88235294 0.78431373 0.80000000
v 0.10309630 -0.01989218 0.00317819 0.87843137 0.78823529 0.79607843
v 0.05585432 0.00800834 0.03754975 0.87058824 0.74901961 0.69019608
v 0.05428693 0.00990025 0.03558771 0.88627451 0.77647059 0.70588235
v 0.05049959 0.00667697 0.03654403 0.87843137 0.76078431 0.71372549
v 0.05183961 0.00465586 0.03807070 0.85882353 0.73333333 0.69411765
v 0.06131496 0.05637616 0.03723156 0.76862745 0.65098039 0.58823529
v 0.05936790 0.06418620 0.03583890 0.69019608 0.57647059 0.52941176
v 0.05071212 0.06424174 0.03897617 0.69019608 0.55686275 0.52549020
v 0.05335244 0.05656189 0.04045713 0.73333333 0.58431373 0.52549020
v 0.09684764 -0.01549243 0.01309484 0.89411765 0.78039216 0.78823529
v 0.09732521 -0.01125112 0.01077233 0.87843137 0.78039216 0.78039216
v 0.09354593 -0.00476311 0.01183701 0.88235294 0.78431373 0.77647059
v 0.09007370 -0.00304817 0.01458893 0.90196078 0.79607843 0.78823529
v 0.09952872 -0.00376571 0.00416796 0.88235294 0.78431373 0.79215686
v 0.10035047 -0.00910857 0.00565376 0.88627451 0.79607843 0.80392157
v 0.09708652 -0.00677478 0.00881564 0.87843137 0.78431373 0.78039216
v 0.09655624 -0.00244241 0.00714848 0.88627451 0.78039216 0.78039216
v 0.10361665 -0.01286757 0.00111828 0.89411765 0.80392157 0.81568627
v 0.10264115 -0.00548344 0.00033764 0.89411765 0.79215686 0.80784314
v 0.10117041 -0.00066412 -0.00032169 0.88627451 0.77647059 0.78823529
v 0.09137162 0.00547521 0.00981138 0.88627451 0.78039216 0.76862745
v 0.08743180 0.00612248 0.01295849 0.90980392 0.80000000 0.77254902
v 0.09390979 0.00524695 0.00714890 0.88235294 0.78039216 0.77254902
v 0.09856441 0.00007941 0.00317357 0.88627451 0.78431373 0.78823529
v 0.09622873 0.00070272 0.00594674 0.89411765 0.78431373 0.78039216
v 0.10122810 0.00647281 -0.00764266 0.86666667 0.75686275 0.74901961
v 0.10052745 0.00564213 -0.00461352 0.86274510 0.75686275 0.74901961
v 0.09772752 0.00509617 0.00177917 0.88235294 0.77647059 0.77254902
v 0.09603287 0.00509089 0.00445396 0.88627451 0.77254902 0.77647059
v 0.09927262 0.00529405 -0.00140524 0.87058824 0.74509804 0.74509804
v 0.08343604 0.00760836 0.01524740 0.91372549 0.80000000 0.76078431
v 0.07932610 0.00953518 0.01761509 0.91372549 0.79607843 0.75294118
v 0.05383689 -0.06127605 -0.09776953 0.57647059 0.47450980 0.47450980
v 0.08085616 0.00038870 0.03694297 0.95686275 0.85098039 0.85490196
v 0.07960160 0.00326973 0.03486345 0.94117647 0.81176471 0.81176471
v 0.07801944 0.02618186 0.02098870 0.90980392 0.79215686 0.72549020
v 0.07559678 0.02318135 0.02129461 0.91372549 0.78823529 0.72941176
v 0.07404049 0.02351085 0.02955035 0.91764706 0.81568627 0.76078431
v 0.08253827 0.03057663 0.02112251 0.86666667 0.76470588 0.71372549
v 0.07646160 0.01206136 0.01919407 0.93333333 0.77647059 0.72941176
v 0.04591133 0.00443444 0.03811195 0.85490196 0.70196078 0.66666667
v 0.04741037 0.00246556 0.03896852 0.85490196 0.70980392 0.67843137
v 0.07480092 0.01443988 0.02003733 0.92549020 0.78039216 0.72549020
v 0.07399110 0.01704033 0.02067503 0.92156863 0.78039216 0.71372549
v 0.07408626 0.02018847 0.02119877 0.92156863 0.78431373 0.72549020
v 0.04749094 0.09777999 0.01859462 0.69803922 0.61176471 0.57647059
v 0.03694063 0.09655229 0.02127714 0.69411765 0.59607843 0.56470588
v -0.00646557 0.12617202 -0.05274858 0.68627451 0.55294118 0.52549020
v -0.00257803 0.12594254 -0.04516238 0.68627451 0.55294118 0.52549020
v 0.00692213 0.12870535 -0.05107284 0.65490196 0.55294118 0.52549020
v -0.00034998 0.12845419 -0.06144719 0.68627451 0.55294118 0.52549020
v 0.09286007 0.04422301 0.01672951 0.83921569 0.72549020 0.69411765
v 0.09067893 0.03775591 0.01966507 0.85490196 0.73333333 0.69019608
v 0.10022597 0.05933020 -0.02541109 0.70588235 0.62745098 0.61568627
v 0.10132422 0.05115285 -0.03110869 0.69803922 0.61960784 0.60000000
v 0.10282698 0.04014243 -0.00671092 0.84313725 0.74509804 0.68627451
v 0.10385157 0.03581771 -0.01088067 0.86666667 0.73725490 0.66666667
v 0.10415260 0.03066825 -0.01408907 0.87058824 0.73725490 0.67450980
v 0.10131332 0.03983505 -0.03477351 0.70588235 0.60392157 0.56078431
v 0.10142472 0.02756396 -0.03573460 0.70980392 0.61176471 0.55294118
v 0.10282883 0.01575547 -0.03530617 0.79607843 0.69803922 0.61960784
v -0.06334981 0.00046659 -0.05343756 0.70588235 0.54117647 0.53333333
v -0.05807317 -0.00179910 -0.03868313 0.70588235 0.54117647 0.53333333
v -0.06093580 0.01018899 -0.03788032 0.70588235 0.54117647 0.53333333
v -0.06766948 0.01695573 -0.05301128 0.70588235 0.54117647 0.53333333
v 0.08785718 0.08939730 -0.02759635 0.73725490 0.64313725 0.61960784
v 0.00544373 -0.10029036 -0.00407571 0.68627451 0.52941176 0.50196078
v 0.00568935 -0.11150452 -0.00867963 0.61176471 0.45882353 0.43921569
v -0.01600128 -0.07942941 -0.10806323 0.76470588 0.65098039 0.64705882
v -0.01600128 -0.07942941 -0.10806323 0.76470588 0.65098039 0.64705882
v 0.08439998 0.09539080 -0.03340483 0.73725490 0.64313725 0.61960784
v 0.09094269 0.08299191 -0.02128588 0.71372549 0.61960784 0.59215686
v 0.07214828 0.10874594 -0.03594796 0.71372549 0.61960784 0.59215686
v 0.07639836 0.10390062 -0.02877775 0.69411765 0.60392157 0.57254902
v 0.08067972 0.10086583 -0.03910361 0.73725490 0.64313725 0.61960784
v 0.08040941 0.09839061 -0.02277066 0.69411765 0.60392157 0.57254902
v 0.08404893 0.09242435 -0.01714454 0.69411765 0.60392157 0.57254902
v 0.08716236 0.08614738 -0.01082035 0.70588235 0.61960784 0.58823529
v 0.08979725 0.07983176 -0.00462001 0.70980392 0.63921569 0.60784314
v 0.09182774 0.07155474 0.00177002 0.69411765 0.61960784 0.58823529
v 0.03697013 -0.05971773 -0.10908881 0.57647059 0.47450980 0.47450980
v 0.07756881 -0.01199885 0.03577708 0.88235294 0.67843137 0.69411765
v 0.07738328 -0.01208128 0.03632997 0.88235294 0.67843137 0.69411765
v 0.00972834 0.04854608 0.03878009 0.67450980 0.56470588 0.53725490
v 0.00626295 0.05386116 0.03629115 0.63529412 0.52941176 0.49411765
v 0.00121440 0.04698576 0.03457479 0.67450980 0.54901961 0.51372549
v 0.00515436 0.04262034 0.03741729 0.69019608 0.57647059 0.54901961
v 0.07721427 -0.01200161 0.03568165 0.88235294 0.67843137 0.69411765
v 0.07701173 -0.01207145 0.03636907 0.88235294 0.67843137 0.69411765
v 0.07731520 -0.01248595 0.03627229 0.88235294 0.67843137 0.69411765
v 0.07835369 -0.02040003 0.03820048 0.90588235 0.54117647 0.67058824
v 0.07713082 -0.01836983 0.03790789 0.90980392 0.54901961 0.67450980
v 0.07718845 -0.01485165 0.03723498 0.89019608 0.69803922 0.69411765
v 0.08364838 -0.03129403 -0.07463881 0.58431373 0.47843137 0.48627451
v 0.06385297 0.04370844 0.03861207 0.83921569 0.73333333 0.67843137
v 0.05703659 0.04393162 0.04162142 0.82745098 0.70588235 0.64705882
v 0.05858868 0.03785932 0.04073281 0.83137255 0.73725490 0.69411765
v 0.06455430 0.03741459 0.03843483 0.85490196 0.76078431 0.72549020
v -0.00030484 0.01112852 0.03566780 0.76862745 0.66666667 0.63137255
v -0.00419651 0.00829255 0.03458885 0.76470588 0.66274510 0.62352941
v -0.00110283 0.00003183 0.03845780 0.80392157 0.70196078 0.67450980
v 0.00258893 0.00391103 0.03878117 0.81176471 0.72941176 0.69803922
v 0.00832733 -0.00092206 0.04265624 0.83137255 0.72156863 0.70588235
v 0.00592511 -0.00685551 0.04340464 0.83529412 0.71764706 0.70980392
v 0.04771852 0.07334166 0.03668384 0.69019608 0.58039216 0.53333333
v 0.05711733 0.07383852 0.03345473 0.69803922 0.58823529 0.52941176
v -0.00229983 0.03791292 0.03296277 0.70196078 0.56470588 0.53333333
v 0.00177562 0.03497303 0.03634503 0.70196078 0.58039216 0.55294118
v 0.05935959 0.01103270 0.03801403 0.89411765 0.76862745 0.69803922
v 0.05711712 0.01257935 0.03566825 0.89019608 0.74901961 0.67058824
v 0.06056972 0.01674279 0.03598182 0.90588235 0.77647059 0.68627451
v 0.06646550 0.01603853 0.03862202 0.92549020 0.78823529 0.72941176
v 0.06591514 0.02012350 0.03716054 0.92549020 0.78823529 0.73725490
v 0.06142606 0.02033276 0.03616951 0.91764706 0.79215686 0.72941176
v 0.03441305 0.05619801 0.04298287 0.67450980 0.54117647 0.49803922
v 0.03133619 0.06309681 0.04108956 0.67843137 0.55686275 0.52156863
v 0.02212519 0.06187586 0.03998473 0.65490196 0.54117647 0.50588235
v 0.02525050 0.05530060 0.04201993 0.68235294 0.51372549 0.49411765
v 0.03331664 0.10237002 0.01519902 0.63921569 0.56470588 0.53725490
v 0.04388705 0.10371934 0.01245561 0.69803922 0.61176471 0.57647059
v 0.06508010 0.02963580 0.03708931 0.87843137 0.77647059 0.73725490
v 0.06030959 0.03002735 0.03787259 0.87058824 0.76470588 0.72549020
v 0.06080826 0.02625134 0.03661221 0.89411765 0.79607843 0.74509804
v 0.06516786 0.02624140 0.03667332 0.90588235 0.80000000 0.74509804
v 0.04270294 0.00086985 0.04069978 0.86274510 0.71764706 0.69803922
v 0.04139198 0.00299351 0.04012537 0.85098039 0.70588235 0.68627451
v -0.03852751 -0.03208221 -0.01754810 0.56470588 0.47450980 0.50196078
v -0.03941153 -0.03312248 -0.01568574 0.59607843 0.48235294 0.49411765
v -0.03754620 0.01272620 -0.00119415 0.72549020 0.55294118 0.53725490
v -0.03567593 0.00204220 -0.00090925 0.64705882 0.49019608 0.46274510
v -0.03053645 0.00965188 0.00858627 0.67450980 0.51372549 0.47843137
v -0.03193422 0.02254442 0.00714576 0.69411765 0.54901961 0.52549020
v -0.03537245 0.03442283 0.00557228 0.70196078 0.56078431 0.53333333
v -0.03866689 0.04328583 0.00193432 0.68627451 0.54901961 0.52941176
v -0.04344901 0.02753064 -0.00411401 0.69411765 0.54901961 0.52156863
v -0.04020303 0.02176438 -0.00194580 0.71372549 0.54901961 0.52549020
v -0.04367005 -0.08417121 -0.05276602 0.83529412 0.73333333 0.73333333
v -0.04279494 -0.07377993 -0.05648074 0.76470588 0.65098039 0.64705882
v 0.06775691 0.01296322 0.04101130 0.90980392 0.77647059 0.74117647
v 0.06905761 0.00997909 0.04310057 0.92549020 0.80000000 0.77254902
v -0.04951243 0.03908823 -0.12642762 0.70588235 0.54117647 0.53333333
v -0.04847962 0.02550953 -0.12550911 0.70588235 0.54117647 0.53333333
v -0.06164763 0.02903638 -0.10798803 0.70588235 0.54117647 0.53333333
v -0.06223021 0.04195750 -0.10865314 0.70588235 0.54117647 0.53333333
v -0.05900758 -0.01030735 -0.05222535 0.90196078 0.65098039 0.62745098
v -0.05470021 -0.01065651 -0.03823111 0.78431373 0.57647059 0.58823529
v 0.06420557 -0.01643313 0.04718222 0.86274510 0.62352941 0.63529412
v 0.06476792 -0.01220003 0.04273961 0.85882353 0.52549020 0.60000000
v 0.06471960 -0.01511428 0.04397666 0.86274510 0.57647059 0.61176471
v 0.06469413 -0.01229993 0.04289073 0.85882353 0.52549020 0.60000000
v 0.06453268 -0.01877049 0.04931307 0.83529412 0.65098039 0.63921569
v 0.06309398 -0.01873884 0.05163405 0.83529412 0.67450980 0.65490196
v 0.06401175 -0.01893065 0.04358291 0.89803922 0.54509804 0.67843137
v 0.06503687 -0.01894429 0.04347183 0.89803922 0.56470588 0.70196078
v 0.06539630 -0.01489055 0.04383391 0.85882353 0.52549020 0.60000000
v 0.06457391 -0.01220594 0.04300227 0.85882353 0.52549020 0.60000000
v 0.07546131 -0.02182359 0.05021386 0.88235294 0.61568627 0.63921569
v 0.07642741 -0.02033225 0.05284622 0.84705882 0.63921569 0.62352941
v 0.07256620 -0.01905958 0.05382589 0.85098039 0.67450980 0.65490196
v 0.07280811 -0.02058676 0.05148031 0.86274510 0.60784314 0.62745098
v 0.06599062 -0.01219509 0.04308575 0.85882353 0.52549020 0.60000000
v 0.06738812 -0.01469598 0.04390847 0.86274510 0.52549020 0.60784314
v 0.07032676 -0.01658460 0.04847132 0.85882353 0.58039216 0.60392157
v 0.06687029 -0.01387755 0.04587888 0.85490196 0.55294118 0.59607843
v 0.06577606 -0.01232198 0.04365360 0.85882353 0.52549020 0.60000000
v 0.06832319 -0.01620018 0.04863245 0.85882353 0.58039216 0.60392157
v 0.06828031 -0.02176233 0.04641656 0.89019608 0.56078431 0.70196078
v 0.06632435 -0.01623274 0.04808636 0.85098039 0.59215686 0.60392157
v -0.05059556 -0.01912714 -0.01753724 0.61176471 0.41960784 0.42352941
v -0.02482027 -0.06738894 -0.00979037 0.83529412 0.73725490 0.74117647
v -0.03157593 -0.05233828 -0.01385976 0.63921569 0.56470588 0.56470588
v -0.03364551 -0.05237924 -0.01894668 0.56470588 0.50588235 0.52156863
v -0.02992768 -0.06810112 -0.01734013 0.83529412 0.73333333 0.73333333
v -0.05467566 0.00664222 -0.01664679 0.70588235 0.54117647 0.53333333
v -0.01574443 0.05350042 0.02346405 0.66274510 0.53725490 0.51764706
v -0.02122864 0.06576136 0.01643717 0.66274510 0.54509804 0.52941176
v -0.03177211 0.05467366 0.00865740 0.66274510 0.53333333 0.50980392
v -0.02898986 0.04361440 0.01252031 0.66666667 0.54509804 0.52549020
v -0.02550932 0.07583813 0.00990999 0.66274510 0.54509804 0.52941176
v -0.03555833 0.06579218 0.00294222 0.66274510 0.53333333 0.50980392
v -0.04326157 0.05428278 -0.00426066 0.68627451 0.54901961 0.52941176
v -0.05215513 0.03439572 -0.01541261 0.69411765 0.54901961 0.52156863
v 0.02396198 0.01281349 0.04307232 0.84313725 0.72156863 0.68627451
v 0.02384545 0.01263990 0.04333334 0.84313725 0.72156863 0.68627451
v 0.02580643 0.01235247 0.04365671 0.85098039 0.70980392 0.69019608
v 0.02564054 0.01248345 0.04351193 0.84313725 0.69019608 0.66666667
v 0.02406641 0.01297677 0.04226336 0.84313725 0.72549020 0.68627451
v 0.02578481 0.01241921 0.04256954 0.85098039 0.70980392 0.69019608
v 0.02278762 0.01342108 0.04189603 0.83921569 0.72941176 0.68627451
v 0.02260221 0.01311589 0.04264041 0.83921569 0.72549020 0.68627451
v 0.02245912 0.01289726 0.04288471 0.83921569 0.72549020 0.68627451
v 0.04084483 0.01379872 0.03711549 0.85490196 0.74117647 0.68235294
v 0.03981213 0.01388220 0.03708571 0.85098039 0.73333333 0.67843137
v 0.03747899 0.01307477 0.03852680 0.85490196 0.71372549 0.67450980
v 0.03885401 0.01315362 0.03900466 0.85490196 0.70980392 0.67058824
v 0.04127186 0.01353481 0.03741535 0.85490196 0.74117647 0.68235294
v 0.03902026 0.01284878 0.03942203 0.85882353 0.71372549 0.67843137
v 0.03461383 0.01572194 0.03401653 0.85882353 0.71372549 0.67843137
v 0.03515081 0.01606962 0.03360736 0.85098039 0.72156863 0.67058824
v 0.03383693 0.01538352 0.03453261 0.83921569 0.69411765 0.65490196
v 0.04129729 0.01587366 0.03415952 0.86274510 0.74117647 0.66666667
v 0.04120879 0.01689650 0.03443876 0.86666667 0.75294118 0.68235294
v 0.03550887 0.01713812 0.03355624 0.85882353 0.73333333 0.67450980
v 0.03551074 0.01643475 0.03331816 0.85882353 0.73333333 0.67450980
v 0.04097220 0.01523893 0.03462251 0.86274510 0.74117647 0.66666667
v 0.04262080 0.01508362 0.03392042 0.86274510 0.74117647 0.66666667
v 0.04333192 0.01553340 0.03301749 0.86274510 0.74117647 0.66666667
v 0.04344965 0.01693133 0.03342056 0.86274510 0.74117647 0.66666667
v 0.03453860 0.01180901 0.04201509 0.83529412 0.69411765 0.65098039
v 0.03432666 0.01105173 0.04215043 0.83529412 0.69411765 0.65098039
v 0.03851941 0.01144767 0.04001594 0.85490196 0.71372549 0.67450980
v 0.03884290 0.01227463 0.03976882 0.85490196 0.71372549 0.67058824
v 0.03469913 0.01226673 0.04176352 0.83529412 0.69411765 0.65098039
v 0.03125396 0.01230717 0.04276482 0.84313725 0.70196078 0.67843137
v 0.03122503 0.01182753 0.04290221 0.84313725 0.70196078 0.67843137
v 0.03101842 0.01106863 0.04295467 0.82352941 0.69019608 0.66666667
v 0.04131264 0.01236122 0.03818744 0.85098039 0.73333333 0.67843137
v 0.04126957 0.01317787 0.03788203 0.85098039 0.73333333 0.67843137
v 0.03090826 0.01040620 0.04291942 0.82745098 0.69411765 0.67450980
v 0.03399075 0.01038560 0.04218041 0.83529412 0.69411765 0.65098039
v 0.03828711 0.01079948 0.04005794 0.85490196 0.71372549 0.67450980
v 0.04140204 0.01194474 0.03818562 0.85882353 0.73725490 0.68627451
v 0.04359311 0.01314383 0.03617804 0.86274510 0.74117647 0.67843137
v 0.04259863 0.01333098 0.03686487 0.86274510 0.74509804 0.68627451
v 0.03369055 0.00970694 0.04196540 0.83921569 0.70196078 0.67450980
v 0.03378140 0.00896129 0.04180511 0.82352941 0.68627451 0.66274510
v 0.03822341 0.00937193 0.03993346 0.84705882 0.70196078 0.66666667
v 0.03811786 0.01009252 0.03993876 0.85098039 0.70980392 0.66274510
v 0.03064254 0.00974168 0.04260141 0.81960784 0.69411765 0.66274510
v 0.03057369 0.00897714 0.04237308 0.81960784 0.69411765 0.66274510
v 0.02062141 0.01296548 0.04197282 0.84313725 0.72549020 0.70196078
v 0.01973692 0.01344723 0.04149808 0.82352941 0.69411765 0.66274510
v 0.01979590 0.01288923 0.04150679 0.83529412 0.70196078 0.67843137
v 0.02032699 0.01248173 0.04172252 0.83529412 0.70196078 0.67843137
v 0.01622714 0.01033714 0.04030299 0.83137255 0.69019608 0.67450980
v 0.01500130 0.01165361 0.04006630 0.83921569 0.69019608 0.67058824
v 0.01272305 0.01100737 0.03947530 0.82745098 0.71372549 0.69019608
v 0.01436683 0.00948124 0.04014509 0.81176471 0.69019608 0.66274510
v 0.00502044 0.00095013 0.04075718 0.81568627 0.71764706 0.69411765
v 0.01184057 0.00668336 0.04069775 0.81960784 0.70588235 0.68235294
v 0.00963943 0.00817090 0.03948098 0.83529412 0.73333333 0.69803922
v 0.02148028 0.01275702 0.04239812 0.84313725 0.72549020 0.69803922
v 0.02249694 0.01249928 0.04285915 0.83921569 0.72549020 0.68627451
v 0.02148319 0.01310197 0.04240495 0.84313725 0.72549020 0.69803922
v 0.02060290 0.01343090 0.04186178 0.83921569 0.71372549 0.67843137
v 0.02115557 0.01213180 0.04215107 0.83137255 0.70588235 0.67843137
v 0.02234071 0.01188417 0.04266530 0.84313725 0.72549020 0.69411765
v 0.02383443 0.01229854 0.04331280 0.84313725 0.72941176 0.69019608
v 0.02379881 0.01160699 0.04319301 0.84313725 0.72941176 0.69019608
v 0.02582113 0.01129703 0.04353003 0.84705882 0.72156863 0.69019608
v 0.02590014 0.01200476 0.04362283 0.85098039 0.72156863 0.69803922
v 0.02828087 0.01186264 0.04349373 0.84705882 0.71764706 0.68627451
v 0.02790064 0.01229966 0.04352007 0.84705882 0.71764706 0.68627451
v 0.02807192 0.01109218 0.04344758 0.84313725 0.71372549 0.68627451
v 0.02558891 0.01069861 0.04330296 0.84705882 0.72156863 0.69019608
v 0.02793648 0.01048717 0.04331387 0.83921569 0.71372549 0.68235294
v 0.02355127 0.01098084 0.04283335 0.83529412 0.71372549 0.67843137
v 0.02201858 0.01133542 0.04230048 0.83137255 0.70196078 0.67058824
v 0.02076738 0.01167982 0.04177909 0.83137255 0.70588235 0.67843137
v 0.01979468 0.01206107 0.04144147 0.83137255 0.70196078 0.67843137
v 0.01912051 0.01267569 0.04120766 0.82352941 0.69411765 0.67450980
v 0.02010189 0.01116483 0.04146953 0.82352941 0.69803922 0.67058824
v 0.01907465 0.01046502 0.04111236 0.82745098 0.69803922 0.67843137
v 0.02083958 0.01001239 0.04160314 0.82745098 0.70588235 0.67450980
v 0.02154979 0.01079841 0.04196328 0.82745098 0.70196078 0.67058824
v 0.01890591 0.01165245 0.04114655 0.83137255 0.70196078 0.68235294
v 0.01768214 0.01106544 0.04069433 0.83529412 0.69803922 0.67843137
v 0.02315387 0.01048345 0.04242393 0.83921569 0.71764706 0.68235294
v 0.02279781 0.00976528 0.04207782 0.83529412 0.71764706 0.69019608
v 0.02508509 0.00940520 0.04253838 0.83529412 0.70980392 0.67450980
v 0.02535858 0.01011782 0.04292917 0.83921569 0.71764706 0.68627451
v 0.02793832 0.00998228 0.04279550 0.84705882 0.71372549 0.67450980
v 0.02757935 0.00915731 0.04249211 0.82352941 0.69411765 0.66274510
v 0.03461725 0.01237983 0.04146099 0.83529412 0.69411765 0.65098039
v 0.03418319 0.01251310 0.04015657 0.83529412 0.69411765 0.65098039
v 0.03104146 0.01232114 0.04134632 0.84313725 0.70196078 0.67843137
v 0.03092135 0.01234229 0.04257705 0.84313725 0.70196078 0.67843137
v 0.02767528 0.01234209 0.04338362 0.84705882 0.71764706 0.68627451
v 0.02809556 0.01224137 0.04220705 0.85098039 0.72941176 0.69019608
v 0.03048856 0.01233183 0.04025204 0.84313725 0.70196078 0.67058824
v 0.03019205 0.01459425 0.03626594 0.85098039 0.72941176 0.69019608
v 0.02891383 0.01460600 0.03660738 0.84705882 0.72156863 0.68627451
v 0.02794899 0.01237240 0.04089656 0.86274510 0.72156863 0.68627451
v 0.03330866 0.01264128 0.03913945 0.83137255 0.69411765 0.65882353
v 0.03151165 0.01477451 0.03571495 0.84313725 0.70196078 0.67843137
v 0.03610452 0.01333468 0.03776492 0.83529412 0.70588235 0.66274510
v 0.03278029 0.01503901 0.03513543 0.83137255 0.69411765 0.65882353
v 0.03851472 0.01398651 0.03670868 0.85098039 0.72156863 0.67058824
v 0.03411999 0.02458250 0.04247396 0.81960784 0.69019608 0.65098039
v 0.03412673 0.02502119 0.04268401 0.81176471 0.67843137 0.64705882
v 0.02917675 0.02443671 0.04432235 0.80392157 0.67058824 0.63529412
v 0.02962387 0.02395926 0.04392424 0.81960784 0.69019608 0.65098039
v -0.06218930 0.00194849 -0.08778227 0.70588235 0.54117647 0.53333333
v -0.06579261 0.01698794 -0.09134491 0.70588235 0.54117647 0.53333333
v -0.06008859 0.01303823 -0.10606939 0.70588235 0.54117647 0.53333333
v 0.02645582 0.02113457 0.04468089 0.81960784 0.68627451 0.65490196
v 0.02635649 0.02233624 0.04434656 0.79215686 0.67058824 0.63529412
v 0.02337859 0.02116682 0.04392897 0.82745098 0.69019608 0.66274510
v 0.02353491 0.02005378 0.04410712 0.83921569 0.69411765 0.66666667
v 0.02654898 0.01996284 0.04486864 0.83137255 0.70588235 0.67058824
v 0.02377525 0.01884708 0.04412286 0.82352941 0.69411765 0.65882353
v 0.02992998 0.02104818 0.04515978 0.83137255 0.70588235 0.66666667
v 0.02977309 0.02232067 0.04492442 0.82745098 0.70196078 0.65490196
v 0.02962028 0.02342576 0.04432009 0.81960784 0.69019608 0.65098039
v 0.02255500 0.01785996 0.04003584 0.82352941 0.71764706 0.67843137
v 0.02355143 0.01867249 0.04034145 0.82352941 0.71764706 0.67843137
v 0.02353142 0.01839666 0.04190132 0.82745098 0.72156863 0.68627451
v 0.02200636 0.01771371 0.04129425 0.82352941 0.70980392 0.65882353
v 0.02181343 0.01728844 0.03978851 0.82352941 0.70980392 0.65882353
v 0.02113076 0.01709822 0.04080591 0.82745098 0.71764706 0.68235294
v 0.02530386 0.01728728 0.03625550 0.82352941 0.71764706 0.67843137
v 0.02576591 0.01761363 0.03636795 0.82352941 0.71764706 0.67843137
v 0.02650585 0.01800783 0.03653273 0.82352941 0.71764706 0.67843137
v 0.02502856 0.01697163 0.03620875 0.82352941 0.71764706 0.67843137
v 0.02481715 0.01661183 0.03624265 0.82352941 0.71764706 0.67843137
v 0.02485051 0.01625430 0.03628476 0.82352941 0.71764706 0.67843137
v 0.02509824 0.01596729 0.03630772 0.82352941 0.71764706 0.67843137
v 0.00271567 -0.01532658 0.04191522 0.84705882 0.73725490 0.72549020
v 0.00218945 -0.00419135 0.04119459 0.81568627 0.70588235 0.69803922
v -0.00152362 -0.01215706 0.03934878 0.82745098 0.72156863 0.70980392
v 0.02161859 0.01341328 0.04210228 0.83921569 0.72156863 0.67843137
v 0.02072790 0.01380416 0.04158771 0.83921569 0.71372549 0.67843137
v 0.02191808 0.01374459 0.04143138 0.82745098 0.71372549 0.66274510
v 0.02115899 0.01411789 0.04105167 0.83137255 0.70588235 0.66666667
v 0.01984854 0.01433021 0.04111363 0.83137255 0.70980392 0.67450980
v 0.01953044 0.01404091 0.04131422 0.82352941 0.69411765 0.66274510
v 0.02436209 0.01315186 0.04115111 0.83529412 0.72549020 0.69411765
v 0.02678725 0.01491026 0.03688318 0.83921569 0.73725490 0.70196078
v 0.02609766 0.01517765 0.03680879 0.82352941 0.71764706 0.67843137
v 0.02328377 0.01372396 0.04083744 0.82745098 0.72549020 0.67843137
v 0.02588389 0.01255654 0.04123152 0.84705882 0.72156863 0.68627451
v 0.02770702 0.01469554 0.03683529 0.84313725 0.72941176 0.69803922
v 0.02587183 0.01550173 0.03649851 0.82352941 0.71764706 0.67843137
v 0.02544280 0.01570994 0.03639632 0.82352941 0.71764706 0.67843137
v 0.02277778 0.01412593 0.04031872 0.82745098 0.72549020 0.67843137
v 0.02201098 0.01452232 0.04003290 0.81960784 0.70980392 0.66274510
v 0.02057857 0.01465069 0.04078901 0.83137255 0.70588235 0.66666667
v 0.02100501 0.01556786 0.03969600 0.81960784 0.71372549 0.67058824
v 0.02101727 0.01612255 0.03968841 0.81960784 0.71372549 0.67058824
v 0.02016594 0.01514183 0.04069729 0.82745098 0.70588235 0.67843137
v 0.02007174 0.01585589 0.04064582 0.82745098 0.70588235 0.67843137
v 0.02135283 0.01501567 0.03979058 0.81960784 0.71372549 0.67058824
v 0.02132550 0.01670340 0.03970045 0.82352941 0.70980392 0.65882353
v 0.02046726 0.01638293 0.04071697 0.82745098 0.70588235 0.67843137
v 0.01925852 0.01355880 0.04127129 0.82352941 0.69411765 0.67450980
v 0.01910191 0.01444714 0.04109313 0.82745098 0.71372549 0.67843137
v 0.01832895 0.01534473 0.04086364 0.82745098 0.70196078 0.68235294
v 0.01861943 0.01355938 0.04100565 0.82352941 0.69411765 0.67450980
v 0.01766019 0.01362883 0.04066746 0.82745098 0.69019608 0.66666667
v 0.01811989 0.01240877 0.04083707 0.83529412 0.70196078 0.68235294
v 0.01736740 0.01613429 0.04081895 0.82352941 0.70588235 0.68627451
v 0.01580168 0.01677920 0.04036348 0.81176471 0.70588235 0.67843137
v 0.01604547 0.01366148 0.04031345 0.83137255 0.69803922 0.67058824
v 0.01675807 0.01214954 0.04043204 0.85882353 0.71372549 0.68627451
v 0.01938986 0.01496540 0.04092998 0.82745098 0.71372549 0.67843137
v 0.01912123 0.01550632 0.04083078 0.82352941 0.70588235 0.67843137
v 0.01847604 0.01722673 0.04156744 0.81568627 0.70196078 0.67058824
v 0.01772611 0.01821646 0.04144003 0.81960784 0.69803922 0.68235294
v 0.01904815 0.01648650 0.04147715 0.82352941 0.70588235 0.68627451
v 0.02012963 0.01725261 0.04221039 0.82745098 0.71372549 0.68627451
v 0.01975351 0.01812063 0.04233582 0.81960784 0.70588235 0.67450980
v 0.01923868 0.01904350 0.04221252 0.81568627 0.69803922 0.66274510
v 0.02141421 0.01895340 0.04327349 0.82745098 0.69803922 0.67058824
v 0.02106624 0.02003675 0.04312166 0.83529412 0.69019608 0.66666667
v 0.02166014 0.01794921 0.04312010 0.83137255 0.69411765 0.66274510
v 0.01959312 0.01622404 0.04119715 0.82352941 0.70588235 0.67843137
v 0.02047287 0.01687690 0.04171365 0.83529412 0.71764706 0.68235294
v 0.02181954 0.01757258 0.04243307 0.83137255 0.69411765 0.66274510
v 0.02376314 0.01813175 0.04347996 0.83137255 0.70980392 0.67450980
v 0.02647125 0.01908729 0.04430024 0.82352941 0.69803922 0.65882353
v 0.02610868 0.01920203 0.04252829 0.83137255 0.69411765 0.65098039
v 0.02982791 0.02017561 0.04454686 0.82352941 0.69411765 0.65882353
v 0.02939204 0.02000647 0.04281628 0.82745098 0.70196078 0.65882353
v 0.03410149 0.02613448 0.04358018 0.81176471 0.67843137 0.64705882
v 0.02863217 0.02574694 0.04513986 0.81568627 0.67450980 0.63921569
v 0.02878473 0.02007831 0.04083513 0.83137255 0.70588235 0.66274510
v 0.02927240 0.01862157 0.03666619 0.83137255 0.69411765 0.65098039
v 0.03082228 0.01868134 0.03629123 0.82745098 0.70196078 0.65882353
v 0.03199835 0.02012367 0.04022543 0.83529412 0.70196078 0.65882353
v 0.04083347 0.01760982 0.03530517 0.85098039 0.73725490 0.67058824
v 0.04034251 0.01836857 0.03626229 0.85882353 0.73333333 0.67450980
v 0.03498501 0.01778955 0.03443407 0.84705882 0.70980392 0.65490196
v 0.03531108 0.01747652 0.03396580 0.85882353 0.73333333 0.67450980
v 0.04273648 0.01761410 0.03506210 0.86274510 0.75294118 0.68235294
v 0.04185741 0.01845946 0.03646560 0.86274510 0.73333333 0.66666667
v 0.03741390 0.01959369 0.03828068 0.85098039 0.72549020 0.66666667
v 0.03356311 0.01834363 0.03550138 0.84705882 0.70588235 0.64705882
v 0.03443639 0.01807560 0.03494424 0.83921569 0.71764706 0.65882353
v 0.03890646 0.01901285 0.03721637 0.84705882 0.70980392 0.65490196
v 0.03895703 0.02001544 0.03953401 0.84313725 0.71372549 0.65490196
v 0.04075656 0.01917017 0.03784281 0.85882353 0.73333333 0.67450980
v 0.03299393 0.02047744 0.04231331 0.83921569 0.69411765 0.65098039
v -0.04821309 0.07453592 -0.12192000 0.72549020 0.55294118 0.54117647
v -0.04988538 0.05916369 -0.12546074 0.72549020 0.55294118 0.54117647
v -0.06212879 0.06050567 -0.10799213 0.72549020 0.55294118 0.54117647
v -0.06038823 0.07384941 -0.10530050 0.72549020 0.55294118 0.54117647
v 0.02600037 0.01948183 0.04074332 0.83137255 0.69803922 0.65490196
v 0.02776945 0.01836728 0.03669694 0.83529412 0.71372549 0.68627451
v -0.06492176 0.07449915 -0.09358376 0.69411765 0.54901961 0.52156863
v -0.06255575 0.08289542 -0.09124767 0.69411765 0.54901961 0.52156863
v -0.05791869 0.08516749 -0.10033127 0.69411765 0.54901961 0.52156863
v -0.04002169 -0.06054318 -0.07765710 0.53725490 0.47450980 0.48235294
v -0.03502066 -0.07151973 -0.08864747 0.52156863 0.47058824 0.48235294
v 0.04518442 0.01732973 0.03494712 0.86666667 0.75294118 0.68235294
v 0.04385015 0.01849411 0.03634265 0.85098039 0.73725490 0.67058824
v 0.04605306 0.01627049 0.03391370 0.86274510 0.74117647 0.66666667
v 0.04677153 0.01610163 0.03359747 0.87843137 0.76078431 0.69019608
v 0.04593527 0.01736435 0.03461616 0.86666667 0.75294118 0.68235294
v 0.04480521 0.01866983 0.03589487 0.85098039 0.74901961 0.68235294
v 0.04219601 0.01950564 0.03795504 0.85882353 0.73333333 0.67450980
v 0.04314489 0.01985793 0.03794818 0.85882353 0.73333333 0.67450980
v 0.04058637 0.02104316 0.04058354 0.83921569 0.70588235 0.65098039
v 0.04021164 0.02032109 0.04015078 0.83921569 0.70588235 0.65098039
v 0.03380033 0.02082252 0.04367446 0.85098039 0.70588235 0.66666667
v 0.03402010 0.02170789 0.04418163 0.85098039 0.70588235 0.66666667
v 0.04094577 0.02198915 0.03998213 0.83921569 0.70588235 0.65098039
v 0.04350008 0.02049137 0.03724811 0.85882353 0.73333333 0.67450980
v 0.04132776 0.02312046 0.03915989 0.84705882 0.70588235 0.64705882
v 0.04358251 0.02160839 0.03691067 0.84705882 0.73725490 0.67450980
v 0.03381322 0.02401305 0.04303809 0.81960784 0.69019608 0.65098039
v 0.03379670 0.02293814 0.04391360 0.85098039 0.70588235 0.66666667
v 0.04358393 0.01400837 0.03567176 0.86274510 0.73725490 0.67450980
v 0.04546570 0.01434928 0.03436116 0.86274510 0.74117647 0.66666667
v 0.04292988 0.01429159 0.03577077 0.86274510 0.74117647 0.67843137
v 0.04489508 0.01465640 0.03435537 0.86274510 0.74117647 0.66666667
v 0.04149702 0.01448217 0.03564578 0.86274510 0.74117647 0.67843137
v 0.04568582 0.01515471 0.03369717 0.86274510 0.74117647 0.66666667
v 0.04650702 0.01496201 0.03351683 0.85882353 0.73333333 0.66666667
v 0.04021248 0.01459714 0.03559774 0.86274510 0.74117647 0.67843137
v 0.04641836 0.01739025 0.03386872 0.86274510 0.74117647 0.66666667
v 0.04747932 0.01595298 0.03304574 0.87843137 0.76078431 0.69019608
v 0.04696758 0.01802688 0.03266590 0.87843137 0.76078431 0.69019608
v 0.04780849 0.01610419 0.03223092 0.87450980 0.74901961 0.68627451
v 0.04525387 0.02037448 0.03442430 0.85098039 0.74117647 0.67058824
v 0.04514772 0.01899932 0.03489679 0.86274510 0.75294118 0.68235294
v 0.04729059 0.01483439 0.03297235 0.87058824 0.74901961 0.68627451
v 0.04672090 0.01428671 0.03349382 0.85882353 0.73333333 0.66666667
v 0.04776295 0.01488172 0.03241579 0.87058824 0.74901961 0.68627451
v 0.04720716 0.01422377 0.03300339 0.87058824 0.74901961 0.68627451
v 0.04161662 0.01132457 0.03806242 0.85882353 0.73725490 0.68627451
v 0.04174316 0.01078504 0.03788722 0.86274510 0.74509804 0.68627451
v 0.04426707 0.01265010 0.03583422 0.86274510 0.73725490 0.67450980
v 0.04468001 0.01234173 0.03536377 0.86274510 0.73725490 0.67450980
v 0.03392063 0.00817131 0.04153148 0.83529412 0.68627451 0.66274510
v 0.03069682 0.00809861 0.04223152 0.82352941 0.70196078 0.67450980
v 0.03426655 0.00717908 0.04127731 0.84705882 0.69411765 0.67058824
v 0.03076584 0.00697921 0.04200663 0.83137255 0.70196078 0.67450980
v 0.03897413 0.00776175 0.03963539 0.83529412 0.71372549 0.67843137
v 0.03850780 0.00863131 0.03974755 0.83529412 0.70588235 0.67058824
v 0.00522007 -0.11908289 -0.01004631 0.61176471 0.45882353 0.43921569
v 0.01797473 0.00956862 0.04090864 0.82745098 0.67450980 0.65490196
v 0.01659187 0.00846281 0.04095645 0.80784314 0.68235294 0.65882353
v 0.01896854 0.00779513 0.04153519 0.80784314 0.69019608 0.67450980
v 0.01997835 0.00912143 0.04139657 0.82745098 0.70588235 0.68235294
v 0.02225207 0.00878367 0.04183484 0.82352941 0.71372549 0.68627451
v 0.02169956 0.00742128 0.04196816 0.82352941 0.70980392 0.69803922
v 0.02464928 0.00718027 0.04216408 0.82745098 0.69803922 0.67058824
v 0.02495217 0.00845220 0.04220169 0.83529412 0.71764706 0.68627451
v 0.02751737 0.00828985 0.04222844 0.83137255 0.69019608 0.66274510
v 0.02740822 0.00691497 0.04224084 0.81960784 0.68235294 0.65882353
v 0.01390106 0.01330226 0.03977319 0.81960784 0.69411765 0.65882353
v 0.01282009 0.01684052 0.03945975 0.81568627 0.70196078 0.65490196
v 0.01156222 0.01281244 0.03897133 0.83921569 0.72549020 0.69411765
v 0.00979646 0.01663250 0.03863112 0.80784314 0.70588235 0.67058824
v 0.04854460 0.01897135 0.03202543 0.87450980 0.75294118 0.68235294
v 0.04864227 0.01646516 0.03149246 0.87058824 0.74509804 0.68235294
v 0.05040097 0.01977155 0.03216676 0.88627451 0.76470588 0.70196078
v 0.05026560 0.01709072 0.03163975 0.87843137 0.74901961 0.67450980
v 0.04993364 0.02269972 0.03350985 0.88235294 0.77254902 0.70588235
v 0.04759599 0.02176389 0.03342661 0.87450980 0.76078431 0.69803922
v 0.04842526 0.01499769 0.03195440 0.87450980 0.75294118 0.69019608
v 0.04768851 0.01398956 0.03248167 0.87058824 0.74901961 0.68627451
v 0.04947841 0.01492335 0.03173759 0.87058824 0.74509804 0.68235294
v 0.04859559 0.01356915 0.03245944 0.87450980 0.75294118 0.69019608
v 0.04212044 0.01013243 0.03755431 0.85490196 0.73725490 0.67843137
v 0.04262446 0.00930860 0.03738817 0.85882353 0.73333333 0.67450980
v 0.04518447 0.01191034 0.03514709 0.86274510 0.73725490 0.67450980
v 0.04596993 0.01114719 0.03488827 0.86666667 0.75294118 0.69803922
v -0.05844188 -0.00930118 -0.08486915 0.88235294 0.65098039 0.59607843
v -0.06735209 0.03278192 -0.09279276 0.70588235 0.54117647 0.53333333
v 0.02079159 0.03035320 0.04604408 0.76862745 0.64313725 0.61568627
v 0.02323190 0.02732136 0.04570104 0.78823529 0.67058824 0.63137255
v 0.02751645 0.02839746 0.04596656 0.80392157 0.68235294 0.63921569
v 0.02589704 0.03214493 0.04674396 0.77647059 0.67843137 0.63529412
v 0.01733442 0.03436276 0.04557759 0.73333333 0.63137255 0.60392157
v 0.01378929 0.03068699 0.04418948 0.74117647 0.62352941 0.60000000
v 0.01690190 0.02790431 0.04481650 0.76862745 0.64705882 0.61568627
v 0.01961634 0.02557102 0.04492171 0.81176471 0.71372549 0.67058824
v 0.01254737 0.01991035 0.04038548 0.81960784 0.70588235 0.67058824
v 0.01492887 0.01967473 0.04093850 0.81176471 0.70980392 0.67843137
v 0.01558812 0.02159420 0.04209269 0.82352941 0.70980392 0.67450980
v 0.01327872 0.02239661 0.04172134 0.79215686 0.69019608 0.65882353
v 0.00961138 0.02000814 0.03959143 0.77647059 0.62745098 0.60000000
v 0.01020391 0.02332777 0.04116713 0.79215686 0.69019608 0.66666667
v 0.01484006 0.02489275 0.04324896 0.77647059 0.67450980 0.63529412
v 0.01727852 0.02346577 0.04345692 0.81176471 0.69411765 0.64313725
v 0.01172800 0.02661027 0.04284796 0.75294118 0.66274510 0.63137255
v 0.04401476 0.02796303 0.03939686 0.82745098 0.72156863 0.65490196
v 0.04297370 0.02619603 0.03864279 0.83921569 0.73333333 0.67843137
v 0.04494377 0.02384460 0.03615186 0.83529412 0.72941176 0.67058824
v 0.04644342 0.02461687 0.03600593 0.83529412 0.71372549 0.66274510
v 0.04565888 0.02942677 0.03941037 0.82352941 0.71764706 0.65882353
v 0.04866591 0.02560518 0.03562922 0.85882353 0.73725490 0.67843137
v 0.03314854 0.03252578 0.04594205 0.79607843 0.66666667 0.64313725
v 0.03357656 0.02909437 0.04486871 0.80000000 0.67450980 0.64313725
v 0.04141226 0.02395204 0.03859991 0.84313725 0.72156863 0.65882353
v 0.04305941 0.02274241 0.03746701 0.84705882 0.72941176 0.67450980
v 0.04177932 0.02420827 0.03825312 0.83529412 0.73725490 0.67058824
v 0.04360705 0.02266652 0.03684377 0.84313725 0.73333333 0.67843137
v -0.06097594 0.09291200 -0.07120393 0.70196078 0.56078431 0.53333333
v -0.05641414 0.09823667 -0.05912515 0.66666667 0.54509804 0.52549020
v -0.04524008 0.10940949 -0.07256621 0.66274510 0.53333333 0.50980392
v -0.05084454 0.10259376 -0.08383696 0.68627451 0.54901961 0.52941176
v 0.02651131 0.02285608 0.04441113 0.79215686 0.67058824 0.63529412
v 0.02580854 0.02348564 0.04444836 0.79215686 0.67058824 0.63529412
v 0.02269104 0.02243624 0.04396909 0.81568627 0.68235294 0.64705882
v 0.02341812 0.02184155 0.04402623 0.82745098 0.69019608 0.66274510
v 0.02083852 0.02083636 0.04319865 0.83921569 0.69411765 0.66666667
v 0.02008368 0.02142047 0.04319017 0.83529412 0.71372549 0.67843137
v 0.01823909 0.02035834 0.04223341 0.83529412 0.71764706 0.68235294
v 0.01893702 0.01995832 0.04229450 0.83529412 0.71372549 0.68627451
v 0.01775369 0.01919799 0.04157260 0.81960784 0.70588235 0.68235294
v 0.01696509 0.01924112 0.04132012 0.81960784 0.70588235 0.68235294
v 0.04363252 0.02372250 0.03713333 0.82352941 0.73333333 0.67450980
v 0.04203914 0.02486319 0.03852198 0.83137255 0.73333333 0.67058824
v -0.06704341 0.06278167 -0.09430526 0.72549020 0.55294118 0.54117647
v 0.01812702 0.06902658 0.03685782 0.62745098 0.52941176 0.50196078
v 0.00874899 0.06560446 0.03453907 0.66274510 0.52941176 0.50588235
v 0.01324373 0.05938002 0.03814873 0.63529412 0.53333333 0.49803922
v 0.02504970 0.02483640 0.04515981 0.79607843 0.67450980 0.62352941
v 0.02164362 0.02361896 0.04450016 0.81176471 0.68235294 0.65882353
v 0.01902932 0.02228503 0.04340708 0.82352941 0.70588235 0.66274510
v 0.01725112 0.02097582 0.04232269 0.81960784 0.71372549 0.66666667
v 0.01630470 0.01998762 0.04153539 0.82745098 0.70980392 0.68235294
v -0.03859913 -0.01561726 -0.00653964 0.67450980 0.50980392 0.50588235
v -0.03962556 -0.01525363 -0.00802524 0.68627451 0.52549020 0.51372549
v -0.05852610 -0.00403693 -0.02674612 0.70588235 0.54117647 0.53333333
v -0.05636345 0.00246505 -0.02644016 0.70588235 0.54117647 0.53333333
v -0.05449367 0.00583350 -0.02543648 0.70588235 0.54117647 0.53333333
v -0.05087968 0.01240439 -0.01228132 0.70980392 0.54117647 0.52941176
v -0.05365276 0.01563648 -0.01391563 0.72549020 0.55294118 0.54117647
v -0.05798997 -0.02256762 -0.01996525 0.61176471 0.41960784 0.42352941
v -0.05335400 -0.02447304 -0.01818394 0.61176471 0.41960784 0.42352941
v -0.05807396 -0.02162163 -0.02041030 0.61176471 0.41960784 0.42352941
v -0.06373636 0.01182849 -0.01852223 0.70196078 0.53725490 0.52941176
v -0.06483433 0.01028744 -0.01949966 0.70588235 0.54117647 0.53333333
v -0.06550429 0.00993416 -0.01867916 0.70588235 0.54117647 0.53333333
v -0.04804567 -0.03095046 -0.08035171 0.56470588 0.47450980 0.50196078
v -0.05458899 -0.01823923 -0.08304548 0.78431373 0.57647059 0.58823529
v -0.06576431 0.00862743 -0.02058456 0.70588235 0.54117647 0.53333333
v -0.04216923 -0.01040476 -0.00913313 0.75294118 0.56470588 0.57647059
v -0.05951056 -0.00453895 -0.02649185 0.70588235 0.54117647 0.53333333
v -0.06170686 -0.00507130 -0.02735384 0.70588235 0.54117647 0.53333333
v -0.06263141 -0.01015122 -0.02739782 0.78431373 0.57647059 0.58823529
v -0.06168339 -0.00965339 -0.02710180 0.78431373 0.57647059 0.58823529
v -0.06130309 -0.01531087 -0.02635262 0.75294118 0.56470588 0.57647059
v -0.06053028 -0.01451607 -0.02615244 0.75294118 0.56470588 0.57647059
v -0.06058395 -0.01875741 -0.02183285 0.75294118 0.56470588 0.57647059
v -0.06202102 -0.01437689 -0.02408858 0.75294118 0.56470588 0.57647059
v -0.05519215 0.01609903 -0.01461500 0.72549020 0.55294118 0.54117647
v -0.05485580 0.01522282 -0.01390126 0.72549020 0.55294118 0.54117647
v -0.05603873 0.01613189 -0.01454575 0.72549020 0.55294118 0.54117647
v -0.04353882 -0.01141497 -0.01001117 0.75294118 0.56470588 0.57647059
v -0.04950818 0.01027056 -0.01319830 0.70196078 0.53725490 0.52941176
v -0.04832639 0.00850187 -0.01184509 0.70196078 0.53725490 0.52941176
v -0.04828121 0.00895865 -0.01245466 0.70196078 0.53725490 0.52941176
v -0.04373370 -0.00613429 -0.01449257 0.90196078 0.65098039 0.62745098
v -0.04361472 -0.00532227 -0.01473639 0.90196078 0.65098039 0.60784314
v -0.04455572 -0.00770121 -0.01353814 0.80784314 0.58823529 0.58431373
v -0.04500626 -0.00910746 -0.01087374 0.78431373 0.57647059 0.58823529
v -0.04114025 -0.01631277 -0.01583333 0.61176471 0.41960784 0.42352941
v -0.04161066 -0.01687985 -0.01735537 0.61176471 0.41960784 0.42352941
v -0.04081971 -0.01765881 -0.01712975 0.61176471 0.41960784 0.42352941
v -0.05950082 0.02167188 -0.01502144 0.72549020 0.55294118 0.54117647
v -0.04827857 0.00750622 -0.01139271 0.70588235 0.54117647 0.53333333
v -0.04943841 0.00848791 -0.01111308 0.70196078 0.53725490 0.52941176
v -0.05020141 0.00954017 -0.01102737 0.70196078 0.53725490 0.52941176
v -0.05673271 0.01547617 -0.01421309 0.72549020 0.55294118 0.54117647
v -0.05068782 0.01044514 -0.01101219 0.69803922 0.54117647 0.52941176
v -0.04994451 0.01050819 -0.01169724 0.69803922 0.54117647 0.52941176
v -0.05143294 0.01210785 -0.01177801 0.70980392 0.54117647 0.52941176
v -0.04956611 0.01063182 -0.01239288 0.69803922 0.54117647 0.52941176
v -0.05224936 -0.01318171 -0.02542676 0.75294118 0.56470588 0.57647059
v -0.05038046 -0.01334051 -0.02417184 0.75294118 0.56470588 0.57647059
v -0.03991241 0.00432978 -0.00515729 0.70588235 0.54117647 0.53333333
v -0.04144122 0.00273484 -0.00708533 0.70588235 0.54117647 0.53333333
v -0.05144579 -0.02521156 -0.01665342 0.67843137 0.58039216 0.59215686
v -0.05152012 0.01129533 -0.02008058 0.70588235 0.54117647 0.53333333
v -0.05313621 0.01433588 -0.02105660 0.70196078 0.53725490 0.52941176
v -0.06405143 -0.01022928 -0.02407981 0.78431373 0.57647059 0.58823529
v -0.05373456 -0.01647689 -0.01920030 0.75294118 0.56470588 0.57647059
v -0.05132375 -0.01745846 -0.01913809 0.75294118 0.56470588 0.57647059
v -0.05644917 -0.01520752 -0.01926678 0.75294118 0.56470588 0.57647059
v -0.05870176 -0.01263772 -0.01961940 0.75294118 0.56470588 0.57647059
v -0.04782704 0.00189792 -0.01683339 0.70588235 0.54117647 0.53333333
v -0.05796334 0.00624370 -0.01745627 0.70588235 0.54117647 0.53333333
v -0.05877461 0.00424225 -0.01838833 0.70588235 0.54117647 0.53333333
v -0.05624947 0.00638109 -0.01698769 0.70588235 0.54117647 0.53333333
v -0.05310534 0.01733640 -0.01888213 0.72549020 0.55294118 0.54117647
v -0.05221433 0.01695002 -0.01674880 0.72549020 0.55294118 0.54117647
v -0.05048605 0.01405699 -0.01972449 0.69803922 0.54117647 0.52941176
v -0.05195287 0.01512129 -0.01661186 0.72549020 0.55294118 0.54117647
v -0.04258230 -0.01306999 -0.01450825 0.75294118 0.56470588 0.57647059
v -0.04265824 -0.01833124 -0.01892898 0.61176471 0.41960784 0.42352941
v -0.04492753 -0.01693645 -0.01926732 0.75294118 0.56470588 0.57647059
v -0.04414311 -0.01890244 -0.01928499 0.61176471 0.41960784 0.42352941
v -0.04601808 -0.01784845 -0.02016125 0.61176471 0.41960784 0.42352941
v -0.04692261 -0.01657342 -0.02141337 0.75294118 0.56470588 0.57647059
v -0.04791836 -0.01484992 -0.02225146 0.75294118 0.56470588 0.57647059
v -0.04907282 -0.01297106 -0.02159037 0.75294118 0.56470588 0.57647059
v -0.04268596 -0.00902348 -0.01502875 0.78431373 0.57647059 0.58823529
v -0.04720312 0.01696049 -0.00922473 0.72549020 0.55294118 0.54117647
v -0.04230999 -0.01079181 -0.01532941 0.75294118 0.56470588 0.57647059
v -0.04385613 -0.00745701 -0.01414001 0.80784314 0.58823529 0.58431373
v -0.04364043 -0.00919332 -0.01391444 0.78431373 0.57647059 0.58823529
v -0.04312176 -0.01106476 -0.01401197 0.75294118 0.56470588 0.57647059
v -0.04719220 -0.02064445 -0.01444586 0.61176471 0.41960784 0.42352941
v -0.04846795 -0.01904065 -0.01659461 0.61176471 0.41960784 0.42352941
v -0.04574744 -0.02006842 -0.01442599 0.61176471 0.41960784 0.42352941
v -0.04965238 -0.01837838 -0.01842941 0.61176471 0.41960784 0.42352941
v -0.04459459 -0.01974691 -0.01456693 0.61176471 0.41960784 0.42352941
v -0.05248712 0.01202232 -0.01868828 0.70196078 0.53725490 0.52941176
v -0.05298287 0.01479033 -0.01798982 0.72549020 0.55294118 0.54117647
v -0.03782814 -0.01258281 -0.00475909 0.70980392 0.52156863 0.51372549
v -0.00592854 -0.00668702 0.03605340 0.80392157 0.69019608 0.67450980
v -0.00976957 0.00299867 0.03205332 0.79215686 0.67450980 0.64313725
v 0.03845598 -0.05802199 0.03221275 0.92549020 0.80392157 0.80000000
v 0.03930058 -0.06110151 0.03178636 0.93333333 0.81568627 0.80000000
v 0.00753132 -0.01797248 0.04410397 0.85098039 0.73333333 0.72156863
v 0.01367829 -0.02070058 0.04608543 0.86274510 0.73725490 0.71764706
v 0.04509477 -0.05306007 0.04235312 0.85490196 0.72941176 0.71764706
v 0.04601255 -0.05425151 0.04202814 0.75686275 0.59607843 0.57647059
v 0.04704007 -0.05367825 0.04195861 0.76078431 0.58431373 0.58039216
v 0.04601315 -0.05307083 0.04207547 0.81568627 0.66666667 0.65882353
v 0.04705846 -0.05320519 0.03940657 0.85882353 0.72549020 0.70588235
v 0.04591493 -0.05308229 0.03923567 0.87843137 0.76078431 0.74117647
v 0.04648807 -0.05308160 0.04050763 0.85882353 0.72549020 0.70588235
v 0.04765165 -0.05330315 0.04072073 0.76078431 0.58431373 0.58039216
v 0.04180031 -0.03517725 0.04606713 0.87450980 0.73725490 0.71764706
v 0.03774769 -0.03131703 0.04685439 0.87843137 0.72156863 0.69411765
v 0.03475480 -0.03632278 0.04666483 0.87450980 0.72156863 0.70196078
v 0.03849021 -0.03963741 0.04609445 0.89411765 0.73725490 0.71764706
v 0.04089100 -0.05489502 0.03398241 0.88235294 0.74509804 0.72549020
v 0.04124481 -0.05304053 0.03449649 0.87843137 0.75294118 0.74509804
v 0.04334161 -0.05270969 0.03653613 0.88627451 0.76862745 0.75686275
v 0.04309444 -0.05384097 0.03608355 0.87450980 0.75686275 0.74117647
v 0.04094888 -0.05617766 0.03374817 0.89019608 0.74901961 0.73333333
v 0.04317965 -0.05443429 0.03592898 0.86274510 0.74117647 0.72549020
v 0.03846371 -0.05604920 0.03248194 0.90196078 0.76862745 0.75686275
v 0.03881322 -0.05325938 0.03300425 0.90196078 0.75294118 0.74117647
v 0.03488918 -0.05983287 0.04154252 0.93725490 0.81960784 0.81568627
v 0.03904126 -0.05749809 0.04193547 0.90980392 0.77647059 0.76862745
v 0.03845551 -0.05377856 0.04303182 0.90980392 0.76470588 0.75686275
v 0.03441213 -0.05462739 0.04305227 0.92549020 0.80000000 0.80392157
v 0.04429161 -0.02240979 0.04479675 0.85490196 0.72156863 0.69019608
v 0.04090960 -0.02652530 0.04611804 0.85882353 0.70980392 0.65490196
v 0.04384348 -0.03077734 0.04534080 0.82745098 0.68235294 0.66274510
v 0.04718989 -0.02586858 0.04369050 0.67058824 0.44313725 0.47843137
v 0.05055826 -0.02113588 0.04283814 0.87058824 0.70980392 0.69803922
v 0.04766727 -0.01788236 0.04342367 0.87450980 0.74117647 0.72549020
v 0.05374520 -0.01313136 0.04533406 0.88627451 0.76862745 0.74901961
v 0.05386927 -0.01680468 0.04648224 0.85882353 0.70980392 0.69803922
v 0.05633477 -0.01802318 0.04873912 0.85098039 0.70588235 0.69411765
v 0.05532027 -0.01565362 0.04818401 0.86274510 0.72941176 0.71372549
v 0.05712841 -0.02186824 0.04634347 0.84705882 0.56078431 0.59215686
v 0.05316528 -0.01900794 0.04513558 0.86274510 0.70588235 0.69411765
v 0.06087722 -0.02331461 0.04462884 0.82352941 0.43921569 0.58431373
v 0.06162456 -0.02290284 0.04534397 0.83137255 0.40784314 0.53333333
v 0.05606968 -0.02226688 0.04518266 0.83137255 0.52549020 0.58039216
v 0.05483815 -0.02315205 0.04370900 0.81960784 0.50196078 0.59215686
v 0.05980045 -0.02389839 0.04392025 0.82352941 0.43921569 0.58431373
v 0.06267565 -0.02229907 0.04573226 0.83137255 0.40784314 0.53333333
v 0.06019884 -0.02184116 0.04729252 0.84313725 0.65882353 0.67058824
v 0.05962820 -0.01975124 0.04937858 0.85098039 0.68235294 0.67058824
v 0.07222983 -0.02144112 0.04932240 0.87843137 0.59607843 0.65882353
v 0.07216073 -0.02006717 0.05155711 0.86274510 0.62745098 0.63137255
v 0.06089132 0.00888912 0.04031134 0.88235294 0.74901961 0.69411765
v 0.05694543 0.00568732 0.03958309 0.89411765 0.74509804 0.70588235
v 0.06181727 0.00622940 0.04224771 0.89019608 0.74509804 0.72156863
v 0.05795226 0.00342504 0.04130923 0.89019608 0.74901961 0.72549020
v 0.06193527 -0.01775209 0.05187821 0.84313725 0.69411765 0.66666667
v 0.05980188 -0.01585370 0.05168368 0.86274510 0.72549020 0.70588235
v 0.06586203 -0.01685792 0.05364628 0.86274510 0.71372549 0.69803922
v 0.06492931 -0.01425132 0.05401515 0.88627451 0.72941176 0.70980392
v 0.06552731 0.02335978 0.03662513 0.92156863 0.81176471 0.75686275
v 0.07204765 -0.02480126 0.04481935 0.92941176 0.58823529 0.74117647
v 0.07147659 -0.02539285 0.04459257 0.92156863 0.54901961 0.70196078
v 0.07318778 -0.02364032 0.04600871 0.91764706 0.60000000 0.74117647
v -0.04204628 0.09646998 -0.11017185 0.70196078 0.56078431 0.53333333
v -0.03659790 0.10827653 -0.09995128 0.66666667 0.54509804 0.52549020
v -0.02387077 0.12031159 -0.08008584 0.66274510 0.54509804 0.52941176
v -0.01559037 0.12402477 -0.07040568 0.68627451 0.55294118 0.52549020
v 0.06973273 -0.04168576 0.04724004 0.95294118 0.80392157 0.84705882
v 0.06975930 -0.03886259 0.04726354 0.90588235 0.67450980 0.75686275
v 0.05553824 -0.04701499 0.03623065 0.88235294 0.75686275 0.75686275
v 0.06104491 -0.04675327 0.03487447 0.89803922 0.77254902 0.76470588
v 0.06265525 -0.04760766 0.03734339 0.89803922 0.76078431 0.75294118
v 0.05726708 -0.04819210 0.03878643 0.89803922 0.78431373 0.78823529
v 0.05317474 -0.04881994 0.03894504 0.87058824 0.75686275 0.75294118
v 0.05114308 -0.04774143 0.03644455 0.89019608 0.76470588 0.75686275
v 0.05409887 -0.04578096 0.03434389 0.87058824 0.75686275 0.75294118
v 0.05948518 -0.04540956 0.03270436 0.89411765 0.78039216 0.77647059
v 0.06032263 -0.04919520 0.04320922 0.76862745 0.63921569 0.61176471
v 0.06587569 -0.04847364 0.04234429 0.89803922 0.76078431 0.76078431
v 0.06746341 -0.04699712 0.04471488 0.92549020 0.78039216 0.80392157
v 0.06153201 -0.04767091 0.04514585 0.91764706 0.79607843 0.81176471
v 0.05202838 -0.02726384 0.04380615 0.36470588 0.12156863 0.18431373
v 0.05696164 -0.02672021 0.04388251 0.45882353 0.23921569 0.25882353
v 0.06234148 -0.02693156 0.04464819 0.66666667 0.55686275 0.56470588
v 0.06657130 -0.02736876 0.04498907 0.76862745 0.67450980 0.67843137
v 0.06735261 -0.02547371 0.04479994 0.65882353 0.43529412 0.45490196
v 0.06394935 -0.02473701 0.04443915 0.58823529 0.41568627 0.49019608
v 0.06788275 -0.02467052 0.04483086 0.87843137 0.44705882 0.56470588
v 0.06472297 -0.02406123 0.04453262 0.72941176 0.40392157 0.51372549
v 0.06520730 -0.02349940 0.04487088 0.72941176 0.40392157 0.51372549
v 0.06494512 -0.02263615 0.04535705 0.87843137 0.45098039 0.58431373
v 0.06706144 -0.02271336 0.04551647 0.93333333 0.60392157 0.76862745
v 0.06657104 -0.02197791 0.04567942 0.90196078 0.60784314 0.74901961
v 0.06821916 -0.02402086 0.04509133 0.93725490 0.59607843 0.76078431
v 0.07256454 0.00041224 0.04981900 0.96078431 0.85098039 0.85490196
v 0.07142222 0.00374644 0.04731674 0.94117647 0.81176471 0.81568627
v 0.06433753 -0.03748024 0.04792600 0.86274510 0.53333333 0.61176471
v 0.06925191 -0.03667009 0.04668811 0.87058824 0.53725490 0.63137255
v 0.06966073 -0.03246968 0.04514207 0.76470588 0.46274510 0.52549020
v 0.06503646 -0.03267772 0.04631907 0.76862745 0.47843137 0.52156863
v 0.05968249 -0.03351300 0.04672540 0.81176471 0.49019608 0.57647059
v 0.05868612 -0.03933986 0.04818905 0.89803922 0.73333333 0.77647059
v 0.07094476 -0.02616829 0.04447747 0.78039216 0.39607843 0.49411765
v 0.06430104 -0.03993533 0.04824134 0.90588235 0.68627451 0.73725490
v 0.06392461 -0.04253816 0.04791853 0.92156863 0.78431373 0.81960784
v 0.05843674 -0.04193701 0.04830100 0.91372549 0.77647059 0.80392157
v 0.05805836 -0.04438885 0.04771129 0.90588235 0.79215686 0.80392157
v 0.05319523 -0.04210975 0.04753145 0.89803922 0.78039216 0.79215686
v 0.05367177 -0.03548888 0.04685261 0.81960784 0.61176471 0.66274510
v 0.04734512 -0.03801484 0.04644519 0.86274510 0.74901961 0.74901961
v 0.04853133 -0.04538799 0.04624442 0.90196078 0.77647059 0.78823529
v 0.03931750 -0.05026941 0.04413435 0.89411765 0.72941176 0.70980392
v 0.04357545 -0.05320945 0.04259197 0.86274510 0.74117647 0.72549020
v 0.04396915 -0.05161210 0.04316264 0.88627451 0.76470588 0.75294118
v 0.04461160 -0.04995567 0.04399500 0.89803922 0.76862745 0.76470588
v 0.04034213 -0.04661077 0.04521865 0.89411765 0.75294118 0.73725490
v 0.03558804 -0.04952161 0.04443970 0.91372549 0.75686275 0.75294118
v 0.03668443 -0.04443426 0.04555033 0.89411765 0.72941176 0.70980392
v 0.04261315 -0.04238981 0.04600824 0.89411765 0.74901961 0.74901961
v 0.04592669 -0.04789480 0.04500030 0.89803922 0.76078431 0.76078431
v 0.04524449 -0.05178803 0.04299605 0.87843137 0.76078431 0.74117647
v 0.04601143 -0.05233457 0.04240061 0.85882353 0.72549020 0.70588235
v 0.04591215 -0.05077162 0.04366099 0.89411765 0.76078431 0.75686275
v 0.04657362 -0.05155232 0.04299118 0.85882353 0.72549020 0.70588235
v 0.04689570 -0.04957867 0.04447373 0.90588235 0.77647059 0.77647059
v 0.04751981 -0.05072699 0.04366732 0.89411765 0.76862745 0.76862745
v 0.04926768 -0.04947272 0.04461058 0.90196078 0.77647059 0.78039216
v 0.04890946 -0.04775469 0.04560031 0.90588235 0.77254902 0.79215686
v 0.04723772 -0.05191637 0.04054376 0.87843137 0.75294118 0.73333333
v 0.04872628 -0.05146717 0.04098788 0.84705882 0.72156863 0.71372549
v 0.04942930 -0.05134832 0.04216217 0.80784314 0.65882353 0.64313725
v 0.04779249 -0.05182973 0.04144940 0.83529412 0.69019608 0.67843137
v 0.04613966 -0.05246533 0.03994019 0.87843137 0.76078431 0.74117647
v 0.04687927 -0.05229326 0.04101565 0.85882353 0.72549020 0.70588235
v 0.04422349 -0.05182664 0.03703895 0.89019608 0.77647059 0.76470588
v 0.04536845 -0.05094283 0.03742921 0.89019608 0.76862745 0.76078431
v 0.04541435 -0.05278247 0.03948024 0.87843137 0.76078431 0.74117647
v 0.04593264 -0.05282556 0.04042588 0.87843137 0.76078431 0.74117647
v 0.04667717 -0.05276626 0.04164397 0.85882353 0.72549020 0.70588235
v 0.04695911 -0.05206340 0.04203819 0.83529412 0.69019608 0.67843137
v 0.04786006 -0.05147628 0.04259060 0.83529412 0.69019608 0.67843137
v 0.04948631 -0.05070233 0.04337425 0.78431373 0.61568627 0.59607843
v 0.05758052 -0.04662256 0.04643315 0.92549020 0.80392157 0.81960784
v 0.05333717 -0.04678227 0.04645088 0.90588235 0.79215686 0.80784314
v 0.05313146 -0.04867749 0.04502825 0.90588235 0.78823529 0.79607843
v 0.05685808 -0.04887253 0.04463297 0.90588235 0.78431373 0.79215686
v 0.05285011 -0.05013628 0.04347847 0.74509804 0.57254902 0.55294118
v 0.04934642 -0.04662135 0.03470812 0.89411765 0.76470588 0.75294118
v 0.05589284 -0.04991767 0.04267068 0.76470588 0.60392157 0.58431373
v 0.04670206 -0.04893456 0.03590273 0.89019608 0.76470588 0.75294118
v 0.04457773 -0.04798729 0.03441673 0.89019608 0.76862745 0.76078431
v 0.04897078 -0.04978525 0.03824087 0.89411765 0.76470588 0.75294118
v 0.04217176 -0.05165927 0.03500413 0.88235294 0.75686275 0.74901961
v 0.04321776 -0.05032398 0.03526632 0.89411765 0.77254902 0.76470588
v 0.03961381 -0.05122171 0.03342237 0.87843137 0.75294118 0.74509804
v 0.04095721 -0.04954409 0.03388230 0.88235294 0.75686275 0.74901961
v 0.05202454 -0.05069948 0.04191210 0.80784314 0.66274510 0.65490196
v 0.05325378 -0.04470615 0.04730475 0.90588235 0.78823529 0.80392157
v 0.06290279 -0.04507225 0.04671336 0.91764706 0.80392157 0.81960784
v 0.06866448 -0.04432840 0.04615203 0.93725490 0.78823529 0.81176471
v 0.07513825 -0.00719744 0.05519850 0.94117647 0.83137255 0.83921569
v 0.07369371 -0.00304568 0.05247811 0.94901961 0.85490196 0.87450980
v 0.04769468 -0.05340702 0.04160590 0.76078431 0.58431373 0.58039216
v 0.03068046 -0.12715735 -0.01148274 0.37254902 0.28627451 0.30196078
v 0.04449323 -0.05495765 0.04210871 0.81960784 0.69019608 0.67450980
v 0.04148359 -0.05852536 0.03322542 0.87058824 0.74509804 0.72941176
v 0.04398720 -0.05569925 0.03568496 0.82745098 0.69411765 0.67450980
v 0.03743058 -0.06546222 0.04023652 0.94509804 0.83921569 0.82352941
v 0.04284268 -0.06969872 0.03990918 0.86666667 0.76470588 0.74117647
v 0.04539886 -0.06546794 0.04097757 0.78431373 0.66666667 0.65098039
v 0.04098237 -0.06198625 0.04108622 0.87843137 0.76470588 0.75294118
v 0.04953385 -0.05967909 0.04245067 0.79607843 0.61176471 0.56862745
v 0.04635665 -0.05685768 0.04217896 0.75686275 0.58431373 0.53725490
v 0.04793737 -0.05578780 0.04241552 0.75294118 0.54901961 0.49019608
v 0.05122893 -0.05755281 0.04300497 0.86666667 0.69803922 0.64313725
v 0.05233555 -0.05582303 0.04311816 0.80000000 0.59215686 0.53333333
v 0.04902133 -0.05469148 0.04233082 0.75294118 0.50980392 0.45882353
v 0.05331480 -0.05359104 0.04107219 0.69411765 0.50588235 0.47450980
v 0.05810311 -0.05350367 0.04069635 0.73333333 0.60000000 0.58039216
v 0.05605624 -0.05690601 0.03608557 0.63137255 0.47450980 0.44313725
v 0.05121381 -0.05689300 0.03656751 0.77647059 0.58431373 0.52941176
v 0.04584366 -0.05608704 0.03608190 0.77647059 0.63529412 0.61568627
v 0.04874986 -0.05332973 0.03975617 0.83529412 0.69019608 0.67843137
v 0.05335345 -0.05378548 0.04215562 0.70588235 0.51372549 0.46666667
v 0.04957308 -0.05358502 0.04115031 0.70196078 0.50588235 0.49019608
v 0.05824709 -0.05371088 0.04237548 0.66274510 0.50588235 0.48627451
v 0.01899288 -0.12410789 -0.01015651 0.37254902 0.28627451 0.30196078
v 0.04939514 -0.05391512 0.04192730 0.68627451 0.45490196 0.41960784
v 0.05296117 -0.05435678 0.04265473 0.73333333 0.54117647 0.47843137
v 0.05802412 -0.05477094 0.04335349 0.51764706 0.34509804 0.32941176
v 0.05743811 -0.05686101 0.04411428 0.21568627 0.04705882 0.07843137
v 0.05659279 -0.05924706 0.04430098 0.75686275 0.58039216 0.53333333
v 0.05526086 -0.06217238 0.04348698 0.88235294 0.76078431 0.72549020
v 0.05130155 -0.06951309 0.04069371 0.78039216 0.67450980 0.67450980
v 0.04922105 -0.07450003 0.03947616 0.85882353 0.74901961 0.73725490
v 0.05835074 -0.07153306 0.03994482 0.83921569 0.73725490 0.73725490
v 0.05683624 -0.07690155 0.03919124 0.87450980 0.77254902 0.78823529
v 0.06138008 -0.06386246 0.04387374 0.77647059 0.62352941 0.58039216
v 0.06247668 -0.06028655 0.04521689 0.39607843 0.18039216 0.17254902
v 0.06299829 -0.05745587 0.04473216 0.53725490 0.36078431 0.32549020
v 0.06316440 -0.05513623 0.04368190 0.70980392 0.53725490 0.50588235
v 0.07016256 -0.02768315 0.04443312 0.76862745 0.59215686 0.65098039
v 0.06881224 -0.02266052 0.04600605 0.92156863 0.58823529 0.75294118
v 0.07087860 -0.02225466 0.04726106 0.87843137 0.55294118 0.67450980
v 0.07064489 -0.01863023 0.05336292 0.83921569 0.63137255 0.62745098
v 0.07434587 -0.02276050 0.04788761 0.90196078 0.57647059 0.69803922
v 0.06806351 -0.01709945 0.05434101 0.87058824 0.71372549 0.69411765
v 0.07030443 -0.01756060 0.05460425 0.86666667 0.70980392 0.69019608
v 0.07016850 -0.01596823 0.05561310 0.88627451 0.73333333 0.72156863
v 0.06853146 -0.01535510 0.05531806 0.88627451 0.73333333 0.72156863
v 0.07232164 -0.01806806 0.05476198 0.86666667 0.71372549 0.69411765
v 0.07151973 -0.01613765 0.05593099 0.89019608 0.73725490 0.72549020
v 0.07679951 -0.01915463 0.05418084 0.85882353 0.67450980 0.65490196
v 0.07709099 -0.01587236 0.05620091 0.89803922 0.74901961 0.73725490
v 0.07617731 -0.01070557 0.05651786 0.92156863 0.78431373 0.77254902
v 0.07694089 -0.01380507 0.05674057 0.91372549 0.76470588 0.75294118
v 0.07019584 -0.01440833 0.05619513 0.90196078 0.75294118 0.74117647
v 0.06827896 -0.01260242 0.05556255 0.91372549 0.77254902 0.75686275
v 0.06692892 -0.00957268 0.05417471 0.93725490 0.80784314 0.80392157
v 0.06309944 -0.01146365 0.05252659 0.90588235 0.76078431 0.74117647
v 0.01443084 0.12731019 -0.03705410 0.65098039 0.54509804 0.52549020
v 0.06330198 -0.05377191 0.04244416 0.77254902 0.61568627 0.58823529
v 0.06324165 -0.05339167 0.04025371 0.80000000 0.62745098 0.59607843
v 0.05257946 -0.06568552 0.02972776 0.82745098 0.72549020 0.72549020
v 0.05383191 -0.06190856 0.03194771 0.86274510 0.75686275 0.73333333
v 0.05881741 -0.06221066 0.03065366 0.91764706 0.80392157 0.79607843
v 0.05759502 -0.06594707 0.02868388 0.90588235 0.80000000 0.79215686
v 0.06732284 -0.05306707 0.03930114 0.87058824 0.70980392 0.67843137
v 0.06450831 -0.05688270 0.03404050 0.96470588 0.83529412 0.81176471
v 0.06085702 -0.05683441 0.03512907 0.78823529 0.57647059 0.48235294
v 0.06796671 -0.05360012 0.04118036 0.87843137 0.72156863 0.67843137
v 0.06821074 -0.05513623 0.04253275 0.88627451 0.72156863 0.67058824
v 0.06839179 -0.05764472 0.04379738 0.92941176 0.79607843 0.74901961
v 0.06232304 -0.06247887 0.02946302 0.96078431 0.85490196 0.84313725
v 0.06115636 -0.06634372 0.02740293 0.93725490 0.81960784 0.81568627
v 0.04338901 -0.06005788 0.03313182 0.85098039 0.72549020 0.70980392
v 0.04198327 -0.06360641 0.03132621 0.89803922 0.79607843 0.78431373
v 0.04863604 -0.06159259 0.03282431 0.75686275 0.61960784 0.56862745
v 0.04718468 -0.06479892 0.03104000 0.78823529 0.67058824 0.66274510
v 0.06433575 -0.07722972 0.03826467 0.91372549 0.81176471 0.82745098
v 0.06522486 -0.07205170 0.03847730 0.91764706 0.85490196 0.86666667
v 0.06790688 -0.06068062 0.04418661 0.96470588 0.83529412 0.78823529
v 0.06730721 -0.06456203 0.04284098 0.96470588 0.84705882 0.82352941
v -0.03084877 0.11552335 -0.09035513 0.65490196 0.53333333 0.51372549
v -0.01278254 0.07260755 0.02042196 0.68627451 0.55294118 0.52549020
v -0.00756558 0.06528775 0.02621865 0.68627451 0.55294118 0.52941176
v 0.00217691 0.07237961 0.02930019 0.68627451 0.56470588 0.52549020
v -0.00325237 0.07833074 0.02406822 0.67843137 0.55294118 0.52156863
v -0.01733525 0.08059741 0.01388790 0.68627451 0.55294118 0.52549020
v -0.00753767 0.08523781 0.01778854 0.67843137 0.55294118 0.52156863
v -0.02108567 0.12010009 -0.03918402 0.68627451 0.55294118 0.52549020
v -0.01439142 0.11880828 -0.02659034 0.68627451 0.55294118 0.52549020
v 0.00412528 0.12471157 -0.03258296 0.65490196 0.55294118 0.52549020
v -0.02368421 0.12078866 -0.05384611 0.68627451 0.55294118 0.52549020
v -0.03921802 0.11294696 -0.05591028 0.65490196 0.53333333 0.51372549
v -0.03128053 0.11472357 -0.03794179 0.66274510 0.54509804 0.52941176
v -0.02349828 0.11385570 -0.02476664 0.68627451 0.55294118 0.52549020
v -0.03573699 -0.08311247 -0.09001415 0.76470588 0.65098039 0.64705882
v -0.06774254 0.04542080 -0.09365954 0.72549020 0.55294118 0.54117647
v -0.01545735 0.11223351 -0.01351694 0.68627451 0.55294118 0.52549020
v -0.00691889 0.11638261 -0.01506210 0.68627451 0.56470588 0.52549020
v -0.00031661 0.11278816 -0.00468320 0.66666667 0.55686275 0.52549020
v -0.00849425 0.10944781 -0.00411154 0.68627451 0.56470588 0.52549020
v 0.01147394 0.12171053 -0.02026485 0.64705882 0.54117647 0.51372549
v 0.02199365 0.12393193 -0.02415036 0.69803922 0.61176471 0.57647059
v -0.04653041 0.00964251 -0.12294985 0.70588235 0.54117647 0.53333333
v 0.07020617 0.00706322 0.04504465 0.90980392 0.78039216 0.77647059
v -0.04466458 -0.04815061 -0.06411728 0.55294118 0.47450980 0.47058824
v -0.04356274 -0.04942960 -0.04434631 0.53725490 0.47450980 0.48235294
v -0.03480577 -0.10245077 -0.02629631 0.83921569 0.74509804 0.74509804
v -0.04510304 -0.02756438 -0.02172951 0.55294118 0.48627451 0.50980392
v -0.04517027 -0.02680561 -0.02243610 0.55294118 0.48627451 0.50980392
v -0.03605435 -0.06566110 -0.02750343 0.76470588 0.65098039 0.64705882
v -0.03723945 -0.05153975 -0.02734202 0.53725490 0.47450980 0.48235294
v -0.04257627 -0.04638210 -0.07862086 0.55294118 0.47450980 0.47058824
v -0.05762773 -0.01601489 -0.02674867 0.75294118 0.56470588 0.57647059
v -0.05870436 -0.01226455 -0.02705350 0.78431373 0.57647059 0.58823529
v -0.05854412 -0.01696859 -0.02592019 0.75294118 0.56470588 0.57647059
v -0.05969467 -0.01293602 -0.02648421 0.75294118 0.56470588 0.57647059
v -0.05990911 -0.00858736 -0.02676309 0.87058824 0.62352941 0.64313725
v -0.05868262 -0.01877616 -0.02501651 0.75294118 0.56470588 0.57647059
v -0.05135221 0.01663947 -0.01542065 0.72549020 0.55294118 0.54117647
v -0.05209063 0.01805204 -0.01367191 0.72549020 0.55294118 0.54117647
v -0.04245260 -0.02930866 -0.01838926 0.55294118 0.48627451 0.50980392
v -0.04322400 -0.02856503 -0.01986062 0.55294118 0.48627451 0.50980392
v -0.04228483 -0.02900264 -0.01948175 0.55294118 0.48627451 0.50980392
v -0.04148444 -0.02952847 -0.01839740 0.55294118 0.48627451 0.50980392
v -0.04142974 -0.03025696 -0.01715805 0.56470588 0.47450980 0.50196078
v -0.04072662 -0.03016576 -0.01756504 0.56470588 0.47450980 0.50196078
v -0.04694331 0.03324270 -0.00843408 0.69411765 0.54901961 0.52156863
v -0.04119141 -0.02921316 -0.02130308 0.55294118 0.48627451 0.50980392
v -0.04427554 -0.02733535 -0.02242472 0.55294118 0.48627451 0.50980392
v -0.04350689 -0.02801220 -0.02115348 0.55294118 0.48627451 0.50980392
v -0.04241249 -0.02895844 -0.02019063 0.55294118 0.48627451 0.50980392
v -0.04088626 -0.02991045 -0.01877089 0.55294118 0.48627451 0.50980392
v -0.04002407 -0.03092675 -0.01738016 0.56470588 0.47450980 0.50196078
v -0.04034341 -0.03155635 -0.01658185 0.56470588 0.47450980 0.50196078
v -0.05911006 -0.01991588 -0.02520761 0.75294118 0.56470588 0.57647059
v -0.04742227 -0.03036284 -0.01873675 0.55294118 0.48627451 0.50980392
v -0.05333363 0.01080837 -0.02114030 0.70588235 0.54117647 0.53333333
v -0.05412721 0.00905288 -0.02266121 0.70588235 0.54117647 0.53333333
v -0.05668734 0.01060289 -0.02281139 0.70588235 0.54117647 0.53333333
v -0.05584446 0.01255575 -0.02148319 0.70588235 0.54117647 0.53333333
v -0.06098140 -0.00905316 -0.06926677 0.90196078 0.65098039 0.60784314
v -0.06527509 0.00208646 -0.07215201 0.70588235 0.54117647 0.53333333
v -0.02655708 -0.08067342 -0.10047221 0.76470588 0.65098039 0.64705882
v -0.02616981 -0.06821132 -0.10009399 0.52549020 0.46274510 0.47450980
v -0.06916066 0.03354787 -0.05080223 0.72549020 0.55294118 0.54117647
v -0.05263839 0.01219675 -0.01988794 0.70196078 0.53725490 0.52941176
v -0.05522022 0.01410776 -0.02011304 0.70196078 0.53725490 0.52941176
v -0.05895380 -0.00805156 -0.02707870 0.90196078 0.65098039 0.62745098
v -0.05099125 0.01219963 -0.02105459 0.70588235 0.54117647 0.53333333
v -0.05197240 0.01060922 -0.02217663 0.70588235 0.54117647 0.53333333
v -0.05696834 0.01567494 -0.02091870 0.72549020 0.55294118 0.54117647
v -0.05760835 0.01386664 -0.02238647 0.70196078 0.53725490 0.52941176
v -0.05862888 0.01160685 -0.02362891 0.70588235 0.54117647 0.53333333
v -0.05295951 0.00880002 -0.02341162 0.70588235 0.54117647 0.53333333
v -0.05402303 0.01590493 -0.02050758 0.72549020 0.55294118 0.54117647
v -0.06048445 0.06269875 -0.02713645 0.70196078 0.56078431 0.53333333
v -0.06698988 0.05758259 -0.03985121 0.69411765 0.54901961 0.52156863
v -0.05902450 0.07968529 -0.03133629 0.68627451 0.54901961 0.52941176
v -0.06593023 0.07544096 -0.04519397 0.70196078 0.56078431 0.53333333
v -0.07018429 0.07030958 -0.06139773 0.69411765 0.54901961 0.52156863
v -0.07115037 0.05145635 -0.05624590 0.72549020 0.55294118 0.54117647
v -0.05155087 0.01684042 -0.01573526 0.72549020 0.55294118 0.54117647
v -0.05308086 0.01912454 -0.01376331 0.72549020 0.55294118 0.54117647
v -0.02154903 0.08734461 0.00752858 0.68627451 0.55294118 0.52549020
v -0.02972764 0.08274446 0.00364350 0.66274510 0.54509804 0.52941176
v -0.01117358 0.09133516 0.01178052 0.68627451 0.55294118 0.52549020
v -0.01429401 0.09687696 0.00598577 0.68627451 0.55294118 0.52549020
v -0.02437317 0.09376041 0.00131180 0.68627451 0.55294118 0.52549020
v -0.03686810 0.08756500 -0.00574133 0.65098039 0.52941176 0.51372549
v -0.05230624 0.05262105 -0.01497534 0.70196078 0.56078431 0.53333333
v -0.05179280 0.06737541 -0.01562276 0.68627451 0.54901961 0.52941176
v -0.04231004 0.07076713 -0.00527491 0.66274510 0.53333333 0.50980392
v -0.04932677 0.08383376 -0.01868647 0.66274510 0.53333333 0.50980392
v -0.03622891 0.09696763 -0.01316238 0.66274510 0.54509804 0.52941176
v -0.04681467 0.09405846 -0.02407504 0.65490196 0.53333333 0.51372549
v -0.03188582 0.10560770 -0.01985420 0.66274510 0.54509804 0.52941176
v -0.04112572 0.10433931 -0.03153147 0.65098039 0.52941176 0.51372549
v -0.04907119 0.10246961 -0.04555150 0.65490196 0.53333333 0.51372549
v -0.05593463 0.09078807 -0.03649957 0.66666667 0.54509804 0.52549020
v -0.02573786 0.09951975 -0.00484646 0.68627451 0.55294118 0.52549020
v -0.01552896 0.10187461 0.00055939 0.68627451 0.55294118 0.52549020
v -0.02298610 0.10605337 -0.01027794 0.68627451 0.55294118 0.52549020
v -0.01576603 0.10608198 -0.00444884 0.68627451 0.55294118 0.52549020
v -0.03688942 0.07216305 0.00004836 0.65490196 0.53333333 0.51372549
v -0.03605868 -0.03613715 -0.01923561 0.58823529 0.50196078 0.50980392
v -0.03521275 -0.03692394 -0.01370168 0.58823529 0.50196078 0.50980392
v -0.03490771 -0.02683386 -0.00412997 0.57647059 0.49019608 0.51764706
v -0.01563087 -0.00374262 0.02734199 0.77647059 0.69019608 0.66274510
v -0.01687706 0.00913912 0.02525342 0.74509804 0.62745098 0.56470588
v -0.02497679 0.00143975 0.01747923 0.74509804 0.60000000 0.53725490
v -0.02293840 -0.01359961 0.01798358 0.83137255 0.71372549 0.68627451
v -0.01652885 0.02296694 0.02321859 0.69019608 0.55294118 0.50588235
v -0.02491443 0.01588500 0.01595841 0.65098039 0.54117647 0.48627451
v -0.02605418 0.03031893 0.01432380 0.68627451 0.54901961 0.52941176
v -0.01670203 0.03744027 0.02268501 0.64313725 0.53333333 0.51372549
v -0.07042423 0.06565928 -0.07903714 0.69411765 0.54901961 0.52156863
v -0.07176470 0.04886005 -0.07677066 0.72549020 0.55294118 0.54117647
v -0.07149076 0.03601376 -0.07535980 0.70588235 0.54117647 0.53333333
v 0.01629901 0.05351365 0.04027557 0.67450980 0.54509804 0.52156863
v -0.04514428 0.08787338 -0.11596475 0.70196078 0.56078431 0.53333333
v 0.01265150 0.07642408 0.03182505 0.65490196 0.55294118 0.52549020
v -0.06349839 0.08598560 -0.08259180 0.70196078 0.56078431 0.53333333
v -0.05546939 0.09238270 -0.09466229 0.70196078 0.56078431 0.53333333
v -0.06295045 0.08672664 -0.05010382 0.70196078 0.56078431 0.53333333
v -0.06708436 0.08221083 -0.06358641 0.70196078 0.56078431 0.53333333
v -0.06777051 0.07661167 -0.08061573 0.69411765 0.54901961 0.52156863
v -0.07003038 0.01978662 -0.07463994 0.70588235 0.54117647 0.53333333
v -0.00524168 0.10514897 0.00261696 0.68627451 0.56470588 0.52549020
v 0.00592528 0.01998973 0.03831482 0.76862745 0.67450980 0.64705882
v 0.00619059 0.01529957 0.03736031 0.79215686 0.70588235 0.67058824
v 0.00642684 0.02483529 0.03965791 0.74901961 0.61568627 0.60784314
v 0.00826206 0.01029525 0.03837633 0.80000000 0.70980392 0.68627451
v 0.05292313 0.00262872 0.03957392 0.86666667 0.73725490 0.70588235
v 0.05420892 0.00069939 0.04089157 0.87843137 0.74901961 0.72941176
v 0.05518416 -0.00178251 0.04231786 0.90980392 0.79607843 0.78039216
v 0.05026958 -0.00175568 0.04104057 0.88627451 0.76470588 0.74509804
v 0.05141220 -0.00463464 0.04219052 0.88627451 0.76862745 0.74901961
v 0.06050139 -0.00172219 0.04493844 0.92941176 0.81960784 0.80784314
v 0.05901316 0.00086513 0.04313147 0.89803922 0.76470588 0.74901961
v 0.05655456 -0.00418284 0.04351730 0.91764706 0.81960784 0.80000000
v 0.05733837 -0.00713102 0.04494916 0.92156863 0.81568627 0.81568627
v 0.06128377 -0.00466023 0.04681613 0.93725490 0.83529412 0.83921569
v 0.05152356 -0.01895337 0.04371440 0.86666667 0.72156863 0.70980392
v 0.05012609 -0.01427760 0.04313930 0.87843137 0.74509804 0.72941176
v 0.05340805 -0.01034970 0.04355634 0.90196078 0.78823529 0.77254902
v 0.04748575 -0.00730096 0.04300797 0.88627451 0.76470588 0.74901961
v 0.04881709 -0.01054133 0.04328297 0.88235294 0.76470588 0.74509804
v 0.05257502 -0.00725794 0.04282665 0.89803922 0.78431373 0.77647059
v 0.04592503 -0.00405996 0.04205590 0.87450980 0.76078431 0.74509804
v 0.05738778 -0.01046685 0.04743826 0.91764706 0.79215686 0.78039216
v 0.05816583 -0.01377805 0.05026169 0.87450980 0.74117647 0.71764706
v 0.06223153 -0.00804544 0.04961811 0.93725490 0.82745098 0.83921569
v 0.06565802 -0.00631285 0.05135323 0.94509804 0.85098039 0.86666667
v 0.06467779 -0.00276149 0.04859454 0.94901961 0.84313725 0.84705882
v 0.04888264 0.00036303 0.04002640 0.87058824 0.73725490 0.71372549
v 0.04420925 -0.00162961 0.04148378 0.87843137 0.74901961 0.72941176
v 0.04540630 -0.01393311 0.04466059 0.88627451 0.74901961 0.72549020
v 0.04142550 -0.01744434 0.04651401 0.89019608 0.75686275 0.73333333
v 0.04312164 -0.00974151 0.04457977 0.88627451 0.75686275 0.73725490
v 0.03922509 -0.01255384 0.04626929 0.89019608 0.76078431 0.74901961
v 0.04157180 -0.00614929 0.04381842 0.87843137 0.75686275 0.74117647
v 0.03734580 -0.00866600 0.04546247 0.88627451 0.76470588 0.74509804
v 0.03768940 -0.02183470 0.04775344 0.89019608 0.74901961 0.72549020
v 0.03400005 -0.02628558 0.04825944 0.88627451 0.73725490 0.71764706
v 0.03045362 -0.03235181 0.04771613 0.88235294 0.73333333 0.71764706
v 0.03079164 -0.02094019 0.04870043 0.88235294 0.76862745 0.76078431
v 0.02648139 -0.02688921 0.04835252 0.85882353 0.73333333 0.71764706
v 0.02829803 -0.01537850 0.04827577 0.87450980 0.75294118 0.74509804
v 0.02322547 -0.02115609 0.04835177 0.86274510 0.74117647 0.73333333
v 0.03493050 -0.01617843 0.04783480 0.88627451 0.76862745 0.76078431
v 0.03268111 -0.01182585 0.04715463 0.88235294 0.76078431 0.74901961
v 0.03561106 -0.00496869 0.04446150 0.87450980 0.74509804 0.72941176
v 0.03982887 -0.00306727 0.04307205 0.87843137 0.74901961 0.73333333
v 0.02584722 -0.00439909 0.04566332 0.87450980 0.72941176 0.71764706
v 0.02675786 -0.00983661 0.04716893 0.87450980 0.74901961 0.74117647
v 0.03113629 -0.00723993 0.04586025 0.87058824 0.74509804 0.73333333
v 0.02994375 -0.00285831 0.04450530 0.87058824 0.72549020 0.70980392
v 0.02115256 -0.01399741 0.04777602 0.87058824 0.74117647 0.73333333
v 0.02098784 -0.00634825 0.04653590 0.86274510 0.73333333 0.72549020
v 0.02112678 -0.00135896 0.04496291 0.85882353 0.71764706 0.70980392
v 0.03506761 0.00538205 0.04129070 0.85490196 0.70196078 0.67843137
v 0.03968213 0.00609433 0.03961115 0.84313725 0.71764706 0.69019608
v 0.03142942 0.00497205 0.04216853 0.83137255 0.69019608 0.67843137
v 0.02551876 -0.00043578 0.04428218 0.85098039 0.71764706 0.70196078
v 0.02911036 0.00029768 0.04359186 0.85490196 0.70980392 0.69411765
v 0.01462815 0.00559813 0.04173886 0.80000000 0.68235294 0.66666667
v 0.01775237 0.00493938 0.04247068 0.81960784 0.69803922 0.68627451
v 0.02477952 0.00465342 0.04288354 0.81960784 0.69411765 0.68235294
v 0.02797602 0.00471650 0.04262352 0.82352941 0.70588235 0.68235294
v 0.02122097 0.00476104 0.04284899 0.82352941 0.69411765 0.69019608
v 0.04371375 0.00763226 0.03735981 0.85882353 0.74117647 0.69411765
v 0.04773561 0.00956164 0.03507722 0.87450980 0.75294118 0.68235294
v -0.04118273 -0.06273960 -0.04301715 0.56470588 0.50588235 0.52156863
v 0.06409005 0.00044043 0.04643560 0.94117647 0.81568627 0.81568627
v 0.06289988 0.00332387 0.04429116 0.91372549 0.76078431 0.75294118
v 0.05165254 0.02602476 0.03556600 0.88235294 0.76470588 0.70196078
v 0.05316491 0.02304097 0.03376774 0.87450980 0.76470588 0.70196078
v 0.06147944 0.02341834 0.03616486 0.90196078 0.79215686 0.74117647
v 0.04949691 0.03050561 0.03938122 0.82352941 0.73333333 0.68235294
v 0.05055819 0.01211286 0.03343749 0.89019608 0.75686275 0.69803922
v 0.05211791 0.01450882 0.03249435 0.90196078 0.76862745 0.69019608
v 0.05317545 0.01700851 0.03222918 0.89803922 0.76470588 0.69411765
v 0.05371246 0.02009228 0.03254819 0.89019608 0.77254902 0.70588235
v 0.04042184 0.04411437 0.04589817 0.76470588 0.64313725 0.59215686
v 0.04406316 0.03784463 0.04531164 0.80000000 0.71372549 0.66666667
v -0.00002685 0.05853327 0.03215495 0.65490196 0.51764706 0.49411765
v -0.00548698 0.05015843 0.03019137 0.63529412 0.50980392 0.48627451
v 0.01492985 0.03966605 0.04364024 0.72549020 0.59607843 0.58431373
v 0.01067022 0.03535355 0.04243375 0.73725490 0.61176471 0.58431373
v 0.00768768 0.03016170 0.04100737 0.73333333 0.57647059 0.56862745
v -0.00878717 0.03873313 0.02838594 0.66274510 0.53333333 0.50196078
v -0.00996571 0.02621040 0.02830146 0.72941176 0.58823529 0.53333333
v -0.01057223 0.01431553 0.02962710 0.75294118 0.65098039 0.59607843
v 0.00388572 0.08908444 0.02094878 0.66666667 0.55686275 0.52549020
v 0.00062692 0.09495527 0.01507562 0.66666667 0.55686275 0.52549020
v 0.00778333 0.08284374 0.02673533 0.65490196 0.55294118 0.52549020
v 0.00461526 0.10828999 0.00322544 0.65490196 0.55294118 0.52549020
v 0.00869003 0.10351521 0.01044052 0.64705882 0.54117647 0.51372549
v -0.00241794 0.10035107 0.00904800 0.66666667 0.55686275 0.52549020
v 0.01186720 0.09810490 0.01686767 0.64705882 0.54117647 0.51372549
v 0.01489925 0.09227376 0.02278233 0.64705882 0.54117647 0.51372549
v 0.01881398 0.08615272 0.02854058 0.65098039 0.54509804 0.52549020
v 0.02321156 0.07953877 0.03381342 0.64705882 0.53725490 0.51764706
v 0.02787112 0.07112947 0.03834202 0.65490196 0.54901961 0.50980392
v -0.04282936 -0.06070559 -0.06300923 0.53725490 0.47450980 0.48235294
v 0.06485083 -0.01200400 0.04294984 0.85882353 0.52549020 0.60000000
v 0.06545331 -0.01209525 0.04314136 0.85882353 0.52549020 0.60000000
v 0.06498934 -0.01200798 0.04265659 0.85882353 0.52549020 0.60000000
v 0.06567591 -0.01207287 0.04286160 0.85882353 0.52549020 0.60000000
v 0.06539682 -0.01248996 0.04310792 0.85882353 0.52549020 0.60000000
v 0.06653956 -0.02035478 0.04506678 0.90588235 0.60000000 0.73725490
v 0.06692190 -0.01833246 0.04386361 0.87843137 0.50980392 0.62745098
v 0.06631454 -0.01480766 0.04354481 0.85882353 0.52549020 0.60000000
v -0.03549168 -0.03311583 -0.00661568 0.59607843 0.48235294 0.49411765
v -0.04113301 -0.09745678 -0.03936365 0.84313725 0.74509804 0.74901961
v -0.04467846 -0.09333621 -0.05254329 0.83529412 0.73725490 0.74117647
v 0.05772536 -0.09615047 -0.09631586 0.52156863 0.56862745 0.64705882
v 0.04770464 -0.09215247 -0.10578900 0.52156863 0.56862745 0.64705882
v 0.05457971 -0.12904476 -0.03280035 0.39215686 0.33333333 0.36078431
v 0.06208414 -0.12493178 -0.04390711 0.76862745 0.66274510 0.66274510
v 0.06195910 -0.13312286 -0.04558575 0.63137255 0.48627451 0.47843137
v 0.05395982 -0.13672858 -0.03452234 0.39215686 0.33333333 0.36078431
v 0.05772580 -0.11348898 -0.10329086 0.72941176 0.67843137 0.72549020
v 0.05795544 -0.10497100 -0.09857443 0.72941176 0.67843137 0.72549020
v 0.04758940 -0.10094991 -0.10892761 0.52156863 0.56862745 0.64705882
v 0.04772390 -0.10934215 -0.11496434 0.52156863 0.56862745 0.64705882
v 0.03524503 -0.09844253 -0.11594327 0.52156863 0.56862745 0.64705882
v 0.03503365 -0.10779342 -0.12258805 0.52156863 0.56862745 0.64705882
v 0.02088690 -0.10777102 -0.12567380 0.52156863 0.56862745 0.64705882
v 0.02202503 -0.09672539 -0.11924104 0.52156863 0.56862745 0.64705882
v 0.00829405 -0.09570159 -0.11925577 0.52156863 0.56862745 0.64705882
v 0.00687059 -0.10794610 -0.12474567 0.52156863 0.56862745 0.64705882
v 0.06775799 -0.11971571 -0.05724191 0.81568627 0.75686275 0.77254902
v 0.06930175 -0.11415716 -0.07177632 0.81568627 0.76470588 0.78039216
v 0.06906977 -0.12318836 -0.07461888 0.80000000 0.74901961 0.76862745
v 0.06755534 -0.12835212 -0.05936062 0.81568627 0.75686275 0.77254902
v 0.06635510 -0.10930216 -0.08597570 0.72941176 0.67843137 0.72549020
v 0.06568505 -0.11818662 -0.08980522 0.72941176 0.67843137 0.72549020
v -0.00656216 -0.10797210 -0.12049109 0.52156863 0.56862745 0.64705882
v -0.00479786 -0.09462082 -0.11565257 0.52156863 0.56862745 0.64705882
v 0.05339524 -0.15573594 -0.03825863 0.76078431 0.72549020 0.73725490
v 0.04270463 -0.15804760 -0.03068396 0.85098039 0.74901961 0.74117647
v 0.04431697 -0.14800230 -0.02831165 0.76078431 0.72549020 0.73725490
v 0.05349362 -0.14598380 -0.03655580 0.39215686 0.33333333 0.36078431
v 0.07060406 -0.15810905 -0.06950272 0.81568627 0.75686275 0.77254902
v 0.07606284 -0.15115489 -0.08742355 0.80000000 0.74117647 0.76862745
v 0.08311485 -0.15967371 -0.08826996 0.81568627 0.75686275 0.77254902
v 0.07580338 -0.16783087 -0.06940526 0.82352941 0.77254902 0.79607843
v 0.09585783 -0.15644725 -0.10928278 0.82745098 0.77647059 0.78823529
v 0.09335922 -0.14447132 -0.13217896 0.72941176 0.67843137 0.72549020
v 0.06242672 -0.16264637 -0.05254331 0.32156863 0.25490196 0.26666667
v 0.06628633 -0.17233832 -0.05089339 0.39215686 0.33333333 0.36078431
v -0.02260906 -0.12014442 -0.12018337 0.84313725 0.74509804 0.74901961
v -0.02260906 -0.12014442 -0.12018337 0.84313725 0.74509804 0.74901961
v -0.01910388 -0.10778047 -0.11385769 0.84313725 0.74509804 0.74901961
v -0.01910388 -0.10778047 -0.11385769 0.84313725 0.74509804 0.74901961
v 0.08351745 -0.13929869 -0.12908965 0.72941176 0.67843137 0.72549020
v 0.07096814 -0.13459367 -0.14923671 0.52156863 0.56862745 0.64705882
v 0.08225904 -0.14011668 -0.15431979 0.52156863 0.56862745 0.64705882
v 0.01548078 -0.15489526 -0.16254371 0.72941176 0.67843137 0.72549020
v 0.01424446 -0.16164100 -0.16530901 0.72941176 0.67843137 0.72549020
v 0.02845043 -0.15690242 -0.17075978 0.72941176 0.67843137 0.72549020
v 0.02669605 -0.15065628 -0.16540696 0.72941176 0.67843137 0.72549020
v 0.05573201 -0.12305139 -0.13391189 0.52156863 0.56862745 0.64705882
v 0.03883941 -0.12321944 -0.14136611 0.52156863 0.56862745 0.64705882
v 0.04295842 -0.13044904 -0.15034275 0.52156863 0.56862745 0.64705882
v 0.06248856 -0.12876275 -0.14265901 0.52156863 0.56862745 0.64705882
v 0.00449277 -0.13930359 -0.14758570 0.72941176 0.67843137 0.72549020
v 0.02312627 -0.13436280 -0.15108097 0.52156863 0.56862745 0.64705882
v 0.02093482 -0.12642485 -0.14315523 0.52156863 0.56862745 0.64705882
v 0.00400456 -0.12913060 -0.14049430 0.72941176 0.67843137 0.72549020
v 0.07497175 -0.13444112 -0.12461485 0.72941176 0.67843137 0.72549020
v 0.06685102 -0.12898952 -0.11797575 0.72941176 0.67843137 0.72549020
v 0.07721794 -0.14341998 -0.10577342 0.82745098 0.77647059 0.78823529
v 0.07058941 -0.13625923 -0.10092200 0.82745098 0.77647059 0.78823529
v 0.07157002 -0.14247814 -0.08395764 0.80000000 0.74117647 0.76862745
v 0.03616297 -0.11617001 -0.13164775 0.52156863 0.56862745 0.64705882
v 0.02049709 -0.11750151 -0.13417986 0.52156863 0.56862745 0.64705882
v 0.00507073 -0.11902234 -0.13244715 0.52156863 0.56862745 0.64705882
v -0.00929831 -0.11997301 -0.12732515 0.72941176 0.67843137 0.72549020
v -0.03193988 -0.16815181 -0.13737331 0.83921569 0.74509804 0.74509804
v -0.03193988 -0.16815181 -0.13737331 0.83921569 0.74509804 0.74509804
v -0.03081020 -0.15593164 -0.13527079 0.83921569 0.74509804 0.74509804
v -0.03081020 -0.15593164 -0.13527079 0.83921569 0.74509804 0.74509804
v -0.01255307 -0.14215715 -0.13986140 0.72941176 0.67843137 0.72549020
v -0.01147696 -0.13111986 -0.13442834 0.72941176 0.67843137 0.72549020
v 0.08537087 -0.14973632 -0.10854641 0.82745098 0.77647059 0.78823529
v 0.06643759 -0.12756620 -0.09529506 0.82745098 0.77647059 0.78823529
v 0.06973432 -0.13281922 -0.07916106 0.80000000 0.74117647 0.76862745
v 0.08636995 -0.17527351 -0.06377332 0.81176471 0.75294118 0.76470588
v 0.09419192 -0.16833270 -0.08612394 0.81568627 0.75686275 0.77254902
v 0.07479165 -0.18027672 -0.04442647 0.39215686 0.33333333 0.36078431
v 0.06239162 -0.18425535 -0.03007717 0.85098039 0.74901961 0.74117647
v -0.01322157 -0.15466264 -0.14420582 0.72941176 0.67843137 0.72549020
v -0.01504065 -0.16662604 -0.14628029 0.72941176 0.67843137 0.72549020
v 0.00102483 -0.16378403 -0.15651669 0.72941176 0.67843137 0.72549020
v 0.00596121 -0.15123704 -0.15506744 0.72941176 0.67843137 0.72549020
v 0.06835371 -0.14812553 -0.06657060 0.81568627 0.75686275 0.77254902
v 0.06217971 -0.15263887 -0.05063459 0.32156863 0.25490196 0.26666667
v 0.05342154 -0.16553594 -0.03888014 0.76078431 0.72549020 0.73725490
v 0.05035430 -0.11689303 -0.12353476 0.52156863 0.56862745 0.64705882
v 0.06029951 -0.12169315 -0.11010424 0.72941176 0.67843137 0.72549020
v 0.06775846 -0.13793707 -0.06300902 0.81568627 0.75686275 0.77254902
v 0.06160645 -0.14273107 -0.04837043 0.32156863 0.25490196 0.26666667
v 0.04565848 -0.13912870 -0.02577443 0.76078431 0.72549020 0.73725490
v 0.05643613 -0.17515634 -0.03607097 0.76078431 0.72549020 0.73725490
v 0.06216216 -0.14367159 -0.16718674 0.52156863 0.56862745 0.64705882
v 0.04432224 -0.15062867 -0.17193390 0.52156863 0.56862745 0.64705882
v 0.03908009 -0.14704347 -0.16668707 0.52156863 0.56862745 0.64705882
v -0.02901691 -0.14304204 -0.13161692 0.83921569 0.74509804 0.74509804
v -0.02901691 -0.14304204 -0.13161692 0.83921569 0.74509804 0.74509804
v 0.03490537 -0.14877522 -0.02235881 0.86274510 0.75294118 0.75686275
v 0.03290755 -0.15874933 -0.02508458 0.86274510 0.75294118 0.75686275
v 0.03714785 -0.13983724 -0.01950908 0.85098039 0.74901961 0.74117647
v 0.04792005 -0.13884492 -0.16041616 0.52156863 0.56862745 0.64705882
v 0.02526345 -0.14339468 -0.15900758 0.52156863 0.56862745 0.64705882
v 0.03901586 -0.13305730 -0.01697916 0.85098039 0.74901961 0.74117647
v -0.01684026 -0.09400871 -0.10967771 0.84313725 0.74509804 0.74901961
v -0.01684026 -0.09400871 -0.10967771 0.84313725 0.74509804 0.74901961
v 0.03151121 -0.16973637 -0.02736530 0.86274510 0.75294118 0.75686275
v 0.03326407 -0.18136589 -0.02467459 0.92156863 0.81176471 0.81960784
v 0.03836580 -0.19085297 -0.01650248 0.92156863 0.81176471 0.81960784
v 0.04719598 -0.13204169 -0.02363082 0.76078431 0.72549020 0.73725490
v 0.04461891 -0.17920202 -0.02955058 0.85098039 0.74901961 0.74117647
v 0.04220303 -0.16847265 -0.03214166 0.85098039 0.74901961 0.74117647
v 0.04996851 -0.18882127 -0.02267445 0.85882353 0.76078431 0.76470588
v -0.02621566 -0.13156208 -0.12667991 0.83921569 0.74509804 0.74509804
v -0.02621566 -0.13156208 -0.12667991 0.83921569 0.74509804 0.74509804
v 0.01780470 -0.12967934 -0.01164755 0.37254902 0.28627451 0.30196078
v 0.00427437 -0.12577802 -0.01082044 0.61176471 0.45882353 0.43921569
v 0.00250191 -0.13387132 -0.01146255 0.61176471 0.45882353 0.43921569
v 0.01611964 -0.13717143 -0.01278224 0.37254902 0.28627451 0.30196078
v -0.04702980 -0.11477137 -0.04313298 0.83921569 0.74509804 0.74509804
v -0.04308621 -0.10634418 -0.04046842 0.83921569 0.74509804 0.74509804
v -0.04732775 -0.10211084 -0.05426990 0.84313725 0.74509804 0.74901961
v -0.05254014 -0.11038806 -0.05724146 0.84313725 0.74509804 0.74901961
v -0.04756328 -0.09929825 -0.06815441 0.83529412 0.73725490 0.74117647
v -0.05305556 -0.10856751 -0.07175460 0.84313725 0.74509804 0.74901961
v -0.04884879 -0.10830623 -0.08542676 0.84313725 0.74509804 0.74901961
v -0.04396667 -0.09736244 -0.08107591 0.83529412 0.73333333 0.73333333
v -0.03725715 -0.09609894 -0.09292269 0.83529412 0.73333333 0.73333333
v -0.04116881 -0.10829681 -0.09704505 0.84313725 0.74509804 0.74901961
v -0.01060322 -0.12099187 -0.01227261 0.78039216 0.67843137 0.66666667
v -0.02426416 -0.11584453 -0.01814069 0.80000000 0.69803922 0.69019608
v -0.02658099 -0.12443635 -0.01967314 0.79607843 0.69019608 0.68235294
v -0.01243265 -0.12940930 -0.01339110 0.78039216 0.67450980 0.66666667
v -0.03580124 -0.11104163 -0.02728205 0.83921569 0.74509804 0.74509804
v -0.03864660 -0.11976784 -0.02996668 0.83529412 0.73725490 0.73725490
v -0.03089159 -0.10817570 -0.10641797 0.84313725 0.74509804 0.74901961
v -0.02784467 -0.09484141 -0.10228834 0.83529412 0.73333333 0.73333333
v 0.01217349 -0.15605611 -0.01439160 0.37254902 0.28627451 0.30196078
v 0.02362164 -0.15814227 -0.01966418 0.37254902 0.28627451 0.30196078
v 0.02561703 -0.14807847 -0.01755134 0.37254902 0.28627451 0.30196078
v 0.01394948 -0.14630663 -0.01377431 0.37254902 0.28627451 0.30196078
v -0.02326665 -0.15937954 -0.01612110 0.77647059 0.67058824 0.66274510
v -0.04169501 -0.15242979 -0.02020464 0.78039216 0.67843137 0.66666667
v -0.04578089 -0.16088369 -0.01450911 0.78039216 0.67843137 0.66666667
v -0.02573330 -0.16862847 -0.01085586 0.74509804 0.62352941 0.61176471
v -0.07035169 -0.15796669 -0.01392863 0.80392157 0.70588235 0.69803922
v -0.08916213 -0.14597496 -0.02726601 0.83921569 0.74509804 0.74509804
v -0.00468920 -0.16339602 -0.01388106 0.61176471 0.45882353 0.43921569
v -0.00539814 -0.17314191 -0.00960909 0.35294118 0.31372549 0.32156863
v -0.08186695 -0.14047298 -0.03395906 0.83921569 0.74509804 0.74509804
v -0.09333359 -0.13557237 -0.05456791 0.84313725 0.74509804 0.74901961
v -0.10312271 -0.14138381 -0.04766257 0.84313725 0.74509804 0.74901961
v -0.07757999 -0.15527715 -0.10902101 0.84313725 0.74509804 0.74901961
v -0.07935572 -0.16198225 -0.11147089 0.84313725 0.74509804 0.74901961
v -0.09096606 -0.15738079 -0.10210824 0.84313725 0.74509804 0.74901961
v -0.08557905 -0.15113649 -0.10077269 0.84313725 0.74509804 0.74901961
v -0.07268371 -0.12382987 -0.05981746 0.84313725 0.74509804 0.74901961
v -0.07090713 -0.12416599 -0.07797535 0.84313725 0.74509804 0.74901961
v -0.08062494 -0.13115938 -0.07902537 0.84313725 0.74509804 0.74901961
v -0.08349423 -0.12966959 -0.05843139 0.84313725 0.74509804 0.74901961
v -0.05931606 -0.13960780 -0.11086088 0.84313725 0.74509804 0.74901961
v -0.07157083 -0.13473648 -0.09646045 0.84313725 0.74509804 0.74901961
v -0.06365313 -0.12627193 -0.09417234 0.84313725 0.74509804 0.74901961
v -0.05301706 -0.12939626 -0.10756877 0.84313725 0.74509804 0.74901961
v -0.07386838 -0.13550591 -0.03891042 0.83921569 0.74509804 0.74509804
v -0.06409070 -0.12989686 -0.04252464 0.83921569 0.74509804 0.74509804
v -0.05845732 -0.14459516 -0.02787120 0.80392157 0.70588235 0.69803922
v -0.05099420 -0.13745914 -0.03126302 0.80392157 0.70588235 0.69803922
v -0.03641247 -0.14372662 -0.02246792 0.78039216 0.67843137 0.66666667
v -0.06131181 -0.11682400 -0.07539017 0.84313725 0.74509804 0.74901961
v -0.05588420 -0.11795007 -0.09007442 0.84313725 0.74509804 0.74901961
v -0.04676209 -0.11930402 -0.10246485 0.84313725 0.74509804 0.74901961
v -0.03518384 -0.12077168 -0.11235835 0.84313725 0.74509804 0.74901961
v -0.04434851 -0.14272679 -0.12166764 0.83921569 0.74509804 0.74509804
v -0.04039006 -0.13021232 -0.11762029 0.84313725 0.74509804 0.74901961
v -0.06475580 -0.15104711 -0.02240887 0.80392157 0.70588235 0.69803922
v -0.04391043 -0.12889418 -0.03213969 0.83137255 0.73725490 0.73333333
v -0.03117371 -0.13402310 -0.02162944 0.78039216 0.67843137 0.66666667
v -0.02611076 -0.17633906 0.00126284 0.61176471 0.45882353 0.43921569
v -0.04931234 -0.16963995 -0.00360645 0.78039216 0.67843137 0.66666667
v -0.00394285 -0.18111597 0.00099017 0.37254902 0.28627451 0.30196078
v 0.01461697 -0.18469520 -0.00232440 0.37254902 0.28627451 0.30196078
v -0.04752470 -0.15477712 -0.12451586 0.83921569 0.74509804 0.74509804
v -0.04817561 -0.16673128 -0.12713249 0.83921569 0.74509804 0.74509804
v -0.06505554 -0.16409723 -0.11853603 0.83921569 0.74509804 0.74509804
v -0.06641042 -0.15155864 -0.11344343 0.84313725 0.74509804 0.74901961
v -0.01968637 -0.14915997 -0.01640841 0.78039216 0.67450980 0.66666667
v -0.00279010 -0.15334237 -0.01314437 0.61176471 0.45882353 0.43921569
v 0.01117085 -0.16603790 -0.01466461 0.37254902 0.28627451 0.30196078
v -0.06118593 -0.11774385 -0.05927423 0.84313725 0.74509804 0.74901961
v -0.05423878 -0.12278438 -0.04429162 0.83921569 0.74509804 0.74509804
v -0.01603448 -0.13893022 -0.01502050 0.78039216 0.67450980 0.66666667
v -0.00023940 -0.14339463 -0.01274544 0.61176471 0.45882353 0.43921569
v 0.02743697 -0.13934621 -0.01538547 0.37254902 0.28627451 0.30196078
v 0.01204586 -0.17558281 -0.01046475 0.37254902 0.28627451 0.30196078
v -0.10432467 -0.14478983 -0.07121512 0.84313725 0.74509804 0.74901961
v -0.09972225 -0.15142532 -0.08895625 0.84313725 0.74509804 0.74901961
v -0.09272044 -0.14768852 -0.09068022 0.84313725 0.74509804 0.74901961
v -0.09169453 -0.13963397 -0.07993036 0.84313725 0.74509804 0.74901961
v -0.07937238 -0.14391157 -0.09870824 0.84313725 0.74509804 0.74901961
v 0.02920013 -0.13230920 -0.01337941 0.37254902 0.28627451 0.30196078
v 0.02349426 -0.17946976 -0.01733043 0.86274510 0.75294118 0.75686275
v 0.02228609 -0.16879186 -0.02081746 0.37254902 0.28627451 0.30196078
v 0.02735845 -0.18894306 -0.00953135 0.86274510 0.75294118 0.75686275
v 0.06483527 -0.01244175 0.04301414 0.85882353 0.52549020 0.60000000
v -0.02338265 -0.03676366 0.01205394 0.79215686 0.70196078 0.68627451
v -0.02660733 -0.04397329 0.00476707 0.75294118 0.67450980 0.66274510
v -0.02013212 -0.05551318 0.00887755 0.83529412 0.74117647 0.75294118
v -0.01708553 -0.04749336 0.01670276 0.83137255 0.73725490 0.73725490
v -0.01195272 -0.06615441 0.01232135 0.85098039 0.76078431 0.75686275
v -0.01113904 -0.05648759 0.01962992 0.85490196 0.76470588 0.76078431
v -0.00223124 -0.07467443 0.01624260 0.73725490 0.58823529 0.56078431
v -0.00350775 -0.06480373 0.02267627 0.86666667 0.77647059 0.77647059
v 0.00715164 -0.08040199 0.02132434 0.56862745 0.45882353 0.43921569
v 0.00493100 -0.07049119 0.02646609 0.89019608 0.75686275 0.75294118
v 0.03039108 -0.08629982 0.03147145 0.85882353 0.72156863 0.73725490
v 0.02969315 -0.09136260 0.02708903 0.76470588 0.58431373 0.57647059
v 0.03937633 -0.09486174 0.02961138 0.86274510 0.76078431 0.76470588
v 0.04122277 -0.09122136 0.03385991 0.89803922 0.79215686 0.79607843
v 0.04924519 -0.09769177 0.03109059 0.90588235 0.78823529 0.78431373
v 0.05096283 -0.09438848 0.03543526 0.91764706 0.79607843 0.79215686
v 0.05827081 -0.09893701 0.03025445 0.92549020 0.82745098 0.83529412
v 0.06057616 -0.09580744 0.03460456 0.92156863 0.81960784 0.82745098
v 0.06764359 -0.09894744 0.02720334 0.91372549 0.82352941 0.83137255
v 0.06993981 -0.09540424 0.03146296 0.92549020 0.85098039 0.86666667
v 0.07184232 -0.08644313 0.03538624 0.92156863 0.85098039 0.88627451
v 0.06360914 -0.08717434 0.03860013 0.91764706 0.81568627 0.82745098
v 0.06240065 -0.09174486 0.03717621 0.91764706 0.81568627 0.82745098
v 0.07114393 -0.09170812 0.03385359 0.92156863 0.84313725 0.86274510
v 0.05516105 -0.08620154 0.03922341 0.92156863 0.81960784 0.81960784
v 0.05299028 -0.09071754 0.03789529 0.91764706 0.81960784 0.82745098
v 0.04662753 -0.08320416 0.03823366 0.92549020 0.83137255 0.83529412
v 0.04372148 -0.08751513 0.03660561 0.91764706 0.81568627 0.82352941
v 0.03700718 -0.07820099 0.03702398 0.92549020 0.80784314 0.82352941
v 0.03361574 -0.08241387 0.03471543 0.90588235 0.78431373 0.79215686
v 0.02992537 -0.07261676 0.03717998 0.92941176 0.82352941 0.83529412
v 0.02476849 -0.07461388 0.03470759 0.90196078 0.78039216 0.78823529
v 0.05550017 -0.10109288 0.02412455 0.90980392 0.80784314 0.81568627
v 0.06442308 -0.10105570 0.02166737 0.90980392 0.79607843 0.80000000
v 0.04703615 -0.10007336 0.02513768 0.90588235 0.78431373 0.77647059
v 0.03799680 -0.09769828 0.02417692 0.84705882 0.74117647 0.73333333
v 0.02931893 -0.09527843 0.02177582 0.46274510 0.31372549 0.30588235
v 0.01744834 -0.08496087 0.02557912 0.60000000 0.47843137 0.50196078
v 0.01968170 -0.09223564 0.01889064 0.48235294 0.46274510 0.43137255
v 0.00937469 -0.08686130 0.01611699 0.37647059 0.30196078 0.28627451
v -0.00052249 -0.08114317 0.01036203 0.77647059 0.67058824 0.66274510
v -0.01212682 -0.07220458 0.00569992 0.80784314 0.70980392 0.70588235
v -0.02242507 -0.06037021 0.00135936 0.83529412 0.73725490 0.74117647
v -0.02934429 -0.04782277 -0.00262236 0.63921569 0.56470588 0.56470588
v -0.03034041 -0.03571583 0.00122347 0.58039216 0.52549020 0.51764706
v 0.05669023 -0.08208902 0.03934535 0.91372549 0.81568627 0.81960784
v 0.06416366 -0.08234742 0.03869163 0.92941176 0.82745098 0.84313725
v 0.04917093 -0.07957245 0.03896372 0.90980392 0.82745098 0.83137255
v 0.04040869 -0.07424650 0.03856147 0.92549020 0.83529412 0.83137255
v 0.03368096 -0.06909920 0.03905306 0.94901961 0.85098039 0.85882353
v 0.02965310 -0.05553090 0.04253008 0.94117647 0.82745098 0.83137255
v 0.03039845 -0.06232256 0.04068665 0.94901961 0.83921569 0.85098039
v 0.03219908 -0.04229858 0.04571377 0.89411765 0.74117647 0.73333333
v 0.03093314 -0.04888242 0.04423818 0.92549020 0.80000000 0.80784314
v 0.02257536 -0.03511970 0.04636135 0.86274510 0.72549020 0.71372549
v 0.01971859 -0.04433063 0.04316284 0.89019608 0.76862745 0.76470588
v 0.02531777 -0.04775392 0.04368338 0.91764706 0.79215686 0.78823529
v 0.02737077 -0.03931980 0.04610131 0.88235294 0.74901961 0.74117647
v 0.01808213 -0.02875594 0.04633933 0.85490196 0.71764706 0.70196078
v 0.01409777 -0.03958592 0.04236915 0.87450980 0.74117647 0.73333333
v 0.05317253 -0.10295667 0.01869388 0.90980392 0.80784314 0.81568627
v 0.06084367 -0.10309242 0.01556955 0.90980392 0.79607843 0.80000000
v 0.04557283 -0.10242803 0.01942682 0.87450980 0.76470588 0.76862745
v 0.03752613 -0.10098736 0.01820323 0.82352941 0.70980392 0.69803922
v 0.03028012 -0.09981658 0.01531006 0.37254902 0.28627451 0.30196078
v 0.02236286 -0.09796405 0.01198728 0.30196078 0.26666667 0.30980392
v 0.01344507 -0.09439025 0.00823277 0.42352941 0.35294118 0.35686275
v 0.00237471 -0.08875773 0.00371535 0.75294118 0.64313725 0.64313725
v -0.01117487 -0.07950933 -0.00113014 0.80392157 0.70588235 0.69803922
v -0.02387528 -0.06490097 -0.00533143 0.83529412 0.73725490 0.74117647
v -0.03063336 -0.05154204 -0.00970776 0.62352941 0.55294118 0.56078431
v 0.02694400 -0.10490615 0.00348541 0.37254902 0.28627451 0.30196078
v 0.03363562 -0.10507669 0.00608462 0.37254902 0.28627451 0.30196078
v 0.03950579 -0.10602409 0.00820540 0.86274510 0.75294118 0.75686275
v 0.04460556 -0.10624291 0.01017058 0.86274510 0.75294118 0.75686275
v 0.04843372 -0.10724454 0.00727847 0.91372549 0.80392157 0.80784314
v 0.05383513 -0.10779438 0.00375735 0.91372549 0.80000000 0.80000000
v 0.04511433 -0.10821223 0.00106068 0.86274510 0.75294118 0.75686275
v 0.05053174 -0.10892560 -0.00162708 0.91372549 0.80000000 0.80000000
v 0.04084383 -0.10982789 -0.00111685 0.86274510 0.75294118 0.75686275
v 0.04862414 -0.11069693 -0.00436958 0.85882353 0.76078431 0.76470588
v 0.03720763 -0.11221931 -0.00245081 0.82352941 0.70980392 0.69803922
v 0.04655826 -0.11395270 -0.00698687 0.85882353 0.76078431 0.76470588
v 0.02557540 -0.06516628 0.03891410 0.93725490 0.83529412 0.84705882
v 0.01944999 -0.06488589 0.03688800 0.92156863 0.81568627 0.81960784
v 0.01823307 -0.05447704 0.03981681 0.90980392 0.80000000 0.79607843
v 0.01185890 -0.05095840 0.03807615 0.90196078 0.78431373 0.78431373
v 0.01230353 -0.06309952 0.03423247 0.90980392 0.79607843 0.79607843
v 0.02418066 -0.05674393 0.04115669 0.93725490 0.82352941 0.83137255
v 0.00384931 -0.05888320 0.03115176 0.89411765 0.79215686 0.78823529
v 0.00498651 -0.04600693 0.03596191 0.87843137 0.76862745 0.76078431
v 0.00865959 -0.03329289 0.04157587 0.85490196 0.72549020 0.71372549
v -0.00055487 -0.03988037 0.03404971 0.85490196 0.73725490 0.72941176
v -0.00344414 -0.05278452 0.02806592 0.87843137 0.77254902 0.77254902
v 0.00334806 -0.02873042 0.03987093 0.84313725 0.71764706 0.70196078
v -0.00110703 -0.02425727 0.03794532 0.83921569 0.72549020 0.70980392
v -0.00504837 -0.03463330 0.03194768 0.83529412 0.72156863 0.70588235
v -0.00858000 -0.04567227 0.02594893 0.85490196 0.75294118 0.74117647
v 0.01614276 -0.07623294 0.03027003 0.88627451 0.76078431 0.75294118
v -0.01344116 -0.03893571 0.02309165 0.80784314 0.70588235 0.69019608
v -0.00545748 -0.01991851 0.03528866 0.82745098 0.72549020 0.70980392
v -0.00930750 -0.02910303 0.02937018 0.81568627 0.70588235 0.69019608
v -0.01040006 -0.01393084 0.03158672 0.80000000 0.71764706 0.69803922
v -0.01548402 -0.02270159 0.02434878 0.77254902 0.68627451 0.68627451
v -0.01992567 -0.03050516 0.01797308 0.77254902 0.67843137 0.67450980
v -0.02911222 -0.02766562 0.00560977 0.68235294 0.59607843 0.58823529
v 0.07190039 -0.08161472 0.03592186 0.92941176 0.85098039 0.88235294
v -0.03831362 -0.03437213 -0.02287677 0.59607843 0.48235294 0.49411765
v 0.04913987 -0.03316247 0.04554341 0.81960784 0.66274510 0.68235294
v 0.05517702 -0.03099002 0.04547319 0.71372549 0.39215686 0.47450980
v 0.06106003 -0.03019249 0.04565609 0.72156863 0.42352941 0.49803922
v 0.06587695 -0.02996988 0.04554711 0.76862745 0.58039216 0.61568627
v 0.07001796 -0.03004239 0.04464805 0.78039216 0.66666667 0.69411765
v 0.04250198 -0.12317263 -0.01219053 0.85882353 0.76078431 0.76470588
v 0.06956895 0.03698068 0.03617814 0.86274510 0.78039216 0.74901961
v 0.04461910 -0.11728210 -0.00915662 0.85882353 0.76078431 0.76470588
v 0.06500338 -0.06637333 0.02555722 0.97254902 0.89019608 0.89019608
v 0.03148747 0.12494516 -0.02830392 0.73333333 0.64705882 0.60000000
v 0.03148747 0.12494516 -0.02830392 0.73333333 0.64705882 0.60000000
v 0.07178349 -0.07664808 0.03612972 0.90588235 0.84313725 0.87058824
v 0.06620730 -0.06220905 0.02783577 0.98039216 0.88627451 0.87843137
v 0.07872381 -0.00229843 0.05170184 0.96078431 0.85098039 0.86274510
v 0.07155985 -0.07228798 0.03609375 0.92156863 0.83137255 0.85490196
v 0.07421000 -0.06119665 0.04162743 0.83921569 0.70588235 0.61176471
v 0.07303265 -0.05481377 0.04010165 0.80784314 0.66274510 0.61568627
v 0.06571848 0.07346402 0.02973711 0.73333333 0.62352941 0.58823529
v 0.07388312 -0.05735670 0.04130562 0.77254902 0.62352941 0.56470588
v 0.07328819 -0.02805147 0.04305792 0.76862745 0.56078431 0.56470588
v 0.08028802 -0.00632149 0.05425084 0.94901961 0.83921569 0.85490196
v 0.07222242 -0.05325146 0.03888041 0.83529412 0.68627451 0.65098039
v -0.01728848 -0.04332701 -0.11004433 0.53725490 0.47450980 0.48235294
v -0.01728848 -0.04332701 -0.11004433 0.53725490 0.47450980 0.48235294
v 0.07330960 -0.06512301 0.03971709 0.94901961 0.84705882 0.79607843
v 0.06841702 -0.05685607 0.03218701 0.95294118 0.83921569 0.81568627
v 0.07130863 -0.05275552 0.03741658 0.83529412 0.68627451 0.65098039
v 0.06590749 -0.04542005 0.02936951 0.89019608 0.75686275 0.74509804
v 0.07342477 -0.03072507 0.04303923 0.72941176 0.47843137 0.47843137
v 0.07200162 0.01424458 0.04007035 0.89411765 0.79215686 0.75686275
v -0.02854560 -0.00402093 -0.12959237 0.87058824 0.67450980 0.61960784
v -0.02854560 -0.00402093 -0.12959237 0.87058824 0.67450980 0.61960784
v 0.07311662 0.01127037 0.04220577 0.92549020 0.80000000 0.76862745
v 0.05671939 0.09818564 0.01495489 0.73725490 0.62352941 0.58039216
v 0.06302968 0.08375061 0.02539290 0.73725490 0.62352941 0.58039216
v 0.07708409 0.00149625 0.04905266 0.95686275 0.83529412 0.83921569
v -0.03349608 0.05897110 -0.13898231 0.68627451 0.52941176 0.50980392
v -0.03349608 0.05897110 -0.13898231 0.68627451 0.52941176 0.50980392
v -0.03150662 0.07528146 -0.13576522 0.72156863 0.57254902 0.56078431
v -0.03150662 0.07528146 -0.13576522 0.72156863 0.57254902 0.56078431
v 0.06811473 0.05618393 0.03386718 0.80000000 0.72156863 0.66666667
v -0.00034221 0.12595278 -0.08303960 0.74117647 0.65490196 0.63137255
v -0.00034221 0.12595278 -0.08303960 0.74117647 0.65490196 0.63137255
v 0.08117747 -0.01012184 0.05579289 0.93725490 0.80784314 0.81176471
v 0.07579777 -0.02322393 0.04710520 0.89411765 0.58823529 0.67058824
v 0.04393212 0.11574815 -0.00689656 0.73725490 0.62352941 0.58039216
v -0.03312701 0.02459808 -0.13790014 0.70588235 0.54117647 0.53333333
v -0.03312701 0.02459808 -0.13790014 0.70588235 0.54117647 0.53333333
v -0.01283403 0.11774767 -0.10427531 0.73725490 0.63529412 0.60784314
v -0.01283403 0.11774767 -0.10427531 0.73725490 0.63529412 0.60784314
v 0.07331505 -0.04687210 0.04243018 0.93725490 0.81568627 0.82745098
v 0.03799034 0.12067638 -0.01710973 0.73725490 0.62352941 0.58039216
v 0.07172051 -0.04825583 0.03961928 0.90588235 0.77254902 0.76862745
v 0.07952808 -0.01977064 0.05334070 0.86274510 0.66666667 0.65490196
v -0.03138130 0.00875837 -0.13467427 0.70588235 0.54117647 0.53333333
v -0.03138130 0.00875837 -0.13467427 0.70588235 0.54117647 0.53333333
v -0.03378056 0.03832748 -0.13922767 0.68627451 0.52941176 0.50980392
v -0.03378056 0.03832748 -0.13922767 0.68627451 0.52941176 0.50980392
v 0.07408738 -0.03695463 0.04415391 0.87450980 0.56470588 0.64313725
v 0.07352992 -0.03319107 0.04318540 0.83921569 0.52941176 0.58431373
v -0.00677843 0.12278231 -0.09399088 0.68627451 0.55294118 0.52549020
v -0.00677843 0.12278231 -0.09399088 0.68627451 0.55294118 0.52549020
v 0.06951665 0.04316125 0.03586221 0.85882353 0.77254902 0.72549020
v 0.07461131 -0.03959062 0.04497410 0.92549020 0.70980392 0.76862745
v 0.06959732 0.02347264 0.03594411 0.90196078 0.79607843 0.74901961
v 0.07474492 -0.04210325 0.04503931 0.94117647 0.79607843 0.84705882
v 0.04062784 -0.12813953 -0.01485212 0.85098039 0.74901961 0.74117647
v -0.02443114 0.09855110 -0.12391953 0.76078431 0.64705882 0.62352941
v -0.02443114 0.09855110 -0.12391953 0.76078431 0.64705882 0.62352941
v 0.07415058 -0.04445988 0.04396349 0.94117647 0.80784314 0.83137255
v 0.06881538 -0.04740151 0.03448462 0.89019608 0.74901961 0.74509804
v 0.07566885 0.00507210 0.04652159 0.93333333 0.80392157 0.80784314
v 0.06729136 -0.04660746 0.03181332 0.89019608 0.75686275 0.74509804
v 0.06717753 0.06375308 0.03222608 0.68627451 0.57254902 0.52156863
v 0.07386677 -0.02565867 0.04392611 0.93333333 0.59607843 0.75294118
v 0.07419118 -0.02514545 0.04436559 0.92941176 0.61568627 0.76078431
v 0.06991266 0.02086562 0.03660554 0.92549020 0.80392157 0.74509804
v 0.05997267 0.09158622 0.02048684 0.73725490 0.62352941 0.58039216
v 0.06960224 0.02611070 0.03584078 0.89411765 0.80000000 0.75686275
v 0.07363017 -0.02631255 0.04350347 0.80392157 0.38431373 0.50196078
v -0.02788851 0.08964279 -0.12972216 0.76078431 0.64705882 0.62352941
v -0.02788851 0.08964279 -0.12972216 0.76078431 0.64705882 0.62352941
v 0.00847439 0.12980576 -0.06793389 0.73725490 0.64313725 0.61960784
v 0.00847439 0.12980576 -0.06793389 0.73725490 0.64313725 0.61960784
v 0.01511941 0.13022318 -0.05648041 0.69411765 0.60392157 0.57254902
v 0.01511941 0.13022318 -0.05648041 0.69411765 0.60392157 0.57254902
v 0.07088675 0.01734775 0.03826516 0.92941176 0.79215686 0.73725490
v 0.07430905 0.00835356 0.04412092 0.92941176 0.79607843 0.78823529
v -0.01652080 -0.05314311 -0.10887677 0.53725490 0.47450980 0.48235294
v -0.01652080 -0.05314311 -0.10887677 0.53725490 0.47450980 0.48235294
v 0.08093953 -0.01645688 0.05547061 0.89019608 0.73333333 0.72156863
v 0.08138330 -0.01376962 0.05619232 0.92156863 0.78823529 0.78039216
v 0.04901722 0.11008316 0.00183337 0.73725490 0.62352941 0.58039216
v -0.02613609 -0.01367894 -0.12536559 0.90196078 0.65098039 0.62745098
v -0.02613609 -0.01367894 -0.12536559 0.90196078 0.65098039 0.62745098
v 0.02374344 0.12884349 -0.04162650 0.73333333 0.64705882 0.60000000
v 0.02374344 0.12884349 -0.04162650 0.73333333 0.64705882 0.60000000
v 0.05313692 0.10421509 0.00886649 0.73725490 0.62352941 0.58039216
v -0.02053991 -0.03156272 -0.11566536 0.58823529 0.50196078 0.50980392
v -0.02053991 -0.03156272 -0.11566536 0.58823529 0.50196078 0.50980392
v -0.02409990 -0.02145441 -0.12184736 0.55294118 0.48627451 0.50980392
v -0.02409990 -0.02145441 -0.12184736 0.55294118 0.48627451 0.50980392
v 0.07862091 -0.02095842 0.05189852 0.87843137 0.64313725 0.63921569
v 0.06935420 0.02946334 0.03581847 0.90196078 0.81568627 0.78039216
v 0.07707699 -0.02232391 0.04931021 0.89019608 0.62745098 0.65490196
v -0.01846138 0.11071967 -0.11380832 0.74901961 0.63921569 0.61568627
v -0.01846138 0.11071967 -0.11380832 0.74901961 0.63921569 0.61568627
v 0.07479318 -0.02423764 0.04535153 0.92549020 0.60392157 0.74117647
v 0.07754949 -0.01244109 0.03572382 0.88235294 0.67843137 0.69411765
v 0.09421586 -0.03440853 -0.05497147 0.80392157 0.72941176 0.70980392
v 0.08901247 -0.04134881 -0.06127365 0.67843137 0.61176471 0.60784314
v 0.09000909 -0.05291297 -0.05393556 0.88627451 0.82745098 0.85490196
v 0.09560543 -0.04506057 -0.04746290 0.85098039 0.78039216 0.80784314
v 0.08988616 -0.06344730 -0.04575831 0.85098039 0.80000000 0.83137255
v 0.09573844 -0.05380841 -0.04129742 0.89411765 0.83137255 0.86666667
v 0.08898841 -0.07187007 -0.03590035 0.78431373 0.71764706 0.74117647
v 0.09509364 -0.06186219 -0.03360749 0.85098039 0.80784314 0.84705882
v 0.07448862 -0.01975947 0.05342453 0.84705882 0.63921569 0.62352941
v 0.07411262 -0.02127079 0.05091287 0.88235294 0.61568627 0.63921569
v 0.08957447 -0.07745204 -0.02580344 0.69019608 0.59607843 0.61176471
v 0.09467547 -0.06756674 -0.02484266 0.85882353 0.80392157 0.84313725
v 0.04854910 0.01570691 0.03166103 0.87450980 0.74901961 0.68627451
v 0.06508345 -0.02294354 0.04519058 0.87843137 0.45098039 0.58431373
v 0.06876422 -0.00082664 0.04968126 0.95686275 0.85490196 0.86274510
v 0.04987288 0.01597565 0.03159731 0.87450980 0.74509804 0.68235294
v 0.08793186 -0.08351710 -0.00146370 0.85882353 0.75686275 0.78039216
v 0.08470903 -0.08870857 -0.00442515 0.84705882 0.75294118 0.75686275
v 0.08251279 -0.09241362 0.00479362 0.85490196 0.75686275 0.75686275
v 0.08514193 -0.08885168 0.00857881 0.89019608 0.81176471 0.83921569
v 0.06229516 -0.02244607 0.04565174 0.83137255 0.40784314 0.53333333
v 0.07960489 -0.09603225 0.01369575 0.88235294 0.77647059 0.78431373
v 0.08236321 -0.09269711 0.01746258 0.90196078 0.78823529 0.79607843
v 0.07484242 -0.09813160 0.02081414 0.90196078 0.78823529 0.80000000
v 0.07728242 -0.09490085 0.02507095 0.90588235 0.81176471 0.82745098
v 0.06660319 0.00565221 0.04493828 0.90980392 0.77647059 0.76862745
v 0.05902347 0.01487308 0.03577451 0.90980392 0.77647059 0.69019608
v 0.07873091 -0.08638705 0.03020778 0.89411765 0.82352941 0.84705882
v 0.07842194 -0.09099838 0.02826766 0.90588235 0.82352941 0.83921569
v 0.06788979 0.00236490 0.04730284 0.94901961 0.81568627 0.81960784
v 0.05788529 -0.01909553 0.04892831 0.84705882 0.69411765 0.68627451
v 0.05874055 -0.02173236 0.04686762 0.83529412 0.61176471 0.64705882
v 0.07350276 -0.01409775 0.05673058 0.91764706 0.76862745 0.75294118
v 0.07227806 -0.01146193 0.05652256 0.92941176 0.78431373 0.77254902
v 0.08326782 -0.08471720 0.02327229 0.90588235 0.84313725 0.86666667
v 0.07188362 -0.01696269 0.05551017 0.86666667 0.71372549 0.69411765
v 0.07455607 -0.01861183 0.05458813 0.86666667 0.71372549 0.69411765
v 0.08327114 -0.08914523 0.02068648 0.90196078 0.81568627 0.84313725
v 0.04754109 0.01541355 0.03281584 0.87058824 0.74901961 0.68627451
v 0.03574546 0.01679044 0.03325904 0.85882353 0.73333333 0.67450980
v 0.07411453 -0.01593140 0.05623884 0.89019608 0.73725490 0.72549020
v 0.07702137 -0.01781025 0.05518755 0.87058824 0.70196078 0.68627451
v 0.04376997 0.01625218 0.03281908 0.86274510 0.74117647 0.66666667
v 0.04794069 0.01555899 0.03225900 0.87450980 0.74901961 0.68627451
v 0.06548824 -0.01542940 0.05396103 0.86274510 0.71372549 0.69803922
v 0.06229180 0.01368610 0.03835005 0.88627451 0.77647059 0.71764706
v 0.08618841 -0.08111604 0.01570392 0.89803922 0.83529412 0.85882353
v 0.08617817 -0.08530660 0.01233776 0.90588235 0.81568627 0.84313725
v 0.08929992 -0.07564358 0.00728147 0.90980392 0.84313725 0.88627451
v 0.08902863 -0.07981341 0.00310971 0.89019608 0.81176471 0.83921569
v 0.06100810 -0.01672754 0.05187723 0.84313725 0.70588235 0.68627451
v 0.09243703 -0.06993286 0.00167523 0.90196078 0.83137255 0.85882353
v 0.09272503 -0.07188141 -0.00399200 0.90588235 0.81176471 0.85098039
v 0.07092829 -0.10031208 0.01528291 0.90196078 0.78431373 0.78431373
v 0.04682239 0.01551471 0.03320068 0.85882353 0.73333333 0.66666667
v 0.04620967 0.01569711 0.03344231 0.86274510 0.74117647 0.66666667
v 0.06957957 -0.00448683 0.05236692 0.94901961 0.85490196 0.86666667
v 0.07555518 -0.09847594 0.00869379 0.85490196 0.75294118 0.75294118
v 0.07867913 -0.09535617 0.00071192 0.85098039 0.74901961 0.74117647
v 0.08077820 -0.09271982 -0.00773699 0.75294118 0.75686275 0.78431373
v 0.08884218 -0.08219089 -0.01526855 0.80392157 0.72941176 0.76078431
v 0.04155047 0.01639748 0.03411205 0.86274510 0.74117647 0.66666667
v 0.07202751 -0.02298831 0.04666476 0.91764706 0.59607843 0.73725490
v 0.06824575 -0.01614083 0.05489916 0.87058824 0.71372549 0.69411765
v 0.07023619 -0.01664017 0.05530070 0.86666667 0.70980392 0.69019608
v 0.07055490 -0.02361046 0.04542150 0.92941176 0.61176471 0.77647059
v 0.08232970 -0.08974569 -0.01708950 0.26274510 0.24705882 0.29019608
v 0.08433257 -0.08405130 -0.02698126 0.59215686 0.46666667 0.45882353
v 0.05275947 0.01578111 0.03229780 0.89803922 0.76470588 0.68627451
v 0.08302249 -0.07841655 -0.03775649 0.80784314 0.74901961 0.77647059
v 0.06432040 0.01131349 0.04098453 0.89411765 0.77254902 0.73725490
v 0.06583568 0.00851708 0.04311395 0.91372549 0.77647059 0.75294118
v 0.08410467 -0.06952470 -0.04959082 0.81568627 0.76862745 0.78823529
v 0.08443399 -0.05770300 -0.05987636 0.85098039 0.79607843 0.81960784
v 0.07325108 -0.02215717 0.04865987 0.87058824 0.58039216 0.66666667
v 0.08379482 -0.04524253 -0.06740447 0.57647059 0.47450980 0.47450980
v 0.08797747 -0.03346249 -0.06618877 0.65882353 0.56862745 0.56470588
v 0.08248712 -0.08068910 0.02485911 0.89803922 0.82745098 0.86666667
v 0.07839620 -0.08157701 0.03097172 0.89411765 0.82352941 0.85098039
v 0.08543977 -0.07766981 0.01838898 0.90196078 0.83921569 0.86274510
v 0.07102028 -0.00809871 0.05510956 0.93725490 0.83529412 0.84313725
v 0.08878978 -0.07191056 0.01108727 0.92156863 0.85098039 0.87450980
v 0.09212336 -0.06657954 0.00596486 0.92156863 0.85098039 0.87843137
v 0.09605855 -0.05326330 0.00486897 0.92941176 0.83529412 0.85882353
v 0.06766883 -0.02312049 0.04541268 0.93333333 0.60392157 0.76862745
v 0.09465229 -0.05991704 0.00438963 0.93333333 0.85098039 0.88627451
v 0.09676051 -0.04064124 0.00908086 0.90196078 0.77647059 0.79215686
v 0.09637276 -0.04691966 0.00699828 0.91764706 0.81568627 0.83137255
v 0.10185207 -0.03335786 0.00134789 0.88235294 0.78431373 0.80000000
v 0.10068344 -0.04214366 -0.00295823 0.90588235 0.81176471 0.83921569
v 0.09859021 -0.04554033 0.00198492 0.90588235 0.80784314 0.82745098
v 0.08027986 -0.01831811 0.05448459 0.86274510 0.66666667 0.65490196
v 0.07444760 -0.01741097 0.05545953 0.86666667 0.71372549 0.69411765
v 0.09944482 -0.03755243 0.00523909 0.87843137 0.76470588 0.77254902
v 0.10395573 -0.02709906 -0.00243281 0.88627451 0.78823529 0.80000000
v 0.10259390 -0.03752095 -0.00801702 0.90196078 0.81960784 0.84705882
v 0.06737850 -0.10214692 0.01046673 0.89803922 0.77647059 0.77647059
v 0.03921180 0.03062541 0.04324612 0.82352941 0.70980392 0.65882353
v 0.03875536 0.02798873 0.04224512 0.82745098 0.71372549 0.65490196
v 0.07150464 -0.10091206 0.00445299 0.85882353 0.76078431 0.76470588
v 0.07387331 -0.09901533 -0.00276306 0.85098039 0.74901961 0.74117647
v 0.07447916 -0.09772725 -0.01011800 0.76078431 0.72549020 0.73725490
v 0.07521817 -0.09586526 -0.01849628 0.39215686 0.33333333 0.36078431
v 0.07542922 -0.09222464 -0.02759610 0.32156863 0.25490196 0.26666667
v 0.07599156 -0.08653282 -0.03871776 0.81960784 0.75686275 0.78039216
v 0.04711337 0.03397130 0.04235421 0.81960784 0.72549020 0.66274510
v 0.06483766 0.03333899 0.03774192 0.87843137 0.78039216 0.74117647
v 0.05958463 0.03374118 0.03934257 0.85490196 0.74901961 0.71764706
v 0.07801117 -0.07724643 -0.05247262 0.81568627 0.76470588 0.78039216
v 0.03745474 0.02244834 0.04204897 0.85098039 0.71764706 0.65882353
v 0.03621590 0.02036887 0.04078051 0.84705882 0.70588235 0.64705882
v 0.03836465 0.02574646 0.04109358 0.83921569 0.72156863 0.65490196
v 0.03714094 0.02054668 0.04187968 0.85098039 0.71764706 0.65882353
v 0.03737340 0.02132065 0.04245445 0.85098039 0.71764706 0.65882353
v 0.07940389 -0.06251246 -0.06461386 0.85098039 0.78431373 0.80392157
v 0.03824318 0.02449739 0.04079191 0.84313725 0.72156863 0.65490196
v 0.07804264 -0.04893750 -0.07187591 0.57647059 0.47450980 0.47450980
v 0.03826012 0.02429948 0.04090858 0.85098039 0.71764706 0.65098039
v 0.06501098 -0.10354749 -0.01881686 0.39215686 0.33333333 0.36078431
v 0.04169100 0.03305027 0.04340855 0.80392157 0.70980392 0.65882353
v 0.06473240 -0.10370287 -0.01203894 0.76078431 0.72549020 0.73725490
v 0.06457117 -0.10473041 -0.00634344 0.85098039 0.74901961 0.74117647
v 0.03780568 0.02351332 0.04118522 0.85098039 0.71764706 0.65882353
v 0.03505118 0.01996735 0.03939825 0.85490196 0.70588235 0.65882353
v 0.06409393 -0.10519102 -0.00115651 0.85882353 0.76078431 0.76470588
v 0.03229952 0.01857419 0.03600432 0.83529412 0.70196078 0.65882353
v 0.05972246 -0.10666268 0.00071960 0.85882353 0.76078431 0.76470588
v 0.06946262 0.03315160 0.03596193 0.89019608 0.80000000 0.75686275
v 0.04932279 0.04407825 0.04423214 0.81568627 0.71764706 0.67058824
v 0.01248694 0.04375335 0.04121444 0.70196078 0.60000000 0.56078431
v 0.05528640 -0.10776542 -0.00494597 0.85882353 0.76078431 0.76470588
v 0.00839794 0.03847566 0.04029064 0.71764706 0.61960784 0.59215686
v 0.05496513 -0.10920081 -0.00954185 0.85098039 0.74901961 0.74117647
v 0.01718713 0.00178378 0.04361092 0.83529412 0.70980392 0.70196078
v 0.01352325 0.00250570 0.04279702 0.81960784 0.70588235 0.69019608
v 0.05191383 0.03800125 0.04308905 0.82352941 0.71372549 0.66666667
v 0.05515967 -0.11154053 -0.01299371 0.85098039 0.74901961 0.74117647
v 0.09546714 -0.06253383 -0.00080836 0.92156863 0.84705882 0.88235294
v 0.09631471 -0.06218183 -0.00698518 0.90980392 0.82745098 0.85882353
v 0.09882738 -0.05195922 -0.00614029 0.91764706 0.84313725 0.87843137
v 0.10023023 -0.04847770 -0.01243487 0.90980392 0.84705882 0.87843137
v 0.04126489 0.06371887 0.04087887 0.65098039 0.53725490 0.49803922
v 0.01380402 0.11082894 0.00250293 0.65098039 0.54509804 0.52549020
v 0.04408486 0.05649450 0.04254228 0.69019608 0.56470588 0.52156863
v 0.02858026 0.04917569 0.04429346 0.70980392 0.58431373 0.55294118
v 0.09731159 -0.06037899 -0.01440669 0.89803922 0.82745098 0.86274510
v 0.01824937 0.10586478 0.01035985 0.65098039 0.54509804 0.52549020
v 0.09742253 -0.05418728 -0.00053015 0.92156863 0.84705882 0.87843137
v 0.09855596 -0.05615536 -0.02297004 0.88627451 0.83137255 0.87058824
v 0.10167576 -0.04345546 -0.01915517 0.90980392 0.82745098 0.86274510
v 0.10457481 -0.03107884 -0.01293452 0.89803922 0.80392157 0.82745098
v 0.10262547 -0.03723937 -0.02466192 0.89411765 0.81568627 0.83921569
v 0.01902660 0.04775124 0.04265482 0.70980392 0.58039216 0.56078431
v 0.09921224 -0.05013115 -0.03042884 0.90196078 0.83529412 0.87450980
v 0.00592238 0.00773344 0.03855590 0.81568627 0.71764706 0.69803922
v 0.06298027 0.04955668 0.03821977 0.81176471 0.71372549 0.65490196
v 0.00353628 0.01364764 0.03662246 0.77254902 0.67058824 0.63137255
v 0.10564335 -0.02641304 -0.01814798 0.89803922 0.81568627 0.83137255
v 0.05546172 0.04984952 0.04157509 0.79215686 0.67058824 0.61176471
v -0.01446430 0.12382882 -0.05309698 0.68627451 0.55294118 0.52549020
v 0.10604155 -0.02182996 -0.02288212 0.89019608 0.81176471 0.82352941
v 0.10275896 -0.03213729 -0.02937218 0.88235294 0.80392157 0.81568627
v 0.09958494 -0.04312205 -0.03572780 0.87843137 0.80392157 0.83137255
v 0.09297580 -0.07336877 -0.01369039 0.86274510 0.76078431 0.79215686
v 0.05512653 0.03038534 0.03844941 0.85490196 0.75294118 0.70196078
v 0.09921177 -0.03660230 -0.04107445 0.85098039 0.77647059 0.78039216
v 0.02838578 0.00276528 0.04298258 0.82745098 0.69803922 0.68235294
v 0.02516853 0.00238799 0.04337432 0.82745098 0.69803922 0.68235294
v 0.10561447 -0.01769259 -0.02792073 0.87843137 0.80392157 0.81176471
v -0.01216149 0.12309422 -0.04139711 0.68627451 0.55294118 0.52549020
v 0.00775653 0.00535334 0.04002475 0.81176471 0.69803922 0.67843137
v 0.03356591 0.08145560 0.03393539 0.63529412 0.56078431 0.53333333
v 0.05764265 0.02335006 0.03477463 0.88235294 0.76470588 0.71764706
v 0.05615925 0.02626747 0.03591467 0.87843137 0.76470588 0.72156863
v 0.02960677 0.08853621 0.02874516 0.63921569 0.56470588 0.53725490
v 0.10241368 -0.02665337 -0.03427130 0.86274510 0.78823529 0.79215686
v 0.10468243 -0.01192087 -0.03404307 0.85098039 0.76862745 0.75686275
v 0.10095829 -0.02052008 -0.04208187 0.83137255 0.77647059 0.75294118
v 0.02585347 0.09481796 0.02304208 0.62745098 0.53725490 0.51764706
v 0.09770963 -0.02823626 -0.04905726 0.83921569 0.74509804 0.73725490
v 0.09122455 -0.02553585 -0.06275307 0.66274510 0.61176471 0.62352941
v 0.00821966 0.11535999 -0.00643430 0.64705882 0.54117647 0.51372549
v 0.04468012 0.00616169 0.03762887 0.86274510 0.72549020 0.68627451
v 0.07040145 -0.03262340 -0.08487432 0.58431373 0.47843137 0.48627451
v 0.08753240 -0.03280820 0.02358476 0.82745098 0.72941176 0.74117647
v 0.08441162 -0.03087191 0.02871271 0.76862745 0.48235294 0.55686275
v 0.00521058 0.03221163 0.03916850 0.71372549 0.60392157 0.56470588
v 0.00377725 0.02560949 0.03819621 0.73725490 0.63137255 0.58431373
v -0.00572811 0.12188052 -0.02910913 0.68627451 0.55294118 0.52549020
v 0.03579967 0.00385840 0.04141368 0.84705882 0.70980392 0.68235294
v 0.00326997 0.01960777 0.03707745 0.76078431 0.65098039 0.61176471
v -0.00831619 0.12615664 -0.06595049 0.68627451 0.55294118 0.52549020
v 0.08168115 -0.03017316 0.03389869 0.69803922 0.38823529 0.45882353
v 0.01036263 0.00359401 0.04158551 0.82352941 0.73333333 0.70980392
v 0.07936195 -0.02993231 0.03804281 0.68627451 0.42745098 0.41960784
v 0.07656293 -0.03001674 0.04111330 0.74509804 0.58431373 0.60000000
v 0.03749458 0.04989344 0.04483373 0.71764706 0.62352941 0.56470588
v 0.03196719 0.00320347 0.04238620 0.83921569 0.70196078 0.68235294
v 0.05766837 0.02020298 0.03407637 0.89019608 0.77254902 0.70588235
v 0.04886349 0.00829261 0.03559281 0.86666667 0.73725490 0.67058824
v 0.05209751 0.01106543 0.03422947 0.89803922 0.76862745 0.70196078
v 0.02222746 0.10051956 0.01705735 0.62745098 0.53725490 0.51764706
v 0.05458925 0.01380403 0.03379944 0.90980392 0.78431373 0.70196078
v 0.05692460 0.01690149 0.03380637 0.89019608 0.76470588 0.69803922
v 0.04039923 0.00468134 0.03974774 0.84705882 0.71764706 0.69019608
v 0.03774891 0.07243565 0.03835000 0.67058824 0.58431373 0.54117647
v 0.00168905 0.11909456 -0.01723237 0.65490196 0.55294118 0.52549020
v 0.02130656 0.00206032 0.04364621 0.83137255 0.69803922 0.68235294
v 0.00370025 0.12758303 -0.07614657 0.74117647 0.65490196 0.63137255
v 0.00370025 0.12758303 -0.07614657 0.74117647 0.65490196 0.63137255
v 0.06883380 0.04931476 0.03509729 0.85098039 0.74117647 0.68627451
v 0.05593860 0.01533985 0.03386629 0.90980392 0.79215686 0.70588235
v 0.05364376 0.03396023 0.04105607 0.84313725 0.74117647 0.70980392
v 0.04672907 0.04992867 0.04401715 0.76078431 0.66274510 0.60784314
v 0.07214029 -0.06864595 0.03732372 0.95686275 0.89803922 0.90588235
v 0.04468179 -0.04561673 0.04568398 0.89803922 0.75686275 0.76470588
v 0.04286472 -0.04847206 0.04462387 0.89803922 0.76078431 0.75294118
v 0.04218035 -0.05560956 0.04221726 0.85490196 0.72941176 0.70588235
v 0.05316728 -0.03896103 0.04747254 0.88627451 0.76862745 0.78431373
v 0.04810051 -0.04231438 0.04665820 0.90196078 0.77254902 0.78431373
v 0.05349210 -0.06561067 0.04219560 0.84313725 0.74117647 0.72156863
v 0.04207645 -0.05098328 0.04363813 0.89803922 0.76862745 0.75686275
v 0.05995346 -0.06742088 0.04187099 0.93725490 0.83529412 0.82352941
v 0.04144261 -0.05318375 0.04289736 0.87843137 0.74901961 0.72941176
v 0.06609475 -0.06797874 0.04047528 0.93725490 0.81960784 0.81568627
v 0.07379915 -0.03491124 0.04362863 0.86666667 0.55686275 0.64313725
v 0.06464451 -0.03497036 0.04717034 0.85490196 0.52156863 0.60392157
v 0.06979131 -0.03458554 0.04584921 0.83529412 0.50196078 0.59607843
v 0.05897131 -0.03646201 0.04761994 0.80784314 0.52941176 0.60000000
v 0.04428842 -0.05895371 0.04174615 0.79215686 0.65882353 0.62745098
v 0.04795279 -0.06285950 0.04179489 0.75686275 0.61960784 0.56862745
v 0.08208337 -0.01987362 0.04918681 0.87450980 0.69019608 0.67843137
v 0.07994048 -0.02130400 0.04760690 0.87843137 0.63921569 0.64705882
v 0.07613585 0.01570864 0.01674702 0.92156863 0.79215686 0.72941176
v 0.07934619 -0.02296264 0.03704193 0.87843137 0.53725490 0.65098039
v 0.08157343 -0.00077585 0.04253519 0.95686275 0.84705882 0.85882353
v 0.07529770 0.01598017 0.01771674 0.92941176 0.80000000 0.72941176
v 0.08117567 -0.02249566 0.03490415 0.90196078 0.60784314 0.70980392
v 0.07864022 0.00571696 0.03831684 0.93333333 0.81568627 0.81960784
v 0.07418925 0.01485415 0.02733390 0.96078431 0.81960784 0.74509804
v 0.07997841 0.00241780 0.04060522 0.94901961 0.83137255 0.83921569
v 0.08614716 -0.01909859 0.03277985 0.89803922 0.74901961 0.75686275
v 0.08392932 -0.02173971 0.03243158 0.89411765 0.72941176 0.73333333
v 0.08564497 -0.01407095 0.05002299 0.90980392 0.76862745 0.76078431
v 0.08599631 -0.01139197 0.04891482 0.91372549 0.76862745 0.75686275
v 0.08526327 -0.01701975 0.04801869 0.89019608 0.72941176 0.71764706
v 0.08318679 -0.01874252 0.04982478 0.87843137 0.71372549 0.70196078
v 0.07767187 0.01541464 0.01638292 0.90588235 0.78039216 0.72549020
v 0.08398547 0.01685669 0.00634776 0.89411765 0.75294118 0.70196078
v 0.08496251 -0.01598789 0.05028580 0.89019608 0.73725490 0.72156863
v 0.08263680 -0.01795411 0.05219639 0.87843137 0.71372549 0.70196078
v 0.07963681 0.01613422 0.01314053 0.89019608 0.78039216 0.72549020
v 0.07703505 0.01555531 0.01653976 0.90588235 0.78039216 0.72549020
v 0.08687231 -0.01547397 0.04182477 0.89803922 0.76470588 0.75686275
v 0.07495965 0.01368922 0.03137776 0.92941176 0.80392157 0.74901961
v 0.08719635 -0.01673294 0.03693318 0.90196078 0.76470588 0.77647059
v 0.07841322 0.01551950 0.01595670 0.89411765 0.76862745 0.71372549
v 0.07896908 0.01570779 0.01554237 0.89411765 0.76862745 0.71372549
v 0.08347234 -0.00441892 0.04458758 0.95294118 0.84313725 0.85882353
v 0.08180282 0.01614004 0.01174595 0.89019608 0.78823529 0.73333333
v 0.07723539 -0.02297761 0.04367226 0.90588235 0.56078431 0.68627451
v 0.08635521 -0.01617358 0.04463653 0.89411765 0.74509804 0.73725490
v 0.08576156 -0.01665576 0.04651865 0.89411765 0.74509804 0.73725490
v 0.07683482 -0.02362004 0.04182858 0.92941176 0.58431373 0.72941176
v 0.07432132 0.01575789 0.02042542 0.92549020 0.78039216 0.72549020
v 0.07629772 0.01134544 0.03437786 0.93725490 0.82352941 0.79215686
v 0.07754156 0.00859919 0.03670600 0.93333333 0.81960784 0.79607843
v 0.07834595 -0.02214225 0.04572751 0.89803922 0.61176471 0.65490196
v 0.08526305 -0.00803485 0.04715792 0.94117647 0.83529412 0.84705882
v 0.07823604 -0.02313535 0.03938263 0.81960784 0.47450980 0.58431373
v 0.08410037 -0.01753521 0.05017063 0.87843137 0.71372549 0.70196078
v 0.09117669 0.03080140 0.01433985 0.83137255 0.74509804 0.69411765
v 0.09062188 0.02810338 0.01361939 0.84705882 0.74509804 0.68627451
v 0.08647310 0.03392499 0.02064642 0.85098039 0.73725490 0.68627451
v 0.07339045 0.03333480 0.03311183 0.87058824 0.79607843 0.76862745
v 0.07741848 0.03374500 0.02950821 0.86274510 0.77254902 0.74117647
v 0.09090318 0.02227980 0.01241709 0.87058824 0.74901961 0.69803922
v 0.09005610 0.02005550 0.01041432 0.86666667 0.75294118 0.70588235
v 0.08988591 0.02571334 0.01288761 0.85882353 0.73725490 0.68235294
v 0.09074146 0.02020659 0.01190420 0.87843137 0.76862745 0.71764706
v 0.09119801 0.02107417 0.01247525 0.87058824 0.74901961 0.69803922
v 0.08963589 0.02439118 0.01261615 0.85882353 0.74901961 0.69019608
v 0.08973251 0.02413281 0.01269297 0.85882353 0.74509804 0.68627451
v 0.09007217 0.03310944 0.01653890 0.82352941 0.70588235 0.66666667
v 0.09009996 0.02333669 0.01239780 0.85882353 0.75294118 0.68627451
v 0.08947859 0.01987788 0.00859927 0.87058824 0.76078431 0.70980392
v 0.08803911 0.01868364 0.00462728 0.89411765 0.76078431 0.71764706
v 0.08693507 0.04405023 0.02357130 0.82745098 0.72156863 0.67843137
v 0.10205925 0.04433679 -0.01004086 0.80392157 0.70588235 0.65098039
v 0.10310175 0.03905830 -0.01398248 0.83529412 0.71764706 0.66666667
v 0.10182384 0.00258771 -0.00442285 0.86666667 0.76078431 0.76470588
v 0.10276042 0.00352944 -0.00798257 0.85882353 0.76078431 0.76470588
v 0.08462530 0.03794907 0.02510431 0.86274510 0.74509804 0.70980392
v 0.08747038 0.06407940 0.01464851 0.73725490 0.63137255 0.60000000
v 0.06697235 0.11115468 -0.02830718 0.70588235 0.61960784 0.58823529
v 0.08768293 0.05675603 0.01797796 0.76078431 0.62745098 0.59607843
v 0.09698513 0.04952510 0.00550576 0.77647059 0.69019608 0.65490196
v 0.07161022 0.10611939 -0.02051613 0.70588235 0.61960784 0.58823529
v 0.10020036 0.04826281 -0.00362771 0.80392157 0.73333333 0.67843137
v 0.10299918 0.00882173 -0.01678323 0.84705882 0.72549020 0.69411765
v 0.07461530 0.04958946 0.03184548 0.82745098 0.73333333 0.69019608
v 0.10286826 0.01459752 -0.01984969 0.85098039 0.76078431 0.69019608
v 0.08137915 0.04991097 0.02727375 0.80392157 0.68627451 0.64313725
v 0.03267688 0.12412060 -0.08048424 0.74117647 0.65490196 0.63137255
v 0.07888100 0.03040907 0.02536884 0.88235294 0.76078431 0.72941176
v 0.09608389 0.00314756 0.00500282 0.88627451 0.77647059 0.77254902
v 0.09799930 0.00284808 0.00241916 0.88235294 0.77254902 0.77647059
v 0.04172467 0.12345653 -0.07270131 0.74117647 0.65490196 0.63137255
v 0.10322219 0.00646242 -0.01442956 0.83921569 0.73725490 0.71764706
v 0.08494072 0.08166674 0.00442893 0.70588235 0.65098039 0.61960784
v 0.07433257 0.02348797 0.02554701 0.91764706 0.80392157 0.74901961
v 0.07607014 0.02639305 0.02490488 0.90980392 0.78039216 0.72549020
v 0.08215107 0.08846524 -0.00135711 0.70588235 0.65098039 0.61960784
v 0.07894827 0.09485868 -0.00752366 0.70196078 0.63921569 0.60784314
v 0.06198249 0.11573610 -0.03763317 0.69411765 0.60392157 0.57254902
v 0.08306850 0.00609780 0.01610478 0.91764706 0.80392157 0.76862745
v 0.10363533 0.03282710 -0.01720349 0.83921569 0.70980392 0.64313725
v 0.10372319 0.02624837 -0.01885776 0.86274510 0.73725490 0.65882353
v 0.04920947 0.12228489 -0.06102444 0.74901961 0.65490196 0.63529412
v 0.09100963 0.00394868 0.01045826 0.89411765 0.77647059 0.76470588
v 0.10329282 0.02039066 -0.01991785 0.84705882 0.74901961 0.67058824
v 0.01848670 0.12628555 -0.08151537 0.74117647 0.65490196 0.63137255
v 0.10325871 0.00466071 -0.01140106 0.84705882 0.74901961 0.73725490
v 0.09307718 0.05014511 0.01350284 0.79607843 0.69411765 0.65882353
v 0.09376900 0.00347092 0.00775614 0.89019608 0.78431373 0.78039216
v 0.07348438 0.02030375 0.02527772 0.94117647 0.81176471 0.74117647
v 0.07909453 0.00821905 0.01873013 0.92941176 0.83137255 0.78431373
v 0.07625733 0.01097332 0.02080850 0.93725490 0.80784314 0.76470588
v 0.07548839 0.10067870 -0.01369798 0.70196078 0.63921569 0.60784314
v 0.07457921 0.01371308 0.02268154 0.92941176 0.78039216 0.72156863
v 0.07347281 0.01694284 0.02457006 0.92549020 0.77254902 0.70196078
v 0.08706333 0.00472477 0.01361218 0.89411765 0.78039216 0.75686275
v 0.08695264 0.07280342 0.01035641 0.70980392 0.63529412 0.60392157
v 0.05584578 0.11950069 -0.04868671 0.71372549 0.61960784 0.59215686
v 0.09999751 0.00263673 -0.00082426 0.88235294 0.76862745 0.77647059
v 0.07397829 0.01529766 0.02381805 0.93333333 0.78039216 0.70980392
v 0.08194139 0.03397631 0.02546233 0.85882353 0.75686275 0.70980392
v 0.08781318 0.05007982 0.02110160 0.80784314 0.69411765 0.65098039
v 0.09043740 -0.04464964 0.01945422 0.91372549 0.81176471 0.82352941
v 0.09072547 -0.04721739 0.01733308 0.90196078 0.79215686 0.79607843
v 0.08973096 -0.05393060 0.01538982 0.90980392 0.79215686 0.80784314
v 0.08735485 -0.03865443 0.02775468 0.89411765 0.82352941 0.84313725
v 0.08931294 -0.04170606 0.02290562 0.90980392 0.81568627 0.83529412
v 0.08496998 -0.06398834 0.02437476 0.78823529 0.65490196 0.61568627
v 0.09053010 -0.04951314 0.01617151 0.90196078 0.77254902 0.78431373
v 0.08192586 -0.06626497 0.02956432 0.86666667 0.74117647 0.70980392
v 0.09044640 -0.05157554 0.01524150 0.90980392 0.78039216 0.78823529
v 0.07778058 -0.06743728 0.03409997 0.96470588 0.86274510 0.85098039
v 0.08152606 -0.03484365 0.03774663 0.79607843 0.50980392 0.58823529
v 0.07784328 -0.03448746 0.04152541 0.86274510 0.56862745 0.63137255
v 0.08460740 -0.03628971 0.03299139 0.85882353 0.65490196 0.71372549
v 0.08857201 -0.05712812 0.01671340 0.90588235 0.78039216 0.78823529
v 0.08704586 -0.06091686 0.01953414 0.77254902 0.61568627 0.62745098
v 0.08547095 0.01760640 0.00007588 0.86666667 0.77647059 0.72941176
v 0.02962623 0.01727168 0.03135355 0.82352941 0.71764706 0.67843137
v 0.09001959 0.01630026 0.01168584 0.90980392 0.79215686 0.73725490
v 0.08842410 0.01631582 0.01205490 0.91372549 0.79607843 0.74117647
v 0.08678510 0.01634284 0.01210270 0.89803922 0.76078431 0.71372549
v 0.08523409 0.01637878 0.01183748 0.88627451 0.75686275 0.70196078
v 0.09005290 0.01661904 0.01168137 0.90196078 0.79215686 0.74509804
v 0.08848654 0.01694214 0.01204513 0.89803922 0.78431373 0.72941176
v 0.08687606 0.01725128 0.01208850 0.89803922 0.77254902 0.72156863
v 0.08535039 0.01752360 0.01182029 0.87843137 0.76470588 0.70980392
v 0.09013730 0.01692685 0.01164513 0.90196078 0.79215686 0.74509804
v 0.08865402 0.01754345 0.01197504 0.89019608 0.77647059 0.71764706
v 0.08711873 0.01812496 0.01198830 0.89411765 0.76078431 0.70980392
v 0.08565462 0.01862416 0.01169287 0.88235294 0.76078431 0.71372549
v 0.09027177 0.01720962 0.01157949 0.90196078 0.79215686 0.74509804
v 0.08891807 0.01809871 0.01184520 0.89019608 0.78431373 0.72941176
v 0.08750239 0.01893032 0.01180106 0.89019608 0.76862745 0.71372549
v 0.08613846 0.01964010 0.01145809 0.87450980 0.75294118 0.69803922
v 0.09045258 0.01745701 0.01148706 0.90196078 0.79215686 0.74509804
v 0.08927140 0.01858453 0.01166420 0.89019608 0.78039216 0.73333333
v 0.08801311 0.01963656 0.01153627 0.88235294 0.76470588 0.71372549
v 0.08678136 0.02053212 0.01112408 0.87843137 0.75294118 0.69411765
v 0.09066898 0.01766136 0.01137016 0.89803922 0.79215686 0.74509804
v 0.08969635 0.01898403 0.01143443 0.88235294 0.77647059 0.72941176
v 0.08863187 0.02021638 0.01120394 0.87058824 0.75686275 0.70196078
v 0.08756300 0.02126352 0.01070709 0.87058824 0.75686275 0.70196078
v 0.09091528 0.01781251 0.01123420 0.89803922 0.79215686 0.74509804
v 0.09018072 0.01928120 0.01116813 0.87843137 0.76470588 0.71764706
v 0.08933511 0.02064792 0.01081768 0.87058824 0.75686275 0.70196078
v 0.08844996 0.02180852 0.01021988 0.87058824 0.75686275 0.70196078
v 0.09118198 0.01790629 0.01108321 0.89803922 0.79215686 0.74509804
v 0.09070183 0.01946480 0.01087283 0.87843137 0.76862745 0.71764706
v 0.09009364 0.02091484 0.01039019 0.86666667 0.75294118 0.70588235
v 0.08940789 0.02214477 0.00968344 0.86666667 0.75294118 0.70588235
v 0.09145829 0.01793792 0.01092611 0.89803922 0.78039216 0.72156863
v 0.09124483 0.01952694 0.01056410 0.87450980 0.76862745 0.71372549
v 0.09088154 0.02100574 0.00994118 0.87058824 0.76078431 0.70980392
v 0.09040111 0.02226074 0.00911618 0.87058824 0.76078431 0.70980392
v 0.09173295 0.01790729 0.01076579 0.89803922 0.78039216 0.72156863
v 0.09178399 0.01946643 0.01024844 0.88235294 0.76470588 0.72156863
v 0.09166490 0.02091748 0.00948459 0.86666667 0.75686275 0.71372549
v 0.09139059 0.02214870 0.00854068 0.86274510 0.74901961 0.70588235
v 0.09199762 0.01781436 0.01060999 0.89803922 0.78039216 0.72156863
v 0.09230165 0.01928486 0.00994431 0.89411765 0.77647059 0.72941176
v 0.09241531 0.02065333 0.00904052 0.86274510 0.74901961 0.70588235
v 0.09233502 0.02181638 0.00797924 0.87058824 0.74901961 0.69803922
v 0.09223879 0.01766414 0.01046351 0.91764706 0.77254902 0.71764706
v 0.09277537 0.01898943 0.00965659 0.89411765 0.76078431 0.71764706
v 0.09310319 0.02022438 0.00862391 0.88627451 0.74509804 0.69411765
v 0.09320283 0.02127371 0.00745370 0.88235294 0.76862745 0.71372549
v 0.09244927 0.01746057 0.01033386 0.91764706 0.77254902 0.71764706
v 0.09318904 0.01859120 0.00940232 0.90588235 0.77647059 0.71764706
v 0.09370299 0.01964616 0.00825265 0.90196078 0.77254902 0.72156863
v 0.09395853 0.02054362 0.00698324 0.89411765 0.78039216 0.72549020
v 0.09262148 0.01721376 0.01022350 0.91764706 0.77254902 0.71764706
v 0.09352499 0.01810649 0.00918617 0.90588235 0.77647059 0.71764706
v 0.09419136 0.01894064 0.00794029 0.90196078 0.77254902 0.72156863
v 0.09457408 0.01965295 0.00659030 0.89803922 0.79607843 0.74509804
v 0.09274694 0.01693157 0.01013915 0.92549020 0.78039216 0.72156863
v 0.09377246 0.01755206 0.00902098 0.91372549 0.80000000 0.74901961
v 0.09454955 0.01813615 0.00769958 0.91372549 0.80000000 0.74901961
v 0.09502446 0.01863801 0.00628548 0.90588235 0.80392157 0.75294118
v 0.09282290 0.01662423 0.01008231 0.92549020 0.78039216 0.72156863
v 0.09391999 0.01695133 0.00890906 0.91372549 0.81568627 0.75686275
v 0.09476327 0.01726302 0.00753788 0.90196078 0.80000000 0.74901961
v 0.09529249 0.01753788 0.00608268 0.90196078 0.80392157 0.74901961
v 0.09284459 0.01630566 0.01005661 0.92549020 0.78039216 0.72156863
v 0.09396283 0.01632501 0.00885908 0.91372549 0.81568627 0.75686275
v 0.09482562 0.01635438 0.00746459 0.90588235 0.81176471 0.75686275
v 0.09536813 0.01639241 0.00598676 0.90196078 0.80000000 0.74117647
v 0.09281290 0.01598690 0.01006178 0.92549020 0.78823529 0.73725490
v 0.09390019 0.01569832 0.00886961 0.91372549 0.81568627 0.75686275
v 0.09473395 0.01544505 0.00748035 0.91372549 0.81176471 0.74901961
v 0.09525254 0.01524691 0.00600856 0.90980392 0.81568627 0.76078431
v 0.09272790 0.01567891 0.01009981 0.92549020 0.78823529 0.73725490
v 0.09373476 0.01509667 0.00894421 0.92156863 0.80392157 0.75294118
v 0.09449323 0.01457068 0.00758695 0.92156863 0.82352941 0.76078431
v 0.09494748 0.01414566 0.00613982 0.91372549 0.81176471 0.76862745
v 0.09259422 0.01539576 0.01016701 0.92549020 0.78823529 0.73725490
v 0.09347066 0.01454101 0.00907485 0.92156863 0.81176471 0.75686275
v 0.09410977 0.01376509 0.00777670 0.92549020 0.83137255 0.78431373
v 0.09446429 0.01312876 0.00637963 0.92156863 0.80000000 0.76470588
v 0.09241413 0.01514804 0.01026145 0.91764706 0.80000000 0.74901961
v 0.09311906 0.01405475 0.00926002 0.92156863 0.81176471 0.75686275
v 0.09359790 0.01305884 0.00804313 0.92549020 0.83137255 0.78431373
v 0.09382085 0.01223579 0.00671587 0.91764706 0.80784314 0.77254902
v 0.09219778 0.01494308 0.01037878 0.91764706 0.80000000 0.74901961
v 0.09269336 0.01365420 0.00948915 0.92549020 0.80784314 0.75294118
v 0.09297998 0.01247831 0.00837732 0.91764706 0.81568627 0.76470588
v 0.09304424 0.01150302 0.00714092 0.90980392 0.80784314 0.77254902
v 0.09195118 0.01479195 0.01051468 0.91764706 0.80000000 0.74901961
v 0.09221008 0.01335622 0.00975741 0.92549020 0.81176471 0.76862745
v 0.09227950 0.01204520 0.00876641 0.92549020 0.81176471 0.76470588
v 0.09215991 0.01095799 0.00763059 0.91764706 0.81176471 0.77254902
v 0.09168413 0.01469750 0.01066531 0.91764706 0.80000000 0.74901961
v 0.09168746 0.01317187 0.01005038 0.92549020 0.81176471 0.76862745
v 0.09152071 0.01177760 0.00919267 0.92549020 0.81176471 0.76862745
v 0.09120453 0.01062456 0.00816746 0.91372549 0.78039216 0.74117647
v 0.09140821 0.01466611 0.01082295 0.91372549 0.79607843 0.74509804
v 0.09114582 0.01310961 0.01036088 0.92941176 0.80784314 0.76862745
v 0.09073463 0.01168575 0.00964265 0.92941176 0.80784314 0.76862745
v 0.09021167 0.01051361 0.00872996 0.91764706 0.78431373 0.74901961
v 0.09113301 0.01469657 0.01098219 0.91372549 0.79607843 0.74509804
v 0.09060465 0.01317027 0.01067269 0.92156863 0.78823529 0.74509804
v 0.08994941 0.01177555 0.01009518 0.92156863 0.79607843 0.75294118
v 0.08922455 0.01062840 0.00930287 0.92156863 0.80392157 0.75686275
v 0.09086861 0.01478997 0.01113794 0.90980392 0.78823529 0.74117647
v 0.09008864 0.01335308 0.01097801 0.92156863 0.78823529 0.74509804
v 0.08919968 0.01204086 0.01053844 0.92549020 0.79607843 0.74509804
v 0.08827953 0.01096037 0.00986101 0.92156863 0.79607843 0.75294118
v 0.09062679 0.01494049 0.01128295 0.90588235 0.79215686 0.73725490
v 0.08961309 0.01364992 0.01126125 0.92549020 0.79607843 0.74509804
v 0.08851139 0.01247281 0.01095134 0.91764706 0.78431373 0.73333333
v 0.08741227 0.01150107 0.01038634 0.90588235 0.78039216 0.73333333
v 0.09041645 0.01514451 0.01141237 0.90588235 0.79215686 0.73725490
v 0.08920079 0.01404879 0.01151621 0.91372549 0.78431373 0.73725490
v 0.08791138 0.01305271 0.01131924 0.90588235 0.78039216 0.73333333
v 0.08665447 0.01223253 0.01084989 0.90588235 0.77254902 0.72156863
v 0.09024370 0.01539175 0.01152076 0.90588235 0.79215686 0.73725490
v 0.08886294 0.01453465 0.01172759 0.91372549 0.77647059 0.72156863
v 0.08742318 0.01375847 0.01162822 0.90980392 0.77647059 0.72941176
v 0.08604016 0.01312248 0.01124167 0.90196078 0.77647059 0.72156863
v 0.09151135 0.01629700 0.01101075 0.90588235 0.79215686 0.73333333
v 0.09011796 0.01567412 0.01160479 0.90980392 0.79215686 0.73725490
v 0.08861643 0.01508888 0.01189462 0.91372549 0.77647059 0.72156863
v 0.08706486 0.01456268 0.01186910 0.90980392 0.76862745 0.71764706
v 0.08558728 0.01413578 0.01154282 0.90588235 0.76470588 0.70588235
v 0.09004294 0.01598154 0.01166057 0.90980392 0.79215686 0.73725490
v 0.08846743 0.01568983 0.01200379 0.91372549 0.79607843 0.74117647
v 0.08684862 0.01543527 0.01202725 0.89803922 0.76078431 0.71372549
v 0.08531636 0.01523466 0.01174480 0.89019608 0.75294118 0.69803922
v 0.08378002 0.01640838 0.01168375 0.89411765 0.78823529 0.73725490
v 0.08147204 0.01645808 0.01133554 0.89019608 0.78039216 0.72549020
v 0.07917066 0.01652591 0.01046712 0.89019608 0.78039216 0.72549020
v 0.07707910 0.01661014 0.00916949 0.89019608 0.78039216 0.72549020
v 0.07528104 0.01670153 0.00748633 0.89019608 0.78039216 0.72549020
v 0.07384014 0.01679894 0.00548367 0.89019608 0.78039216 0.72549020
v 0.07384014 0.01679894 0.00548367 0.89019608 0.78039216 0.72549020
v 0.07282525 0.01689397 0.00324563 0.89019608 0.78039216 0.72549020
v 0.07225260 0.01697871 0.00085840 0.89019608 0.78039216 0.72549020
v 0.07216592 0.01706189 -0.00160004 0.89019608 0.78039216 0.72549020
v 0.07256085 0.01713597 -0.00402710 0.89019608 0.78039216 0.72549020
v 0.07342020 0.01719797 -0.00632989 0.89019608 0.78039216 0.72549020
v 0.07471283 0.01724523 -0.00841985 0.89019608 0.78039216 0.72549020
v 0.07638799 0.01727592 -0.01021495 0.87058824 0.78431373 0.73725490
v 0.08391857 0.01778414 0.01166353 0.87450980 0.76470588 0.70588235
v 0.08164484 0.01819192 0.01131072 0.88627451 0.78823529 0.73333333
v 0.07937504 0.01856487 0.01043758 0.89019608 0.78039216 0.72549020
v 0.07730774 0.01887459 0.00913484 0.89019608 0.78039216 0.72549020
v 0.07552358 0.01910548 0.00745037 0.89019608 0.78039216 0.72549020
v 0.07409348 0.01924804 0.00545130 0.89019608 0.78039216 0.72549020
v 0.07409348 0.01924804 0.00545130 0.89019608 0.78039216 0.72549020
v 0.07307070 0.01929604 0.00321285 0.89019608 0.78039216 0.72549020
v 0.07249658 0.01924867 0.00082196 0.89019608 0.78039216 0.72549020
v 0.07237375 0.01909801 -0.00163086 0.89019608 0.78039216 0.72549020
v 0.07273708 0.01886685 -0.00405325 0.89019608 0.78039216 0.72549020
v 0.07355911 0.01855860 -0.00635067 0.89019608 0.78039216 0.72549020
v 0.07480753 0.01818238 -0.00843332 0.89019608 0.78039216 0.72549020
v 0.07643681 0.01775352 -0.01022210 0.87058824 0.78431373 0.73725490
v 0.08428557 0.01910780 0.01150959 0.87450980 0.75686275 0.70588235
v 0.08210636 0.01986004 0.01111782 0.87450980 0.76078431 0.70980392
v 0.07991888 0.02052611 0.01021045 0.88627451 0.78823529 0.73333333
v 0.07791326 0.02105179 0.00888007 0.89019608 0.78039216 0.72549020
v 0.07616805 0.02141605 0.00718143 0.89019608 0.78039216 0.72549020
v 0.07475127 0.02160271 0.00517718 0.89019608 0.78039216 0.72549020
v 0.07475127 0.02160271 0.00517718 0.89019608 0.78039216 0.72549020
v 0.07371674 0.02160374 0.00294308 0.89019608 0.78039216 0.72549020
v 0.07310539 0.02142059 0.00056704 0.89019608 0.78039216 0.72549020
v 0.07291979 0.02105611 -0.00186076 0.89019608 0.78039216 0.72549020
v 0.07320106 0.02053295 -0.00424855 0.89019608 0.78039216 0.72549020
v 0.07392335 0.01986647 -0.00650420 0.89019608 0.78039216 0.72549020
v 0.07505909 0.01908378 -0.00853970 0.89019608 0.78039216 0.72549020
v 0.07656489 0.01821326 -0.01027625 0.87058824 0.78431373 0.73725490
v 0.08486409 0.02032977 0.01122668 0.87058824 0.76078431 0.70980392
v 0.08283763 0.02139853 0.01076103 0.87450980 0.75686275 0.70588235
v 0.08078334 0.02233355 0.00979036 0.87058824 0.75686275 0.70588235
v 0.07887430 0.02305847 0.00841361 0.87450980 0.76078431 0.70980392
v 0.07718854 0.02354375 0.00668536 0.89019608 0.78039216 0.72549020
v 0.07579169 0.02377106 0.00467113 0.89019608 0.78039216 0.72549020
v 0.07579169 0.02377106 0.00467113 0.89019608 0.78039216 0.72549020
v 0.07473715 0.02373005 0.00244702 0.89019608 0.78039216 0.72549020
v 0.07406621 0.02342283 0.00009984 0.89019608 0.78039216 0.72549020
v 0.07378289 0.02286132 -0.00228117 0.89019608 0.78039216 0.72549020
v 0.07393495 0.02206818 -0.00460576 0.89019608 0.78039216 0.72549020
v 0.07450014 0.02107335 -0.00678488 0.89019608 0.78039216 0.72549020
v 0.07545625 0.01991412 -0.00873290 0.89019608 0.78039216 0.72549020
v 0.07676713 0.01863696 -0.01037453 0.87058824 0.78431373 0.73725490
v 0.08563793 0.02140031 0.01082589 0.87450980 0.75294118 0.69803922
v 0.08381537 0.02274859 0.01025441 0.87450980 0.75686275 0.70588235
v 0.08193444 0.02391735 0.00919540 0.87450980 0.75686275 0.70588235
v 0.08015186 0.02481812 0.00775258 0.87450980 0.75686275 0.70588235
v 0.07854481 0.02541118 0.00598349 0.87058824 0.75686275 0.70588235
v 0.07717367 0.02567349 0.00395452 0.87450980 0.76078431 0.70980392
v 0.07717367 0.02567349 0.00395452 0.87450980 0.76078431 0.70980392
v 0.07609220 0.02559499 0.00174368 0.89019608 0.78039216 0.72549020
v 0.07534173 0.02517751 -0.00056366 0.89019608 0.78039216 0.72549020
v 0.07493046 0.02444443 -0.00287604 0.89019608 0.78039216 0.72549020
v 0.07491118 0.02341434 -0.00511202 0.89019608 0.78039216 0.72549020
v 0.07526661 0.02213111 -0.00718227 0.89019608 0.78039216 0.72549020
v 0.07598414 0.02064342 -0.00900658 0.87058824 0.78431373 0.73725490
v 0.07703673 0.01900766 -0.01051452 0.87058824 0.78431373 0.73725490
v 0.08657195 0.02227914 0.01032251 0.87843137 0.75294118 0.69803922
v 0.08499940 0.02385433 0.00962079 0.87843137 0.75294118 0.69411765
v 0.08332931 0.02521738 0.00844820 0.87450980 0.75294118 0.69803922
v 0.08169699 0.02626238 0.00692158 0.87450980 0.75686275 0.70588235
v 0.08018353 0.02694409 0.00510065 0.87450980 0.75686275 0.70588235
v 0.07884327 0.02723598 0.00305417 0.87450980 0.75686275 0.70588235
v 0.07884327 0.02723598 0.00305417 0.87450980 0.75686275 0.70588235
v 0.07772960 0.02712663 0.00086053 0.87450980 0.75686275 0.70588235
v 0.07688381 0.02661989 -0.00139484 0.87450980 0.75686275 0.70588235
v 0.07633913 0.02573639 -0.00362705 0.89019608 0.78039216 0.72549020
v 0.07609122 0.02451997 -0.00574695 0.89019608 0.78039216 0.72549020
v 0.07619360 0.02299958 -0.00768114 0.87058824 0.78431373 0.73725490
v 0.07662337 0.02124148 -0.00935050 0.87058824 0.78431373 0.73725490
v 0.07736173 0.01931319 -0.01068917 0.87058824 0.78431373 0.73725490
v 0.08763912 0.02293358 0.00973888 0.87058824 0.75686275 0.70196078
v 0.08634147 0.02467320 0.00887931 0.87058824 0.75686275 0.70196078
v 0.08490556 0.02618472 0.00757663 0.87058824 0.75686275 0.70196078
v 0.08344717 0.02733624 0.00595213 0.87058824 0.75686275 0.70196078
v 0.08204013 0.02808409 0.00407205 0.87843137 0.75294118 0.69411765
v 0.08073784 0.02839824 0.00200532 0.87843137 0.75294118 0.69411765
v 0.08073784 0.02839824 0.00200532 0.87843137 0.75294118 0.69411765
v 0.07958685 0.02826621 -0.00016669 0.87450980 0.75686275 0.70588235
v 0.07863317 0.02769284 -0.00236318 0.87450980 0.75686275 0.70588235
v 0.07791118 0.02670040 -0.00449906 0.87450980 0.75686275 0.70588235
v 0.07742990 0.02534197 -0.00648631 0.87058824 0.78431373 0.73725490
v 0.07724604 0.02364554 -0.00826237 0.87058824 0.78431373 0.73725490
v 0.07734733 0.02168623 -0.00975054 0.87058824 0.78431373 0.73725490
v 0.07773110 0.01953961 -0.01089337 0.87058824 0.78431373 0.73725490
v 0.08879746 0.02334002 0.00909708 0.86666667 0.75294118 0.70588235
v 0.08778523 0.02517815 0.00805835 0.86666667 0.75294118 0.70588235
v 0.08660239 0.02677619 0.00661022 0.86666667 0.75294118 0.70588235
v 0.08533655 0.02799717 0.00488281 0.86666667 0.75294118 0.70588235
v 0.08404681 0.02878644 0.00293732 0.86666667 0.75294118 0.70588235
v 0.08278265 0.02911390 0.00084913 0.86666667 0.75294118 0.70588235
v 0.08278265 0.02911390 0.00084913 0.86666667 0.75294118 0.70588235
v 0.08159328 0.02896877 -0.00130074 0.86666667 0.75294118 0.70588235
v 0.08052349 0.02835526 -0.00343050 0.87058824 0.76078431 0.70980392
v 0.07961214 0.02729720 -0.00545901 0.87058824 0.78431373 0.73725490
v 0.07887729 0.02584914 -0.00730223 0.87058824 0.78431373 0.73725490
v 0.07838202 0.02404384 -0.00890266 0.87058824 0.78431373 0.73725490
v 0.07813036 0.02196148 -0.01019157 0.87058824 0.78431373 0.73725490
v 0.07813047 0.01967975 -0.01111833 0.87058824 0.78431373 0.73725490
v 0.08999035 0.02348051 0.00841393 0.87058824 0.76078431 0.70980392
v 0.08928727 0.02535207 0.00720106 0.86666667 0.75686275 0.71372549
v 0.08835761 0.02697456 0.00559413 0.85882353 0.76078431 0.70196078
v 0.08729298 0.02822047 0.00375615 0.85882353 0.75294118 0.69803922
v 0.08612609 0.02902403 0.00174306 0.86274510 0.76078431 0.69803922
v 0.08489946 0.02935906 -0.00037074 0.87843137 0.76862745 0.70588235
v 0.08489946 0.02935906 -0.00037074 0.87843137 0.76862745 0.70588235
v 0.08367218 0.02920695 -0.00249503 0.87450980 0.76078431 0.70196078
v 0.08248161 0.02858057 -0.00455485 0.87058824 0.78431373 0.73725490
v 0.08137450 0.02750115 -0.00647119 0.87058824 0.78431373 0.73725490
v 0.08039491 0.02601095 -0.00816825 0.87058824 0.78431373 0.73725490
v 0.07955990 0.02418032 -0.00957860 0.87058824 0.78431373 0.73725490
v 0.07894138 0.02205525 -0.01065710 0.87058824 0.78431373 0.73725490
v 0.07854389 0.01972762 -0.01135551 0.87058824 0.78431373 0.73725490
v 0.09118249 0.02334563 0.00772333 0.86274510 0.74901961 0.70588235
v 0.09078087 0.02518879 0.00632972 0.87058824 0.74901961 0.69803922
v 0.09011427 0.02678697 0.00457099 0.86666667 0.76078431 0.69411765
v 0.08924370 0.02799951 0.00261535 0.87843137 0.76862745 0.70588235
v 0.08819728 0.02879048 0.00053259 0.87450980 0.76078431 0.70196078
v 0.08701581 0.02911786 -0.00160130 0.86666667 0.76862745 0.71372549
v 0.08701581 0.02911786 -0.00160130 0.86666667 0.76862745 0.71372549
v 0.08574402 0.02897325 -0.00370385 0.87843137 0.76862745 0.70980392
v 0.08443257 0.02836028 -0.00569339 0.87058824 0.78431373 0.73725490
v 0.08313106 0.02730296 -0.00749581 0.87058824 0.78431373 0.73725490
v 0.08188814 0.02584250 -0.00903940 0.87058824 0.78431373 0.73725490
v 0.08073356 0.02404780 -0.01026364 0.87058824 0.78431373 0.73725490
v 0.07974970 0.02196429 -0.01112877 0.87058824 0.78431373 0.73725490
v 0.07895571 0.01968119 -0.01159585 0.87058824 0.78431373 0.73725490
v 0.09231860 0.02294699 0.00704714 0.87058824 0.74901961 0.69803922
v 0.09221801 0.02468960 0.00548265 0.88235294 0.76862745 0.71372549
v 0.09180170 0.02620545 0.00357866 0.87450980 0.76470588 0.70980392
v 0.09111571 0.02734401 0.00150539 0.85882353 0.76078431 0.70980392
v 0.09018400 0.02809294 -0.00064526 0.87058824 0.76862745 0.70980392
v 0.08904158 0.02840673 -0.00280139 0.87450980 0.75294118 0.69803922
v 0.08904158 0.02840673 -0.00280139 0.87450980 0.75294118 0.69803922
v 0.08773029 0.02827522 -0.00488116 0.86666667 0.76470588 0.70588235
v 0.08630249 0.02770246 -0.00680277 0.87058824 0.78431373 0.73725490
v 0.08481334 0.02671125 -0.00849448 0.87058824 0.78431373 0.73725490
v 0.08331949 0.02533999 -0.00988917 0.87058824 0.78431373 0.73725490
v 0.08187732 0.02364113 -0.01093408 0.87058824 0.78431373 0.73725490
v 0.08052330 0.02169181 -0.01158890 0.87058824 0.78431373 0.73725490
v 0.07935023 0.01954246 -0.01183050 0.87058824 0.78431373 0.73725490
v 0.09336121 0.02228971 0.00641251 0.89411765 0.78039216 0.72549020
v 0.09353457 0.02386726 0.00468961 0.89019608 0.79215686 0.74509804
v 0.09335196 0.02523776 0.00264759 0.87450980 0.76862745 0.71764706
v 0.09283668 0.02627805 0.00047210 0.87843137 0.77254902 0.72156863
v 0.09200729 0.02695801 -0.00174423 0.87058824 0.76470588 0.70980392
v 0.09089905 0.02724925 -0.00392375 0.86666667 0.76470588 0.70588235
v 0.09089905 0.02724925 -0.00392375 0.86666667 0.76470588 0.70588235
v 0.08955093 0.02713957 -0.00598205 0.87058824 0.76470588 0.70588235
v 0.08801813 0.02663281 -0.00784050 0.87058824 0.78431373 0.73725490
v 0.08635673 0.02574915 -0.00942845 0.87058824 0.78431373 0.73725490
v 0.08463216 0.02452235 -0.01068333 0.87058824 0.78431373 0.73725490
v 0.08290917 0.02299884 -0.01155855 0.87058824 0.78431373 0.73725490
v 0.08123383 0.02124936 -0.01201891 0.87058824 0.78431373 0.73725490
v 0.07971258 0.01931729 -0.01204984 0.87058824 0.78431373 0.73725490
v 0.09426917 0.02141385 0.00584809 0.89019608 0.79215686 0.74509804
v 0.09468447 0.02276078 0.00398494 0.90196078 0.80392157 0.75686275
v 0.09470212 0.02393890 0.00181581 0.88235294 0.77647059 0.71372549
v 0.09433511 0.02483696 -0.00045117 0.87843137 0.77254902 0.70588235
v 0.09359723 0.02542808 -0.00272572 0.87058824 0.75294118 0.69019608
v 0.09251812 0.02568924 -0.00492537 0.86274510 0.76078431 0.69803922
v 0.09251812 0.02568924 -0.00492537 0.86274510 0.76078431 0.69803922
v 0.09113882 0.02561008 -0.00696501 0.85882353 0.75686275 0.69411765
v 0.08951299 0.02519297 -0.00876703 0.87058824 0.78431373 0.73725490
v 0.08770201 0.02445381 -0.01026271 0.87058824 0.78431373 0.73725490
v 0.08577582 0.02342041 -0.01139306 0.87058824 0.78431373 0.73725490
v 0.08380811 0.02213332 -0.01211620 0.87058824 0.78431373 0.73725490
v 0.08187407 0.02064160 -0.01240348 0.87058824 0.78431373 0.73725490
v 0.08002745 0.01901280 -0.01224551 0.87058824 0.78431373 0.73725490
v 0.09500738 0.02034458 0.00537356 0.89019608 0.80000000 0.75686275
v 0.09561321 0.02141404 0.00338630 0.89019608 0.79607843 0.74901961
v 0.09579919 0.02235492 0.00111687 0.89411765 0.78431373 0.72941176
v 0.09555537 0.02307901 -0.00122766 0.88627451 0.76470588 0.71764706
v 0.09489141 0.02356168 -0.00355166 0.86666667 0.74901961 0.68627451
v 0.09383667 0.02378818 -0.00576852 0.85098039 0.74509804 0.67843137
v 0.09383667 0.02378818 -0.00576852 0.85098039 0.74509804 0.67843137
v 0.09243165 0.02374603 -0.00779277 0.85882353 0.76078431 0.69411765
v 0.09072998 0.02343754 -0.00954647 0.87058824 0.78431373 0.73725490
v 0.08879688 0.02287409 -0.01096447 0.87058824 0.78431373 0.73725490
v 0.08670751 0.02207744 -0.01199006 0.87058824 0.78431373 0.73725490
v 0.08453967 0.02107818 -0.01258542 0.87058824 0.78431373 0.73725490
v 0.08237796 0.01991361 -0.01272672 0.87058824 0.78431373 0.73725490
v 0.08028550 0.01864298 -0.01241061 0.87058824 0.78431373 0.73725490
v 0.09554765 0.01912426 0.00500864 0.90980392 0.80392157 0.74901961
v 0.09629529 0.01987725 0.00292340 0.89803922 0.79215686 0.74509804
v 0.09659782 0.02054352 0.00057454 0.89019608 0.77647059 0.72549020
v 0.09644586 0.02106907 -0.00182976 0.87058824 0.78431373 0.73725490
v 0.09583738 0.02143232 -0.00419122 0.87058824 0.77647059 0.72549020
v 0.09480155 0.02161684 -0.00642061 0.86274510 0.76862745 0.72156863
v 0.09480155 0.02161684 -0.00642061 0.86274510 0.76862745 0.72156863
v 0.09337897 0.02161859 -0.00843201 0.85098039 0.75294118 0.72156863
v 0.09162285 0.02143364 -0.01014925 0.85098039 0.74117647 0.70980392
v 0.08960056 0.02107153 -0.01150680 0.85490196 0.72156863 0.68627451
v 0.08739036 0.02054466 -0.01245138 0.87058824 0.74509804 0.70196078
v 0.08507603 0.01987328 -0.01294831 0.87058824 0.78431373 0.73725490
v 0.08274696 0.01908432 -0.01297661 0.87058824 0.78431373 0.73725490
v 0.08047255 0.01822006 -0.01253811 0.87058824 0.78431373 0.73725490
v 0.09586909 0.01780087 0.00476346 0.90588235 0.80784314 0.76078431
v 0.09669944 0.01821141 0.00261443 0.89803922 0.79215686 0.74509804
v 0.09707834 0.01858269 0.00021004 0.88235294 0.76862745 0.72156863
v 0.09698047 0.01888909 -0.00223222 0.87058824 0.78431373 0.73725490
v 0.09640232 0.01912026 -0.00461842 0.86274510 0.76862745 0.72156863
v 0.09537655 0.01926231 -0.00685603 0.85098039 0.75294118 0.72156863
v 0.09537655 0.01926231 -0.00685603 0.85098039 0.75294118 0.72156863
v 0.09394424 0.01930907 -0.00886003 0.85490196 0.73333333 0.70980392
v 0.09215643 0.01925876 -0.01055292 0.87058824 0.74509804 0.70196078
v 0.09008086 0.01911446 -0.01187024 0.86666667 0.73725490 0.69019608
v 0.08779836 0.01887999 -0.01276053 0.86666667 0.73725490 0.69019608
v 0.08539666 0.01856695 -0.01319088 0.87058824 0.74509804 0.70196078
v 0.08296889 0.01818329 -0.01314359 0.87058824 0.78431373 0.73725490
v 0.08058593 0.01776072 -0.01262350 0.87058824 0.78431373 0.73725490
v 0.09595907 0.01642513 0.00464903 0.90196078 0.80000000 0.74901961
v 0.09681451 0.01647804 0.00247317 0.88235294 0.79215686 0.73725490
v 0.09721272 0.01654830 0.00004284 0.88235294 0.77647059 0.72941176
v 0.09712916 0.01662593 -0.00241754 0.87058824 0.78431373 0.73725490
v 0.09656475 0.01671569 -0.00481538 0.85882353 0.74901961 0.70196078
v 0.09554093 0.01681499 -0.00706097 0.85882353 0.73725490 0.71764706
v 0.09554093 0.01681499 -0.00706097 0.85882353 0.73725490 0.71764706
v 0.09410655 0.01690891 -0.00905882 0.87058824 0.74509804 0.70196078
v 0.09231047 0.01699806 -0.01074041 0.87058824 0.74509804 0.70196078
v 0.09022004 0.01707920 -0.01203963 0.85490196 0.72549020 0.68235294
v 0.08791689 0.01714979 -0.01290473 0.85490196 0.72549020 0.68235294
v 0.08549026 0.01720702 -0.01330446 0.87058824 0.74509804 0.70196078
v 0.08303318 0.01724961 -0.01322257 0.87058824 0.78431373 0.73725490
v 0.08061869 0.01728316 -0.01266321 0.87058824 0.78431373 0.73725490
v 0.09581801 0.01504851 0.00467357 0.90196078 0.80000000 0.74901961
v 0.09663147 0.01474892 0.00250093 0.87450980 0.78431373 0.73333333
v 0.09699871 0.01451236 0.00007521 0.87843137 0.78039216 0.73333333
v 0.09689066 0.01436659 -0.00238159 0.87450980 0.76470588 0.72549020
v 0.09631702 0.01431697 -0.00477402 0.85490196 0.73725490 0.72156863
v 0.09529622 0.01436932 -0.00701985 0.87058824 0.75294118 0.73333333
v 0.09529622 0.01436932 -0.00701985 0.87058824 0.75294118 0.73333333
v 0.09386382 0.01450973 -0.00902187 0.87843137 0.75686275 0.70588235
v 0.09208016 0.01473758 -0.01070497 0.87058824 0.74509804 0.69803922
v 0.09001249 0.01504419 -0.01200769 0.85882353 0.73725490 0.69019608
v 0.08774050 0.01541942 -0.01287830 0.85882353 0.73725490 0.69019608
v 0.08535071 0.01584686 -0.01328361 0.87058824 0.74509804 0.69803922
v 0.08291603 0.01632251 -0.01320882 0.87058824 0.78431373 0.73725490
v 0.08056919 0.01680571 -0.01265607 0.87058824 0.78431373 0.73725490
v 0.09545146 0.01372461 0.00483311 0.90196078 0.79607843 0.75294118
v 0.09617327 0.01307904 0.00270103 0.88627451 0.79215686 0.74117647
v 0.09646323 0.01255531 0.00031436 0.87450980 0.78823529 0.74509804
v 0.09629682 0.01219669 -0.00211608 0.87450980 0.76470588 0.72156863
v 0.09568040 0.01201742 -0.00450352 0.86666667 0.73333333 0.70980392
v 0.09464127 0.01201802 -0.00674000 0.87450980 0.74509804 0.71764706
v 0.09464127 0.01201802 -0.00674000 0.87450980 0.74509804 0.71764706
v 0.09322104 0.01220268 -0.00874759 0.86666667 0.74901961 0.71372549
v 0.09147389 0.01256400 -0.01044787 0.86666667 0.74901961 0.71372549
v 0.08946673 0.01308750 -0.01177676 0.86274510 0.74901961 0.70196078
v 0.08727688 0.01375421 -0.01268236 0.85882353 0.73725490 0.69019608
v 0.08498657 0.01454005 -0.01312986 0.85882353 0.73725490 0.69019608
v 0.08266336 0.01542129 -0.01310272 0.87058824 0.78431373 0.73725490
v 0.08044098 0.01634597 -0.01260210 0.87058824 0.78431373 0.73725490
v 0.09487234 0.01250199 0.00511966 0.91764706 0.79215686 0.76078431
v 0.09544411 0.01154092 0.00306337 0.89411765 0.78823529 0.75294118
v 0.09560309 0.01075578 0.00073682 0.87058824 0.78039216 0.74509804
v 0.09533965 0.01020089 -0.00165095 0.88235294 0.78431373 0.76078431
v 0.09466258 0.00989533 -0.00400494 0.86274510 0.74117647 0.71764706
v 0.09360331 0.00985308 -0.00623245 0.86274510 0.72941176 0.70196078
v 0.09360331 0.00985308 -0.00623245 0.86274510 0.72941176 0.70196078
v 0.09220298 0.01007887 -0.00824955 0.87450980 0.74509804 0.70588235
v 0.09051470 0.01056219 -0.00997890 0.85490196 0.72941176 0.69803922
v 0.08860315 0.01128602 -0.01135536 0.86274510 0.74901961 0.70196078
v 0.08654291 0.01222168 -0.01232458 0.86274510 0.74901961 0.70196078
v 0.08440991 0.01333365 -0.01284861 0.87058824 0.74509804 0.69803922
v 0.08226737 0.01459072 -0.01290895 0.87058824 0.78431373 0.73725490
v 0.08023906 0.01592217 -0.01250343 0.87058824 0.78431373 0.73725490
v 0.09410062 0.01143023 0.00552618 0.90588235 0.78039216 0.75294118
v 0.09446649 0.01019550 0.00357412 0.89803922 0.77647059 0.76470588
v 0.09445833 0.00918526 0.00132946 0.88235294 0.78431373 0.75294118
v 0.09406653 0.00845134 -0.00098941 0.89019608 0.78823529 0.76470588
v 0.09331045 0.00803547 -0.00330122 0.86274510 0.76862745 0.74901961
v 0.09222460 0.00795555 -0.00551490 0.86666667 0.78039216 0.75686275
v 0.09222460 0.00795555 -0.00551490 0.86666667 0.78039216 0.75686275
v 0.09084958 0.00821674 -0.00754632 0.84705882 0.75294118 0.72941176
v 0.08923990 0.00880798 -0.00931705 0.85490196 0.73725490 0.70980392
v 0.08745649 0.00970708 -0.01075972 0.85490196 0.72941176 0.69803922
v 0.08556782 0.01087999 -0.01181808 0.86274510 0.74901961 0.70196078
v 0.08362138 0.01228583 -0.01245022 0.87843137 0.75686275 0.70588235
v 0.08173861 0.01386142 -0.01263525 0.87058824 0.78431373 0.73725490
v 0.07996932 0.01555152 -0.01236365 0.87058824 0.78431373 0.73725490
v 0.09316386 0.01055236 0.00603210 0.89803922 0.77647059 0.75294118
v 0.09329176 0.00910566 0.00420563 0.89411765 0.77647059 0.76470588
v 0.09307863 0.00790563 0.00207508 0.89803922 0.76862745 0.74901961
v 0.09252908 0.00701947 -0.00016046 0.89019608 0.76078431 0.74117647
v 0.09167436 0.00650961 -0.00242090 0.88235294 0.78039216 0.76470588
v 0.09055647 0.00639793 -0.00461701 0.87058824 0.75686275 0.74901961
v 0.09055647 0.00639793 -0.00461701 0.87058824 0.75686275 0.74901961
v 0.08921282 0.00668831 -0.00666511 0.87058824 0.77647059 0.76078431
v 0.08769853 0.00736831 -0.00848693 0.84705882 0.74509804 0.72156863
v 0.08606892 0.00841154 -0.01001299 0.87450980 0.74509804 0.70588235
v 0.08438819 0.00977767 -0.01118333 0.86666667 0.74901961 0.71372549
v 0.08269355 0.01141746 -0.01195141 0.87058824 0.78431373 0.73725490
v 0.08109930 0.01326337 -0.01229135 0.87058824 0.78431373 0.73725490
v 0.07964452 0.01524592 -0.01218885 0.87058824 0.78431373 0.73725490
v 0.07838033 0.01728916 -0.01164915 0.87058824 0.78431373 0.73725490
v 0.09210235 0.00990506 0.00661911 0.90588235 0.79215686 0.76862745
v 0.09195884 0.00829979 0.00494286 0.89019608 0.78823529 0.78039216
v 0.09150731 0.00694963 0.00294370 0.89803922 0.78823529 0.78039216
v 0.09077787 0.00595127 0.00080441 0.89019608 0.78039216 0.78039216
v 0.08981693 0.00537443 -0.00139681 0.88627451 0.77254902 0.77647059
v 0.08866259 0.00523980 -0.00357199 0.88235294 0.76862745 0.76078431
v 0.08866259 0.00523980 -0.00357199 0.88235294 0.76862745 0.76078431
v 0.08735596 0.00555191 -0.00564023 0.88235294 0.77647059 0.76470588
v 0.08594860 0.00629793 -0.00752084 0.86666667 0.74117647 0.73333333
v 0.08449470 0.00744870 -0.00914355 0.87450980 0.74509804 0.70588235
v 0.08302453 0.00895709 -0.01044261 0.87058824 0.78431373 0.73725490
v 0.08163995 0.01077139 -0.01137039 0.87058824 0.78431373 0.73725490
v 0.08037477 0.01281879 -0.01189177 0.87058824 0.78431373 0.73725490
v 0.07927467 0.01501963 -0.01198498 0.87058824 0.78431373 0.73725490
v 0.09095381 0.00950910 0.00726161 0.90196078 0.78039216 0.75294118
v 0.09051533 0.00780251 0.00575712 0.89019608 0.79607843 0.78431373
v 0.08980611 0.00635608 0.00390320 0.88235294 0.78823529 0.78039216
v 0.08888695 0.00529117 0.00186994 0.88235294 0.78039216 0.77254902
v 0.08780925 0.00467409 -0.00026604 0.89019608 0.78431373 0.78431373
v 0.08661491 0.00452652 -0.00241968 0.89019608 0.78431373 0.78431373
v 0.08661491 0.00452652 -0.00241968 0.89019608 0.78431373 0.78431373
v 0.08534768 0.00485174 -0.00450993 0.89411765 0.78431373 0.78431373
v 0.08405778 0.00563849 -0.00645577 0.88235294 0.78039216 0.76470588
v 0.08279339 0.00685509 -0.00818500 0.86666667 0.77254902 0.72549020
v 0.08157642 0.00844999 -0.00962706 0.87058824 0.78431373 0.73725490
v 0.08050409 0.01037317 -0.01073026 0.87058824 0.78431373 0.73725490
v 0.07959210 0.01254347 -0.01145035 0.87058824 0.78431373 0.73725490
v 0.07887550 0.01487944 -0.01175983 0.87058824 0.78431373 0.73725490
v 0.08976614 0.00937640 0.00794492 0.90196078 0.78431373 0.76862745
v 0.08901757 0.00763177 0.00661631 0.88627451 0.77254902 0.75686275
v 0.08804205 0.00615167 0.00491442 0.88627451 0.78039216 0.76862745
v 0.08692810 0.00506447 0.00299299 0.89411765 0.78039216 0.76470588
v 0.08573040 0.00443490 0.00092678 0.89019608 0.78039216 0.77254902
v 0.08449116 0.00428349 -0.00120686 0.89019608 0.78039216 0.77254902
v 0.08449116 0.00428349 -0.00120686 0.89019608 0.78039216 0.77254902
v 0.08326859 0.00461416 -0.00331777 0.88627451 0.77647059 0.77254902
v 0.08210012 0.00541445 -0.00533234 0.88235294 0.78039216 0.77254902
v 0.08103170 0.00665586 -0.00717272 0.86666667 0.77254902 0.72549020
v 0.08007839 0.00827680 -0.00876738 0.87058824 0.78431373 0.73725490
v 0.07932639 0.01023665 -0.01005443 0.87058824 0.78431373 0.73725490
v 0.07878073 0.01245084 -0.01098506 0.87058824 0.78431373 0.73725490
v 0.07846194 0.01483162 -0.01152274 0.87058824 0.78431373 0.73725490
v 0.08857974 0.00951163 0.00863146 0.90588235 0.79215686 0.76862745
v 0.08752634 0.00780094 0.00748864 0.89019608 0.77647059 0.75686275
v 0.08628111 0.00634057 0.00593824 0.89411765 0.78039216 0.75686275
v 0.08497512 0.00528007 0.00413092 0.89019608 0.77647059 0.76078431
v 0.08365729 0.00466533 0.00213407 0.89019608 0.77647059 0.76078431
v 0.08238189 0.00451972 0.00002746 0.89019608 0.77647059 0.76078431
v 0.08238189 0.00451972 0.00002746 0.89019608 0.77647059 0.76078431
v 0.08119801 0.00484618 -0.00210872 0.88627451 0.77647059 0.76078431
v 0.08014958 0.00563484 -0.00419365 0.88627451 0.78039216 0.76862745
v 0.07925135 0.00684179 -0.00614910 0.88627451 0.78039216 0.76862745
v 0.07858576 0.00844450 -0.00789598 0.87058824 0.78431373 0.73725490
v 0.07815352 0.01036907 -0.00936947 0.87058824 0.78431373 0.73725490
v 0.07797299 0.01254065 -0.01051309 0.87058824 0.78431373 0.73725490
v 0.07805030 0.01487799 -0.01128218 0.87058824 0.78431373 0.73725490
v 0.08744328 0.00990885 0.00930448 0.89803922 0.78431373 0.75686275
v 0.08609268 0.00829906 0.00833643 0.90588235 0.78431373 0.76470588
v 0.08459534 0.00692489 0.00693558 0.90588235 0.78823529 0.76862745
v 0.08310308 0.00593223 0.00523924 0.90588235 0.78823529 0.76862745
v 0.08167158 0.00535866 0.00331202 0.89803922 0.79215686 0.76862745
v 0.08035929 0.00522698 0.00122835 0.89803922 0.79215686 0.76862745
v 0.08035929 0.00522698 0.00122835 0.89803922 0.79215686 0.76862745
v 0.07921347 0.00554138 -0.00093032 0.90588235 0.78823529 0.76862745
v 0.07828064 0.00629098 -0.00308343 0.89803922 0.78431373 0.72941176
v 0.07756990 0.00743232 -0.00514979 0.89803922 0.78431373 0.72941176
v 0.07715524 0.00894633 -0.00704568 0.89803922 0.78431373 0.72941176
v 0.07703079 0.01076338 -0.00870218 0.87058824 0.78431373 0.73725490
v 0.07719900 0.01281324 -0.01005337 0.87058824 0.78431373 0.73725490
v 0.07765552 0.01501681 -0.01104772 0.87058824 0.78431373 0.73725490
v 0.08639719 0.01055229 0.00993394 0.90196078 0.78431373 0.74509804
v 0.08477360 0.00910306 0.00912995 0.90196078 0.79607843 0.76470588
v 0.08304830 0.00787832 0.00786899 0.90980392 0.81176471 0.77254902
v 0.08138599 0.00699524 0.00627705 0.90588235 0.80392157 0.77254902
v 0.07985085 0.00648916 0.00441350 0.90196078 0.79607843 0.76470588
v 0.07850173 0.00638048 0.00235182 0.89803922 0.78431373 0.72941176
v 0.07850173 0.00638048 0.00235182 0.89803922 0.78431373 0.72941176
v 0.07739229 0.00667352 0.00017023 0.89803922 0.78431373 0.72941176
v 0.07656312 0.00735654 -0.00204692 0.89803922 0.78431373 0.72941176
v 0.07602736 0.00839336 -0.00421457 0.89803922 0.78431373 0.72941176
v 0.07584406 0.00976373 -0.00625036 0.89803922 0.78431373 0.72941176
v 0.07599995 0.01140568 -0.00807691 0.89803922 0.78431373 0.72941176
v 0.07648988 0.01325535 -0.00962308 0.87058824 0.78431373 0.73725490
v 0.07729371 0.01524185 -0.01082812 0.87058824 0.78431373 0.73725490
v 0.08548798 0.01142857 0.01049442 0.90196078 0.78039216 0.72941176
v 0.08362394 0.01019596 0.00983603 0.90588235 0.80000000 0.74901961
v 0.08169876 0.00916608 0.00870032 0.90588235 0.79607843 0.74117647
v 0.07988834 0.00842831 0.00720143 0.89803922 0.78431373 0.72941176
v 0.07826181 0.00801260 0.00539524 0.89803922 0.78431373 0.72941176
v 0.07688247 0.00793480 0.00335300 0.89803922 0.78431373 0.72941176
v 0.07688247 0.00793480 0.00335300 0.89803922 0.78431373 0.72941176
v 0.07580376 0.00819830 0.00115242 0.89803922 0.78431373 0.72941176
v 0.07505070 0.00878560 -0.00111857 0.89803922 0.78431373 0.72941176
v 0.07468311 0.00968816 -0.00337970 0.89803922 0.78431373 0.72941176
v 0.07470100 0.01086529 -0.00554042 0.89803922 0.78431373 0.72941176
v 0.07510175 0.01227090 -0.00751902 0.89019608 0.78039216 0.72549020
v 0.07587057 0.01385122 -0.00923844 0.87058824 0.78431373 0.73725490
v 0.07697886 0.01554633 -0.01063267 0.87058824 0.78431373 0.73725490
v 0.08474815 0.01249540 0.01096632 0.89411765 0.77647059 0.72549020
v 0.08268952 0.01153385 0.01043110 0.90588235 0.79215686 0.74117647
v 0.08060132 0.01073941 0.00940108 0.89803922 0.78431373 0.72941176
v 0.07866901 0.01017752 0.00797997 0.89803922 0.78431373 0.72941176
v 0.07696706 0.00987110 0.00622214 0.89803922 0.78431373 0.72941176
v 0.07556260 0.00983016 0.00419628 0.89803922 0.78431373 0.72941176
v 0.07556260 0.00983016 0.00419628 0.89803922 0.78431373 0.72941176
v 0.07450932 0.01005832 0.00197961 0.89803922 0.78431373 0.72941176
v 0.07384804 0.01054459 -0.00034240 0.89019608 0.78039216 0.72549020
v 0.07358882 0.01126741 -0.00267719 0.89019608 0.78039216 0.72549020
v 0.07377011 0.01220805 -0.00494275 0.89019608 0.78039216 0.72549020
v 0.07437058 0.01332605 -0.00704946 0.89019608 0.78039216 0.72549020
v 0.07536701 0.01457869 -0.00891507 0.89019608 0.78039216 0.72549020
v 0.07672164 0.01591605 -0.01046741 0.87058824 0.78431373 0.73725490
v 0.08420563 0.01371307 0.01133019 0.90196078 0.77647059 0.72941176
v 0.08200487 0.01306387 0.01088989 0.89803922 0.78431373 0.72941176
v 0.07979515 0.01253789 0.00994170 0.89803922 0.78431373 0.72941176
v 0.07777289 0.01217731 0.00858082 0.89803922 0.78431373 0.72941176
v 0.07601598 0.01199395 0.00686079 0.89019608 0.78039216 0.72549020
v 0.07459325 0.01199691 0.00484793 0.89019608 0.78039216 0.72549020
v 0.07459325 0.01199691 0.00484793 0.89019608 0.78039216 0.72549020
v 0.07355942 0.01218266 0.00261965 0.89019608 0.78039216 0.72549020
v 0.07295299 0.01254727 0.00026025 0.89019608 0.78039216 0.72549020
v 0.07278632 0.01307000 -0.00213348 0.89019608 0.78039216 0.72549020
v 0.07308747 0.01374078 -0.00448037 0.89019608 0.78039216 0.72549020
v 0.07383410 0.01453105 -0.00668637 0.89019608 0.78039216 0.72549020
v 0.07499760 0.01540779 -0.00866519 0.89019608 0.78039216 0.72549020
v 0.07653355 0.01633914 -0.01034024 0.87058824 0.78431373 0.73725490
v 0.08387822 0.01503342 0.01157241 0.90196078 0.78039216 0.72941176
v 0.08159319 0.01472718 0.01119395 0.89803922 0.78431373 0.72941176
v 0.07931215 0.01449196 0.01030093 0.89019608 0.78039216 0.72549020
v 0.07723586 0.01434908 0.00898219 0.89019608 0.78039216 0.72549020
v 0.07544574 0.01430076 0.00728705 0.89019608 0.78039216 0.72549020
v 0.07401236 0.01434915 0.00528231 0.89019608 0.78039216 0.72549020
v 0.07401236 0.01434915 0.00528231 0.89019608 0.78039216 0.72549020
v 0.07298994 0.01449169 0.00304677 0.89019608 0.78039216 0.72549020
v 0.07241704 0.01472153 0.00066322 0.89019608 0.78039216 0.72549020
v 0.07230558 0.01502654 -0.00176992 0.89019608 0.78039216 0.72549020
v 0.07267925 0.01540557 -0.00417143 0.89019608 0.78039216 0.72549020
v 0.07351359 0.01583771 -0.00644357 0.89019608 0.78039216 0.72549020
v 0.07477619 0.01630827 -0.00849730 0.89019608 0.78039216 0.72549020
v 0.07642084 0.01679840 -0.01025471 0.87058824 0.78431373 0.73725490
v 0.03440820 0.01630961 0.04277170 0.83921569 0.68235294 0.64705882
v 0.03281263 0.01632443 0.04314435 0.83137255 0.68627451 0.65098039
v 0.03117379 0.01634979 0.04319775 0.83921569 0.68627451 0.65882353
v 0.02962172 0.01638413 0.04293323 0.83137255 0.68627451 0.65882353
v 0.03444060 0.01662832 0.04276520 0.83921569 0.68627451 0.64313725
v 0.03287453 0.01695093 0.04313295 0.83137255 0.69411765 0.65490196
v 0.03126391 0.01725836 0.04318281 0.83529412 0.68235294 0.64313725
v 0.02973676 0.01752915 0.04291940 0.82352941 0.68235294 0.64313725
v 0.03452552 0.01693580 0.04272979 0.83921569 0.68627451 0.64313725
v 0.03304218 0.01755198 0.04306298 0.83137255 0.69803922 0.65490196
v 0.03150639 0.01813205 0.04308098 0.83137255 0.69019608 0.64705882
v 0.03004108 0.01863028 0.04279146 0.82745098 0.70196078 0.65882353
v 0.03465989 0.01721855 0.04266375 0.84313725 0.69019608 0.63921569
v 0.03330613 0.01810741 0.04293285 0.83529412 0.70980392 0.66274510
v 0.03188996 0.01893818 0.04289375 0.82745098 0.70196078 0.66274510
v 0.03052515 0.01964649 0.04255603 0.82745098 0.69411765 0.65490196
v 0.03484033 0.01746585 0.04257103 0.84313725 0.69019608 0.63921569
v 0.03365884 0.01859295 0.04275110 0.83921569 0.70196078 0.64705882
v 0.03240086 0.01964482 0.04262793 0.83529412 0.70196078 0.65882353
v 0.03116879 0.02053941 0.04222177 0.82745098 0.70196078 0.66274510
v 0.03505677 0.01767041 0.04245404 0.84313725 0.69019608 0.63921569
v 0.03408361 0.01899271 0.04252085 0.84313725 0.70196078 0.65882353
v 0.03301902 0.02022479 0.04229436 0.83921569 0.69411765 0.65098039
v 0.03195019 0.02127173 0.04180171 0.83529412 0.70196078 0.65882353
v 0.03530339 0.01782147 0.04231852 0.85490196 0.70196078 0.65490196
v 0.03456789 0.01929000 0.04225477 0.85490196 0.69803922 0.65098039
v 0.03372113 0.02065648 0.04190676 0.85098039 0.70588235 0.66666667
v 0.03283586 0.02181770 0.04131245 0.83921569 0.69411765 0.65098039
v 0.03556991 0.01791564 0.04216732 0.85490196 0.70196078 0.65490196
v 0.03508888 0.01947405 0.04195896 0.86274510 0.70588235 0.67058824
v 0.03447910 0.02092364 0.04147821 0.86274510 0.70588235 0.67058824
v 0.03379191 0.02215390 0.04077405 0.85098039 0.70588235 0.66666667
v 0.03584551 0.01794719 0.04200940 0.85490196 0.70196078 0.65490196
v 0.03563093 0.01953626 0.04164892 0.85490196 0.70588235 0.65882353
v 0.03526511 0.02101475 0.04102705 0.85490196 0.70588235 0.65882353
v 0.03478303 0.02226922 0.04020225 0.85490196 0.70588235 0.65882353
v 0.03611971 0.01791692 0.04184865 0.84705882 0.69803922 0.65098039
v 0.03616958 0.01947650 0.04133230 0.84705882 0.70588235 0.64705882
v 0.03604740 0.02092679 0.04056771 0.84705882 0.70588235 0.64705882
v 0.03577067 0.02215597 0.03962218 0.84705882 0.70588235 0.64705882
v 0.03638370 0.01782392 0.04169186 0.84705882 0.69803922 0.65098039
v 0.03668560 0.01929445 0.04102624 0.85098039 0.71764706 0.65882353
v 0.03679721 0.02066240 0.04012161 0.85098039 0.71764706 0.65882353
v 0.03671457 0.02182290 0.03905828 0.85098039 0.71764706 0.65882353
v 0.03662492 0.01767367 0.04154567 0.84705882 0.69803922 0.65098039
v 0.03715916 0.01899913 0.04073819 0.84705882 0.71372549 0.65882353
v 0.03748446 0.02023372 0.03970388 0.85098039 0.72549020 0.66666667
v 0.03758142 0.02128204 0.03853131 0.85098039 0.72549020 0.66666667
v 0.03683513 0.01747008 0.04141564 0.84313725 0.70588235 0.65490196
v 0.03757178 0.01860104 0.04048272 0.83921569 0.71764706 0.65882353
v 0.03808310 0.01965627 0.03933138 0.85098039 0.72549020 0.66666667
v 0.03833600 0.02055419 0.03806099 0.83921569 0.70588235 0.65098039
v 0.03700664 0.01722348 0.04130467 0.84313725 0.70588235 0.65490196
v 0.03790708 0.01811678 0.04026594 0.83137255 0.70588235 0.65098039
v 0.03857016 0.01895207 0.03901833 0.83137255 0.70980392 0.65490196
v 0.03894882 0.01966453 0.03766695 0.84705882 0.70980392 0.65490196
v 0.03713210 0.01694132 0.04122029 0.84313725 0.70588235 0.65490196
v 0.03815431 0.01756255 0.04010024 0.83137255 0.70588235 0.65098039
v 0.03892737 0.01814816 0.03877699 0.83529412 0.70588235 0.65882353
v 0.03939730 0.01865090 0.03736178 0.85882353 0.73333333 0.67450980
v 0.03720772 0.01663386 0.04116358 0.84705882 0.71372549 0.65490196
v 0.03830145 0.01696219 0.03998872 0.83921569 0.71372549 0.65882353
v 0.03913919 0.01727589 0.03861475 0.83921569 0.70980392 0.66274510
v 0.03966383 0.01755142 0.03715861 0.85882353 0.73333333 0.67450980
v 0.03722934 0.01631539 0.04113763 0.84705882 0.71372549 0.65490196
v 0.03834401 0.01633608 0.03993823 0.83921569 0.70980392 0.66274510
v 0.03919992 0.01636803 0.03854028 0.85098039 0.72941176 0.67450980
v 0.03973860 0.01640731 0.03706191 0.84705882 0.71764706 0.66274510
v 0.03719773 0.01599647 0.04114340 0.84705882 0.71372549 0.65490196
v 0.03828130 0.01570963 0.03994914 0.83921569 0.70980392 0.66666667
v 0.03910811 0.01545952 0.03855684 0.85098039 0.72549020 0.67450980
v 0.03962281 0.01526244 0.03708445 0.85098039 0.72941176 0.67058824
v 0.03711288 0.01568856 0.04118101 0.84313725 0.70980392 0.65490196
v 0.03811573 0.01510766 0.04002335 0.83921569 0.70980392 0.66274510
v 0.03886804 0.01458567 0.03866399 0.84705882 0.70196078 0.65882353
v 0.03931962 0.01416226 0.03721786 0.85098039 0.72156863 0.67058824
v 0.03697942 0.01540537 0.04124858 0.83921569 0.70980392 0.66274510
v 0.03785084 0.01455239 0.04015353 0.83529412 0.70196078 0.65882353
v 0.03848450 0.01378043 0.03885342 0.85882353 0.71372549 0.67843137
v 0.03883993 0.01314563 0.03745894 0.84705882 0.72156863 0.67058824
v 0.03680021 0.01515738 0.04134338 0.83921569 0.70980392 0.66274510
v 0.03750162 0.01406521 0.04033981 0.83921569 0.70196078 0.66274510
v 0.03797678 0.01307279 0.03912169 0.85490196 0.71372549 0.67058824
v 0.03819898 0.01225399 0.03779544 0.85490196 0.70980392 0.67058824
v 0.03658453 0.01495222 0.04146159 0.83529412 0.70196078 0.66274510
v 0.03707681 0.01366473 0.04056979 0.83529412 0.69019608 0.65490196
v 0.03736100 0.01249138 0.03945696 0.85490196 0.71372549 0.67450980
v 0.03742231 0.01152140 0.03821977 0.85490196 0.71372549 0.67450980
v 0.03633854 0.01480100 0.04159812 0.83529412 0.70196078 0.66274510
v 0.03659517 0.01336647 0.04083985 0.83529412 0.69411765 0.65490196
v 0.03666174 0.01205838 0.03984724 0.83529412 0.70588235 0.66274510
v 0.03653986 0.01097486 0.03870989 0.83529412 0.70588235 0.66274510
v 0.03607261 0.01470612 0.04175056 0.83921569 0.69803922 0.65490196
v 0.03607429 0.01318156 0.04113545 0.83137255 0.69019608 0.65490196
v 0.03590452 0.01179081 0.04027523 0.83921569 0.69803922 0.65882353
v 0.03558639 0.01063868 0.03924939 0.83921569 0.69803922 0.65882353
v 0.03579676 0.01467478 0.04190852 0.83921569 0.69803922 0.65490196
v 0.03553394 0.01311881 0.04144843 0.83529412 0.69019608 0.65098039
v 0.03512149 0.01169776 0.04073002 0.83921569 0.69803922 0.65098039
v 0.03459714 0.01052109 0.03981921 0.83921569 0.69803922 0.65098039
v 0.03552260 0.01470488 0.04206993 0.83921569 0.69803922 0.65490196
v 0.03499458 0.01317863 0.04176424 0.83137255 0.68235294 0.64313725
v 0.03433940 0.01178509 0.04118778 0.83529412 0.69411765 0.65098039
v 0.03361345 0.01062987 0.04039922 0.83529412 0.69411765 0.65098039
v 0.03525801 0.01479865 0.04222568 0.83921569 0.69019608 0.64705882
v 0.03447875 0.01336134 0.04207075 0.83137255 0.68235294 0.64313725
v 0.03359068 0.01204906 0.04163478 0.83137255 0.69411765 0.65882353
v 0.03266954 0.01096126 0.04096060 0.83921569 0.69803922 0.67058824
v 0.03501652 0.01494881 0.04237228 0.83921569 0.69019608 0.64705882
v 0.03400410 0.01365697 0.04235758 0.82745098 0.69019608 0.65490196
v 0.03290240 0.01247871 0.04205049 0.83921569 0.69803922 0.67058824
v 0.03180175 0.01150351 0.04148526 0.83529412 0.70196078 0.66666667
v 0.03480558 0.01515342 0.04250033 0.83921569 0.69019608 0.64705882
v 0.03359089 0.01405660 0.04261127 0.83529412 0.68235294 0.65882353
v 0.03230166 0.01305780 0.04242009 0.83529412 0.70196078 0.66666667
v 0.03104291 0.01223496 0.04194823 0.84313725 0.70196078 0.67843137
v 0.03463287 0.01540039 0.04260991 0.83921569 0.68627451 0.65098039
v 0.03325309 0.01454156 0.04282583 0.83529412 0.68235294 0.65882353
v 0.03181256 0.01376214 0.04273282 0.84705882 0.69803922 0.67450980
v 0.03042751 0.01312403 0.04234202 0.84313725 0.70196078 0.67058824
v 0.03590056 0.01630625 0.04209393 0.83921569 0.70196078 0.64705882
v 0.03450665 0.01568328 0.04269177 0.83921569 0.68235294 0.64705882
v 0.03300557 0.01509676 0.04298838 0.83529412 0.69019608 0.65490196
v 0.03145340 0.01456687 0.04297103 0.84313725 0.69803922 0.67843137
v 0.02997448 0.01413946 0.04264386 0.85098039 0.72941176 0.69411765
v 0.03443088 0.01599101 0.04274596 0.83921569 0.68235294 0.64705882
v 0.03285585 0.01569785 0.04309548 0.83137255 0.68627451 0.65098039
v 0.03123687 0.01544055 0.04312720 0.83921569 0.69411765 0.67058824
v 0.02970328 0.01523906 0.04284292 0.85490196 0.72941176 0.69803922
v 0.02816676 0.01641297 0.04278151 0.83137255 0.69411765 0.65882353
v 0.02585215 0.01645944 0.04244192 0.83921569 0.71764706 0.68627451
v 0.02354413 0.01651908 0.04158176 0.82352941 0.71764706 0.67843137
v 0.02144938 0.01659257 0.04028681 0.82352941 0.70980392 0.65882353
v 0.01965201 0.01667907 0.03860261 0.82352941 0.70588235 0.67843137
v 0.01821699 0.01677654 0.03659298 0.82352941 0.70196078 0.67843137
v 0.01821699 0.01677654 0.03659298 0.82352941 0.70196078 0.67843137
v 0.01719947 0.01686868 0.03435404 0.80784314 0.69019608 0.66666667
v 0.01663557 0.01695920 0.03195969 0.81568627 0.70588235 0.67058824
v 0.01654994 0.01704345 0.02950077 0.81568627 0.70588235 0.67058824
v 0.01694648 0.01711852 0.02707365 0.81568627 0.70588235 0.67058824
v 0.01780759 0.01718131 0.02477108 0.81568627 0.70588235 0.67058824
v 0.01910259 0.01723032 0.02268111 0.81960784 0.69019608 0.67058824
v 0.02079086 0.01728726 0.02087169 0.82352941 0.71764706 0.67843137
v 0.02830388 0.01778881 0.04276542 0.83137255 0.70588235 0.65490196
v 0.02602367 0.01819243 0.04241896 0.83137255 0.69803922 0.65490196
v 0.02374640 0.01855678 0.04155407 0.82745098 0.72156863 0.68627451
v 0.02167504 0.01885865 0.04025410 0.82352941 0.70980392 0.65882353
v 0.01989372 0.01908424 0.03856471 0.82352941 0.70588235 0.68627451
v 0.01846466 0.01922510 0.03656015 0.81960784 0.69019608 0.67058824
v 0.01846466 0.01922510 0.03656015 0.81960784 0.69019608 0.67058824
v 0.01744085 0.01927113 0.03431975 0.81568627 0.69803922 0.67058824
v 0.01686417 0.01922191 0.03192643 0.81176471 0.70588235 0.67843137
v 0.01675650 0.01908012 0.02947056 0.80784314 0.70196078 0.67058824
v 0.01712219 0.01884971 0.02704784 0.80784314 0.70196078 0.67058824
v 0.01794639 0.01854223 0.02475055 0.81960784 0.69019608 0.67058824
v 0.01919759 0.01816647 0.02266827 0.81960784 0.69019608 0.67058824
v 0.02083991 0.01776519 0.02086402 0.82352941 0.71764706 0.67843137
v 0.02867033 0.01911279 0.04261209 0.83137255 0.70588235 0.66274510
v 0.02648447 0.01985787 0.04222760 0.83137255 0.69411765 0.65098039
v 0.02429258 0.02051966 0.04132333 0.83529412 0.71372549 0.68627451
v 0.02228049 0.02104033 0.03999499 0.82745098 0.72156863 0.68627451
v 0.02053537 0.02139937 0.03829333 0.83529412 0.70196078 0.67450980
v 0.01911810 0.02158315 0.03628533 0.82745098 0.70980392 0.68235294
v 0.01911810 0.02158315 0.03628533 0.82745098 0.70980392 0.68235294
v 0.01808316 0.02158336 0.03404982 0.80784314 0.70196078 0.66666667
v 0.01746985 0.02139959 0.03167152 0.81568627 0.71372549 0.67450980
v 0.01730158 0.02103941 0.02924100 0.82745098 0.71764706 0.68235294
v 0.01758556 0.02051654 0.02685285 0.81176471 0.70588235 0.67843137
v 0.01831024 0.01985033 0.02459718 0.80784314 0.69019608 0.66666667
v 0.01946124 0.01909479 0.02254675 0.81960784 0.69019608 0.67058824
v 0.02096831 0.01822521 0.02080964 0.82352941 0.71764706 0.67843137
v 0.02925047 0.02033497 0.04233050 0.82745098 0.70196078 0.65882353
v 0.02721975 0.02139670 0.04187321 0.83529412 0.70980392 0.66274510
v 0.02515399 0.02233236 0.04090447 0.83137255 0.69803922 0.65490196
v 0.02323866 0.02305122 0.03952707 0.83137255 0.68627451 0.66274510
v 0.02155201 0.02353244 0.03779704 0.83529412 0.70588235 0.67450980
v 0.02015469 0.02375768 0.03577964 0.81960784 0.70588235 0.66274510
v 0.02015469 0.02375768 0.03577964 0.81960784 0.70588235 0.66274510
v 0.01909954 0.02371510 0.03355314 0.82352941 0.70980392 0.67450980
v 0.01842774 0.02340724 0.03120331 0.81176471 0.69411765 0.66274510
v 0.01816357 0.02284564 0.02881946 0.81568627 0.71372549 0.67450980
v 0.01831840 0.02205219 0.02649477 0.81568627 0.69803922 0.67058824
v 0.01888628 0.02105749 0.02431613 0.81568627 0.69803922 0.67058824
v 0.01984555 0.01989821 0.02236872 0.82352941 0.71764706 0.67843137
v 0.02117015 0.01864866 0.02071150 0.82352941 0.71764706 0.67843137
v 0.03002581 0.02140692 0.04192847 0.82352941 0.69411765 0.65882353
v 0.02819662 0.02274799 0.04136620 0.83137255 0.70196078 0.65490196
v 0.02630121 0.02391894 0.04030515 0.79215686 0.68235294 0.63529412
v 0.02451190 0.02481858 0.03886380 0.78823529 0.67058824 0.63529412
v 0.02290479 0.02540560 0.03709193 0.81568627 0.68627451 0.66274510
v 0.02153382 0.02566457 0.03506155 0.80392157 0.69019608 0.64705882
v 0.02153382 0.02566457 0.03506155 0.80392157 0.69019608 0.64705882
v 0.02045258 0.02558429 0.03284978 0.80784314 0.70196078 0.65098039
v 0.01970152 0.02516755 0.03054138 0.80000000 0.70196078 0.65882353
v 0.01930989 0.02442978 0.02822427 0.81176471 0.69411765 0.66274510
v 0.01929372 0.02339892 0.02598836 0.82352941 0.71764706 0.67843137
v 0.01965247 0.02211536 0.02391850 0.82352941 0.71764706 0.67843137
v 0.02038600 0.02065447 0.02207971 0.82352941 0.71764706 0.67843137
v 0.02144011 0.01901961 0.02057129 0.82352941 0.71764706 0.67843137
v 0.03096387 0.02228580 0.04142528 0.82745098 0.70196078 0.66274510
v 0.02937681 0.02385936 0.04072170 0.82352941 0.69411765 0.65882353
v 0.02768790 0.02522154 0.03955160 0.80784314 0.67450980 0.61960784
v 0.02605414 0.02626472 0.03802553 0.79607843 0.67450980 0.62352941
v 0.02454189 0.02694203 0.03620626 0.78823529 0.67058824 0.63137255
v 0.02320193 0.02723128 0.03416132 0.81176471 0.71372549 0.67058824
v 0.02320193 0.02723128 0.03416132 0.81176471 0.71372549 0.67058824
v 0.02208873 0.02712035 0.03196688 0.80000000 0.68235294 0.64313725
v 0.02124274 0.02661334 0.02971102 0.80000000 0.69019608 0.64313725
v 0.02069702 0.02573036 0.02747716 0.82352941 0.71764706 0.67843137
v 0.02047330 0.02450535 0.02535355 0.82352941 0.71764706 0.67843137
v 0.02057963 0.02298445 0.02341970 0.82352941 0.71764706 0.67843137
v 0.02102574 0.02125329 0.02173526 0.82352941 0.71764706 0.67843137
v 0.02176506 0.01932519 0.02039654 0.82352941 0.71764706 0.67843137
v 0.03203031 0.02294682 0.04083643 0.83137255 0.69019608 0.65098039
v 0.03071680 0.02468890 0.03997678 0.83529412 0.70196078 0.65882353
v 0.02926192 0.02618975 0.03867311 0.81568627 0.67450980 0.63921569
v 0.02780555 0.02733889 0.03705458 0.80392157 0.67058824 0.61568627
v 0.02639867 0.02808425 0.03517719 0.80000000 0.66666667 0.62352941
v 0.02509609 0.02839601 0.03311271 0.78823529 0.67843137 0.63529412
v 0.02509609 0.02839601 0.03311271 0.78823529 0.67843137 0.63529412
v 0.02394496 0.02826310 0.03093990 0.78431373 0.68627451 0.64313725
v 0.02299206 0.02768967 0.02874352 0.80000000 0.68235294 0.64313725
v 0.02227103 0.02669872 0.02660712 0.82352941 0.71764706 0.67843137
v 0.02181204 0.02532821 0.02461357 0.82352941 0.71764706 0.67843137
v 0.02164790 0.02365708 0.02282332 0.82352941 0.71764706 0.67843137
v 0.02175034 0.02169827 0.02133499 0.82352941 0.71764706 0.67843137
v 0.02213459 0.01955154 0.02019243 0.82352941 0.71764706 0.67843137
v 0.03318118 0.02334988 0.04018866 0.85098039 0.70588235 0.66666667
v 0.03216457 0.02518921 0.03915612 0.83921569 0.69411765 0.65098039
v 0.03096358 0.02677700 0.03770917 0.81176471 0.68235294 0.64705882
v 0.02969742 0.02800067 0.03598699 0.81568627 0.69019608 0.64705882
v 0.02840680 0.02878927 0.03404398 0.80000000 0.67843137 0.62352941
v 0.02714173 0.02911475 0.03195713 0.79215686 0.67450980 0.63137255
v 0.02714173 0.02911475 0.03195713 0.79215686 0.67450980 0.63137255
v 0.02595184 0.02896885 0.02980655 0.78823529 0.67450980 0.63529412
v 0.02488225 0.02835497 0.02767678 0.82352941 0.71764706 0.67843137
v 0.02397222 0.02729704 0.02564767 0.82352941 0.71764706 0.67843137
v 0.02325955 0.02583638 0.02379750 0.82352941 0.71764706 0.67843137
v 0.02278418 0.02405559 0.02218273 0.82352941 0.71764706 0.67843137
v 0.02253327 0.02197361 0.02089384 0.82352941 0.71764706 0.67843137
v 0.02253389 0.01969170 0.01996743 0.82352941 0.71764706 0.67843137
v 0.03437279 0.02348971 0.03949601 0.85490196 0.70588235 0.65882353
v 0.03366349 0.02535839 0.03829890 0.85490196 0.70588235 0.65882353
v 0.03272552 0.02697736 0.03670152 0.80392157 0.68627451 0.65098039
v 0.03165589 0.02822623 0.03486521 0.79607843 0.67450980 0.64313725
v 0.03048642 0.02902946 0.03285195 0.79215686 0.67058824 0.64313725
v 0.02926180 0.02936419 0.03073606 0.79215686 0.66666667 0.63137255
v 0.02926180 0.02936419 0.03073606 0.79215686 0.66666667 0.63137255
v 0.02803110 0.02921022 0.02861343 0.79215686 0.68235294 0.63921569
v 0.02684027 0.02858252 0.02655341 0.82352941 0.71764706 0.67843137
v 0.02573485 0.02750234 0.02463567 0.82352941 0.71764706 0.67843137
v 0.02477589 0.02603410 0.02292373 0.82352941 0.71764706 0.67843137
v 0.02396207 0.02419246 0.02150673 0.82352941 0.71764706 0.67843137
v 0.02334426 0.02206723 0.02042834 0.82352941 0.71764706 0.67843137
v 0.02294732 0.01973961 0.01973012 0.82352941 0.71764706 0.67843137
v 0.03556211 0.02335143 0.03879970 0.84705882 0.70588235 0.64705882
v 0.03515586 0.02519196 0.03742819 0.85098039 0.71764706 0.65882353
v 0.03448029 0.02678767 0.03568924 0.85098039 0.71764706 0.65882353
v 0.03360740 0.02801008 0.03373118 0.82352941 0.69411765 0.65098039
v 0.03255869 0.02879957 0.03164428 0.81960784 0.69019608 0.64313725
v 0.03137518 0.02912617 0.02950780 0.80784314 0.67450980 0.63921569
v 0.03137518 0.02912617 0.02950780 0.80784314 0.67450980 0.63921569
v 0.03010327 0.02897944 0.02740524 0.85490196 0.70588235 0.65882353
v 0.02879147 0.02836405 0.02541569 0.82352941 0.71764706 0.67843137
v 0.02749041 0.02730276 0.02361425 0.82352941 0.71764706 0.67843137
v 0.02626858 0.02586649 0.02205217 0.82352941 0.71764706 0.67843137
v 0.02513517 0.02406013 0.02082179 0.82352941 0.71764706 0.67843137
v 0.02415231 0.02197639 0.01995657 0.82352941 0.71764706 0.67843137
v 0.02335916 0.01969319 0.01948966 0.82352941 0.71764706 0.67843137
v 0.03669684 0.02294711 0.03811705 0.85098039 0.72549020 0.66666667
v 0.03658953 0.02469065 0.03657827 0.85098039 0.72549020 0.66666667
v 0.03616586 0.02620394 0.03469767 0.85098039 0.72549020 0.66666667
v 0.03547870 0.02735641 0.03262395 0.83921569 0.70588235 0.65098039
v 0.03454534 0.02810417 0.03046748 0.84705882 0.70980392 0.65490196
v 0.03340073 0.02841763 0.02830823 0.84705882 0.70980392 0.65490196
v 0.03340073 0.02841763 0.02830823 0.84705882 0.70980392 0.65490196
v 0.03208996 0.02828404 0.02622839 0.84705882 0.70980392 0.65490196
v 0.03066192 0.02770838 0.02430700 0.85882353 0.73333333 0.67450980
v 0.02919201 0.02673493 0.02259952 0.82352941 0.71764706 0.67843137
v 0.02769923 0.02536447 0.02120219 0.82352941 0.71764706 0.67843137
v 0.02625800 0.02366583 0.02015446 0.82352941 0.71764706 0.67843137
v 0.02492613 0.02170387 0.01949662 0.82352941 0.71764706 0.67843137
v 0.02375383 0.01955444 0.01925509 0.82352941 0.71764706 0.67843137
v 0.03774004 0.02230129 0.03748312 0.85098039 0.72549020 0.66666667
v 0.03790362 0.02387569 0.03578037 0.83921569 0.70588235 0.65098039
v 0.03771222 0.02524405 0.03375982 0.84705882 0.70980392 0.65490196
v 0.03719661 0.02628907 0.03158483 0.84705882 0.70980392 0.65490196
v 0.03636773 0.02697111 0.02936602 0.85882353 0.73333333 0.67450980
v 0.03525888 0.02726211 0.02718467 0.85882353 0.73333333 0.67450980
v 0.03525888 0.02726211 0.02718467 0.85882353 0.73333333 0.67450980
v 0.03391117 0.02715089 0.02512641 0.85882353 0.73333333 0.67450980
v 0.03237829 0.02664167 0.02326921 0.85882353 0.73333333 0.67450980
v 0.03073470 0.02577375 0.02166455 0.86274510 0.74117647 0.66666667
v 0.02901116 0.02454736 0.02040699 0.82352941 0.71764706 0.67843137
v 0.02728913 0.02302352 0.01952958 0.82352941 0.71764706 0.67843137
v 0.02563555 0.02126167 0.01906669 0.82352941 0.71764706 0.67843137
v 0.02411587 0.01932933 0.01903577 0.82352941 0.71764706 0.67843137
v 0.03864551 0.02142578 0.03692330 0.84705882 0.70980392 0.65490196
v 0.03904820 0.02277574 0.03506686 0.84705882 0.70980392 0.65490196
v 0.03906167 0.02394911 0.03291628 0.85882353 0.73333333 0.67450980
v 0.03869395 0.02485061 0.03065330 0.85882353 0.73333333 0.67450980
v 0.03795750 0.02544382 0.02837943 0.85882353 0.73333333 0.67450980
v 0.03687929 0.02570540 0.02618035 0.86274510 0.73333333 0.66666667
v 0.03687929 0.02570540 0.02618035 0.86274510 0.73333333 0.66666667
v 0.03550083 0.02562514 0.02414167 0.86274510 0.74117647 0.66666667
v 0.03387517 0.02520517 0.02234184 0.86274510 0.74117647 0.66666667
v 0.03207916 0.02447898 0.02082967 0.86274510 0.74117647 0.66666667
v 0.03015420 0.02344571 0.01969719 0.86274510 0.74117647 0.66666667
v 0.02818737 0.02215828 0.01897182 0.82352941 0.71764706 0.67843137
v 0.02625496 0.02066581 0.01868216 0.82352941 0.71764706 0.67843137
v 0.02443065 0.01902489 0.01884023 0.82352941 0.71764706 0.67843137
v 0.03938180 0.02035763 0.03644998 0.84705882 0.70980392 0.65490196
v 0.03998170 0.02143122 0.03446684 0.85882353 0.73333333 0.67450980
v 0.04015956 0.02236978 0.03220696 0.86274510 0.73333333 0.66666667
v 0.03991276 0.02309627 0.02986854 0.85098039 0.73725490 0.67058824
v 0.03925116 0.02358161 0.02754701 0.86274510 0.74117647 0.66666667
v 0.03819881 0.02380803 0.02533288 0.86274510 0.74117647 0.66666667
v 0.03819881 0.02380803 0.02533288 0.86274510 0.74117647 0.66666667
v 0.03679565 0.02376476 0.02331121 0.86274510 0.74117647 0.66666667
v 0.03509506 0.02345400 0.02156061 0.86274510 0.74117647 0.66666667
v 0.03317352 0.02289985 0.02012690 0.86274510 0.74117647 0.66666667
v 0.03108533 0.02210303 0.01909953 0.86274510 0.74117647 0.66666667
v 0.02891869 0.02110311 0.01850241 0.86274510 0.74117647 0.66666667
v 0.02675864 0.01993827 0.01835898 0.82352941 0.71764706 0.67843137
v 0.02468806 0.01865508 0.01867524 0.82352941 0.71764706 0.67843137
v 0.03991870 0.01913809 0.03608591 0.85882353 0.73333333 0.67450980
v 0.04066148 0.01989537 0.03400493 0.86274510 0.73333333 0.66666667
v 0.04096282 0.02056533 0.03166053 0.86274510 0.75294118 0.68235294
v 0.04080620 0.02109292 0.02926095 0.86274510 0.74117647 0.66666667
v 0.04020052 0.02145728 0.02690249 0.86274510 0.74117647 0.66666667
v 0.03916720 0.02164225 0.02467585 0.86274510 0.74117647 0.66666667
v 0.03916720 0.02164225 0.02467585 0.86274510 0.74117647 0.66666667
v 0.03774542 0.02164245 0.02266681 0.86274510 0.74117647 0.66666667
v 0.03598918 0.02145411 0.02095465 0.86274510 0.74117647 0.66666667
v 0.03397623 0.02109744 0.01958327 0.86274510 0.74117647 0.66666667
v 0.03176769 0.02057010 0.01863735 0.86274510 0.74117647 0.66666667
v 0.02945507 0.01989805 0.01813933 0.86274510 0.74117647 0.66666667
v 0.02712788 0.01910921 0.01810896 0.82352941 0.71764706 0.67843137
v 0.02487602 0.01823204 0.01854794 0.82352941 0.71764706 0.67843137
v 0.04023962 0.01781597 0.03584036 0.86274510 0.73333333 0.66666667
v 0.04106525 0.01822872 0.03369529 0.86274510 0.75294118 0.68235294
v 0.04143943 0.01860549 0.03129447 0.86274510 0.74117647 0.66666667
v 0.04133830 0.01891709 0.02885475 0.86274510 0.74117647 0.66666667
v 0.04076563 0.01914871 0.02646969 0.86274510 0.74117647 0.66666667
v 0.03974383 0.01929067 0.02423444 0.86274510 0.74117647 0.66666667
v 0.03974383 0.01929067 0.02423444 0.86274510 0.74117647 0.66666667
v 0.03831368 0.01933827 0.02223200 0.86274510 0.74117647 0.66666667
v 0.03652959 0.01929232 0.02054089 0.86274510 0.74117647 0.66666667
v 0.03445666 0.01914117 0.01921935 0.86274510 0.74117647 0.66666667
v 0.03217594 0.01890532 0.01832848 0.86274510 0.74117647 0.66666667
v 0.02977573 0.01859129 0.01789683 0.86274510 0.74117647 0.66666667
v 0.02734970 0.01820856 0.01794166 0.82352941 0.71764706 0.67843137
v 0.02498902 0.01777264 0.01846285 0.82352941 0.71764706 0.67843137
v 0.04033010 0.01644080 0.03572541 0.85490196 0.73725490 0.67058824
v 0.04117998 0.01649515 0.03355296 0.86274510 0.74117647 0.66666667
v 0.04157524 0.01656533 0.03112663 0.86274510 0.74117647 0.66666667
v 0.04149139 0.01665147 0.02866775 0.86274510 0.74117647 0.66666667
v 0.04092813 0.01674403 0.02627067 0.86274510 0.74117647 0.66666667
v 0.03991008 0.01684186 0.02402440 0.86274510 0.74117647 0.66666667
v 0.03991008 0.01684186 0.02402440 0.86274510 0.74117647 0.66666667
v 0.03847655 0.01693616 0.02202909 0.86274510 0.74117647 0.66666667
v 0.03668600 0.01702576 0.02034813 0.86274510 0.74117647 0.66666667
v 0.03459630 0.01710561 0.01904972 0.86274510 0.74117647 0.66666667
v 0.03229447 0.01717484 0.01818446 0.86274510 0.74117647 0.66666667
v 0.02986935 0.01723095 0.01778357 0.86274510 0.74117647 0.66666667
v 0.02741392 0.01727156 0.01786384 0.82352941 0.71764706 0.67843137
v 0.02502189 0.01729511 0.01842319 0.82352941 0.71764706 0.67843137
v 0.04018872 0.01506432 0.03575096 0.85490196 0.73725490 0.67450980
v 0.04100358 0.01476152 0.03358195 0.86274510 0.74117647 0.66666667
v 0.04136908 0.01452852 0.03116093 0.86274510 0.74117647 0.66666667
v 0.04126183 0.01438818 0.02870329 0.86274510 0.74117647 0.66666667
v 0.04068467 0.01434060 0.02630756 0.86274510 0.74117647 0.66666667
v 0.03966090 0.01438881 0.02406679 0.86274510 0.74117647 0.66666667
v 0.03966090 0.01438881 0.02406679 0.86274510 0.74117647 0.66666667
v 0.03823207 0.01453007 0.02206694 0.86274510 0.74117647 0.66666667
v 0.03645151 0.01476233 0.02038187 0.86274510 0.74117647 0.66666667
v 0.03438896 0.01506912 0.01908142 0.86274510 0.74117647 0.66666667
v 0.03211840 0.01544383 0.01821124 0.86274510 0.74117647 0.66666667
v 0.02973073 0.01587013 0.01780492 0.86274510 0.74117647 0.66666667
v 0.02731908 0.01633411 0.01787894 0.82352941 0.71764706 0.67843137
v 0.02497371 0.01681725 0.01843136 0.82352941 0.71764706 0.67843137
v 0.03982534 0.01374088 0.03591309 0.85490196 0.74117647 0.68235294
v 0.04054321 0.01309403 0.03378263 0.86274510 0.73725490 0.67450980
v 0.04082596 0.01256974 0.03139459 0.86274510 0.73725490 0.67450980
v 0.04065586 0.01221105 0.02896334 0.86274510 0.73725490 0.67450980
v 0.04004131 0.01202818 0.02658375 0.86274510 0.73725490 0.67450980
v 0.03900520 0.01203048 0.02434772 0.86274510 0.73725490 0.67450980
v 0.03900520 0.01203048 0.02434772 0.86274510 0.73725490 0.67450980
v 0.03758819 0.01221624 0.02234272 0.86274510 0.73725490 0.67450980
v 0.03584261 0.01257854 0.02064310 0.86274510 0.73725490 0.67450980
v 0.03384348 0.01311052 0.01931247 0.86274510 0.73725490 0.67450980
v 0.03165483 0.01377739 0.01840719 0.86274510 0.73725490 0.67450980
v 0.02936676 0.01456210 0.01795898 0.86274510 0.74117647 0.66666667
v 0.02706864 0.01543231 0.01798719 0.82352941 0.71764706 0.67843137
v 0.02484565 0.01635750 0.01848561 0.82352941 0.71764706 0.67843137
v 0.03924764 0.01252059 0.03619992 0.85098039 0.73333333 0.67843137
v 0.03981384 0.01155883 0.03414400 0.86274510 0.73725490 0.67450980
v 0.03996464 0.01076533 0.03181827 0.86274510 0.73725490 0.67450980
v 0.03969800 0.01020516 0.02943425 0.86274510 0.73725490 0.67450980
v 0.03902346 0.00989964 0.02708307 0.86274510 0.73725490 0.67450980
v 0.03796753 0.00985900 0.02485731 0.86274510 0.73725490 0.67450980
v 0.03796753 0.00985900 0.02485731 0.86274510 0.73725490 0.67450980
v 0.03657091 0.01008601 0.02284370 0.86274510 0.73725490 0.67450980
v 0.03489078 0.01057989 0.02110896 0.86274510 0.73725490 0.67450980
v 0.03298052 0.01130506 0.01973330 0.86274510 0.73725490 0.67450980
v 0.03092101 0.01224190 0.01876501 0.86274510 0.73725490 0.67450980
v 0.02878996 0.01335506 0.01823987 0.86274510 0.73725490 0.67450980
v 0.02667056 0.01460218 0.01817903 0.82352941 0.71764706 0.67843137
v 0.02464352 0.01593367 0.01858411 0.82352941 0.71764706 0.67843137
v 0.03847532 0.01145175 0.03660395 0.84705882 0.72156863 0.67058824
v 0.03883926 0.01021459 0.03465265 0.85882353 0.73725490 0.68627451
v 0.03881867 0.00918459 0.03241482 0.86274510 0.73725490 0.67450980
v 0.03842421 0.00844816 0.03009757 0.86274510 0.73725490 0.67450980
v 0.03767045 0.00803370 0.02778748 0.86274510 0.73725490 0.67450980
v 0.03658740 0.00795638 0.02557526 0.86274510 0.73725490 0.67450980
v 0.03658740 0.00795638 0.02557526 0.86274510 0.73725490 0.67450980
v 0.03521568 0.00821931 0.02354546 0.86274510 0.73725490 0.67450980
v 0.03361576 0.00882120 0.02176945 0.86274510 0.73725490 0.67450980
v 0.03183323 0.00972181 0.02032797 0.86274510 0.73725490 0.67450980
v 0.02994499 0.01089575 0.01927104 0.86274510 0.73725490 0.67450980
v 0.02802322 0.01229723 0.01863718 0.86274510 0.73725490 0.67450980
v 0.02614213 0.01387298 0.01845200 0.82352941 0.71764706 0.67843137
v 0.02437334 0.01556317 0.01872326 0.82352941 0.71764706 0.67843137
v 0.03753987 0.01057424 0.03711137 0.85882353 0.71372549 0.67843137
v 0.03766036 0.00911048 0.03529010 0.85098039 0.72156863 0.67058824
v 0.03743230 0.00788661 0.03316452 0.84313725 0.72549020 0.68627451
v 0.03688401 0.00700568 0.03092957 0.84313725 0.72549020 0.68627451
v 0.03603491 0.00650145 0.02867014 0.86274510 0.73725490 0.67450980
v 0.03491994 0.00639380 0.02647453 0.86274510 0.73725490 0.67450980
v 0.03491994 0.00639380 0.02647453 0.86274510 0.73725490 0.67450980
v 0.03357939 0.00668672 0.02442753 0.86274510 0.73725490 0.67450980
v 0.03207351 0.00737666 0.02259886 0.86274510 0.73725490 0.67450980
v 0.03044556 0.00842215 0.02107424 0.86274510 0.73725490 0.67450980
v 0.02876489 0.00979007 0.01990544 0.86274510 0.73725490 0.67450980
v 0.02709588 0.01142883 0.01913569 0.82352941 0.71764706 0.67843137
v 0.02550270 0.01327489 0.01879575 0.82352941 0.71764706 0.67843137
v 0.02404836 0.01525753 0.01889804 0.82352941 0.71764706 0.67843137
v 0.02278546 0.01730106 0.01943672 0.82352941 0.71764706 0.67843137
v 0.03647758 0.00992414 0.03770383 0.83529412 0.70588235 0.66274510
v 0.03632202 0.00829026 0.03603316 0.83529412 0.70588235 0.67058824
v 0.03585848 0.00692170 0.03403600 0.84313725 0.71764706 0.69019608
v 0.03513494 0.00593253 0.03189656 0.84705882 0.72549020 0.69803922
v 0.03417901 0.00536161 0.02969552 0.84705882 0.72549020 0.69803922
v 0.03302695 0.00523149 0.02752000 0.84705882 0.72549020 0.69803922
v 0.03302695 0.00523149 0.02752000 0.84705882 0.72549020 0.69803922
v 0.03172342 0.00554616 0.02545368 0.84705882 0.72549020 0.69803922
v 0.03031760 0.00629480 0.02357461 0.86274510 0.73725490 0.67450980
v 0.02887071 0.00745532 0.02194327 0.86274510 0.73725490 0.67450980
v 0.02742583 0.00896809 0.02064433 0.82352941 0.71764706 0.67843137
v 0.02604315 0.01078291 0.01971662 0.82352941 0.71764706 0.67843137
v 0.02477845 0.01283027 0.01919539 0.82352941 0.71764706 0.67843137
v 0.02367876 0.01503122 0.01910193 0.82352941 0.71764706 0.67843137
v 0.03532954 0.00952048 0.03835303 0.83921569 0.69411765 0.65490196
v 0.03487422 0.00778571 0.03685208 0.85882353 0.71372549 0.69411765
v 0.03415782 0.00632618 0.03499701 0.85882353 0.70588235 0.67843137
v 0.03324532 0.00526965 0.03296366 0.85098039 0.69803922 0.67450980
v 0.03217248 0.00465866 0.03082699 0.84705882 0.70196078 0.68235294
v 0.03098107 0.00451535 0.02867291 0.84705882 0.70196078 0.68235294
v 0.03098107 0.00451535 0.02867291 0.84705882 0.70196078 0.68235294
v 0.02971653 0.00484290 0.02658443 0.85098039 0.70196078 0.67843137
v 0.02842673 0.00563118 0.02463980 0.85098039 0.70196078 0.67843137
v 0.02716942 0.00685828 0.02290164 0.82352941 0.71764706 0.67843137
v 0.02597841 0.00846094 0.02145980 0.82352941 0.71764706 0.67843137
v 0.02490712 0.01038457 0.02035689 0.82352941 0.71764706 0.67843137
v 0.02399562 0.01255482 0.01963694 0.82352941 0.71764706 0.67843137
v 0.02327988 0.01489082 0.01932775 0.82352941 0.71764706 0.67843137
v 0.03414144 0.00938067 0.03903523 0.84705882 0.71372549 0.68627451
v 0.03337483 0.00761714 0.03771506 0.84705882 0.69411765 0.67058824
v 0.03239571 0.00612332 0.03601014 0.85098039 0.69411765 0.67843137
v 0.03128814 0.00504323 0.03408806 0.84313725 0.69803922 0.68235294
v 0.03009478 0.00441845 0.03202111 0.83921569 0.70196078 0.68235294
v 0.02886152 0.00427098 0.02988547 0.83529412 0.69803922 0.67843137
v 0.02886152 0.00427098 0.02988547 0.83529412 0.69803922 0.67843137
v 0.02763785 0.00460325 0.02777675 0.83137255 0.69019608 0.67843137
v 0.02646885 0.00540453 0.02576330 0.82352941 0.71764706 0.67843137
v 0.02540702 0.00665449 0.02391288 0.82352941 0.71764706 0.67843137
v 0.02448032 0.00828768 0.02231939 0.82352941 0.71764706 0.67843137
v 0.02372953 0.01024800 0.02103262 0.82352941 0.71764706 0.67843137
v 0.02318487 0.01246209 0.02010278 0.82352941 0.71764706 0.67843137
v 0.02286829 0.01484243 0.01956764 0.82352941 0.71764706 0.67843137
v 0.03295871 0.00950958 0.03972875 0.83137255 0.69411765 0.65882353
v 0.03188276 0.00778372 0.03858665 0.82352941 0.67058824 0.65882353
v 0.03064051 0.00631915 0.03703576 0.83137255 0.69019608 0.67450980
v 0.02933845 0.00526141 0.03522680 0.83137255 0.69803922 0.68235294
v 0.02802446 0.00464956 0.03322948 0.83137255 0.69803922 0.68235294
v 0.02675129 0.00450534 0.03112300 0.82745098 0.70588235 0.68235294
v 0.02675129 0.00450534 0.03112300 0.82745098 0.70588235 0.68235294
v 0.02556752 0.00483319 0.02898598 0.81960784 0.69019608 0.66666667
v 0.02451829 0.00562178 0.02690200 0.82352941 0.71764706 0.67843137
v 0.02364166 0.00684062 0.02494914 0.82352941 0.71764706 0.67843137
v 0.02298779 0.00845553 0.02319082 0.82352941 0.71764706 0.67843137
v 0.02255632 0.01038038 0.02171745 0.82352941 0.71764706 0.67843137
v 0.02237635 0.01255194 0.02057407 0.82352941 0.71764706 0.67843137
v 0.02245459 0.01488936 0.01980533 0.82352941 0.71764706 0.67843137
v 0.03182518 0.00990554 0.04040363 0.83921569 0.69803922 0.67058824
v 0.03045475 0.00827964 0.03943566 0.82352941 0.69803922 0.67843137
v 0.02895988 0.00690665 0.03803429 0.83529412 0.70196078 0.68235294
v 0.02747047 0.00591535 0.03633693 0.82745098 0.70588235 0.68235294
v 0.02604115 0.00534363 0.03440884 0.81960784 0.69019608 0.66666667
v 0.02472972 0.00521218 0.03232598 0.82352941 0.70588235 0.67843137
v 0.02472972 0.00521218 0.03232598 0.82352941 0.70588235 0.67843137
v 0.02358399 0.00552670 0.03016626 0.82352941 0.70980392 0.69803922
v 0.02264973 0.00627512 0.02801314 0.82745098 0.69019608 0.66666667
v 0.02196016 0.00742863 0.02594888 0.83921569 0.69411765 0.67058824
v 0.02155702 0.00895752 0.02404114 0.83921569 0.69411765 0.67058824
v 0.02143346 0.01077472 0.02238453 0.82352941 0.71764706 0.67843137
v 0.02160239 0.01282463 0.02103350 0.82352941 0.71764706 0.67843137
v 0.02205942 0.01502835 0.02003901 0.82352941 0.71764706 0.67843137
v 0.03078252 0.01055233 0.04103299 0.84313725 0.70196078 0.67843137
v 0.02914380 0.00909039 0.04022747 0.82352941 0.70588235 0.66666667
v 0.02741802 0.00786327 0.03896814 0.83529412 0.69019608 0.66666667
v 0.02575661 0.00697916 0.03737698 0.82745098 0.69803922 0.67450980
v 0.02422257 0.00647372 0.03551242 0.82745098 0.69803922 0.67058824
v 0.02287392 0.00636473 0.03345158 0.82352941 0.70980392 0.69803922
v 0.02287392 0.00636473 0.03345158 0.82352941 0.70980392 0.69803922
v 0.02176486 0.00665727 0.03126961 0.83529412 0.70196078 0.68235294
v 0.02093489 0.00734010 0.02905286 0.83921569 0.69411765 0.67058824
v 0.02041717 0.00838616 0.02688406 0.83137255 0.69803922 0.67058824
v 0.02024506 0.00977458 0.02483658 0.83137255 0.69803922 0.67058824
v 0.02040213 0.01141702 0.02300953 0.83137255 0.69803922 0.67058824
v 0.02089271 0.01326671 0.02146358 0.82352941 0.71764706 0.67843137
v 0.02169716 0.01525338 0.02025841 0.82352941 0.71764706 0.67843137
v 0.02987309 0.01142783 0.04159316 0.84313725 0.70196078 0.67058824
v 0.02800057 0.01018718 0.04093583 0.82352941 0.70980392 0.67450980
v 0.02607350 0.00915395 0.03980239 0.83137255 0.70980392 0.68235294
v 0.02426210 0.00841422 0.03830425 0.83137255 0.71764706 0.69803922
v 0.02263564 0.00799783 0.03649751 0.81960784 0.69803922 0.67843137
v 0.02125666 0.00791859 0.03445545 0.83137255 0.70196078 0.68235294
v 0.02125666 0.00791859 0.03445545 0.83137255 0.70196078 0.68235294
v 0.02017774 0.00818155 0.03225477 0.83921569 0.69411765 0.67058824
v 0.01944018 0.00877540 0.02998055 0.83137255 0.69803922 0.67058824
v 0.01907213 0.00967729 0.02771920 0.83137255 0.69803922 0.67058824
v 0.01908813 0.01085392 0.02555871 0.83137255 0.69803922 0.67058824
v 0.01950346 0.01228197 0.02356775 0.83137255 0.69803922 0.67058824
v 0.02027332 0.01386277 0.02184788 0.82352941 0.70196078 0.67843137
v 0.02138228 0.01555793 0.02045366 0.82352941 0.71764706 0.67843137
v 0.02913310 0.01249634 0.04206221 0.84313725 0.71764706 0.67843137
v 0.02706824 0.01152761 0.04153155 0.86274510 0.72156863 0.68627451
v 0.02497762 0.01072916 0.04050458 0.84313725 0.72156863 0.68627451
v 0.02304419 0.01016520 0.03908364 0.83137255 0.70196078 0.67058824
v 0.02134201 0.00985630 0.03732583 0.83137255 0.70196078 0.67843137
v 0.01993802 0.00981337 0.03530053 0.82745098 0.69019608 0.66666667
v 0.01993802 0.00981337 0.03530053 0.82745098 0.69019608 0.66666667
v 0.01888444 0.01004023 0.03308377 0.83137255 0.69803922 0.67058824
v 0.01822264 0.01052568 0.03076154 0.83137255 0.69803922 0.67058824
v 0.01797681 0.01125265 0.02842205 0.82352941 0.70588235 0.67450980
v 0.01815658 0.01219285 0.02615649 0.82352941 0.70588235 0.67450980
v 0.01877167 0.01333657 0.02403767 0.81960784 0.69019608 0.67058824
v 0.01976918 0.01458998 0.02217145 0.81960784 0.69019608 0.67058824
v 0.02112491 0.01592772 0.02061886 0.82352941 0.71764706 0.67843137
v 0.02859134 0.01371547 0.04242495 0.85098039 0.72941176 0.69019608
v 0.02638575 0.01306211 0.04198813 0.86274510 0.72549020 0.69803922
v 0.02417283 0.01252722 0.04104763 0.84313725 0.72549020 0.68627451
v 0.02214949 0.01216415 0.03968603 0.82745098 0.71372549 0.66274510
v 0.02039164 0.01197739 0.03796636 0.82352941 0.70196078 0.67450980
v 0.01896956 0.01197774 0.03595406 0.83921569 0.69411765 0.67058824
v 0.01896956 0.01197774 0.03595406 0.83921569 0.69411765 0.67058824
v 0.01793437 0.01216176 0.03372513 0.83137255 0.69803922 0.67058824
v 0.01732755 0.01252436 0.03136577 0.82352941 0.70588235 0.67450980
v 0.01717201 0.01305132 0.02896604 0.82352941 0.70588235 0.67450980
v 0.01747419 0.01372373 0.02661898 0.82352941 0.70588235 0.67450980
v 0.01822291 0.01451463 0.02441335 0.81568627 0.70588235 0.67058824
v 0.01940015 0.01541916 0.02242116 0.81960784 0.69019608 0.67058824
v 0.02093692 0.01635087 0.02074594 0.82352941 0.71764706 0.67843137
v 0.02826501 0.01503778 0.04266687 0.84705882 0.71764706 0.68627451
v 0.02597710 0.01472922 0.04229208 0.84705882 0.72156863 0.68627451
v 0.02369215 0.01448405 0.04140566 0.83921569 0.73725490 0.70196078
v 0.02161222 0.01433020 0.04009154 0.81960784 0.70980392 0.66274510
v 0.01982095 0.01427951 0.03839594 0.82745098 0.71372549 0.67843137
v 0.01838813 0.01432714 0.03639106 0.82352941 0.69019608 0.66666667
v 0.01838813 0.01432714 0.03639106 0.82352941 0.69019608 0.66666667
v 0.01736414 0.01446799 0.03415361 0.81960784 0.69019608 0.67058824
v 0.01679168 0.01469807 0.03177031 0.81568627 0.70588235 0.67058824
v 0.01669044 0.01500782 0.02933042 0.81568627 0.70588235 0.67058824
v 0.01706553 0.01538809 0.02692861 0.81568627 0.70588235 0.67058824
v 0.01790170 0.01582131 0.02465663 0.81568627 0.70588235 0.67058824
v 0.01917809 0.01631923 0.02258923 0.81960784 0.69019608 0.67058824
v 0.02082415 0.01681025 0.02083138 0.82352941 0.71764706 0.67843137
f 4 2 1
f 8 6 5
f 13 15 14
f 17 19 18
f 32 30 29
f 36 34 33
f 37 39 38
f 21 23 20
f 25 27 24
f 41 43 42
f 48 46 45
f 52 50 49
f 53 55 54
f 60 58 57
f 29 62 61
f 66 64 63
f 67 6 68
f 72 70 69
f 76 74 73
f 77 79 78
f 81 83 82
f 59 86 85
f 88 90 89
f 96 94 93
f 100 98 97
f 101 103 102
f 106 34 87
f 108 115 107
f 117 36 118
f 124 126 125
f 131 129 128
f 132 134 133
f 142 140 139
f 148 60 147
f 144 127 124
f 149 151 150
f 156 154 153
f 159 158 157
f 116 164 105
f 171 169 168
f 174 173 172
f 179 181 180
f 186 188 187
f 194 196 195
f 199 139 198
f 206 208 207
f 213 211 210
f 202 214 201
f 96 216 54
f 92 43 44
f 97 246 100
f 250 229 228
f 252 58 253
f 258 256 255
f 260 229 259
f 110 112 113
f 114 263 109
f 265 267 266
f 56 270 269
f 274 249 250
f 185 63 64
f 280 278 276
f 285 283 157
f 288 211 212
f 141 92 46
f 289 175 176
f 148 105 106
f 312 170 171
f 238 42 43
f 318 160 317
f 310 308 307
f 241 325 324
f 160 240 317
f 47 307 308
f 108 315 164
f 345 86 119
f 348 350 349
f 356 358 357
f 355 353 352
f 363 32 362
f 149 150 176
f 364 253 365
f 366 368 367
f 183 371 63
f 163 161 160
f 209 101 208
f 378 165 166
f 379 381 380
f 383 3 4
f 284 386 385
f 387 389 388
f 391 229 249
f 73 397 396
f 405 407 406
f 203 411 410
f 414 413 412
f 1 357 4
f 277 131 275
f 254 57 58
f 358 415 351
f 417 386 408
f 401 192 420
f 419 127 143
f 421 182 422
f 103 302 409
f 428 368 174
f 380 359 356
f 62 266 323
f 140 431 430
f 357 351 348
f 356 379 380
f 415 403 434
f 437 436 435
f 438 440 439
f 188 450 449
f 452 454 453
f 265 181 421
f 224 64 225
f 237 213 427
f 275 128 458
f 281 460 459
f 50 79 461
f 73 282 281
f 468 466 465
f 390 352 359
f 482 484 483
f 489 487 486
f 493 495 494
f 472 470 469
f 502 500 499
f 220 222 223
f 512 143 66
f 518 511 80
f 513 230 286
f 205 31 244
f 189 451 188
f 163 532 8
f 533 225 251
f 446 447 412
f 335 540 334
f 544 546 545
f 329 291 292
f 199 262 238
f 385 416 550
f 532 191 247
f 363 118 243
f 236 237 250
f 578 580 579
f 573 571 570
f 561 562 272
f 241 259 240
f 590 592 591
f 545 595 594
f 503 155 504
f 606 624 623
f 478 480 479
f 646 648 647
f 590 689 684
f 564 651 650
f 728 184 727
f 714 716 715
f 692 575 693
f 541 581 578
f 346 248 400
f 161 230 160
f 128 94 95
f 698 704 703
f 574 576 575
f 290 401 328
f 630 725 726
f 733 735 734
f 755 496 493
f 759 481 760
f 757 762 761
f 764 466 467
f 768 3839 3840
f 759 488 489
f 492 475 771
f 474 769 473
f 773 465 772
f 771 486 483
f 484 775 491
f 774 489 486
f 495 764 756
f 495 761 494
f 137 784 136
f 325 797 547
f 165 51 52
f 369 29 370
f 730 568 569
f 90 301 89
f 243 516 242
f 800 806 805
f 817 808 816
f 816 823 822
f 306 447 807
f 815 809 808
f 829 828 825
f 726 501 502
f 274 424 423
f 879 881 880
f 884 879 885
f 219 217 211
f 906 904 897
f 455 205 542
f 898 830 829
f 903 880 881
f 906 897 898
f 377 519 165
f 923 948 946
f 946 951 950
f 3531 739 3528
f 900 886 880
f 225 65 144
f 182 442 422
f 809 947 824
f 954 962 961
f 927 965 966
f 885 880 886
f 925 966 967
f 343 341 340
f 965 971 968
f 968 970 969
f 972 969 973
f 963 981 978
f 336 338 339
f 992 827 828
f 810 996 959
f 1007 1002 1008
f 1012 827 1009
f 1011 1007 1008
f 294 292 291
f 907 920 919
f 1017 1019 1018
f 1020 1022 1021
f 1035 1020 1044
f 1061 1047 1046
f 1063 1046 1062
f 1044 1021 1045
f 1102 1097 1109
f 1116 1118 1117
f 1016 1014 1013
f 881 904 903
f 816 1127 817
f 1094 949 1097
f 514 167 515
f 146 81 82
f 1133 1130 1129
f 1102 1126 822
f 822 1116 816
f 1145 1148 1136
f 1076 1151 1069
f 1148 1086 1087
f 1109 1114 1136
f 1154 1156 1155
f 1153 967 1156
f 3473 463 3744
f 1144 1152 1151
f 1156 1163 1162
f 1164 1169 1165
f 1145 1176 1147
f 1114 1154 1171
f 1183 1164 1177
f 1184 1177 1185
f 1069 1062 1064
f 1023 1194 1022
f 1162 1170 1169
f 1195 1185 1191
f 1183 1176 1155
f 1201 1152 1196
f 1061 1201 1202
f 3856 843 3867
f 1203 1195 1034
f 1202 1184 1195
f 1218 1203 1217
f 1060 1202 1203
f 1225 1217 1219
f 671 694 670
f 1219 1024 1035
f 1217 1034 1024
f 1226 1015 1227
f 1243 1234 1233
f 1231 1229 1228
f 847 1233 843
f 843 1244 878
f 1233 1245 1244
f 1923 233 216
f 2101 499 500
f 3945 2136 3931
f 61 323 505
f 210 217 457
f 1299 1309 1300
f 3894 1231 3893
f 1066 1321 1322
f 1322 1228 1229
f 1060 1321 1047
f 1325 1323 1310
f 1244 1332 1330
f 1290 1242 1288
f 1337 1339 1338
f 1330 1340 1339
f 1341 1245 1294
f 1342 1332 1341
f 1343 1341 1344
f 1344 1294 1293
f 3888 1345 1346
f 1347 1342 1343
f 3887 1295 1345
f 1349 1348 1347
f 3892 1347 3884
f 3884 1343 3888
f 906 829 1353
f 905 1353 1354
f 865 1355 1357
f 1355 829 825
f 1357 825 826
f 1356 1353 1355
f 3865 1338 3864
f 866 1356 865
f 1358 1354 1356
f 3859 1337 3865
f 838 1012 841
f 1363 1338 1339
f 1368 1339 1340
f 1348 1340 1342
f 1371 3855 3860
f 524 526 523
f 528 530 527
f 1372 1369 1371
f 535 537 538
f 1367 1348 1350
f 1370 1359 1369
f 1369 3864 3855
f 1373 903 904
f 555 557 558
f 1374 910 1373
f 1373 905 1375
f 1374 1375 1376
f 1375 1354 1370
f 1378 908 1377
f 376 651 1387
f 1388 973 969
f 586 588 585
f 1390 1388 1391
f 1391 969 970
f 597 599 596
f 600 602 603
f 1392 970 979
f 608 610 607
f 612 523 611
f 614 616 613
f 617 25 24
f 620 622 619
f 1397 1391 1392
f 1398 1392 1399
f 1400 920 1378
f 1402 1165 1169
f 636 638 635
f 930 1402 929
f 641 643 644
f 929 1169 1170
f 1404 1403 1402
f 1411 1365 1406
f 1412 1415 1414
f 652 654 655
f 609 657 658
f 659 661 662
f 558 586 585
f 665 667 664
f 1413 1406 1412
f 1418 3841 3844
f 1417 1371 1416
f 1416 3860 3841
f 1419 1416 1418
f 1386 1374 1420
f 677 679 676
f 1385 1420 1421
f 1420 1376 1422
f 685 687 688
f 1421 1422 1423
f 528 691 658
f 1422 1372 1417
f 1018 747 1425
f 699 701 702
f 1424 579 1017
f 3693 1767 3690
f 700 711 712
f 1093 3784 1571
f 717 530 719
f 721 723 720
f 704 3563 3575
f 19 1426 1430
f 1429 1427 1426
f 1658 3562 3564
f 1439 1434 1438
f 1437 1435 1434
f 1426 1433 1432
f 1442 1432 1440
f 742 744 745
f 1432 1441 1440
f 751 753 750
f 1438 1403 1405
f 1446 1444 1443
f 1447 1446 1443
f 3891 1443 3879
f 1415 1445 1446
f 1414 1446 1448
f 2175 469 470
f 777 779 686
f 780 782 783
f 1676 1806 1675
f 3890 1349 3892
f 789 791 788
f 745 793 742
f 652 795 653
f 1455 1457 1456
f 1454 1350 1452
f 610 802 801
f 3862 698 703
f 1352 1045 1351
f 1015 1459 1460
f 811 813 814
f 2119 3848 2118
f 819 821 818
f 1466 1194 1190
f 1467 1465 1466
f 1182 1468 1467
f 832 833 831
f 835 837 834
f 1467 1190 1182
f 1469 1444 1445
f 840 712 690
f 1453 1469 1454
f 599 845 846
f 1226 3880 3886
f 851 853 850
f 855 856 854
f 858 860 857
f 861 863 864
f 1014 3886 3889
f 867 868 869
f 870 872 873
f 874 876 877
f 1310 1471 1309
f 1476 1427 1475
f 1461 1475 1460
f 887 889 890
f 788 892 891
f 894 896 893
f 1460 1227 1015
f 901 524 612
f 1465 1477 1464
f 1865 3510 1864
f 911 913 914
f 916 918 915
f 1850 3517 1851
f 921 895 894
f 1479 1436 1478
f 926 667 601
f 1481 563 1480
f 269 84 1482
f 931 933 916
f 934 614 869
f 936 688 937
f 938 662 939
f 1484 122 123
f 941 835 834
f 320 509 510
f 1849 3515 1850
f 84 1484 83
f 1487 1488 539
f 1757 3512 3519
f 365 1491 364
f 461 80 511
f 117 362 1496
f 1494 541 1495
f 926 957 958
f 1477 1433 1476
f 1709 1585 1700
f 119 1496 345
f 271 504 156
f 511 189 186
f 345 1492 365
f 255 344 254
f 57 299 132
f 1501 268 1500
f 267 1499 145
f 974 976 977
f 1678 1693 1676
f 3877 1807 3871
f 557 663 558
f 983 984 985
f 1443 3880 3879
f 421 268 265
f 989 991 988
f 1490 418 1504
f 279 309 310
f 997 676 679
f 998 999 875
f 1504 38 1505
f 1506 1507 1486
f 360 1508 1506
f 1506 207 360
f 939 1006 938
f 270 1483 269
f 66 546 512
f 1010 793 935
f 367 437 1509
f 244 363 243
f 1670 3551 1669
f 209 1510 226
f 235 1512 1511
f 1511 234 235
f 388 426 425
f 427 250 237
f 161 521 231
f 100 45 44
f 1025 608 1027
f 1029 1031 1028
f 939 1033 1032
f 41 594 99
f 1036 783 1037
f 702 1038 1039
f 1040 1042 1043
f 362 369 1493
f 187 477 186
f 70 539 198
f 1511 1521 234
f 1049 603 1048
f 613 869 614
f 860 1051 857
f 1005 1053 1006
f 753 1056 1054
f 1057 1059 1055
f 293 1522 292
f 288 1521 1522
f 292 1523 329
f 331 1508 1524
f 306 453 305
f 100 41 99
f 462 78 79
f 330 1524 462
f 635 1068 636
f 1485 1526 1528
f 206 1528 1510
f 1070 1072 831
f 942 1073 1074
f 916 1075 917
f 440 1530 439
f 157 1514 285
f 1529 5 1530
f 371 546 63
f 790 663 791
f 1077 857 1078
f 1403 1435 1165
f 1080 1082 1079
f 531 1529 440
f 21 1084 1085
f 272 1531 561
f 137 396 397
f 690 802 691
f 335 3592 581
f 1090 1029 1091
f 1092 794 1042
f 1533 137 138
f 661 1095 1096
f 69 445 72
f 1099 1101 1098
f 38 1536 1505
f 1104 1106 1103
f 852 1108 853
f 1377 909 1386
f 291 411 294
f 316 516 33
f 539 1533 534
f 1505 316 313
f 1110 1112 1113
f 1539 460 264
f 522 1537 1539
f 834 1120 1119
f 1122 1124 1121
f 612 1041 901
f 935 615 614
f 276 130 131
f 1686 3534 1685
f 193 1541 273
f 231 1540 287
f 556 982 557
f 365 85 345
f 190 318 1541
f 1810 3603 3543
f 3955 3523 3822
f 1132 985 1131
f 208 102 132
f 1134 662 661
f 1491 80 77
f 429 1542 147
f 1137 915 918
f 172 428 174
f 1139 1141 1142
f 549 54 55
f 1517 1518 296
f 976 1146 938
f 834 984 941
f 1543 286 115
f 1544 239 513
f 133 1544 1542
f 506 257 258
f 420 328 401
f 1158 1160 1157
f 587 1103 588
f 1513 1514 151
f 607 1027 608
f 304 1545 303
f 364 77 506
f 69 198 139
f 1006 976 938
f 700 1112 701
f 3908 3539 3818
f 1166 657 656
f 1167 858 1077
f 1300 3538 1299
f 1172 1174 1175
f 218 200 217
f 1179 1181 1178
f 372 97 98
f 89 227 88
f 1186 1188 1189
f 172 1517 1549
f 1482 81 1498
f 1090 1193 1030
f 394 353 1551
f 526 1198 1197
f 811 858 812
f 1199 1026 1025
f 606 697 696
f 1204 1206 743
f 1207 523 526
f 1209 867 613
f 914 685 936
f 1478 1441 1477
f 1029 1161 1091
f 1211 1213 1214
f 3889 1451 3890
f 844 1216 845
f 423 273 274
f 1220 1222 1083
f 22 1224 23
f 882 897 881
f 1519 173 387
f 1189 1232 1178
f 349 550 416
f 1071 1236 1072
f 1237 1239 745
f 1221 1189 1240
f 1510 1512 333
f 939 1241 1005
f 1556 5 67
f 1553 394 1551
f 404 67 347
f 1247 1249 1246
f 142 238 92
f 1251 635 1250
f 850 1253 851
f 1254 1077 1255
f 57 133 429
f 443 552 551
f 1187 1175 1188
f 1256 831 833
f 432 382 383
f 741 747 746
f 434 351 415
f 349 383 348
f 251 1481 1480
f 395 352 353
f 1518 1550 1551
f 1558 378 340
f 109 314 315
f 285 1513 407
f 395 393 392
f 202 410 1558
f 417 405 432
f 1246 1258 1247
f 3 297 2
f 1259 1261 1262
f 403 347 284
f 955 953 952
f 462 51 330
f 1096 687 1263
f 429 60 57
f 896 1265 932
f 1267 1268 1266
f 423 327 420
f 37 180 40
f 20 1187 1186
f 1256 1071 1070
f 155 156 504
f 1188 1269 1232
f 1236 1271 1262
f 1272 535 621
f 565 463 464
f 1273 745 1239
f 876 1255 1274
f 316 164 315
f 437 503 1509
f 194 1495 197
f 1275 864 863
f 624 631 630
f 1277 1137 1278
f 569 567 566
f 1481 125 366
f 324 547 326
f 1279 1107 1280
f 1525 329 1523
f 1281 1137 918
f 171 1553 1552
f 1488 396 1533
f 1557 1562 1559
f 1282 1206 1205
f 1053 1278 1281
f 778 607 1283
f 713 3591 3596
f 251 144 124
f 4 348 383
f 709 707 706
f 728 45 246
f 261 1563 544
f 789 1287 790
f 74 263 282
f 403 385 434
f 1178 1240 1189
f 1223 1289 1224
f 158 150 151
f 1220 1186 1221
f 296 354 433
f 784 1538 1566
f 1181 1291 1222
f 1269 1257 1246
f 1566 438 399
f 136 1566 1564
f 1563 169 1565
f 107 109 108
f 1297 1298 1296
f 1464 1476 1461
f 1520 507 508
f 1301 1303 1304
f 1306 1308 1305
f 175 1532 272
f 1532 200 201
f 1311 1312 1313
f 872 1315 1316
f 1317 1318 1319
f 3867 878 3859
f 1305 864 1276
f 1040 863 1320
f 1564 399 169
f 592 1575 591
f 591 1088 689
f 1581 1583 1582
f 1196 1147 1176
f 710 583 713
f 285 408 386
f 953 961 963
f 1594 1589 1593
f 1585 1587 1586
f 1592 1590 1589
f 3916 944 3930
f 1600 1598 1597
f 1604 1602 1601
f 1399 979 980
f 1589 1596 1595
f 1610 1608 1607
f 298 361 360
f 551 276 277
f 1627 3845 3850
f 859 818 860
f 1078 1328 1329
f 1555 1530 1556
f 572 680 681
f 772 776 774
f 977 918 917
f 404 392 393
f 1054 750 753
f 1644 1643 1642
f 932 1082 933
f 1067 1334 1068
f 1540 264 114
f 597 643 1336
f 471 762 470
f 1642 3862 3873
f 1644 3873 3874
f 923 950 927
f 96 548 95
f 520 522 521
f 445 443 442
f 849 848 842
f 480 755 493
f 1646 481 1639
f 311 1567 170
f 464 3506 3504
f 3506 1361 3504
f 234 236 235
f 190 192 191
f 153 152 149
f 231 286 230
f 1552 1551 1550
f 760 1648 488
f 3863 1649 3861
f 828 826 825
f 52 166 165
f 1663 1661 1660
f 287 115 286
f 668 670 669
f 634 640 639
f 553 559 554
f 118 33 516
f 492 491 490
f 3573 1651 3574
f 582 584 583
f 384 392 415
f 1381 1383 1380
f 1562 435 436
f 952 951 947
f 3544 583 584
f 1660 1667 1666
f 1394 1396 1393
f 1660 1664 1663
f 1671 1669 1668
f 1624 1673 1672
f 1407 1409 1410
f 1677 1675 1674
f 1613 1677 1625
f 1679 1676 1677
f 1626 3842 3845
f 534 198 539
f 176 150 159
f 803 734 800
f 400 191 192
f 65 143 144
f 3540 1656 3559
f 402 157 283
f 629 627 626
f 461 49 50
f 758 495 756
f 796 786 785
f 406 1513 1560
f 342 166 167
f 1694 1658 1695
f 1692 1694 1696
f 3578 1652 3573
f 3952 1703 3954
f 326 302 90
f 3947 1702 1706
f 3950 1698 1701
f 1699 3958 3949
f 1557 1560 1561
f 1127 1117 1128
f 400 289 346
f 1706 1707 1708
f 1707 1599 1600
f 1709 1708 1588
f 1714 1711 1713
f 3950 1709 1700
f 1704 1577 1703
f 1716 1713 1715
f 1559 1549 297
f 1722 1720 1719
f 1335 596 1489
f 410 377 378
f 973 1163 972
f 168 399 398
f 1571 1089 1093
f 1572 682 1571
f 749 647 754
f 1730 1723 1729
f 1594 1729 1592
f 1729 1591 1592
f 1731 1730 1583
f 1384 1377 1379
f 1732 1712 1714
f 1724 1731 1732
f 1712 1731 1580
f 1722 1732 1733
f 1721 1733 1734
f 1734 1716 1717
f 1735 1736 1697
f 1733 1714 1716
f 1663 1741 1668
f 1742 1740 1743
f 1738 1737 1735
f 1665 1666 1740
f 1665 1744 1664
f 1725 1746 1745
f 1591 1745 1590
f 1590 1747 1596
f 1745 1748 1747
f 1659 3557 3562
f 3295 3565 3289
f 1185 1182 1190
f 1664 1749 1741
f 1741 1739 1738
f 1746 1743 1748
f 1726 1742 1746
f 1153 924 925
f 1115 1153 1154
f 1654 3604 1655
f 1896 3570 1686
f 1720 1744 1726
f 1721 1749 1720
f 1750 1701 1698
f 1697 1750 1696
f 1151 1063 1062
f 1751 1670 1671
f 1695 1752 1751
f 961 986 981
f 1770 1768 1767
f 1766 1593 1765
f 1731 1579 1580
f 1579 1774 1578
f 3959 1771 3960
f 1764 3959 3948
f 1777 1775 1774
f 3792 1699 1700
f 1004 1128 1003
f 1774 1771 1772
f 987 1399 980
f 1578 1772 1764
f 1783 1781 1778
f 1597 1770 1767
f 639 3926 3915
f 3959 1769 1770
f 1793 1789 1788
f 3960 1798 1769
f 3518 3803 1806
f 1802 3955 3953
f 1788 1794 1793
f 1793 1795 1776
f 3803 1675 1806
f 1584 1783 1789
f 1771 3951 3960
f 1801 1798 1800
f 1768 1798 1799
f 1775 1797 1771
f 508 515 1520
f 1796 1802 1797
f 1800 3951 3953
f 1794 1804 1795
f 3549 1752 3568
f 485 1807 775
f 3840 1640 768
f 3868 1810 1653
f 485 1640 1808
f 1690 3800 3802
f 487 1648 1811
f 3870 1816 3853
f 3869 1648 3861
f 3870 1811 3869
f 1812 487 1811
f 1641 767 768
f 465 755 776
f 767 3854 3839
f 3853 3857 3878
f 1809 1815 767
f 3868 1651 3871
f 675 3561 3505
f 1814 1822 1821
f 1821 3852 3851
f 1824 1649 1825
f 1827 1850 1805
f 1668 1662 1663
f 1779 1848 1828
f 1790 1805 1794
f 1833 1853 1852
f 3533 693 575
f 1614 1616 1617
f 1852 3507 3511
f 1620 1622 1623
f 1855 1574 1861
f 1847 3511 3524
f 1766 1855 1782
f 1629 1631 1628
f 1633 1634 1632
f 1635 1637 1638
f 1848 1852 1847
f 1855 1863 1862
f 1803 1867 1802
f 1862 1831 1832
f 1782 1862 1781
f 3953 1865 1800
f 1873 1870 1869
f 1874 799 804
f 2046 3928 2045
f 1219 1295 1225
f 1615 1396 1395
f 3915 1877 1876
f 645 3816 3581
f 1345 1035 1346
f 634 3915 3911
f 15 1327 14
f 3941 1878 1893
f 1894 605 1893
f 3516 627 693
f 3584 645 3581
f 340 454 1558
f 1897 195 1898
f 1889 1877 1890
f 1901 129 1900
f 196 754 232
f 1705 3952 3947
f 340 166 343
f 1570 563 561
f 1904 194 1897
f 1781 1832 1780
f 1905 55 1906
f 1000 995 996
f 986 920 987
f 1191 1190 1194
f 2095 2076 2094
f 1920 1919 1915
f 453 1912 1911
f 1915 1918 1916
f 3913 2107 3932
f 1655 3548 1868
f 1916 1926 1925
f 704 3585 703
f 278 1925 1900
f 3590 1818 1820
f 1097 1115 1114
f 1927 727 1923
f 3608 3684 3788
f 1920 307 1929
f 1929 48 728
f 503 1497 1509
f 1902 787 796
f 1816 3851 3857
f 1925 1923 1924
f 1535 1568 1534
f 254 258 255
f 1509 366 367
f 119 35 36
f 219 293 294
f 141 47 431
f 542 244 245
f 1940 430 431
f 1779 1827 1790
f 1701 3946 3950
f 1661 3526 1667
f 270 754 647
f 197 749 196
f 1727 1212 1211
f 53 232 754
f 1465 1479 1478
f 1284 3885 1293
f 1951 412 413
f 168 1554 1553
f 1486 206 207
f 506 78 361
f 994 1007 993
f 951 963 964
f 1013 3892 1351
f 3857 1820 1818
f 1498 1954 1482
f 299 543 132
f 1754 1756 1753
f 1681 1683 1682
f 1696 1695 1697
f 13 738 737
f 473 475 474
f 482 768 1640
f 204 30 205
f 1761 820 819
f 611 1125 612
f 1501 1908 1909
f 1074 711 699
f 1960 82 83
f 120 1960 123
f 35 87 34
f 1773 1025 1031
f 1965 1569 1535
f 494 471 479
f 1966 1969 1968
f 446 1971 1967
f 174 125 126
f 1580 1578 1577
f 1785 1787 1784
f 1972 304 305
f 1254 875 999
f 1973 342 514
f 321 1973 509
f 1910 275 1907
f 509 514 508
f 1486 1527 1485
f 1974 804 1975
f 1977 1974 1978
f 1980 1966 1981
f 379 2 295
f 1718 1710 1701
f 884 992 883
f 1680 1678 1679
f 902 525 524
f 344 256 299
f 135 137 136
f 236 228 333
f 448 1967 1966
f 589 604 584
f 910 908 907
f 1981 1968 1987
f 1982 1987 1979
f 1988 1987 1989
f 1990 1989 1991
f 1991 1993 1992
f 322 320 319
f 992 830 883
f 1144 1086 1143
f 1995 1978 1994
f 1133 1118 1126
f 1997 1994 1996
f 870 1335 1489
f 805 1982 1998
f 727 2000 1999
f 1996 1988 1990
f 1994 1979 1988
f 1829 792 1273
f 1830 941 983
f 798 800 799
f 729 731 730
f 2011 2023 2022
f 1834 846 1159
f 402 284 347
f 2022 2024 2025
f 1838 989 988
f 810 952 809
f 1823 1840 644
f 1430 1432 1431
f 1215 1841 1079
f 149 176 177
f 1316 873 872
f 2113 1384 2107
f 1842 1844 1845
f 1159 845 1160
f 837 1846 1120
f 1971 2030 2027
f 517 370 189
f 858 833 812
f 1471 2027 1888
f 3572 626 627
f 2176 770 490
f 935 1854 1010
f 1613 1611 1618
f 1231 1225 1295
f 1856 891 892
f 1300 748 741
f 1150 1858 1859
f 1643 696 1642
f 1215 1264 1216
f 1320 902 901
f 1956 1944 1960
f 2031 669 1474
f 2034 1310 1299
f 1879 1656 1657
f 40 242 39
f 1992 2040 1456
f 888 957 889
f 1882 1996 1990
f 1078 1255 1077
f 1871 1192 1090
f 294 218 219
f 1323 2026 1471
f 123 83 1484
f 1324 2042 1323
f 384 359 352
f 1324 2039 2036
f 1883 1885 1829
f 287 114 107
f 1096 1134 661
f 915 931 916
f 806 1981 1982
f 3550 584 604
f 1425 2043 1018
f 1018 1948 1017
f 3586 740 3531
f 1948 649 646
f 1881 1990 1991
f 1900 130 278
f 992 994 993
f 923 925 924
f 3909 2048 3907
f 1643 625 606
f 2051 2052 2050
f 2046 1404 2048
f 3907 945 3916
f 1139 1079 1841
f 1037 892 982
f 2056 2058 2057
f 1198 718 717
f 1619 1612 1611
f 2059 1606 2060
f 2060 1607 2059
f 2059 1624 1605
f 71 179 37
f 405 1557 382
f 976 1006 977
f 322 1972 1911
f 2062 2064 2063
f 2067 2068 1825
f 2053 2065 2052
f 1609 2067 1647
f 1515 152 1516
f 1009 993 1007
f 1644 3846 2119
f 279 1916 278
f 1285 3893 1284
f 1647 1825 1649
f 2057 2068 2066
f 319 1953 1952
f 667 1913 1914
f 2071 625 2049
f 2053 2056 2064
f 2039 1655 1458
f 1606 2074 2073
f 1235 1270 1236
f 2073 2076 2075
f 2060 2073 2063
f 2075 2078 2077
f 1601 2079 2074
f 2050 1643 1645
f 1000 1001 994
f 1089 684 689
f 1931 1306 1930
f 1462 1021 1022
f 1932 1934 1935
f 875 1846 998
f 1936 1937 1938
f 44 46 92
f 1534 1956 120
f 1541 317 391
f 2082 2085 2084
f 146 1959 300
f 1360 1942 1361
f 985 1032 1033
f 1995 1892 2044
f 2080 2083 2082
f 2096 2077 2078
f 2082 2079 2080
f 2056 2055 2054
f 501 2096 500
f 2098 2100 2099
f 2099 2095 2084
f 2141 3924 3897
f 2142 3925 3924
f 2052 2049 2050
f 592 2102 1576
f 2072 2077 2097
f 2103 2099 2102
f 593 2103 592
f 1019 746 747
f 1950 12 1327
f 725 2097 501
f 1385 2105 1379
f 1379 2107 1384
f 2108 2101 2098
f 3939 502 3927
f 3927 499 3932
f 940 2110 944
f 928 1170 973
f 3899 684 3930
f 1962 1964 1961
f 3909 573 3928
f 2040 1968 1969
f 1389 2111 2110
f 1398 2114 1397
f 3787 3783 3773
f 3942 2108 2104
f 949 924 1115
f 260 324 326
f 1390 2114 2111
f 2071 2065 2072
f 3898 2104 593
f 2106 1421 2115
f 2115 1423 2116
f 3923 2116 3934
f 3939 2115 3923
f 554 1902 553
f 972 967 966
f 1765 1573 1574
f 1984 1986 1983
f 2054 2070 2058
f 3602 724 714
f 1625 1674 1673
f 3912 2120 2123
f 3934 2124 3935
f 56 1906 55
f 626 3910 629
f 2001 2003 2004
f 3943 2128 3938
f 2006 2008 2009
f 2128 1412 2129
f 2014 2016 2017
f 2018 2020 2021
f 1495 1947 197
f 1379 1386 1385
f 3845 1680 1618
f 2029 1884 2028
f 3933 2121 3918
f 629 3945 3903
f 682 943 1089
f 724 2122 716
f 1757 3852 3876
f 765 3875 3840
f 3882 715 3883
f 706 3901 3903
f 981 987 980
f 1457 1656 1880
f 2017 2032 2033
f 1458 1868 1457
f 1776 1792 1793
f 1959 1946 1958
f 3693 3755 3691
f 3944 2123 3881
f 1093 689 1088
f 966 968 972
f 3883 3912 3944
f 2174 2172 2173
f 670 2138 669
f 3791 1903 233
f 1429 28 1449
f 964 978 971
f 3872 1413 2128
f 1473 669 2138
f 3865 1359 1358
f 2139 1870 2138
f 1872 2138 1870
f 715 3919 3912
f 1881 1992 1880
f 3874 739 740
f 1837 3524 3525
f 253 59 85
f 1808 3871 1807
f 1647 3849 1609
f 3896 671 668
f 2113 3914 2112
f 1405 2045 1438
f 3860 1364 1366
f 273 391 249
f 576 3532 3576
f 3906 668 2031
f 1430 2141 2140
f 2137 3891 28
f 1430 18 19
f 3924 570 695
f 1442 2047 2142
f 1431 2142 2141
f 3900 3881 2137
f 3839 1817 766
f 3897 695 671
f 2143 798 2139
f 571 2143 694
f 3850 1618 1611
f 2144 2025 2143
f 694 2139 670
f 681 2145 572
f 2145 2022 2144
f 328 457 290
f 1572 2011 2145
f 630 3934 624
f 2086 2088 2089
f 2091 2093 2090
f 572 2144 571
f 1875 2155 2150
f 1873 2150 2156
f 2104 2098 2103
f 2159 2157 2158
f 2129 1414 2121
f 3905 589 582
f 3903 628 629
f 2150 2160 2161
f 2161 3936 3921
f 698 3933 705
f 3854 3858 1817
f 2160 3905 3936
f 1438 2047 1439
f 2035 2162 2163
f 2163 3920 3917
f 3902 605 589
f 3904 18 3906
f 370 61 451
f 649 413 648
f 2155 2158 2160
f 1428 1449 1450
f 1490 73 1488
f 3921 710 633
f 2157 3922 3902
f 1456 1880 1992
f 2126 2088 2125
f 2162 3921 3920
f 300 505 323
f 1064 1046 1065
f 2044 1891 2157
f 2130 2004 2003
f 2132 2134 2135
f 3879 1450 1449
f 1998 804 805
f 3910 3895 3945
f 474 490 770
f 1164 1182 1177
f 707 3940 3901
f 708 2164 707
f 2164 3917 3940
f 548 1905 458
f 1145 1114 1171
f 705 1650 704
f 2044 1977 1995
f 737 554 559
f 1034 1191 1023
f 458 1907 275
f 195 232 233
f 2041 1969 1970
f 2146 2148 2149
f 2055 2050 1645
f 3863 1639 3849
f 9 11 10
f 252 506 258
f 472 479 471
f 1865 3822 3513
f 900 910 907
f 1941 2152 1942
f 1921 1927 1919
f 2165 1898 2117
f 271 153 178
f 1904 12 9
f 282 264 460
f 1872 2156 2035
f 1326 1897 2165
f 628 693 627
f 1724 1719 1723
f 1549 436 172
f 1582 1730 1729
f 1921 1929 1928
f 3587 10 11
f 2154 1950 1949
f 475 774 771
f 769 2173 473
f 2173 476 473
f 476 772 475
f 1791 464 1760
f 2168 2170 2171
f 595 372 98
f 483 1641 482
f 762 2175 470
f 771 484 492
f 486 1809 483
f 297 1517 296
f 763 2176 762
f 776 759 489
f 184 2178 2000
f 412 303 414
f 2005 185 224
f 3842 1682 3877
f 2166 756 764
f 1472 2163 2164
f 950 964 965
f 2179 2181 2182
f 227 1510 333
f 764 467 2166
f 2184 2186 2183
f 2188 2018 2187
f 1985 2183 1986
f 214 729 1531
f 1545 1546 1569
f 865 842 866
f 849 1357 1362
f 452 1558 454
f 559 3190 737
f 16 737 3190
f 560 498 374
f 3195 3197 3196
f 3202 3200 3201
f 3213 3215 3214
f 3217 3219 3218
f 2189 2002 2001
f 2171 2191 2192
f 2194 2086 2193
f 2195 2197 2198
f 2200 2202 2199
f 1998 1979 1975
f 3694 3698 3701
f 2117 1903 1902
f 1859 2009 1150
f 3935 2127 3937
f 1135 1087 1130
f 2203 2015 2014
f 1149 110 1858
f 3223 3220 3217
f 2205 2207 2208
f 579 1895 1019
f 1755 2210 1756
f 3922 1893 605
f 1211 2151 1727
f 868 2212 2211
f 944 930 940
f 2131 2204 2203
f 233 1898 195
f 665 750 666
f 1167 999 618
f 2213 2215 2216
f 2217 2219 2220
f 3898 590 3899
f 2222 220 2221
f 823 948 1094
f 3229 3231 3230
f 266 455 265
f 3913 2108 3914
f 2223 3531 3528
f 2225 2227 2228
f 2209 2125 2210
f 673 3900 3895
f 817 996 815
f 2229 2147 2146
f 1947 646 749
f 3931 17 3904
f 2231 1638 1381
f 1679 1618 1680
f 1637 2234 2232
f 2235 1617 1616
f 2233 2238 2239
f 1381 2240 1382
f 3616 2244 3617
f 1630 2235 1631
f 1681 472 469
f 1408 2245 2246
f 3240 3242 3241
f 3236 3244 3239
f 1637 2240 1638
f 3241 3237 3238
f 1409 1634 2247
f 1380 2249 2248
f 1628 2247 1621
f 2251 1622 1633
f 1632 1408 2246
f 2250 1631 2252
f 2237 1637 1636
f 3249 3201 3200
f 631 2072 725
f 515 52 49
f 782 2253 1251
f 2255 2257 2254
f 397 459 784
f 1456 2041 1455
f 2041 2036 1455
f 1401 2112 1398
f 2042 1970 2026
f 1535 414 1965
f 1586 2081 2080
f 2258 1132 1886
f 1700 3949 3950
f 3846 1686 3848
f 1263 1886 1096
f 598 844 599
f 2259 2261 2262
f 2260 2264 2261
f 2261 2265 2218
f 2262 2218 2217
f 1967 1970 1969
f 2214 1963 2215
f 922 2220 2219
f 1312 1101 2266
f 1307 1286 789
f 1548 1546 1972
f 2268 2270 2267
f 2267 2272 2271
f 2274 2271 2273
f 2275 2267 2274
f 2277 2279 2276
f 2280 2279 2281
f 2286 3647 3669
f 2289 2288 2283
f 2290 2285 2289
f 2292 3669 3650
f 2293 2295 2296
f 2297 2296 2281
f 2298 2293 2297
f 2299 2294 2293
f 2296 2301 2302
f 2281 2302 2280
f 2300 2304 2294
f 2294 2305 2295
f 2295 2306 2301
f 2306 2308 2301
f 2308 2302 2301
f 2310 2312 2309
f 2304 2312 2305
f 2303 2309 2304
f 2314 2309 2313
f 2315 2317 2318
f 2320 2322 2319
f 3778 2324 2325
f 2326 2275 2328
f 2315 2328 2329
f 2330 2315 2318
f 2331 2326 2330
f 2333 2335 2332
f 2332 2269 2268
f 2327 2268 2275
f 2331 2332 2327
f 2335 2337 2269
f 2338 2335 2334
f 2340 2334 2339
f 2333 2339 2334
f 2331 2341 2333
f 2330 2342 2331
f 2318 2343 2330
f 2344 2317 2345
f 2346 2348 2349
f 2343 2349 2342
f 2344 2346 2343
f 2350 2347 2346
f 2352 2354 2355
f 2341 2355 2339
f 2342 2352 2341
f 2349 2353 2352
f 2339 2356 2340
f 2355 2357 2356
f 2358 2278 2359
f 2358 2360 2361
f 2358 2298 2297
f 2281 2358 2297
f 2362 2272 2270
f 2269 2362 2270
f 2364 2366 2367
f 2364 2363 2360
f 2368 2360 2359
f 2368 2365 2364
f 2359 2370 2368
f 2368 2371 2369
f 2278 2372 2370
f 2370 2284 2371
f 2374 2376 2373
f 2377 2379 2007
f 2380 2382 2383
f 2384 2383 2385
f 2386 2380 2384
f 2387 2381 2380
f 2390 2392 2389
f 2389 2394 2393
f 2395 2389 2393
f 2396 2390 2389
f 2188 2404 2402
f 2405 2329 2328
f 2274 2328 2275
f 2273 2405 2274
f 2407 2406 2405
f 2406 2410 2329
f 2411 2413 2414
f 2411 2273 2271
f 2415 2271 2272
f 2415 2412 2411
f 2419 2418 2420
f 2419 2408 2407
f 2414 2407 2273
f 2413 2419 2414
f 2408 2409 2406
f 3596 632 713
f 2422 2399 2423
f 2422 2425 2424
f 2426 2424 2421
f 2426 2400 2422
f 2427 2394 2428
f 2423 2428 2425
f 2399 2427 2423
f 2398 2393 2427
f 2429 2317 2316
f 2429 2410 2430
f 2432 2430 2431
f 2345 2429 2432
f 2434 2432 2433
f 2433 2431 2435
f 2437 2435 2436
f 2438 2433 2437
f 2430 2409 2439
f 2424 2409 2421
f 2440 2424 2425
f 2431 2439 2440
f 2442 2435 2441
f 2443 2435 2431
f 2444 2441 2443
f 2445 2442 2441
f 2447 2446 2445
f 2449 2445 2444
f 2385 2447 2449
f 2383 2448 2447
f 2450 2425 2428
f 2451 2428 2394
f 2443 2451 2444
f 2443 2440 2450
f 2451 2392 2452
f 2452 2391 2453
f 2449 2453 2385
f 2444 2452 2449
f 2453 2455 2454
f 2454 2457 2456
f 2384 2456 2386
f 2385 2454 2384
f 2458 2375 2374
f 2461 2463 2460
f 2465 2467 2464
f 2464 2287 2286
f 2468 2286 2292
f 2469 2464 2468
f 2463 3733 3731
f 2470 2472 2473
f 2474 2473 2475
f 2476 3731 3718
f 2477 2479 2480
f 2460 2455 2481
f 2481 2391 2390
f 2397 2481 2390
f 2482 2460 2481
f 2483 2485 2480
f 2486 2487 221
f 2473 2466 2465
f 2475 2465 2469
f 2489 2468 2488
f 2488 2292 2490
f 2492 2490 2491
f 2493 2488 2492
f 2494 2469 2489
f 2495 2489 2493
f 2496 2494 2495
f 2497 2475 2494
f 3720 2476 3718
f 3721 2498 3720
f 2500 2495 2501
f 2502 2501 2503
f 3730 2500 2502
f 3717 2496 2500
f 2308 2280 2302
f 2307 2506 2308
f 2506 2509 2508
f 2508 2290 2510
f 2276 2510 2277
f 2280 2508 2276
f 3663 2491 2490
f 3650 2490 2292
f 2509 2291 2290
f 2507 2511 2509
f 2510 2289 2513
f 2513 2283 2282
f 2372 2282 2284
f 2277 2513 2372
f 2514 2491 2515
f 2516 2515 2517
f 2519 2516 2518
f 2519 2492 2514
f 2501 2493 2519
f 2501 2518 2503
f 2512 2521 2520
f 2520 2523 2522
f 3646 2522 3651
f 3662 2520 3646
f 2524 2305 2312
f 2525 2312 2311
f 2307 2524 2526
f 2526 2525 2527
f 2521 2527 2523
f 2507 2526 2521
f 2310 2529 2528
f 2528 2531 2530
f 2533 2530 2532
f 2311 2528 2533
f 1214 2152 1211
f 2421 2420 2426
f 2535 2351 2319
f 2536 2319 2322
f 2537 2535 2536
f 2538 2347 2535
f 2539 2348 2538
f 2540 2538 2537
f 2541 2539 2540
f 2542 2353 2539
f 2314 2543 2529
f 2529 2544 2531
f 2545 2436 2546
f 2547 2546 2548
f 2321 2545 2547
f 2320 2437 2545
f 2516 2550 2549
f 2549 2552 2551
f 2554 2551 2553
f 2554 2516 2549
f 2522 2556 2555
f 2555 2558 2557
f 3620 2557 3623
f 3651 2555 3620
f 2525 2533 2559
f 2559 2532 2560
f 2527 2559 2561
f 2561 2560 2562
f 2556 2562 2558
f 2523 2561 2556
f 2563 2007 2006
f 2378 2227 2379
f 2566 2568 2565
f 2565 338 2569
f 2571 2569 2570
f 2572 2565 2571
f 2574 2576 2573
f 2573 2578 2577
f 2546 2577 2548
f 2546 2574 2573
f 2580 2571 2579
f 2581 2571 2570
f 2576 2581 2578
f 2575 2579 2576
f 2583 2585 2582
f 2586 2585 2587
f 3727 2582 2586
f 3706 2582 3705
f 2584 2554 2585
f 2585 2553 2587
f 2502 2591 2590
f 2592 2591 2593
f 3723 2590 2592
f 3725 2502 2590
f 2503 2593 2591
f 2594 2596 2597
f 2388 2505 2504
f 2598 2388 2376
f 2598 2375 2599
f 2601 2599 2600
f 2601 2381 2598
f 2602 2382 2601
f 2602 2600 2603
f 2605 2603 2604
f 2605 2448 2602
f 2606 2604 2607
f 2442 2607 2436
f 2446 2606 2442
f 2608 2583 2609
f 2608 2592 2593
f 2593 2584 2608
f 3706 2458 3719
f 3719 2374 3723
f 2480 2610 2483
f 2611 2613 2201
f 2566 2615 2614
f 2614 2600 2599
f 2459 2599 2375
f 2567 2614 2459
f 2616 2572 2580
f 2617 2580 2575
f 2604 2616 2617
f 2603 2615 2616
f 2574 2607 2618
f 2618 2604 2617
f 2575 2618 2617
f 1459 1045 1021
f 1265 1079 1082
f 1612 1609 1611
f 2068 2070 2069
f 1135 1136 1148
f 1938 2620 2619
f 95 458 128
f 2059 1608 1612
f 1454 1445 1367
f 655 1048 2621
f 722 2623 723
f 1131 1033 1134
f 562 366 1497
f 1723 1725 1591
f 1786 1122 1787
f 267 323 266
f 1325 1654 2039
f 1468 1435 1479
f 658 529 528
f 8 247 7
f 382 1559 3
f 788 1307 789
f 940 929 928
f 911 2625 912
f 2623 655 654
f 2626 2627 2628
f 998 27 26
f 635 2628 2627
f 2629 644 1840
f 2630 1840 2631
f 1200 2629 2630
f 1199 641 2629
f 1520 49 477
f 1452 1349 1451
f 2632 1859 1858
f 644 1335 1823
f 1197 717 2634
f 2634 719 1166
f 2630 1166 1200
f 2631 2634 2630
f 1762 1050 821
f 1823 873 1839
f 2636 794 652
f 1028 1027 1161
f 1042 2637 1043
f 93 1901 1924
f 2036 1458 1455
f 1527 1525 1526
f 877 1274 1277
f 134 797 1544
f 1328 931 1329
f 607 1091 1161
f 1043 2639 2638
f 2638 2641 2640
f 1275 2640 1276
f 1275 1043 2638
f 1272 2628 2642
f 2642 638 637
f 1110 2642 637
f 536 2642 2643
f 1472 1474 1473
f 2043 1951 649
f 1058 1105 1059
f 2644 2645 2646
f 1192 2646 1193
f 912 2644 1192
f 3929 3540 3816
f 1049 2622 2623
f 616 1885 613
f 1331 666 750
f 990 1198 525
f 1911 321 322
f 1298 1205 2647
f 76 1504 75
f 1502 421 422
f 610 658 691
f 1146 659 938
f 2648 914 936
f 1280 1238 1279
f 975 2649 2650
f 2649 975 974
f 1453 1452 1451
f 1514 158 151
f 835 1843 1842
f 1271 1173 1289
f 2651 813 2652
f 1893 1826 1894
f 1050 1937 1051
f 2653 814 813
f 1006 1281 977
f 2655 2656 2657
f 1001 1003 1002
f 585 679 558
f 2626 621 620
f 555 2028 556
f 1207 1197 2631
f 1626 478 472
f 426 419 1567
f 1030 1773 1031
f 3929 634 3911
f 534 138 262
f 1125 1042 1041
f 333 88 227
f 569 561 730
f 1489 871 870
f 1857 620 891
f 1673 3800 3793
f 622 864 1308
f 2649 974 2659
f 619 891 620
f 261 545 262
f 393 1556 404
f 2660 2649 2659
f 1075 2659 917
f 1081 2660 1075
f 1080 2661 2660
f 2646 1141 2662
f 2662 1140 1336
f 642 1336 643
f 1193 2662 642
f 679 555 558
f 1503 1500 1502
f 1318 1101 1100
f 2663 1139 1142
f 2663 2665 2664
f 2664 2661 2663
f 2664 2624 2666
f 2666 911 2648
f 2650 2648 1146
f 2650 2664 2666
f 2084 2094 2082
f 1442 1437 1439
f 519 330 51
f 1885 1209 613
f 799 805 804
f 1946 1952 1953
f 1302 1253 1252
f 566 224 533
f 1389 928 1388
f 683 681 680
f 836 1842 2667
f 2667 1845 1303
f 2668 1303 1302
f 24 2667 2668
f 831 2652 832
f 1845 1304 1303
f 2010 2012 2011
f 1051 2669 2670
f 1522 1511 1523
f 531 441 522
f 782 1251 1250
f 1250 2627 2671
f 2671 1857 1856
f 783 1856 1037
f 782 2671 783
f 720 2673 721
f 1055 1930 1056
f 1333 1251 2253
f 619 1308 1307
f 652 2621 2636
f 521 1539 1540
f 1838 537 2674
f 2674 536 2643
f 1113 2643 1110
f 1113 1838 2674
f 1016 1351 1045
f 3928 570 3925
f 226 104 101
f 3589 3858 1818
f 1036 1884 1883
f 2676 1304 2675
f 2675 1844 2677
f 1334 2677 1039
f 1333 2675 1334
f 2678 1039 2677
f 1843 2677 1844
f 942 2678 1843
f 1074 702 2678
f 811 859 858
f 752 1055 753
f 1200 656 1026
f 1120 874 2679
f 2679 877 1052
f 1241 1052 1005
f 1119 2679 1241
f 1560 151 1515
f 1208 611 523
f 215 736 214
f 1460 1462 1461
f 1208 1839 873
f 854 1282 1297
f 72 182 179
f 544 1565 512
f 217 456 457
f 2048 930 945
f 1204 1937 2635
f 913 686 685
f 840 1113 1112
f 1531 730 561
f 2680 1283 801
f 601 1914 602
f 1537 459 460
f 1819 3519 3542
f 991 862 538
f 2681 1073 1830
f 2682 983 2258
f 779 2258 1263
f 778 2682 779
f 2680 1830 2682
f 180 245 40
f 1886 1131 1134
f 1138 1274 1255
f 1841 1140 1139
f 75 314 74
f 193 420 192
f 2683 1099 1098
f 170 1565 169
f 349 417 432
f 1121 2686 2685
f 547 409 302
f 123 121 120
f 2645 1142 1141
f 1542 513 1543
f 899 907 919
f 1210 676 867
f 791 982 892
f 24 837 836
f 893 932 931
f 1860 863 862
f 535 862 861
f 832 813 812
f 2652 813 832
f 1569 1547 1568
f 181 542 180
f 660 937 688
f 2013 568 2012
f 887 2633 2632
f 1524 361 78
f 520 162 1529
f 2655 854 2687
f 1238 2657 2688
f 718 527 530
f 1492 518 1491
f 792 615 793
f 599 1835 596
f 290 456 175
f 312 1552 425
f 1248 1179 1249
f 153 177 178
f 1240 1222 1221
f 1257 1235 1071
f 1291 1083 1222
f 1052 1277 1053
f 743 2620 1204
f 444 430 443
f 23 1172 1187
f 2689 1180 1179
f 102 409 134
f 1283 610 801
f 373 650 651
f 1180 1084 1291
f 855 2657 1237
f 1173 1917 1174
f 2691 853 2690
f 2690 1108 1279
f 2688 1279 1238
f 2689 2690 2688
f 2693 1252 2692
f 2692 850 2691
f 1248 2691 2689
f 1248 2693 2692
f 2694 24 2668
f 2693 2668 1302
f 1247 2694 2693
f 1258 617 2694
f 394 1555 393
f 2695 1259 1223
f 1072 1262 1261
f 1257 1168 1258
f 398 1555 1554
f 871 1314 872
f 1178 1249 1179
f 1224 1173 1172
f 1010 2620 742
f 1175 1292 1269
f 2656 2688 2657
f 2696 1216 1264
f 71 1487 70
f 701 1111 1038
f 1072 2651 2652
f 1085 22 21
f 895 1264 896
f 1601 1605 1604
f 1259 1271 1289
f 21 1220 1083
f 988 538 537
f 598 1336 1140
f 820 1762 821
f 1050 818 821
f 1298 1761 2654
f 1168 618 617
f 858 1256 833
f 39 516 1536
f 2654 819 814
f 313 315 314
f 2026 1971 2027
f 2658 596 1835
f 814 818 811
f 2698 813 2651
f 1260 2651 1261
f 2695 2698 1260
f 2699 2653 2698
f 381 390 380
f 3849 1611 1609
f 1475 1428 1227
f 1292 1917 1235
f 1551 354 1518
f 1526 1523 1511
f 1593 1595 1573
f 1232 1246 1249
f 2697 1223 22
f 2700 1296 2699
f 2700 2695 2697
f 2687 2697 1085
f 2687 1297 2700
f 562 271 272
f 2654 1296 1298
f 1365 1364 1363
f 1958 1953 1957
f 585 2212 997
f 1561 1515 435
f 975 1146 976
f 347 68 346
f 1038 636 1068
f 2702 780 2701
f 2701 1036 1883
f 2703 1883 1829
f 851 2701 2703
f 2676 2253 2704
f 2704 781 2702
f 1253 2702 851
f 1301 2704 1253
f 1519 388 1550
f 1273 1280 2705
f 2705 1107 852
f 2703 852 851
f 1829 2705 2703
f 91 326 90
f 1784 2658 1785
f 2685 2707 2706
f 604 3509 3550
f 1669 3569 1662
f 2063 2061 2060
f 621 861 622
f 2023 732 2024
f 686 1263 687
f 857 2670 1328
f 883 882 879
f 637 1111 1110
f 2670 893 1328
f 2669 894 2670
f 1039 1068 1334
f 313 1504 1505
f 1911 305 453
f 1936 1964 2214
f 2709 2403 2185
f 2710 2185 2184
f 738 2117 554
f 2351 2434 2438
f 2713 2020 2019
f 2402 2019 2188
f 2716 2718 2715
f 2719 2721 2722
f 2723 2725 2726
f 2728 2730 2727
f 2727 2732 2731
f 2733 2731 2711
f 2734 2727 2733
f 2736 2738 2735
f 2740 2742 2739
f 2739 2743 2744
f 2746 2748 2745
f 2747 2750 2749
f 2751 2749 2753
f 2755 2753 2754
f 2252 2248 2250
f 2756 1614 2757
f 3628 2757 3639
f 3638 2749 3639
f 1617 2757 1614
f 2244 1620 2759
f 2193 2762 2761
f 2763 2762 2764
f 3678 2763 3679
f 3653 2761 3678
f 3211 3225 3227
f 1395 2238 2237
f 1395 1636 1615
f 1616 2231 2235
f 1617 2765 2758
f 2758 3658 3638
f 2767 2236 1630
f 2768 3658 3652
f 3204 3250 3251
f 1516 435 1515
f 2770 3573 3574
f 1495 578 1424
f 2136 28 17
f 3541 2775 2776
f 1690 3957 3956
f 2780 2782 2779
f 2779 2783 2784
f 2786 2779 2785
f 3576 575 576
f 1494 9 540
f 3544 2015 3591
f 451 505 450
f 2788 2790 2787
f 2781 2787 2782
f 2791 2743 2742
f 2792 2754 2791
f 2794 2796 2793
f 2795 2798 2796
f 2798 2752 2751
f 2796 2751 2755
f 2800 1396 2756
f 3621 2756 3628
f 2800 2802 1393
f 3621 2801 2800
f 2799 2797 2803
f 2793 2755 2792
f 216 232 54
f 3835 2809 3834
f 3836 2806 3834
f 2771 3578 3573
f 183 184 97
f 2813 2777 2778
f 2806 2778 2807
f 2811 2813 2806
f 2814 2815 2816
f 3836 2818 3826
f 3827 2817 3826
f 3829 2822 2823
f 3824 2821 3829
f 2826 2737 2821
f 2825 2826 2821
f 2827 2828 2726
f 3824 2829 3823
f 3827 2828 3823
f 2715 2831 2830
f 2830 2833 2832
f 2824 2830 2832
f 2823 2715 2830
f 2834 2824 2832
f 2835 2832 2833
f 2836 2834 2835
f 2837 2829 2834
f 2839 2841 2838
f 2838 2843 2842
f 2844 2842 2729
f 2845 2838 2844
f 2842 2847 2846
f 2720 2847 2721
f 2732 2846 2720
f 2729 2846 2730
f 2848 2721 2847
f 2848 2843 2849
f 2831 2849 2833
f 2831 2718 2848
f 2849 2841 2850
f 2850 2840 2851
f 2835 2851 2836
f 2833 2850 2835
f 2852 2853 2854
f 2855 2854 2856
f 2785 2784 2857
f 2787 2855 2858
f 2782 2858 2783
f 2859 2857 2784
f 2861 2784 2783
f 2863 2844 2862
f 2862 2729 2728
f 2864 2728 2734
f 2865 2862 2864
f 2863 2860 2859
f 2845 2859 2861
f 2858 2856 2866
f 2783 2866 2861
f 2839 2861 2866
f 2840 2866 2856
f 2854 2836 2851
f 2856 2851 2840
f 2867 2820 2837
f 2853 2837 2836
f 2815 2817 2867
f 2816 2867 2853
f 2868 2816 2852
f 2790 2852 2855
f 2868 2789 2869
f 2814 2869 2777
f 1892 1890 1891
f 2722 2848 2872
f 298 256 257
f 2874 2715 2822
f 3825 2737 2736
f 2731 2876 2875
f 2848 2717 2872
f 2878 2880 2877
f 2735 2880 2736
f 3837 2881 2882
f 3837 2874 3825
f 2884 2886 2883
f 2883 2717 2716
f 2882 2716 2874
f 2881 2883 2882
f 2887 2889 2890
f 2890 2892 2887
f 2887 2894 2893
f 2895 2887 2893
f 1942 2534 2896
f 2897 2722 2872
f 2886 2872 2717
f 2885 2897 2886
f 2898 2894 2897
f 2891 2719 2892
f 2892 2722 2894
f 2899 2893 2898
f 2900 2898 2885
f 2901 2885 2884
f 2902 2884 2881
f 3828 2881 3838
f 2878 2903 2879
f 2903 2906 2905
f 1785 1835 1834
f 2907 2901 2902
f 2909 2899 2900
f 3828 2905 3830
f 632 577 633
f 3549 2869 2789
f 434 550 350
f 2770 3670 3673
f 2912 1623 2251
f 2243 2760 2244
f 3670 2915 3682
f 1623 2759 1620
f 3617 2759 3682
f 2231 1380 2252
f 2767 1629 2916
f 2917 1629 2914
f 3672 2916 2917
f 3671 2767 2916
f 2921 3672 3643
f 2920 2914 2243
f 3644 2243 3616
f 3648 3643 3700
f 3561 2182 3505
f 3533 2190 3516
f 3735 714 3882
f 2927 2919 2926
f 2926 2918 2921
f 3640 2921 3648
f 3641 2926 3640
f 2928 2768 2927
f 3688 2927 3641
f 1715 1705 1710
f 785 498 796
f 1387 565 1791
f 374 1899 560
f 3602 2208 3577
f 2931 2888 2895
f 2934 2936 2933
f 1905 1908 1907
f 2932 2938 2939
f 2940 2932 2931
f 1493 517 518
f 1603 1586 1602
f 2941 2931 2910
f 2942 2910 2909
f 3695 1600 3691
f 2888 2939 2889
f 2908 2900 2901
f 2910 2895 2899
f 2944 2935 2943
f 2943 2939 2938
f 3511 2938 3524
f 3507 2943 3511
f 2945 2712 2875
f 2945 2876 2891
f 2947 2891 2890
f 2948 2945 2947
f 2934 2890 2889
f 2933 2947 2934
f 727 1929 728
f 2905 2949 2950
f 545 42 262
f 1480 533 251
f 2909 2951 2942
f 2908 2952 2951
f 1558 215 202
f 3830 2950 3832
f 2055 1644 2119
f 3735 2205 3602
f 1828 1849 1827
f 2955 2957 2954
f 2954 2959 2958
f 2958 2260 2954
f 2955 2260 2259
f 2456 2476 2498
f 3777 2961 3796
f 3777 2132 3767
f 2963 2965 2960
f 2960 2966 2961
f 222 2487 2967
f 2479 2968 2610
f 2633 2006 1859
f 2386 2498 2499
f 2969 2961 2966
f 2970 2972 2971
f 3789 2973 3814
f 3814 2962 3796
f 2974 2033 2032
f 2007 2975 2008
f 3583 2135 2134
f 1836 1832 1831
f 3516 2091 3572
f 955 959 956
f 672 674 673
f 633 713 632
f 2024 733 803
f 2025 803 798
f 425 1550 388
f 2977 888 887
f 1319 1157 2696
f 1212 2979 1213
f 889 2230 2229
f 1978 1975 1979
f 1138 1329 915
f 751 2981 2980
f 1619 1625 1624
f 2254 1728 1727
f 1157 845 1216
f 2708 1938 2619
f 2982 2256 2983
f 2984 887 2632
f 802 711 2681
f 678 2029 2028
f 527 690 528
f 1839 2631 1840
f 2985 602 1914
f 2985 1913 1331
f 2987 1331 1054
f 2988 2985 2987
f 2989 2637 2636
f 2987 2641 2988
f 2992 1318 2991
f 2993 2995 2996
f 2997 2996 2998
f 1106 2993 2997
f 1058 2994 2993
f 1415 1365 1367
f 1317 2219 2999
f 1932 2257 2982
f 926 3001 664
f 3003 2994 3002
f 3002 1057 2980
f 3001 2980 2981
f 3000 3002 3001
f 3004 2211 3005
f 3004 2998 2996
f 2995 3004 2996
f 3003 3000 3004
f 1103 2997 3006
f 3006 2998 3005
f 2211 3006 3005
f 588 3006 2212
f 295 433 381
f 2640 2990 3007
f 3007 1056 1930
f 1305 1930 1306
f 1276 3007 1305
f 1987 1993 1989
f 2635 1761 2647
f 1423 1417 1419
f 3585 739 703
f 2673 2706 2707
f 1473 2035 1472
f 922 2696 895
f 1401 1378 1384
f 556 1884 1037
f 842 3856 3867
f 1854 2619 1010
f 933 1081 1075
f 1440 1436 1437
f 529 719 530
f 1031 1027 1028
f 777 912 1871
f 2647 1204 2635
f 441 1538 1537
f 790 587 586
f 2066 1610 1607
f 1860 990 902
f 60 87 59
f 1424 1948 1947
f 332 1507 331
f 261 138 135
f 187 449 507
f 1719 1726 1725
f 1931 1059 3008
f 3008 1105 1104
f 1287 1104 587
f 1286 3008 1287
f 3009 3011 3012
f 3011 653 795
f 618 26 25
f 2029 1210 1209
f 957 600 2230
f 1049 2230 600
f 2633 3013 2563
f 890 2229 3013
f 3013 2146 3014
f 2563 3014 2377
f 1026 609 608
f 2708 1961 1964
f 3015 2487 3016
f 2149 1267 3017
f 3017 1266 1311
f 2999 1101 1317
f 642 1773 1193
f 186 461 511
f 1041 1320 901
f 1121 3019 1122
f 2986 2989 3020
f 3020 2636 2621
f 1048 3020 2621
f 603 2986 3020
f 2681 801 802
f 2063 2075 2062
f 2062 2077 2065
f 414 1545 1965
f 3018 2685 3021
f 3021 2706 2672
f 3022 2672 720
f 3009 3021 3022
f 1871 1091 777
f 3023 1122 3019
f 3024 3019 3012
f 1314 3024 1315
f 1784 3023 1314
f 1316 1763 611
f 3025 3012 3011
f 3025 795 1092
f 1763 1092 1125
f 1315 3025 1763
f 3018 3012 3019
f 752 2980 1057
f 2988 2639 2989
f 3026 653 3010
f 3022 3010 3009
f 720 3026 3022
f 723 654 3026
f 2683 1268 3027
f 2673 1268 721
f 2707 3027 2673
f 1313 3029 1311
f 3028 3031 3029
f 3029 3032 3033
f 1311 3033 3017
f 2012 731 2023
f 917 974 977
f 743 856 744
f 1888 2030 1425
f 2684 2686 3034
f 3034 1124 2991
f 1100 2991 1318
f 1099 3034 1100
f 1123 2991 1124
f 3035 1159 1158
f 2992 1158 1319
f 1123 3035 2992
f 1786 1834 3035
f 1054 2990 2987
f 2981 664 3001
f 2625 2665 2645
f 1095 688 687
f 3036 2263 2958
f 3038 2958 2959
f 3039 3036 3038
f 3040 3037 3036
f 3042 3028 1313
f 2265 3043 3042
f 3044 3045 3043
f 3043 3030 3028
f 3046 3045 3041
f 3048 3047 3046
f 3049 3051 3047
f 3045 3051 3030
f 3040 3053 3052
f 3052 3055 3054
f 3054 3046 3052
f 3041 3052 3046
f 3056 3041 3044
f 3044 2264 3056
f 2263 3056 2264
f 2218 2999 2219
f 2214 2669 1936
f 3058 2211 3057
f 934 1961 1854
f 2013 3787 567
f 3060 3062 3063
f 3061 3065 3062
f 3062 2215 1963
f 3063 1963 1962
f 3065 2216 2215
f 3064 3066 3065
f 3067 2262 3066
f 3066 2217 2216
f 3068 3033 3032
f 2610 3069 3068
f 2968 3070 3069
f 3033 3070 3017
f 2457 2463 2476
f 2478 2228 2479
f 3572 2090 3539
f 3541 3799 3817
f 433 355 381
f 2116 1419 2124
f 3519 2924 3542
f 3799 2132 2135
f 3071 2169 2168
f 2973 2930 2962
f 2963 2775 2964
f 3072 2480 2485
f 2612 3073 2956
f 2504 2376 2388
f 3074 2597 3075
f 2966 3054 2969
f 3050 3076 3051
f 2595 3077 3076
f 3077 3031 3076
f 3076 3030 3051
f 3074 3077 2594
f 3078 2484 2483
f 2483 3068 3078
f 3078 3032 3077
f 2969 3055 2972
f 2484 3075 2485
f 479 493 494
f 706 3904 709
f 3585 2223 3528
f 2013 3784 3785
f 3550 2016 3544
f 3586 2224 2976
f 1171 1155 1176
f 2588 2567 2589
f 2984 113 2486
f 2564 3079 3070
f 2378 3014 3079
f 3014 2149 3079
f 3079 3017 3070
f 2965 3048 2966
f 3053 2972 3055
f 1683 491 775
f 3881 1447 3891
f 1986 3764 3798
f 3081 2548 2577
f 3083 2577 2578
f 1983 3798 3795
f 3084 2321 2547
f 3082 2547 2548
f 3764 3084 3082
f 3762 2325 3084
f 1309 1888 748
f 3075 2774 2773
f 2762 3086 2764
f 2762 2089 3085
f 3087 3088 3089
f 3091 3092 3090
f 3091 3086 3087
f 3094 3092 3093
f 3095 2746 2745
f 2753 2750 3095
f 3095 2754 2753
f 2744 3095 3096
f 3096 2745 3097
f 3098 3100 3089
f 3101 3089 3088
f 3099 3097 3100
f 3102 2748 3103
f 3103 3104 3102
f 2766 2929 3103
f 2747 3103 2748
f 3104 3093 3102
f 3102 3097 2745
f 2871 3622 3664
f 3104 3106 3094
f 3688 2871 3664
f 2929 3105 3104
f 3100 3093 3092
f 3089 3092 3087
f 2089 3107 3085
f 3085 3088 3086
f 2485 2773 3072
f 2403 2187 2323
f 3101 3107 3108
f 2126 3108 3107
f 3110 2744 3109
f 3109 3096 3099
f 3112 3109 3111
f 3111 3099 3098
f 3113 3098 3101
f 3114 3111 3113
f 3115 2739 3110
f 3117 2724 3116
f 3119 3116 3118
f 3121 3118 3120
f 3120 3122 3123
f 3118 3115 3122
f 3124 3113 3125
f 3124 1755 1754
f 3126 3128 3129
f 3127 3123 3128
f 3130 3120 3127
f 3131 3127 3126
f 2020 3130 3131
f 3884 1346 1352
f 1065 1047 1066
f 1814 3861 1649
f 2021 3131 3132
f 3113 3108 3125
f 3125 2209 1755
f 2379 2226 2975
f 3016 113 112
f 1756 3812 3797
f 3133 2532 2530
f 3135 2530 2531
f 1753 3797 3805
f 3136 3129 3137
f 2329 2316 2315
f 2438 2319 2351
f 2018 3741 3742
f 2536 3139 2537
f 2322 3138 2536
f 2187 3742 3801
f 3140 2544 2541
f 3136 3774 3775
f 3815 3136 3775
f 3142 2541 2540
f 2537 3142 2540
f 3741 3132 3815
f 2560 3134 3143
f 3812 3143 3134
f 2562 3143 3144
f 3790 3144 3143
f 958 2978 2983
f 1933 2982 3145
f 2401 2420 2418
f 2350 2345 2434
f 2324 2321 2325
f 2720 2876 2732
f 2711 2875 2712
f 2896 1361 1942
f 346 176 347
f 1876 1882 1881
f 2804 3637 3622
f 3106 3090 3094
f 2976 3679 3633
f 3091 2763 2764
f 3090 3147 3091
f 2805 3633 3637
f 3901 692 628
f 2124 1418 2127
f 1365 1368 1367
f 1581 1782 1783
f 3596 2130 3532
f 3576 2002 3533
f 3148 2553 3149
f 3781 3149 3780
f 3772 3148 3781
f 3151 2587 3148
f 3198 3199 3197
f 3634 2193 3653
f 3144 2558 2562
f 3807 3152 3144
f 3676 2552 3623
f 3152 2557 2558
f 3808 3153 3152
f 3819 3154 3676
f 3155 2553 2551
f 3154 2551 2552
f 3811 3155 3154
f 3806 3149 3155
f 3150 2208 2207
f 2185 2323 2186
f 2133 2930 2134
f 3714 2206 2205
f 3749 2199 3751
f 2596 2775 2953
f 2597 2953 2774
f 1870 799 1869
f 3743 2180 3736
f 3736 3766 3821
f 336 3804 3752
f 339 3156 336
f 3820 3151 3772
f 3713 2586 3151
f 2965 3050 3049
f 3752 337 336
f 339 2568 2588
f 3158 2170 2169
f 2612 2169 2613
f 2956 3158 2612
f 3159 2955 2259
f 3737 2171 3739
f 2569 3161 2570
f 337 2569 338
f 3760 2168 3737
f 3794 1983 3795
f 2581 3083 2578
f 2570 3162 2581
f 3739 2192 3794
f 3067 3164 3163
f 3163 1984 2191
f 3159 2191 2170
f 2259 3163 3159
f 734 1922 806
f 3061 2710 3165
f 3165 2184 1985
f 3164 1985 1984
f 3064 3165 3164
f 3205 3207 3206
f 2123 1448 1447
f 3848 1685 3843
f 139 444 69
f 1570 566 533
f 2959 3167 3038
f 2957 3166 2959
f 1912 341 1973
f 3132 3126 3136
f 1548 319 1547
f 1949 1327 1887
f 2971 3080 3169
f 3169 3171 3170
f 3754 2017 3750
f 3750 2033 3789
f 3170 3167 3172
f 3172 3166 3173
f 3809 3173 3786
f 3754 3172 3809
f 3173 3168 3174
f 3174 3073 3175
f 3782 3175 3779
f 3786 3174 3782
f 3171 3038 3167
f 2595 2964 2596
f 3175 2611 3176
f 3176 2201 2200
f 3813 2200 3749
f 3779 3176 3813
f 2192 1984 1983
f 2198 2769 3150
f 2120 1414 1448
f 1464 1466 1465
f 2201 3071 2202
f 2459 2589 2567
f 2228 2564 2968
f 481 1627 1639
f 333 235 236
f 3080 3039 3171
f 3042 2999 2265
f 2221 1933 2222
f 2387 2499 2505
f 221 3177 2486
f 2222 3145 3177
f 3177 2978 2977
f 2486 2977 2984
f 2956 3168 2957
f 2632 110 2984
f 1547 1952 1955
f 2092 2190 2189
f 3763 2180 2179
f 1918 1927 1926
f 3588 111 3522
f 955 960 954
f 2037 112 3588
f 3145 2983 2978
f 2220 2216 2217
f 672 3818 3561
f 2153 3016 2037
f 1147 1143 1145
f 2250 1409 2247
f 1615 1635 1616
f 1410 2248 2249
f 3245 3246 3244
f 3179 1383 1382
f 2240 3178 1382
f 3178 2232 3180
f 1410 3181 1407
f 3181 2245 1407
f 1633 2802 2251
f 1621 2760 2914
f 1622 2247 1634
f 2238 3183 3184
f 2239 3184 3185
f 2252 2235 2231
f 2914 1628 1621
f 135 1564 1563
f 1567 512 1565
f 1085 2655 2687
f 3186 868 3058
f 869 3059 934
f 1266 1098 1312
f 1267 722 721
f 937 2648 936
f 2147 722 2148
f 2213 921 2669
f 1957 507 449
f 1313 2266 3042
f 1496 1493 1492
f 2683 2707 2684
f 2889 2935 2934
f 1687 1659 1694
f 145 1498 81
f 1317 1319 2696
f 37 418 71
f 1935 3187 2979
f 104 301 103
f 2102 2084 2085
f 543 360 207
f 1934 3188 3187
f 234 212 237
f 3876 1822 1824
f 1976 1874 1974
f 223 2221 220
f 3685 3635 3642
f 468 773 2167
f 1935 1728 1932
f 3244 3230 3239
f 3267 3255 3266
f 3217 3248 3270
f 3271 3217 3270
f 3273 3200 3198
f 3207 3275 3261
f 3216 3271 3276
f 3277 3216 3194
f 3257 3243 3240
f 3224 3272 3278
f 3236 3238 3237
f 3218 3247 3248
f 3198 3274 3273
f 3248 3260 3261
f 3242 3251 3250
f 3270 3261 3275
f 3259 3218 3219
f 3213 3223 3271
f 3263 3220 3262
f 3264 3278 3265
f 3280 3287 3279
f 3232 3268 3269
f 3281 3288 3287
f 3230 3279 3287
f 3240 3266 3257
f 3288 3240 3241
f 3295 3194 3191
f 3239 3287 3238
f 3238 3288 3241
f 3296 3265 3278
f 3266 3283 3257
f 3297 3285 3292
f 3212 3227 3290
f 3201 3203 3202
f 3232 3234 3233
f 3298 3293 3294
f 3289 3277 3295
f 3266 3268 3267
f 3247 3274 3260
f 3273 3245 3236
f 3196 3210 3195
f 3193 3275 3208
f 3276 3194 3216
f 3281 3234 3235
f 3270 3276 3271
f 3258 3283 3300
f 3252 3300 3225
f 3215 3286 3284
f 3278 3297 3296
f 3284 3214 3215
f 3232 3288 3235
f 3222 3259 3221
f 3221 3219 3263
f 3262 3224 3264
f 3251 3258 3252
f 3249 3236 3237
f 3272 3214 3297
f 3210 3261 3260
f 3296 3292 3293
f 3206 3210 3209
f 560 3189 559
f 3211 3203 3204
f 3191 3193 3192
f 448 807 447
f 647 122 270
f 1833 1780 1832
f 510 508 507
f 3212 1887 3203
f 1887 3202 3203
f 15 3199 3202
f 16 3197 3199
f 3197 3189 3196
f 3196 1899 3209
f 3209 375 3206
f 387 126 127
f 3191 1760 3295
f 3607 757 758
f 763 2174 2177
f 3613 3610 3611
f 3611 3609 3608
f 3624 3626 3625
f 3409 3632 3410
f 3656 3655 3657
f 3661 3629 3631
f 3666 3625 3626
f 3677 3618 3675
f 3680 3614 3677
f 3683 3610 3681
f 3683 3684 3609
f 1801 3686 3685
f 3681 3612 3680
f 3674 3625 3667
f 1767 3689 3690
f 1597 3691 1600
f 1708 3695 3694
f 3701 3697 3696
f 3696 3703 3702
f 1588 3694 1587
f 2081 3696 2083
f 2083 3702 2085
f 3704 3665 3661
f 3707 3666 3665
f 3712 3675 3711
f 3722 3680 3716
f 3711 3674 3710
f 786 3722 785
f 3724 3681 3722
f 785 3716 497
f 497 3712 650
f 650 3711 564
f 3726 3711 3710
f 3414 3635 3411
f 3732 3708 3707
f 3729 3709 3708
f 3675 3668 3674
f 1799 3689 1768
f 3738 3467 3469
f 3471 3738 3469
f 3744 564 3726
f 3645 3632 3630
f 3740 3726 3728
f 3665 3626 3629
f 3659 3657 3660
f 3627 3629 3626
f 3660 3745 3659
f 3657 3627 3624
f 3747 3753 3748
f 3745 3690 3659
f 3746 3755 3745
f 3698 3691 3755
f 3698 3747 3697
f 3697 3748 3703
f 3757 3703 3748
f 3758 3702 3703
f 3756 3748 3753
f 1576 2085 3702
f 3757 3761 3759
f 3205 1387 3192
f 3192 1791 3191
f 3290 1949 3212
f 317 259 391
f 2000 3683 3724
f 3631 3630 3632
f 3619 3614 3615
f 3607 756 2172
f 3615 3612 3613
f 3708 3667 3666
f 3206 376 3205
f 1801 3687 1799
f 3759 3758 3757
f 1575 3768 1088
f 3765 1576 3758
f 1776 1796 1775
f 1293 1290 1284
f 1326 1327 12
f 1294 1234 1290
f 878 1330 1337
f 497 374 498
f 122 413 121
f 3729 3734 3738
f 3636 3410 3632
f 3738 3728 3729
f 3473 3740 3471
f 3734 3452 3467
f 439 399 438
f 1512 1526 1511
f 1668 1738 1671
f 839 1362 838
f 1362 826 1012
f 3874 1896 3846
f 2054 2119 2118
f 3919 2121 2120
f 696 3847 3862
f 1826 639 640
f 3770 3759 3761
f 956 886 960
f 1980 1922 807
f 33 105 164
f 1343 3887 3888
f 3938 2129 3933
f 1766 1582 1594
f 14 2165 738
f 595 99 594
f 3237 3250 3249
f 1346 1044 1352
f 748 1425 747
f 3195 3260 3274
f 3192 3208 3205
f 3642 3636 3645
f 3654 3645 3655
f 3661 3452 3704
f 3709 3674 3667
f 3716 3677 3712
f 3732 3704 3734
f 3655 3630 3627
f 3631 3424 3661
f 3769 3765 3759
f 3660 3624 3771
f 3771 3746 3660
f 1284 1288 1285
f 3728 3710 3709
f 1778 1780 1779
f 1792 1584 1789
f 695 571 694
f 3668 3624 3625
f 3771 3618 3619
f 3251 3211 3204
f 3301 3303 3304
f 3305 3307 3308
f 3308 3309 3310
f 3311 3313 3314
f 3315 3317 3318
f 3316 3320 3317
f 3312 3310 3309
f 3321 3313 3322
f 3323 3325 3326
f 3327 3329 3330
f 3333 3330 3334
f 3335 3337 3332
f 3338 3340 3341
f 3342 3344 3345
f 3346 3348 3349
f 3342 3350 3351
f 3351 3352 3353
f 3328 3353 3352
f 3347 3343 3348
f 3355 3311 3356
f 3314 3356 3311
f 3321 3226 3358
f 3359 3349 3360
f 3321 3357 3314
f 3361 3350 3335
f 3320 3363 3317
f 3350 3336 3335
f 3368 3370 3371
f 3369 3256 3254
f 3327 3354 3328
f 3373 3327 3333
f 3323 3333 3374
f 3375 3310 3355
f 3308 3376 3305
f 3317 3377 3318
f 3378 3304 3303
f 3326 3373 3323
f 3379 3326 3325
f 3334 3374 3333
f 3361 3328 3352
f 3305 3362 3320
f 3306 3320 3319
f 3372 3363 3354
f 3354 3362 3353
f 3353 3376 3351
f 3375 3351 3376
f 3356 3343 3355
f 3348 3357 3349
f 3357 3360 3349
f 3372 3378 3377
f 3303 3377 3378
f 3302 3318 3303
f 3340 3383 3341
f 3355 3342 3375
f 3332 3361 3335
f 3365 3330 3329
f 3364 3334 3330
f 3366 3380 3334
f 3331 3329 3361
f 3370 3338 3371
f 3382 3384 3383
f 3383 3385 3341
f 3338 3385 3371
f 3336 3381 3337
f 3345 3384 3336
f 3344 3385 3384
f 3385 3346 3371
f 3346 3368 3371
f 3368 3282 3256
f 3386 3304 3379
f 3284 3324 3285
f 3380 3388 3374
f 3387 3367 3389
f 3374 3324 3323
f 3325 3286 3379
f 3289 3379 3286
f 3322 3228 3321
f 3387 3292 3388
f 3389 3293 3387
f 3388 3285 3324
f 3282 3360 3299
f 3299 3358 3226
f 3322 2967 3015
f 2967 3312 222
f 222 3309 223
f 223 3307 3188
f 3307 3187 3188
f 3306 2979 3187
f 3319 1213 2979
f 3316 1214 1213
f 2534 3315 3302
f 2896 3302 3301
f 2873 3301 3386
f 3259 3244 3246
f 3291 3015 2153
f 1997 1889 1892
f 1237 744 855
f 1535 120 121
f 1531 201 214
f 1119 1032 984
f 946 824 947
f 163 5 162
f 3619 3753 3771
f 1155 1162 1164
f 427 327 424
f 553 796 498
f 3390 2233 2239
f 3390 2232 2234
f 2239 3182 3390
f 3392 3394 3391
f 3393 3396 3394
f 3395 3398 3396
f 3397 3400 3398
f 3401 3403 3404
f 3404 3405 3406
f 3407 3406 3405
f 3409 3408 3407
f 3412 3414 3411
f 3415 3413 3412
f 3417 3416 3415
f 3419 3418 3417
f 3421 3420 3419
f 3424 3407 3423
f 3423 3405 3425
f 3425 3403 3426
f 3426 3402 3427
f 3402 3429 3427
f 3428 3430 3429
f 3399 3431 3430
f 3397 3432 3431
f 3395 3433 3432
f 3393 3434 3433
f 3434 3435 3186
f 2906 3437 2949
f 3438 2906 2904
f 3439 2904 2878
f 2877 3439 2878
f 3441 2735 2738
f 2827 3444 2826
f 3446 3448 3445
f 3450 3445 3449
f 2726 3443 2827
f 3445 3117 3119
f 3449 3119 3121
f 3452 3423 3451
f 3451 3425 3453
f 3453 3426 3454
f 3454 3427 3455
f 3455 3429 3456
f 3429 3457 3456
f 3430 3458 3457
f 3431 3459 3458
f 3432 3460 3459
f 3433 3461 3460
f 3434 3058 3461
f 3460 2255 2254
f 3459 2254 1727
f 3458 1727 2151
f 3457 2151 1941
f 3462 3457 1941
f 3463 3456 3462
f 3464 3455 3463
f 3465 3454 3464
f 3451 3465 3466
f 3452 3466 3467
f 3468 3467 3466
f 3466 3464 3468
f 3468 3463 3470
f 3471 3468 3470
f 3470 3462 3472
f 3473 3470 3472
f 3472 1941 1360
f 3413 3410 3414
f 3416 3408 3413
f 3418 3406 3416
f 3420 3404 3418
f 3474 3422 3421
f 3476 3478 3475
f 3474 3440 3442
f 3479 3475 3474
f 3447 3441 3444
f 3476 3447 3446
f 3477 3446 3450
f 3480 3477 3481
f 3481 3450 3482
f 3482 3449 2714
f 2714 3121 3130
f 3484 3481 3483
f 3483 3482 3485
f 3485 2714 2713
f 3486 2713 2402
f 3487 3485 3486
f 3488 3483 3487
f 3401 3422 3489
f 3475 3489 3422
f 3428 3401 3489
f 3399 3489 3400
f 3478 3400 3489
f 3398 3480 3484
f 3396 3484 3488
f 3394 3488 3490
f 3491 2402 2404
f 3492 3486 3491
f 3490 3487 3492
f 3493 2404 2709
f 3060 2709 2710
f 3063 3493 3060
f 3494 3491 3493
f 3391 3490 3495
f 3495 3492 3494
f 3435 3391 3496
f 3496 3495 1962
f 3495 3063 1962
f 1961 3496 1962
f 3059 3435 3496
f 3437 3411 3497
f 3436 3412 3437
f 3438 3415 3436
f 3439 3417 3438
f 3440 3419 3439
f 3479 3442 3441
f 3443 3447 3444
f 2725 3448 3443
f 2877 3442 3440
f 2738 3444 3441
f 2949 3497 3510
f 3473 1360 3506
f 1900 1924 1901
f 1736 1718 1750
f 1955 1943 1956
f 1671 1735 1751
f 1696 1698 1692
f 1800 1864 1801
f 2064 2057 2061
f 1737 1717 1736
f 1751 1697 1695
f 943 3930 684
f 3686 3411 3635
f 1577 1764 1703
f 3948 1599 3954
f 1945 82 1944
f 68 7 248
f 147 1543 148
f 1109 1133 1102
f 1503 1907 1908
f 1499 1909 1498
f 452 735 215
f 1824 3866 3876
f 1825 2069 1824
f 1463 1022 1194
f 841 1009 1011
f 1568 1955 1534
f 1926 1927 1923
f 1910 1502 1939
f 1939 422 442
f 309 1940 308
f 1804 1866 1803
f 269 1954 56
f 2066 2061 2057
f 3843 1758 3866
f 280 552 1940
f 1875 1869 1874
f 1739 1734 1737
f 1778 1790 1788
f 310 1915 279
f 1909 1906 1954
f 1789 1778 1788
f 978 980 979
f 1584 1731 1583
f 425 311 312
f 148 115 116
f 2045 3925 2047
f 277 1939 551
f 1943 1945 1944
f 1461 1463 1464
f 2255 3058 3057
f 2983 3498 958
f 2211 3498 3057
f 2256 3057 3498
f 3000 958 3498
f 2828 2723 2726
f 3499 2723 2819
f 2818 3499 2819
f 2336 2298 2337
f 2300 2336 2338
f 2303 2338 2340
f 2313 2340 2356
f 2314 2356 2357
f 2361 2363 2362
f 2337 2361 2362
f 2416 2367 2366
f 2415 2363 2367
f 2357 2542 2543
f 2543 2541 2544
f 2724 2741 2740
f 3116 2740 3115
f 3112 3123 3122
f 3110 3122 3115
f 3124 3129 3128
f 3114 3128 3123
f 3129 1753 3137
f 3141 2531 2544
f 3774 3135 3141
f 3499 2742 2741
f 3500 2791 3499
f 228 91 88
f 245 243 242
f 248 247 191
f 2 296 295
f 145 300 267
f 327 210 328
f 329 331 330
f 250 228 236
f 239 240 230
f 373 375 374
f 178 176 175
f 1218 1228 1321
f 3893 1295 3885
f 808 824 823
f 3889 1013 1014
f 3844 1411 1413
f 2156 2161 2162
f 3876 1758 1757
f 306 1922 452
f 2159 1976 1977
f 708 2031 1474
f 1450 1227 1428
f 1672 1605 1624
f 1813 1821 1816
f 1717 1715 1718
f 176 402 347
f 1710 3947 3946
f 1712 1577 1711
f 1705 1711 1704
f 971 979 970
f 822 1094 1102
f 2911 2795 2794
f 2812 2797 2795
f 2801 2251 2802
f 3692 2912 2801
f 2771 2803 2797
f 3179 3180 3181
f 3180 3182 3181
f 3183 1393 2802
f 3183 1632 3184
f 3184 2246 3185
f 3185 2245 3182
f 3501 2792 3500
f 2810 3500 2818
f 2241 3601 2242
f 1149 3600 3597
f 1150 3593 3600
f 2204 3591 2015
f 2923 3590 2925
f 3594 2134 2930
f 1777 1759 1792
f 1201 1183 1184
f 3585 2197 2196
f 3574 2772 2770
f 3958 1687 1692
f 1516 154 503
f 3570 2976 2805
f 3571 2781 2780
f 2773 3605 3566
f 3072 3566 3580
f 3568 2777 2869
f 1376 1370 1372
f 2769 3577 2208
f 2197 3563 2769
f 2777 3562 2778
f 3386 3565 2873
f 3835 3558 2808
f 2778 3557 2807
f 2242 3552 2922
f 2922 3699 3649
f 3569 2788 2781
f 1805 1851 1804
f 3551 2789 2788
f 2953 3560 3547
f 2774 3547 3605
f 2975 3545 3554
f 2226 3556 3545
f 1957 320 510
f 306 304 303
f 2772 3543 2915
f 2915 3603 2241
f 2925 3542 2924
f 308 431 47
f 207 132 543
f 1879 1881 1880
f 3763 3539 2090
f 2477 3580 3537
f 2478 3537 3535
f 2225 3535 3556
f 3534 2805 2804
f 2038 11 1950
f 1959 450 505
f 2003 3532 2130
f 9 334 540
f 2009 3529 3593
f 2008 3554 3529
f 3908 673 3910
f 3526 2780 2786
f 2937 3524 2938
f 111 3597 3522
f 3520 2937 2940
f 683 3916 943
f 3518 2812 2911
f 736 732 729
f 1795 1803 1796
f 3515 2940 2941
f 3517 2941 2942
f 2952 3514 2951
f 2942 3514 3517
f 3832 3523 2952
f 2870 3512 2871
f 2871 3534 2804
f 1024 1023 1020
f 3510 2950 2949
f 551 442 443
f 2974 3594 2930
f 2032 3508 2974
f 216 1924 1923
f 203 201 200
f 1828 1847 1837
f 1958 449 450
f 272 178 175
f 2873 3504 1361
f 3649 3589 2923
f 2803 3673 3692
f 2005 3684 2178
f 960 899 962
f 3687 3642 3654
f 3810 3676 3153
f 3153 3623 2557
f 2195 3653 2196
f 3637 3147 3146
f 3633 2763 3147
f 3622 3146 3106
f 2928 3664 3105
f 3664 3106 3105
f 3785 3776 3783
f 566 3788 2005
f 3497 1864 3510
f 1602 2080 2079
f 2870 3641 2924
f 2924 3640 2925
f 2925 3648 2923
f 3700 2920 3644
f 3649 3644 2922
f 2923 3700 3649
f 2922 3616 2242
f 3643 2917 2920
f 2919 3652 3671
f 2918 3671 3672
f 2241 3682 2915
f 2913 3682 2759
f 3673 2913 2912
f 2799 3692 3621
f 2799 3628 2752
f 3652 2765 2767
f 3638 2766 2747
f 2196 3678 2223
f 2223 3679 2224
f 2758 3639 2757
f 2752 3639 2749
f 3699 1817 3858
f 3793 1691 1699
f 2517 3620 2550
f 2550 3623 2552
f 2515 3662 3646
f 2515 3651 2517
f 2511 3650 2291
f 2512 3663 2511
f 2291 3669 2285
f 2285 3647 2288
f 2242 3617 2241
f 3689 3654 3656
f 716 3918 3919
f 727 3791 1923
f 2167 2172 2166
f 3690 3656 3659
f 3773 3608 3787
f 2177 769 770
f 2101 2096 2100
f 3788 3787 3608
f 640 3595 1826
f 1653 3574 1651
f 1895 3546 746
f 746 3555 741
f 1653 3543 3606
f 3792 1604 1672
f 2094 2074 2079
f 959 995 884
f 962 919 986
f 1400 1398 1399
f 1000 1127 1004
f 956 884 885
f 1662 3571 1661
f 2034 3567 1654
f 3957 3558 3833
f 3552 766 1817
f 3601 765 766
f 334 3599 335
f 1868 3559 1656
f 1684 1652 1678
f 1682 775 1807
f 1585 3792 1700
f 3793 1672 1673
f 2175 490 491
f 1658 3568 1752
f 3577 1650 724
f 1571 2010 1572
f 1587 3701 2081
f 2100 2078 2095
f 787 1999 786
f 2000 786 1999
f 3157 3727 3713
f 3743 3713 3820
f 2182 3715 3714
f 3505 3714 3735
f 1684 3871 1651
f 1760 3504 3565
f 2609 3723 2592
f 2583 3719 2609
f 2373 3730 3725
f 2373 3723 2374
f 2589 3705 2588
f 2588 3727 339
f 2499 3717 2505
f 2504 3717 3730
f 2496 3720 2497
f 3720 2474 2497
f 3718 2470 2474
f 3731 2471 2470
f 726 3923 630
f 581 3530 580
f 10 3598 334
f 1837 3520 1849
f 741 3536 1300
f 1299 3579 2034
f 1851 3514 1866
f 3542 1820 1819
f 580 3553 1895
f 1758 3534 3512
f 1693 3518 1806
f 3514 1867 1866
f 1894 3595 3509
f 2127 3844 3872
f 3937 3872 3943
f 2114 3898 2111
f 2181 3820 3715
f 624 3935 623
f 2194 3819 3810
f 2179 3818 3763
f 1364 3864 1338
f 3889 1470 1453
f 3137 3805 3774
f 2070 3866 2069
f 1351 3884 1352
f 2109 3932 499
f 2090 3766 3763
f 3859 1358 866
f 2001 3813 2189
f 2189 3749 2092
f 2131 3782 2004
f 2004 3779 2001
f 2014 3809 2203
f 2203 3786 2131
f 3169 3789 2971
f 3170 3750 3169
f 3161 3794 3162
f 3162 3795 3083
f 3760 3160 337
f 3160 3739 3161
f 2202 3760 3752
f 3715 3772 2206
f 3752 2199 2202
f 3821 2093 3751
f 3804 3751 2199
f 3156 3821 3804
f 3157 3736 3156
f 2092 3751 2093
f 2198 3780 3806
f 2195 3806 3811
f 3634 3811 3819
f 2087 3810 3808
f 2088 3808 3807
f 2206 3781 2207
f 2207 3780 3150
f 3940 574 692
f 2125 3807 3790
f 2210 3790 3812
f 3741 3142 3139
f 3815 3140 3142
f 3775 3141 3140
f 3801 3138 2324
f 3742 3139 3138
f 3805 3133 3135
f 3797 3134 3133
f 1813 3869 1814
f 1293 3887 1344
f 2186 3778 3762
f 2183 3762 3764
f 3795 3081 3083
f 3798 3082 3081
f 709 3906 2031
f 2776 3767 3799
f 3817 2135 3582
f 3840 766 765
f 2970 3796 2961
f 2971 3814 2970
f 2960 3767 2963
f 2133 3796 2962
f 2323 3801 3778
f 3891 1449 28
f 3936 582 710
f 3917 577 574
f 3878 1818 3858
f 705 3918 2122
f 3847 3938 698
f 2112 3942 2114
f 3841 1366 1411
f 1812 3853 1815
f 675 3883 674
f 3505 3882 675
f 2111 3899 2110
f 2105 3932 2107
f 2110 3930 944
f 3873 703 739
f 1680 3877 1684
f 1639 3850 3849
f 623 3937 697
f 2140 3897 3896
f 1808 3875 3868
f 3851 1819 1820
f 3903 3931 706
f 1646 3861 1648
f 3920 633 577
f 2140 3906 18
f 2158 3902 3905
f 674 3944 3900
f 2118 3843 2070
f 1815 3878 3854
f 3886 1444 1470
f 697 3943 3847
f 866 3867 3859
f 3895 2137 2136
f 3615 3756 3619
f 3613 3761 3615
f 3783 3768 3769
f 3770 3611 3773
f 1088 3776 1093
f 3769 3773 3783
f 2793 3502 2794
f 3501 2809 3502
f 2794 3503 2911
f 3502 2808 3503
f 3518 3503 3527
f 3527 2808 3558
f 2950 3822 3832
f 2106 3927 2105
f 3557 3835 2807
f 680 3907 683
f 1891 3941 3922
f 2907 3832 2952
f 2902 3830 2907
f 2903 3838 2879
f 2736 3837 3825
f 2879 3837 2880
f 2822 3825 2874
f 2820 3823 2829
f 2825 3823 2828
f 2824 3829 2823
f 2821 3831 3829
f 2819 3826 2818
f 2811 3826 2817
f 2810 3834 2809
f 2807 3834 2806
f 1702 3954 1599
f 3953 1797 1802
f 3946 1706 1709
f 3949 1692 1698
f 1657 3911 1879
f 1890 3926 3941
f 3802 1674 1675
f 1689 3802 3803
f 3957 3557 1688
f 3527 1689 3803
f 3948 1703 1764
f 1598 3959 1770
f 3911 1876 1879
f 1691 3956 3958
f 3956 1688 1687
f 1117 1118 3961
f 1066 1322 3961
f 1243 847 3961
f 3856 848 3961
f 1128 1117 3961
f 1129 1130 3961
f 841 1011 3961
f 1230 3894 3961
f 1242 1243 3961
f 1322 1229 3961
f 1064 1065 3961
f 1003 1128 3961
f 1229 1230 3961
f 3894 1285 3961
f 1285 1288 3961
f 848 839 3961
f 847 3856 3961
f 1118 1129 3961
f 1065 1066 3961
f 1087 1086 3961
f 1008 1002 3961
f 1011 1008 3961
f 1002 1003 3961
f 1076 1069 3961
f 838 841 3961
f 839 838 3961
f 1288 1242 3961
f 1130 1087 3961
f 1086 1076 3961
f 1069 1064 3961
f 2412 2416 3962
f 2413 2412 3962
f 3647 2287 3962
f 2396 2395 3962
f 2395 2398 3962
f 2283 2288 3962
f 2284 2282 3962
f 2400 2401 3962
f 2467 2466 3962
f 2398 2399 3962
f 2472 2471 3962
f 2401 2418 3962
f 2482 2397 3962
f 2461 2482 3962
f 2371 2284 3962
f 2462 2461 3962
f 2417 2413 3962
f 2418 2417 3962
f 2366 2365 3962
f 2288 3647 3962
f 2466 2472 3962
f 2471 3733 3962
f 2287 2467 3962
f 2416 2366 3962
f 2397 2396 3962
f 2365 2369 3962
f 2399 2400 3962
f 2282 2283 3962
f 3733 2462 3962
f 2369 2371 3962
f 3965 3968 3969
f 3965 3970 3966
f 3963 3968 3964
f 3969 3974 3970
f 3968 3971 3972
f 3968 3973 3969
f 3973 3978 3974
f 3972 3975 3976
f 3973 3976 3977
f 3978 3981 3982
f 3975 3980 3976
f 3976 3981 3977
f 3981 3986 3982
f 3980 3983 3984
f 3981 3984 3985
f 3986 3989 3990
f 3984 3987 3988
f 3984 3989 3985
f 3990 3993 3994
f 3988 3991 3992
f 3989 3992 3993
f 3993 3998 3994
f 3991 3996 3992
f 3992 3997 3993
f 3997 4002 3998
f 3996 3999 4000
f 3997 4000 4001
f 4001 4006 4002
f 3999 4004 4000
f 4000 4005 4001
f 4005 4010 4006
f 4004 4007 4008
f 4005 4008 4009
f 4010 4013 4014
f 4007 4012 4008
f 4008 4013 4009
f 4013 4018 4014
f 4012 4015 4016
f 4013 4016 4017
f 4018 4021 4022
f 4015 4020 4016
f 4016 4021 4017
f 4022 4025 4026
f 4020 4023 4024
f 4021 4024 4025
f 4026 4029 4030
f 4023 4028 4024
f 4024 4029 4025
f 4029 4034 4030
f 4028 4031 4032
f 4029 4032 4033
f 4033 4038 4034
f 4031 4036 4032
f 4032 4037 4033
f 4037 4042 4038
f 4036 4039 4040
f 4037 4040 4041
f 4042 4045 4046
f 4039 4044 4040
f 4040 4045 4041
f 4045 4050 4046
f 4044 4047 4048
f 4045 4048 4049
f 4050 4053 4054
f 4047 4052 4048
f 4048 4053 4049
f 4054 4057 4058
f 4052 4055 4056
f 4053 4056 4057
f 4058 4061 4062
f 4055 4060 4056
f 4056 4061 4057
f 4062 4065 4066
f 4060 4063 4064
f 4061 4064 4065
f 4065 4070 4066
f 4063 4068 4064
f 4064 4069 4065
f 4069 4074 4070
f 4068 4071 4072
f 4069 4072 4073
f 4074 4077 4078
f 4071 4076 4072
f 4072 4077 4073
f 4077 4082 4078
f 4076 4079 4080
f 4077 4080 4081
f 4082 4086 4087
f 4079 4085 4080
f 4080 4086 4081
f 4087 4090 4091
f 4084 4089 4085
f 4086 4089 4090
f 3963 4083 3967
f 3967 4083 3971
f 3971 4083 3975
f 3975 4083 3979
f 3979 4083 3983
f 3983 4083 3987
f 3987 4083 3991
f 3991 4083 3995
f 3995 4083 3999
f 3999 4083 4003
f 4003 4083 4007
f 4007 4083 4011
f 4011 4083 4015
f 4015 4083 4019
f 4019 4083 4023
f 4023 4083 4027
f 4027 4083 4031
f 4031 4083 4035
f 4035 4083 4039
f 4039 4083 4043
f 4043 4083 4047
f 4047 4083 4051
f 4051 4083 4055
f 4055 4083 4059
f 4059 4083 4063
f 4063 4083 4067
f 4067 4083 4071
f 4071 4083 4075
f 4075 4083 4079
f 4079 4083 4084
f 4084 4083 4088
f 4091 3965 3966
f 4089 3963 3964
f 4089 3965 4090
f 4088 4083 3963
f 4101 4114 4115
f 4098 4113 4099
f 4096 4109 4110
f 4094 4107 4108
f 4103 4118 4104
f 4101 4116 4102
f 4099 4114 4100
f 4097 4110 4112
f 4094 4109 4095
f 4092 4107 4093
f 4104 4119 4105
f 4103 4116 4117
f 4108 4123 4109
f 4106 4121 4107
f 4119 4132 4133
f 4116 4131 4117
f 4115 4128 4129
f 4111 4127 4113
f 4110 4123 4124
f 4108 4121 4122
f 4118 4131 4132
f 4115 4130 4116
f 4113 4128 4114
f 4112 4124 4125
f 4122 4137 4123
f 4121 4134 4135
f 4132 4147 4133
f 4130 4145 4131
f 4129 4142 4143
f 4126 4141 4127
f 4123 4138 4124
f 4122 4135 4136
f 4131 4146 4132
f 4129 4144 4130
f 4128 4141 4142
f 4125 4138 4139
f 4137 4150 4151
f 4134 4149 4135
f 4147 4160 4161
f 4145 4158 4159
f 4142 4157 4143
f 4140 4155 4141
f 4137 4152 4138
f 4135 4150 4136
f 4145 4160 4146
f 4144 4157 4158
f 4142 4155 4156
f 4139 4152 4153
f 4150 4165 4151
f 4149 4162 4163
f 4160 4175 4161
f 4159 4172 4173
f 4156 4171 4157
f 4155 4168 4169
f 4152 4165 4166
f 4149 4164 4150
f 4160 4173 4174
f 4158 4171 4172
f 4155 4170 4156
f 4152 4167 4153
f 4165 4178 4179
f 4162 4177 4163
f 4175 4188 4189
f 4173 4186 4187
f 4170 4185 4171
f 4168 4183 4169
f 4166 4179 4180
f 4163 4178 4164
f 4174 4187 4188
f 4172 4185 4186
f 4169 4184 4170
f 4167 4180 4181
f 4179 4192 4193
f 4177 4190 4191
f 4188 4203 4189
f 4187 4200 4201
f 4184 4199 4185
f 4182 4197 4183
f 4179 4194 4180
f 4177 4192 4178
f 4187 4202 4188
f 4186 4199 4200
f 4184 4197 4198
f 4181 4194 4196
f 4193 4206 4207
f 4191 4204 4205
f 4202 4217 4203
f 4200 4215 4201
f 4198 4213 4199
f 4197 4210 4211
f 4193 4208 4194
f 4191 4206 4192
f 4202 4215 4216
f 4200 4213 4214
f 4198 4211 4212
f 4194 4209 4196
f 4206 4221 4207
f 4204 4219 4205
f 4216 4231 4217
f 4215 4228 4229
f 4213 4226 4227
f 4210 4225 4211
f 4208 4221 4222
f 4206 4219 4220
f 4215 4230 4216
f 4213 4228 4214
f 4211 4226 4212
f 4209 4222 4223
f 4220 4235 4221
f 4218 4233 4219
f 4231 4244 4245
f 4228 4243 4229
f 4227 4240 4241
f 4224 4239 4225
f 4222 4235 4236
f 4220 4233 4234
f 4230 4243 4244
f 4227 4242 4228
f 4225 4240 4226
f 4223 4236 4238
f 4234 4249 4235
f 4233 4246 4247
f 4244 4259 4245
f 4242 4257 4243
f 4241 4254 4255
f 4237 4253 4239
f 4235 4250 4236
f 4234 4247 4248
f 4243 4258 4244
f 4241 4256 4242
f 4240 4253 4254
f 4238 4250 4252
f 4249 4262 4263
f 4246 4261 4247
f 4259 4272 4273
f 4256 4271 4257
f 4254 4269 4255
f 4251 4267 4253
f 4249 4264 4250
f 4247 4262 4248
f 4257 4272 4258
f 4256 4269 4270
f 4254 4267 4268
f 4252 4264 4266
f 4262 4277 4263
f 4261 4274 4275
f 4272 4287 4273
f 4270 4285 4271
f 4269 4282 4283
f 4267 4280 4281
f 4264 4277 4278
f 4261 4276 4262
f 4272 4285 4286
f 4270 4283 4284
f 4267 4282 4268
f 4264 4279 4266
f 4277 4290 4291
f 4274 4289 4275
f 4287 4300 4301
f 4285 4298 4299
f 4282 4297 4283
f 4280 4295 4281
f 4278 4291 4292
f 4275 4290 4276
f 4286 4299 4300
f 4284 4297 4298
f 4281 4296 4282
f 4279 4292 4294
f 4291 4304 4305
f 4289 4302 4303
f 4300 4315 4301
f 4299 4312 4313
f 4296 4311 4297
f 4293 4309 4295
f 4291 4306 4292
f 4289 4304 4290
f 4299 4314 4300
f 4298 4311 4312
f 4296 4309 4310
f 4294 4306 4307
f 4305 4318 4319
f 4303 4316 4317
f 4314 4329 4315
f 4312 4327 4313
f 4310 4325 4311
f 4309 4322 4323
f 4305 4320 4306
f 4303 4318 4304
f 4313 4328 4314
f 4312 4325 4326
f 4310 4323 4324
f 4306 4321 4307
f 4318 4333 4319
f 4316 4331 4317
f 4329 4342 4343
f 4327 4340 4341
f 4325 4338 4339
f 4322 4337 4323
f 4320 4333 4334
f 4318 4331 4332
f 4328 4341 4342
f 4325 4340 4326
f 4323 4338 4324
f 4321 4334 4336
f 4332 4347 4333
f 4330 4345 4331
f 4343 4356 4357
f 4340 4355 4341
f 4339 4352 4353
f 4335 4351 4337
f 4334 4347 4348
f 4332 4345 4346
f 4342 4355 4356
f 4339 4354 4340
f 4337 4352 4338
f 4336 4348 4349
f 4346 4361 4347
f 4345 4358 4359
f 4356 4371 4357
f 4354 4369 4355
f 4353 4366 4367
f 4350 4365 4351
f 4347 4362 4348
f 4346 4359 4360
f 4355 4370 4356
f 4354 4367 4368
f 4352 4365 4366
f 4349 4362 4364
f 4360 4375 4361
f 4358 4373 4359
f 4371 4384 4385
f 4369 4382 4383
f 4367 4380 4381
f 4363 4379 4365
f 4361 4376 4362
f 4360 4373 4374
f 4369 4384 4370
f 4367 4382 4368
f 4366 4379 4380
f 4362 4378 4364
f 4374 4389 4375
f 4373 4386 4387
f 4384 4399 4385
f 4382 4397 4383
f 4381 4394 4395
f 4379 4392 4393
f 4376 4389 4390
f 4373 4388 4374
f 4384 4397 4398
f 4382 4395 4396
f 4379 4394 4380
f 4376 4391 4378
f 4389 4403 4404
f 4386 4402 4387
f 4399 4413 4414
f 4397 4411 4412
f 4394 4410 4395
f 4393 4407 4408
f 4390 4404 4405
f 4387 4403 4388
f 4398 4412 4413
f 4396 4410 4411
f 4393 4409 4394
f 4390 4406 4391
f 4404 4417 4418
f 4402 4415 4416
f 4413 4428 4414
f 4412 4425 4426
f 4409 4424 4410
f 4408 4420 4422
f 4404 4419 4405
f 4402 4417 4403
f 4412 4427 4413
f 4411 4424 4425
f 4409 4422 4423
f 4405 4421 4406
f 4418 4431 4432
f 4416 4429 4430
f 4428 4441 4442
f 4425 4440 4426
f 4423 4438 4424
f 4422 4434 4436
f 4418 4433 4419
f 4416 4431 4417
f 4427 4440 4441
f 4425 4438 4439
f 4423 4436 4437
f 4419 4435 4421
f 4431 4446 4432
f 4429 4444 4430
f 4441 4456 4442
f 4440 4453 4454
f 4438 4451 4452
f 4434 4450 4436
f 4433 4446 4447
f 4431 4444 4445
f 4440 4455 4441
f 4438 4453 4439
f 4436 4451 4437
f 4435 4447 4448
f 4445 4460 4446
f 4443 4458 4444
f 4456 4469 4470
f 4453 4468 4454
f 4452 4465 4466
f 4450 4463 4464
f 4447 4460 4461
f 4445 4458 4459
f 4455 4468 4469
f 4452 4467 4453
f 4450 4465 4451
f 4447 4462 4448
f 4459 4474 4460
f 4458 4471 4472
f 4469 4484 4470
f 4467 4482 4468
f 4466 4479 4480
f 4464 4476 4478
f 4460 4475 4461
f 4459 4472 4473
f 4468 4483 4469
f 4466 4481 4467
f 4465 4478 4479
f 4461 4477 4462
f 4474 4487 4488
f 4471 4486 4472
f 4484 4497 4498
f 4482 4495 4496
f 4480 4493 4494
f 4476 4492 4478
f 4474 4489 4475
f 4473 4486 4487
f 4482 4497 4483
f 4480 4495 4481
f 4479 4492 4493
f 4477 4489 4490
f 4487 4502 4488
f 4485 4500 4486
f 4497 4512 4498
f 4495 4510 4496
f 4494 4507 4508
f 4492 4505 4506
f 4489 4502 4503
f 4486 4501 4487
f 4497 4510 4511
f 4495 4508 4509
f 4492 4507 4493
f 4489 4504 4490
f 4502 4515 4516
f 4499 4514 4500
f 4512 4525 4526
f 4510 4523 4524
f 4507 4522 4508
f 4505 4520 4506
f 4503 4516 4517
f 4500 4515 4501
f 4511 4524 4525
f 4508 4523 4509
f 4506 4521 4507
f 4504 4517 4519
f 4516 4529 4530
f 4514 4527 4528
f 4525 4540 4526
f 4524 4537 4538
f 4521 4536 4522
f 4518 4534 4520
f 4516 4531 4517
f 4514 4529 4515
f 4524 4539 4525
f 4523 4536 4537
f 4521 4534 4535
f 4519 4531 4533
f 4400 4105 4119
f 4400 4119 4133
f 4400 4133 4147
f 4400 4147 4161
f 4400 4161 4175
f 4400 4175 4189
f 4400 4189 4203
f 4400 4203 4217
f 4400 4217 4231
f 4400 4231 4245
f 4400 4245 4259
f 4400 4259 4273
f 4400 4273 4287
f 4400 4287 4301
f 4400 4301 4315
f 4400 4315 4329
f 4400 4329 4343
f 4400 4343 4357
f 4400 4357 4371
f 4400 4371 4385
f 4400 4385 4399
f 4400 4399 4414
f 4400 4414 4428
f 4400 4428 4442
f 4400 4442 4456
f 4400 4456 4470
f 4400 4470 4484
f 4400 4484 4498
f 4400 4498 4512
f 4400 4512 4526
f 4400 4526 4540
f 4530 4094 4095
f 4528 4092 4093
f 4540 4104 4105
f 4537 4103 4538
f 4535 4101 4536
f 4534 4098 4099
f 4530 4096 4531
f 4528 4094 4529
f 4400 4540 4105
f 4539 4103 4104
f 4537 4101 4102
f 4535 4099 4100
f 4531 4097 4533
f 3966 4527 4091
f 4527 4087 4091
f 4513 4082 4087
f 4499 4078 4082
f 4078 4471 4074
f 4074 4457 4070
f 4070 4443 4066
f 4443 4062 4066
f 4062 4415 4058
f 4415 4054 4058
f 4401 4050 4054
f 4386 4046 4050
f 4046 4358 4042
f 4042 4344 4038
f 4038 4330 4034
f 4330 4030 4034
f 4030 4302 4026
f 4302 4022 4026
f 4288 4018 4022
f 4274 4014 4018
f 4014 4246 4010
f 4010 4232 4006
f 4006 4218 4002
f 4218 3998 4002
f 3998 4190 3994
f 4190 3990 3994
f 4176 3986 3990
f 4162 3982 3986
f 3982 4134 3978
f 3978 4120 3974
f 3974 4106 3970
f 4106 3966 3970
f 4543 4546 4547
f 4543 4548 4544
f 4542 4545 4546
f 4547 4552 4548
f 4545 4550 4546
f 4546 4551 4547
f 4551 4556 4552
f 4550 4553 4554
f 4551 4554 4555
f 4556 4559 4560
f 4553 4558 4554
f 4554 4559 4555
f 4559 4564 4560
f 4558 4561 4562
f 4559 4562 4563
f 4564 4567 4568
f 4561 4566 4562
f 4562 4567 4563
f 4568 4571 4572
f 4566 4569 4570
f 4567 4570 4571
f 4572 4575 4576
f 4569 4574 4570
f 4570 4575 4571
f 4576 4579 4580
f 4574 4577 4578
f 4575 4578 4579
f 4579 4584 4580
f 4577 4582 4578
f 4578 4583 4579
f 4583 4588 4584
f 4581 4586 4582
f 4583 4586 4587
f 4588 4591 4592
f 4585 4590 4586
f 4586 4591 4587
f 4591 4596 4592
f 4590 4593 4594
f 4591 4594 4595
f 4596 4599 4600
f 4593 4598 4594
f 4594 4599 4595
f 4600 4603 4604
f 4597 4602 4598
f 4599 4602 4603
f 4604 4607 4608
f 4602 4605 4606
f 4602 4607 4603
f 4607 4612 4608
f 4605 4610 4606
f 4607 4610 4611
f 4611 4616 4612
f 4610 4613 4614
f 4610 4615 4611
f 4615 4620 4616
f 4614 4617 4618
f 4615 4618 4619
f 4620 4623 4624
f 4617 4622 4618
f 4618 4623 4619
f 4623 4628 4624
f 4622 4625 4626
f 4623 4626 4627
f 4628 4631 4632
f 4625 4630 4626
f 4626 4631 4627
f 4632 4635 4636
f 4630 4633 4634
f 4631 4634 4635
f 4635 4640 4636
f 4633 4638 4634
f 4634 4639 4635
f 4639 4644 4640
f 4638 4641 4642
f 4639 4642 4643
f 4643 4648 4644
f 4641 4646 4642
f 4642 4647 4643
f 4647 4652 4648
f 4646 4649 4650
f 4647 4650 4651
f 4652 4655 4656
f 4649 4654 4650
f 4650 4655 4651
f 4655 4660 4656
f 4654 4657 4658
f 4655 4658 4659
f 4660 4664 4665
f 4657 4663 4658
f 4658 4664 4659
f 4665 4668 4669
f 4663 4666 4667
f 4664 4667 4668
f 4541 4661 4545
f 4545 4661 4549
f 4549 4661 4553
f 4553 4661 4557
f 4557 4661 4561
f 4561 4661 4565
f 4565 4661 4569
f 4569 4661 4573
f 4573 4661 4577
f 4577 4661 4581
f 4581 4661 4585
f 4585 4661 4589
f 4589 4661 4593
f 4593 4661 4597
f 4597 4661 4601
f 4601 4661 4605
f 4605 4661 4609
f 4609 4661 4613
f 4613 4661 4617
f 4617 4661 4621
f 4621 4661 4625
f 4625 4661 4629
f 4629 4661 4633
f 4633 4661 4637
f 4637 4661 4641
f 4641 4661 4645
f 4645 4661 4649
f 4649 4661 4653
f 4653 4661 4657
f 4657 4661 4662
f 4662 4661 4666
f 4669 4543 4544
f 4666 4542 4667
f 4667 4543 4668
f 4666 4661 4541
f 4679 4692 4693
f 4675 4691 4677
f 4674 4687 4688
f 4672 4685 4686
f 4682 4695 4696
f 4679 4694 4680
f 4677 4692 4678
f 4676 4688 4690
f 4672 4687 4673
f 4670 4685 4671
f 4683 4696 4697
f 4681 4694 4695
f 4686 4701 4687
f 4684 4699 4685
f 4697 4710 4711
f 4694 4709 4695
f 4693 4706 4707
f 4691 4703 4705
f 4688 4701 4702
f 4686 4699 4700
f 4696 4709 4710
f 4693 4708 4694
f 4691 4706 4692
f 4688 4704 4690
f 4700 4715 4701
f 4699 4712 4713
f 4710 4725 4711
f 4708 4723 4709
f 4707 4720 4721
f 4705 4718 4719
f 4701 4716 4702
f 4700 4713 4714
f 4709 4724 4710
f 4708 4721 4722
f 4706 4719 4720
f 4702 4717 4704
f 4714 4729 4715
f 4712 4727 4713
f 4725 4738 4739
f 4723 4736 4737
f 4720 4735 4721
f 4718 4733 4719
f 4715 4730 4716
f 4714 4727 4728
f 4723 4738 4724
f 4721 4736 4722
f 4720 4733 4734
f 4717 4730 4731
f 4728 4743 4729
f 4727 4740 4741
f 4738 4753 4739
f 4736 4751 4737
f 4735 4748 4749
f 4733 4745 4747
f 4730 4743 4744
f 4728 4741 4742
f 4738 4751 4752
f 4735 4750 4736
f 4733 4748 4734
f 4730 4746 4731
f 4743 4756 4757
f 4740 4755 4741
f 4753 4766 4767
f 4751 4764 4765
f 4748 4763 4749
f 4747 4759 4761
f 4744 4757 4758
f 4741 4756 4742
f 4752 4765 4766
f 4750 4763 4764
f 4747 4762 4748
f 4744 4760 4746
f 4757 4770 4771
f 4755 4768 4769
f 4766 4781 4767
f 4765 4778 4779
f 4762 4777 4763
f 4761 4774 4775
f 4757 4772 4758
f 4755 4770 4756
f 4765 4780 4766
f 4764 4777 4778
f 4762 4775 4776
f 4758 4773 4760
f 4771 4784 4785
f 4769 4782 4783
f 4781 4794 4795
f 4778 4793 4779
f 4776 4791 4777
f 4775 4787 4789
f 4771 4786 4772
f 4769 4784 4770
f 4780 4793 4794
f 4778 4791 4792
f 4776 4789 4790
f 4772 4788 4773
f 4784 4799 4785
f 4782 4797 4783
f 4795 4808 4809
f 4793 4806 4807
f 4791 4804 4805
f 4787 4803 4789
f 4786 4799 4800
f 4784 4797 4798
f 4793 4808 4794
f 4791 4806 4792
f 4789 4804 4790
f 4788 4800 4802
f 4798 4813 4799
f 4796 4811 4797
f 4809 4822 4823
f 4806 4821 4807
f 4805 4818 4819
f 4803 4816 4817
f 4800 4813 4814
f 4798 4811 4812
f 4808 4821 4822
f 4805 4820 4806
f 4803 4818 4804
f 4800 4815 4802
f 4812 4827 4813
f 4811 4824 4825
f 4822 4837 4823
f 4820 4835 4821
f 4819 4832 4833
f 4817 4829 4831
f 4813 4828 4814
f 4812 4825 4826
f 4821 4836 4822
f 4819 4834 4820
f 4818 4831 4832
f 4814 4830 4815
f 4827 4840 4841
f 4824 4839 4825
f 4837 4850 4851
f 4834 4849 4835
f 4833 4846 4847
f 4829 4845 4831
f 4827 4842 4828
f 4826 4839 4840
f 4835 4850 4836
f 4833 4848 4834
f 4832 4845 4846
f 4830 4842 4844
f 4840 4855 4841
f 4839 4852 4853
f 4850 4865 4851
f 4848 4863 4849
f 4847 4860 4861
f 4845 4857 4859
f 4842 4855 4856
f 4840 4853 4854
f 4850 4863 4864
f 4847 4862 4848
f 4845 4860 4846
f 4842 4858 4844
f 4855 4868 4869
f 4852 4867 4853
f 4865 4878 4879
f 4863 4876 4877
f 4860 4875 4861
f 4859 4871 4873
f 4856 4869 4870
f 4853 4868 4854
f 4864 4877 4878
f 4862 4875 4876
f 4859 4874 4860
f 4856 4872 4858
f 4869 4882 4883
f 4867 4880 4881
f 4878 4893 4879
f 4877 4890 4891
f 4874 4889 4875
f 4873 4885 4887
f 4869 4884 4870
f 4867 4882 4868
f 4877 4892 4878
f 4876 4889 4890
f 4874 4887 4888
f 4870 4886 4872
f 4883 4896 4897
f 4881 4894 4895
f 4893 4906 4907
f 4890 4905 4891
f 4888 4903 4889
f 4887 4899 4901
f 4883 4898 4884
f 4881 4896 4882
f 4892 4905 4906
f 4890 4903 4904
f 4888 4901 4902
f 4884 4900 4886
f 4896 4911 4897
f 4894 4909 4895
f 4906 4921 4907
f 4905 4918 4919
f 4903 4916 4917
f 4899 4915 4901
f 4898 4911 4912
f 4896 4909 4910
f 4905 4920 4906
f 4903 4918 4904
f 4901 4916 4902
f 4900 4912 4914
f 4910 4925 4911
f 4908 4923 4909
f 4921 4934 4935
f 4918 4933 4919
f 4917 4930 4931
f 4915 4928 4929
f 4912 4925 4926
f 4910 4923 4924
f 4920 4933 4934
f 4917 4932 4918
f 4915 4930 4916
f 4912 4927 4914
f 4924 4939 4925
f 4923 4936 4937
f 4934 4949 4935
f 4932 4947 4933
f 4931 4944 4945
f 4929 4942 4943
f 4925 4940 4926
f 4924 4937 4938
f 4933 4948 4934
f 4931 4946 4932
f 4930 4943 4944
f 4926 4941 4927
f 4939 4952 4953
f 4937 4950 4951
f 4949 4962 4963
f 4947 4960 4961
f 4945 4958 4959
f 4942 4957 4943
f 4939 4954 4940
f 4938 4951 4952
f 4947 4962 4948
f 4945 4960 4946
f 4944 4957 4958
f 4941 4954 4956
f 4952 4967 4953
f 4951 4964 4965
f 4962 4977 4963
f 4961 4974 4975
f 4958 4973 4959
f 4957 4970 4971
f 4954 4967 4968
f 4951 4966 4952
f 4962 4975 4976
f 4960 4973 4974
f 4957 4972 4958
f 4954 4969 4956
f 4967 4981 4982
f 4964 4980 4965
f 4977 4991 4992
f 4975 4989 4990
f 4972 4988 4973
f 4970 4986 4971
f 4968 4982 4983
f 4965 4981 4966
f 4976 4990 4991
f 4974 4988 4989
f 4971 4987 4972
f 4969 4983 4984
f 4982 4995 4996
f 4980 4993 4994
f 4991 5006 4992
f 4990 5003 5004
f 4987 5002 4988
f 4985 5000 4986
f 4982 4997 4983
f 4980 4995 4981
f 4990 5005 4991
f 4989 5002 5003
f 4987 5000 5001
f 4984 4997 4998
f 4996 5009 5010
f 4994 5007 5008
f 5006 5019 5020
f 5003 5018 5004
f 5001 5016 5002
f 5000 5013 5014
f 4996 5011 4997
f 4994 5009 4995
f 5005 5018 5019
f 5003 5016 5017
f 5001 5014 5015
f 4997 5012 4998
f 5009 5024 5010
f 5007 5022 5008
f 5019 5034 5020
f 5018 5031 5032
f 5016 5029 5030
f 5013 5028 5014
f 5011 5024 5025
f 5009 5022 5023
f 5018 5033 5019
f 5016 5031 5017
f 5014 5029 5015
f 5012 5025 5027
f 5023 5038 5024
f 5021 5036 5022
f 5034 5047 5048
f 5031 5046 5032
f 5030 5043 5044
f 5026 5042 5028
f 5025 5038 5039
f 5023 5036 5037
f 5033 5046 5047
f 5030 5045 5031
f 5028 5043 5029
f 5027 5039 5040
f 5037 5052 5038
f 5036 5049 5050
f 5047 5062 5048
f 5045 5060 5046
f 5044 5057 5058
f 5041 5056 5042
f 5038 5053 5039
f 5037 5050 5051
f 5046 5061 5047
f 5044 5059 5045
f 5043 5056 5057
f 5040 5053 5055
f 5052 5065 5066
f 5049 5064 5050
f 5062 5075 5076
f 5059 5074 5060
f 5057 5072 5058
f 5054 5070 5056
f 5052 5067 5053
f 5050 5065 5051
f 5060 5075 5061
f 5058 5073 5059
f 5057 5070 5071
f 5055 5067 5068
f 5066 5079 5080
f 5064 5077 5078
f 5075 5090 5076
f 5073 5088 5074
f 5071 5086 5072
f 5070 5082 5084
f 5067 5080 5081
f 5064 5079 5065
f 5075 5088 5089
f 5073 5086 5087
f 5070 5085 5071
f 5067 5083 5068
f 5080 5093 5094
f 5077 5092 5078
f 5090 5103 5104
f 5088 5101 5102
f 5085 5100 5086
f 5084 5097 5098
f 5081 5094 5095
f 5078 5093 5079
f 5089 5102 5103
f 5087 5100 5101
f 5084 5099 5085
f 5081 5096 5083
f 5094 5107 5108
f 5092 5105 5106
f 5103 5118 5104
f 5102 5115 5116
f 5099 5114 5100
f 5098 5111 5112
f 5094 5109 5095
f 5092 5107 5093
f 5102 5117 5103
f 5101 5114 5115
f 5099 5112 5113
f 5095 5110 5096
f 4978 4683 4697
f 4978 4697 4711
f 4978 4711 4725
f 4978 4725 4739
f 4978 4739 4753
f 4978 4753 4767
f 4978 4767 4781
f 4978 4781 4795
f 4978 4795 4809
f 4978 4809 4823
f 4978 4823 4837
f 4978 4837 4851
f 4978 4851 4865
f 4978 4865 4879
f 4978 4879 4893
f 4978 4893 4907
f 4978 4907 4921
f 4978 4921 4935
f 4978 4935 4949
f 4978 4949 4963
f 4978 4963 4977
f 4978 4977 4992
f 4978 4992 5006
f 4978 5006 5020
f 4978 5020 5034
f 4978 5034 5048
f 4978 5048 5062
f 4978 5062 5076
f 4978 5076 5090
f 4978 5090 5104
f 4978 5104 5118
f 5108 4672 4673
f 5106 4670 4671
f 5117 4683 5118
f 5115 4681 5116
f 5113 4679 5114
f 5112 4675 4677
f 5108 4674 5109
f 5106 4672 5107
f 4978 5118 4683
f 5116 4682 5117
f 5115 4679 4680
f 5113 4677 4678
f 5109 4676 5110
f 4544 5105 4669
f 5105 4665 4669
f 5091 4660 4665
f 5077 4656 4660
f 4656 5049 4652
f 4652 5035 4648
f 4648 5021 4644
f 5021 4640 4644
f 4640 4993 4636
f 4993 4632 4636
f 4979 4628 4632
f 4964 4624 4628
f 4624 4936 4620
f 4620 4922 4616
f 4616 4908 4612
f 4908 4608 4612
f 4608 4880 4604
f 4880 4600 4604
f 4866 4596 4600
f 4852 4592 4596
f 4592 4824 4588
f 4588 4810 4584
f 4584 4796 4580
f 4796 4576 4580
f 4576 4768 4572
f 4768 4568 4572
f 4754 4564 4568
f 4740 4560 4564
f 4560 4712 4556
f 4556 4698 4552
f 4552 4684 4548
f 4684 4544 4548
f 4 3 2
f 8 7 6
f 13 16 15
f 17 28 19
f 32 31 30
f 36 35 34
f 37 40 39
f 21 22 23
f 25 26 27
f 41 44 43
f 48 47 46
f 52 51 50
f 53 56 55
f 60 59 58
f 29 30 62
f 66 65 64
f 67 5 6
f 72 71 70
f 76 75 74
f 77 80 79
f 81 84 83
f 59 87 86
f 88 91 90
f 96 95 94
f 100 99 98
f 101 104 103
f 106 105 34
f 108 116 115
f 117 119 36
f 124 127 126
f 131 130 129
f 132 102 134
f 142 141 140
f 148 106 60
f 144 143 127
f 149 152 151
f 156 155 154
f 159 150 158
f 116 108 164
f 171 170 169
f 174 126 173
f 179 182 181
f 186 189 188
f 194 197 196
f 199 142 139
f 206 209 208
f 213 212 211
f 202 215 214
f 96 93 216
f 92 238 43
f 97 184 246
f 250 249 229
f 252 254 58
f 258 257 256
f 260 91 229
f 110 111 112
f 114 264 263
f 265 268 267
f 56 53 270
f 274 273 249
f 185 183 63
f 280 279 278
f 285 284 283
f 288 219 211
f 141 142 92
f 289 290 175
f 148 116 105
f 312 311 170
f 238 262 42
f 318 163 160
f 310 309 308
f 241 239 325
f 160 230 240
f 47 48 307
f 108 109 315
f 345 85 86
f 348 351 350
f 356 359 358
f 355 354 353
f 363 31 32
f 364 252 253
f 366 125 368
f 183 372 371
f 163 162 161
f 209 226 101
f 378 377 165
f 379 295 381
f 383 382 3
f 284 285 386
f 387 127 389
f 391 259 229
f 73 281 397
f 405 408 407
f 203 218 411
f 414 121 413
f 1 356 357
f 277 276 131
f 254 344 57
f 358 384 415
f 417 416 386
f 401 400 192
f 419 389 127
f 421 181 182
f 103 301 302
f 428 367 368
f 380 390 359
f 62 204 266
f 140 141 431
f 357 358 351
f 356 1 379
f 415 392 403
f 437 428 436
f 438 441 440
f 188 451 450
f 265 455 181
f 224 185 64
f 237 212 213
f 275 131 128
f 281 282 460
f 50 462 79
f 73 74 282
f 468 467 466
f 390 355 352
f 482 485 484
f 489 488 487
f 493 496 495
f 472 471 470
f 502 501 500
f 220 221 222
f 512 419 143
f 518 517 511
f 513 239 230
f 205 30 31
f 189 370 451
f 163 318 532
f 533 224 225
f 446 448 447
f 335 541 540
f 544 512 546
f 329 519 291
f 199 534 262
f 385 386 416
f 532 190 191
f 363 117 118
f 578 581 580
f 573 572 571
f 561 563 562
f 241 260 259
f 590 593 592
f 545 546 595
f 503 154 155
f 606 625 624
f 478 481 480
f 646 649 648
f 590 591 689
f 564 565 651
f 728 246 184
f 714 724 716
f 692 574 575
f 541 335 581
f 346 68 248
f 161 231 230
f 128 129 94
f 698 705 704
f 574 577 576
f 290 289 401
f 630 631 725
f 733 736 735
f 755 466 496
f 759 480 481
f 757 763 762
f 764 496 466
f 768 767 3839
f 759 760 488
f 492 474 475
f 474 770 769
f 773 468 465
f 771 774 486
f 484 485 775
f 774 776 489
f 495 496 764
f 495 757 761
f 137 397 784
f 325 239 797
f 165 519 51
f 369 32 29
f 730 731 568
f 90 302 301
f 243 118 516
f 800 734 806
f 817 815 808
f 816 808 823
f 306 303 447
f 815 810 809
f 829 830 828
f 726 725 501
f 274 427 424
f 879 882 881
f 884 883 879
f 219 218 217
f 906 905 904
f 455 204 205
f 898 882 830
f 903 900 880
f 377 291 519
f 923 949 948
f 946 947 951
f 3531 740 739
f 900 899 886
f 225 64 65
f 182 445 442
f 809 952 947
f 954 960 962
f 927 950 965
f 885 879 880
f 925 927 966
f 343 342 341
f 965 964 971
f 968 971 970
f 972 968 969
f 963 961 981
f 336 337 338
f 992 993 827
f 810 815 996
f 1007 1001 1002
f 1012 826 827
f 1011 1009 1007
f 294 293 292
f 907 908 920
f 1017 579 1019
f 1020 1023 1022
f 1035 1024 1020
f 1061 1060 1047
f 1063 1061 1046
f 1044 1020 1021
f 1102 1094 1097
f 1116 1126 1118
f 1016 1015 1014
f 881 897 904
f 816 1116 1127
f 1094 948 949
f 514 342 167
f 146 145 81
f 1133 1135 1130
f 1102 1133 1126
f 822 1126 1116
f 1145 1143 1148
f 1076 1144 1151
f 1148 1143 1086
f 1109 1097 1114
f 1154 1153 1156
f 1153 925 967
f 3473 3506 463
f 1144 1147 1152
f 1156 967 1163
f 1164 1162 1169
f 1145 1171 1176
f 1114 1115 1154
f 1183 1155 1164
f 1184 1183 1177
f 1069 1151 1062
f 1023 1191 1194
f 1162 1163 1170
f 1195 1184 1185
f 1183 1196 1176
f 1201 1063 1152
f 1061 1063 1201
f 3856 847 843
f 1203 1202 1195
f 1202 1201 1184
f 1218 1060 1203
f 1060 1061 1202
f 1225 1218 1217
f 671 695 694
f 1219 1217 1024
f 1217 1203 1034
f 1226 1014 1015
f 1243 1242 1234
f 1231 1230 1229
f 847 1243 1233
f 843 1233 1244
f 1233 1234 1245
f 1923 3791 233
f 2101 2109 499
f 3945 3895 2136
f 61 62 323
f 210 211 217
f 1299 1310 1309
f 3894 1230 1231
f 1066 1047 1321
f 1322 1321 1228
f 1060 1218 1321
f 1325 1324 1323
f 1244 1245 1332
f 1290 1234 1242
f 1337 1330 1339
f 1330 1332 1340
f 1341 1332 1245
f 1342 1340 1332
f 1343 1342 1341
f 1344 1341 1294
f 3888 3887 1345
f 1347 1348 1342
f 3887 3885 1295
f 1349 1350 1348
f 3892 1349 1347
f 3884 1347 1343
f 906 898 829
f 905 906 1353
f 865 1356 1355
f 1355 1353 829
f 1357 1355 825
f 1356 1354 1353
f 3865 1337 1338
f 866 1358 1356
f 1358 1359 1354
f 3859 878 1337
f 838 1362 1012
f 1363 1364 1338
f 1368 1363 1339
f 1348 1368 1340
f 1371 1369 3855
f 524 525 526
f 528 529 530
f 1372 1370 1369
f 535 536 537
f 1367 1368 1348
f 1370 1354 1359
f 1369 1359 3864
f 1373 910 903
f 555 556 557
f 1374 909 910
f 1373 904 905
f 1374 1373 1375
f 1375 905 1354
f 1378 920 908
f 376 373 651
f 1388 928 973
f 586 587 588
f 1390 1389 1388
f 1391 1388 969
f 597 598 599
f 600 601 602
f 1392 1391 970
f 608 609 610
f 612 524 523
f 614 615 616
f 617 618 25
f 620 621 622
f 1397 1390 1391
f 1398 1397 1392
f 1400 987 920
f 1402 1403 1165
f 636 637 638
f 930 1404 1402
f 641 642 643
f 929 1402 1169
f 1404 1405 1403
f 1411 1366 1365
f 1412 1406 1415
f 652 653 654
f 609 656 657
f 659 660 661
f 558 663 586
f 665 666 667
f 1413 1411 1406
f 1418 1416 3841
f 1417 1372 1371
f 1416 1371 3860
f 1419 1417 1416
f 1386 909 1374
f 677 678 679
f 1385 1386 1420
f 1420 1374 1376
f 685 686 687
f 1421 1420 1422
f 528 690 691
f 1422 1376 1372
f 1018 1019 747
f 699 700 701
f 1424 578 579
f 3693 1597 1767
f 700 699 711
f 1093 3776 3784
f 717 718 530
f 721 722 723
f 704 1650 3563
f 19 1429 1426
f 1429 1428 1427
f 1658 1659 3562
f 1439 1437 1434
f 1437 1436 1435
f 1426 1427 1433
f 1442 1431 1432
f 742 743 744
f 1432 1433 1441
f 751 752 753
f 1438 1434 1403
f 1446 1445 1444
f 1447 1448 1446
f 3891 1447 1443
f 1415 1367 1445
f 1414 1415 1446
f 2175 1683 469
f 777 778 779
f 780 781 782
f 1676 1693 1806
f 3890 1451 1349
f 789 790 791
f 745 792 793
f 652 794 795
f 1455 1458 1457
f 1454 1367 1350
f 610 691 802
f 3862 3847 698
f 1352 1044 1045
f 1015 1016 1459
f 811 812 813
f 2119 3846 3848
f 819 820 821
f 1466 1463 1194
f 1467 1468 1465
f 1182 1165 1468
f 832 812 833
f 835 836 837
f 1467 1466 1190
f 1469 1470 1444
f 840 700 712
f 1453 1470 1469
f 599 844 845
f 1226 1450 3880
f 851 852 853
f 855 744 856
f 858 859 860
f 861 862 863
f 1014 1226 3886
f 867 676 868
f 870 871 872
f 874 875 876
f 1310 1323 1471
f 1476 1433 1427
f 1461 1476 1475
f 887 888 889
f 788 791 892
f 894 895 896
f 1460 1475 1227
f 901 902 524
f 1465 1478 1477
f 1865 3513 3510
f 911 912 913
f 916 917 918
f 1850 3515 3517
f 921 922 895
f 1479 1435 1436
f 926 664 667
f 1481 562 563
f 269 1483 84
f 931 932 933
f 934 935 614
f 936 685 688
f 938 659 662
f 1484 270 122
f 941 942 835
f 320 321 509
f 1849 3520 3515
f 84 1483 1484
f 1487 1490 1488
f 1757 1758 3512
f 365 1492 1491
f 461 79 80
f 117 363 362
f 1494 540 541
f 926 601 957
f 1477 1441 1433
f 1709 1588 1585
f 119 117 1496
f 271 1497 504
f 511 517 189
f 345 1496 1492
f 57 344 299
f 1501 1499 268
f 267 268 1499
f 974 975 976
f 1678 1652 1693
f 3877 1682 1807
f 557 982 663
f 983 941 984
f 1443 1444 3880
f 421 1500 268
f 989 990 991
f 1490 1487 418
f 279 280 309
f 997 868 676
f 998 26 999
f 1504 418 38
f 1506 1508 1507
f 360 361 1508
f 1506 1486 207
f 939 1005 1006
f 270 1484 1483
f 66 63 546
f 1010 742 793
f 367 428 437
f 244 31 363
f 1670 3549 3551
f 209 206 1510
f 388 389 426
f 427 274 250
f 161 520 521
f 100 246 45
f 1025 1026 608
f 1029 1030 1031
f 939 662 1033
f 41 42 594
f 1036 780 783
f 702 701 1038
f 1040 1041 1042
f 362 32 369
f 187 1520 477
f 70 1487 539
f 1049 600 603
f 613 867 869
f 860 1050 1051
f 1005 1052 1053
f 753 1055 1056
f 1057 1058 1059
f 293 288 1522
f 288 212 1521
f 292 1522 1523
f 331 1507 1508
f 306 452 453
f 100 44 41
f 462 1524 78
f 330 331 1524
f 635 1067 1068
f 1485 1527 1526
f 206 1485 1528
f 1070 1071 1072
f 942 941 1073
f 916 933 1075
f 440 1529 1530
f 157 158 1514
f 1529 162 5
f 371 595 546
f 790 586 663
f 1077 858 857
f 1403 1434 1435
f 1080 1081 1082
f 531 520 1529
f 21 1083 1084
f 272 1532 1531
f 690 712 802
f 335 3599 3592
f 1090 1030 1029
f 1092 795 794
f 1533 396 137
f 661 660 1095
f 69 444 445
f 1099 1100 1101
f 38 39 1536
f 1104 1105 1106
f 852 1107 1108
f 1377 908 909
f 291 377 411
f 316 1536 516
f 539 1488 1533
f 1505 1536 316
f 1110 1111 1112
f 1539 1537 460
f 522 441 1537
f 834 837 1120
f 1122 1123 1124
f 612 1125 1041
f 935 793 615
f 276 278 130
f 1686 3570 3534
f 193 190 1541
f 231 521 1540
f 556 1037 982
f 365 253 85
f 190 532 318
f 1810 765 3603
f 3955 1867 3523
f 1132 983 985
f 208 101 102
f 1134 1033 662
f 1491 518 80
f 429 133 1542
f 1137 1138 915
f 172 436 428
f 1139 1140 1141
f 549 96 54
f 1517 1519 1518
f 834 1119 984
f 1543 513 286
f 1544 797 239
f 133 134 1544
f 506 361 257
f 420 327 328
f 1158 1159 1160
f 587 1104 1103
f 607 1161 1027
f 304 1546 1545
f 364 1491 77
f 69 70 198
f 700 840 1112
f 3908 626 3539
f 1166 719 657
f 1167 1168 858
f 1300 3536 3538
f 1172 1173 1174
f 218 203 200
f 1179 1180 1181
f 372 183 97
f 89 104 227
f 1186 1187 1188
f 172 173 1517
f 1482 84 81
f 1090 1192 1193
f 394 395 353
f 526 525 1198
f 1199 1200 1026
f 606 623 697
f 1204 1205 1206
f 1207 1208 523
f 1209 1210 867
f 914 913 685
f 1478 1436 1441
f 1029 1028 1161
f 1211 1212 1213
f 3889 1453 1451
f 844 1215 1216
f 423 193 273
f 1220 1221 1222
f 22 1223 1224
f 882 898 897
f 1519 1517 173
f 1189 1188 1232
f 349 350 550
f 1071 1235 1236
f 1237 1238 1239
f 1221 1186 1189
f 1510 1528 1512
f 939 1032 1241
f 1556 1530 5
f 1553 1554 394
f 404 1556 67
f 1247 1248 1249
f 142 199 238
f 1251 1067 635
f 850 1252 1253
f 1254 1167 1077
f 57 132 133
f 443 430 552
f 1187 1172 1175
f 1256 1070 831
f 432 405 382
f 741 748 747
f 434 350 351
f 349 432 383
f 251 124 1481
f 395 384 352
f 1518 1519 1550
f 1558 410 378
f 109 263 314
f 285 1514 1513
f 395 394 393
f 202 203 410
f 417 408 405
f 1246 1257 1258
f 3 1559 297
f 1259 1260 1261
f 403 404 347
f 955 954 953
f 462 50 51
f 1096 1095 687
f 429 147 60
f 896 1264 1265
f 1267 721 1268
f 423 424 327
f 37 179 180
f 20 23 1187
f 1256 1168 1071
f 1188 1175 1269
f 1236 1270 1271
f 1272 536 535
f 565 564 463
f 1273 792 745
f 876 1254 1255
f 316 33 164
f 437 1516 503
f 194 1494 1495
f 1275 1276 864
f 624 625 631
f 1277 1274 1137
f 569 568 567
f 1481 124 125
f 324 325 547
f 1279 1108 1107
f 1525 332 329
f 1281 1278 1137
f 171 168 1553
f 1488 73 396
f 1557 1561 1562
f 1282 856 1206
f 1053 1277 1278
f 778 777 607
f 713 583 3591
f 251 225 144
f 4 357 348
f 709 708 707
f 728 48 45
f 261 135 1563
f 789 1286 1287
f 74 314 263
f 403 284 385
f 1178 1181 1240
f 1223 1259 1289
f 1220 20 1186
f 296 1518 354
f 784 459 1538
f 1181 1180 1291
f 1269 1292 1257
f 1566 1538 438
f 136 784 1566
f 1563 1564 169
f 107 114 109
f 1297 1282 1298
f 1464 1477 1476
f 1520 187 507
f 1301 1302 1303
f 1306 1307 1308
f 175 456 1532
f 1532 456 200
f 1311 1266 1312
f 872 1314 1315
f 3867 843 878
f 1305 1308 864
f 1040 1275 863
f 1564 1566 399
f 592 1576 1575
f 591 1575 1088
f 1581 1584 1583
f 1196 1152 1147
f 710 582 583
f 285 407 408
f 953 954 961
f 1594 1592 1589
f 1585 1588 1587
f 1592 1591 1590
f 3916 945 944
f 1600 1599 1598
f 1604 1603 1602
f 1399 1392 979
f 1589 1590 1596
f 1610 1609 1608
f 298 257 361
f 551 552 276
f 1627 1626 3845
f 859 811 818
f 1078 857 1328
f 1555 439 1530
f 572 573 680
f 772 465 776
f 977 1281 918
f 404 403 392
f 1054 1331 750
f 1644 1645 1643
f 932 1265 1082
f 1067 1333 1334
f 1540 1539 264
f 597 1335 643
f 471 761 762
f 1642 696 3862
f 1644 1642 3873
f 923 946 950
f 96 549 548
f 520 531 522
f 445 444 443
f 849 839 848
f 480 759 755
f 1646 760 481
f 311 426 1567
f 464 463 3506
f 3506 1360 1361
f 234 237 236
f 190 193 192
f 153 154 152
f 231 287 286
f 1552 1553 1551
f 760 1646 1648
f 3863 1647 1649
f 828 827 826
f 52 167 166
f 1663 1662 1661
f 287 107 115
f 668 671 670
f 634 645 640
f 553 560 559
f 118 36 33
f 492 484 491
f 3573 1652 1651
f 582 589 584
f 384 395 392
f 1381 1382 1383
f 1562 1561 435
f 952 953 951
f 3544 3591 583
f 1660 1661 1667
f 1394 1395 1396
f 1660 1665 1664
f 1671 1670 1669
f 1624 1625 1673
f 1407 1408 1409
f 1677 1676 1675
f 1613 1679 1677
f 1679 1678 1676
f 1626 1681 3842
f 534 199 198
f 803 733 734
f 400 248 191
f 65 66 143
f 3540 1657 1656
f 402 159 157
f 629 628 627
f 461 477 49
f 758 757 495
f 796 787 786
f 406 407 1513
f 342 343 166
f 1694 1659 1658
f 1692 1687 1694
f 3578 1693 1652
f 3952 1704 1703
f 326 547 302
f 3947 3952 1702
f 3950 3949 1698
f 1699 1691 3958
f 1557 406 1560
f 1127 1116 1117
f 400 401 289
f 1706 1702 1707
f 1707 1702 1599
f 1709 1706 1708
f 1714 1712 1711
f 3950 3946 1709
f 1704 1711 1577
f 1716 1714 1713
f 1559 1562 1549
f 1722 1721 1720
f 1335 597 596
f 410 411 377
f 973 1170 1163
f 168 169 399
f 1571 682 1089
f 1572 681 682
f 749 646 647
f 1730 1724 1723
f 1594 1582 1729
f 1729 1723 1591
f 1384 1378 1377
f 1732 1731 1712
f 1724 1730 1731
f 1722 1724 1732
f 1721 1722 1733
f 1734 1733 1716
f 1735 1737 1736
f 1733 1732 1714
f 1663 1664 1741
f 1742 1665 1740
f 1738 1739 1737
f 1665 1660 1666
f 1665 1742 1744
f 1725 1726 1746
f 1591 1725 1745
f 1590 1745 1747
f 1745 1746 1748
f 1659 1688 3557
f 3295 1760 3565
f 1185 1177 1182
f 1664 1744 1749
f 1741 1749 1739
f 1746 1742 1743
f 1726 1744 1742
f 1115 924 1153
f 1654 3567 3604
f 1896 3586 3570
f 1720 1749 1744
f 1721 1739 1749
f 1750 1718 1701
f 1697 1736 1750
f 1151 1152 1063
f 1751 1752 1670
f 1695 1658 1752
f 961 962 986
f 1770 1769 1768
f 1766 1594 1593
f 1731 1759 1579
f 1579 1777 1774
f 3959 1772 1771
f 1764 1772 3959
f 1777 1776 1775
f 3792 3793 1699
f 1004 1127 1128
f 1774 1775 1771
f 987 1400 1399
f 1578 1774 1772
f 1783 1782 1781
f 1597 1598 1770
f 639 1878 3926
f 3959 3960 1769
f 1793 1792 1789
f 3960 3951 1798
f 3518 3527 3803
f 1802 1867 3955
f 1788 1790 1794
f 1793 1794 1795
f 3803 3802 1675
f 1584 1581 1783
f 1771 1797 3951
f 1801 1799 1798
f 1768 1769 1798
f 1775 1796 1797
f 508 514 515
f 1796 1803 1802
f 1800 1798 3951
f 1794 1805 1804
f 3549 1670 1752
f 485 1808 1807
f 3840 3875 1640
f 3868 3875 1810
f 485 482 1640
f 1690 1691 3800
f 487 488 1648
f 3870 1813 1816
f 3869 1811 1648
f 3870 1812 1811
f 1812 1809 487
f 1641 1809 767
f 465 466 755
f 767 1815 3854
f 3853 1816 3857
f 1809 1812 1815
f 3868 1653 1651
f 675 672 3561
f 1814 1649 1822
f 1821 1822 3852
f 1824 1822 1649
f 1827 1849 1850
f 1668 1669 1662
f 1779 1780 1848
f 1790 1827 1805
f 1833 1836 1853
f 3533 3516 693
f 1614 1615 1616
f 1852 1853 3507
f 1620 1621 1622
f 1855 1765 1574
f 1847 1852 3511
f 1766 1765 1855
f 1629 1630 1631
f 1633 1622 1634
f 1635 1636 1637
f 1848 1833 1852
f 1855 1861 1863
f 1803 1866 1867
f 1862 1863 1831
f 1782 1855 1862
f 3953 3955 1865
f 1873 1872 1870
f 1874 1869 799
f 2046 3909 3928
f 1219 1345 1295
f 1615 1614 1396
f 3915 3926 1877
f 645 3929 3816
f 1345 1219 1035
f 634 639 3915
f 15 1887 1327
f 3941 3926 1878
f 1894 604 605
f 3516 3572 627
f 3584 640 645
f 340 341 454
f 1897 194 195
f 1889 1882 1877
f 1901 94 129
f 196 749 754
f 1705 1704 3952
f 340 378 166
f 1570 1480 563
f 1904 1494 194
f 1781 1862 1832
f 1905 549 55
f 1000 994 995
f 986 919 920
f 1191 1185 1190
f 2095 2078 2076
f 1920 1921 1919
f 453 454 1912
f 1915 1919 1918
f 3913 2113 2107
f 1655 3604 3548
f 1916 1918 1926
f 704 3575 3585
f 278 1916 1925
f 3590 3589 1818
f 1097 949 1115
f 1927 1928 727
f 3608 3609 3684
f 1920 310 307
f 1929 307 48
f 503 504 1497
f 1902 1903 787
f 1816 1821 3851
f 1925 1926 1923
f 1535 1569 1568
f 254 252 258
f 1509 1497 366
f 119 86 35
f 219 288 293
f 141 46 47
f 542 205 244
f 1940 552 430
f 1779 1828 1827
f 1701 1710 3946
f 1661 3571 3526
f 270 53 754
f 197 1947 749
f 1727 1728 1212
f 53 54 232
f 1465 1468 1479
f 1284 3893 3885
f 1951 446 412
f 168 398 1554
f 1486 1485 206
f 506 77 78
f 994 1001 1007
f 951 953 963
f 1013 3890 3892
f 3857 3851 1820
f 1498 1909 1954
f 299 298 543
f 1754 1755 1756
f 1681 469 1683
f 1696 1694 1695
f 13 14 738
f 473 476 475
f 482 1641 768
f 204 62 30
f 1761 1762 820
f 611 1763 1125
f 1501 1503 1908
f 1074 1073 711
f 1960 1944 82
f 120 1956 1960
f 35 86 87
f 1773 1199 1025
f 1965 1545 1569
f 494 761 471
f 1966 1967 1969
f 446 1951 1971
f 174 368 125
f 1580 1579 1578
f 1785 1786 1787
f 1972 1546 304
f 1254 876 875
f 1973 341 342
f 321 1912 1973
f 1910 277 275
f 509 1973 514
f 1486 1507 1527
f 1974 1874 804
f 1977 1976 1974
f 1980 448 1966
f 379 1 2
f 1718 1715 1710
f 884 995 992
f 1680 1684 1678
f 902 990 525
f 344 255 256
f 135 138 137
f 448 446 1967
f 589 605 604
f 910 909 908
f 1981 1966 1968
f 1982 1981 1987
f 1988 1979 1987
f 1990 1988 1989
f 1991 1989 1993
f 322 321 320
f 992 828 830
f 1144 1076 1086
f 1995 1977 1978
f 1133 1129 1118
f 1997 1995 1994
f 870 1823 1335
f 805 806 1982
f 727 184 2000
f 1996 1994 1988
f 1994 1978 1979
f 1829 616 792
f 1830 1073 941
f 798 803 800
f 729 732 731
f 2011 2012 2023
f 1834 1835 846
f 402 283 284
f 2022 2023 2024
f 1838 718 989
f 810 955 952
f 1823 1839 1840
f 1430 1426 1432
f 1215 844 1841
f 1316 1208 873
f 2113 1401 1384
f 1842 1843 1844
f 1159 846 845
f 837 27 1846
f 1971 1951 2030
f 517 369 370
f 1471 2026 2027
f 3572 3539 626
f 2176 2177 770
f 935 934 1854
f 1613 1619 1611
f 1231 1228 1225
f 1856 1857 891
f 1300 1309 748
f 1150 1149 1858
f 1643 606 696
f 1215 1265 1264
f 1320 1860 902
f 1956 1943 1944
f 2031 668 669
f 2034 1325 1310
f 1879 1880 1656
f 40 245 242
f 1992 1993 2040
f 888 958 957
f 1882 1889 1996
f 1078 1138 1255
f 1871 912 1192
f 294 411 218
f 1323 2042 2026
f 123 1960 83
f 1324 2036 2042
f 384 358 359
f 1324 1325 2039
f 1883 1884 1885
f 287 1540 114
f 1096 1886 1134
f 915 1329 931
f 806 1980 1981
f 3550 3544 584
f 1425 2030 2043
f 1018 2043 1948
f 3586 1896 740
f 1948 2043 649
f 1881 1882 1990
f 1900 129 130
f 992 995 994
f 923 927 925
f 3909 2046 2048
f 1643 2049 625
f 2051 2053 2052
f 2046 1405 1404
f 3907 2048 945
f 1139 1080 1079
f 1037 1856 892
f 2056 2054 2058
f 1198 989 718
f 1619 2059 1612
f 2059 1605 1606
f 2060 2061 1607
f 2059 1619 1624
f 71 72 179
f 405 406 1557
f 322 1548 1972
f 2062 2053 2064
f 2067 2066 2068
f 2053 2062 2065
f 1609 1610 2067
f 1515 151 152
f 1009 827 993
f 1644 3874 3846
f 279 1915 1916
f 1285 3894 3893
f 1647 2067 1825
f 2057 2058 2068
f 319 320 1953
f 667 666 1913
f 2071 631 625
f 2053 2051 2056
f 2039 1654 1655
f 1606 1601 2074
f 1235 1917 1270
f 2073 2074 2076
f 2060 1606 2073
f 2075 2076 2078
f 1601 1602 2079
f 2050 2049 1643
f 1000 1004 1001
f 1089 943 684
f 1931 1286 1306
f 1462 1459 1021
f 1932 1933 1934
f 875 874 1846
f 1936 1051 1937
f 44 45 46
f 1534 1955 1956
f 1541 318 317
f 2082 2083 2085
f 146 1945 1959
f 1360 1941 1942
f 985 984 1032
f 1995 1997 1892
f 2080 2081 2083
f 2096 2097 2077
f 2082 2094 2079
f 2056 2051 2055
f 501 2097 2096
f 2098 2101 2100
f 2099 2100 2095
f 2141 2142 3924
f 2142 2047 3925
f 2052 2071 2049
f 592 2103 2102
f 2072 2065 2077
f 2103 2098 2099
f 593 2104 2103
f 1019 1895 746
f 1950 11 12
f 725 2072 2097
f 1385 2106 2105
f 1379 2105 2107
f 2108 2109 2101
f 3939 726 502
f 3927 502 499
f 940 1389 2110
f 928 929 1170
f 3899 590 684
f 1962 1963 1964
f 3909 680 573
f 2040 1993 1968
f 1389 1390 2111
f 1398 2112 2114
f 3787 3785 3783
f 3942 3914 2108
f 949 923 924
f 260 241 324
f 1390 1397 2114
f 2071 2052 2065
f 3898 3942 2104
f 2106 1385 1421
f 2115 1421 1423
f 3923 2115 2116
f 3939 2106 2115
f 554 2117 1902
f 972 1163 967
f 1765 1593 1573
f 1984 1985 1986
f 2054 2118 2070
f 3602 3577 724
f 1625 1677 1674
f 3912 3919 2120
f 3934 2116 2124
f 56 1954 1906
f 626 3908 3910
f 2001 2002 2003
f 3943 3872 2128
f 2006 2007 2008
f 2128 1413 1412
f 2014 2015 2016
f 2018 2019 2020
f 1495 1424 1947
f 1379 1377 1386
f 3845 3842 1680
f 2029 1885 1884
f 3933 2129 2121
f 629 3910 3945
f 682 683 943
f 724 1650 2122
f 1757 1819 3852
f 765 1810 3875
f 3882 714 715
f 706 707 3901
f 981 986 987
f 1457 1868 1656
f 2017 2016 2032
f 1458 1655 1868
f 1776 1777 1792
f 1959 1945 1946
f 3693 3745 3755
f 3944 3912 2123
f 1093 1089 689
f 966 965 968
f 3883 715 3912
f 2174 3607 2172
f 670 2139 2138
f 3791 787 1903
f 1429 19 28
f 964 963 978
f 3872 3844 1413
f 1473 1474 669
f 3865 3864 1359
f 2139 798 1870
f 1872 1473 2138
f 715 716 3919
f 1881 1991 1992
f 3874 3873 739
f 1837 1847 3524
f 253 58 59
f 1808 3868 3871
f 1647 3863 3849
f 3896 3897 671
f 2113 3913 3914
f 1405 2046 2045
f 3860 3855 1364
f 273 1541 391
f 576 632 3532
f 3906 3896 668
f 1430 1431 2141
f 2137 3881 3891
f 1430 2140 18
f 3924 3925 570
f 1442 1439 2047
f 1431 1442 2142
f 3900 3944 3881
f 3839 3854 1817
f 3897 3924 695
f 2143 2025 798
f 571 2144 2143
f 3850 3845 1618
f 2144 2022 2025
f 694 2143 2139
f 681 1572 2145
f 2145 2011 2022
f 328 210 457
f 1572 2010 2011
f 630 3923 3934
f 2086 2087 2088
f 2091 2092 2093
f 572 2145 2144
f 1875 1976 2155
f 1873 1875 2150
f 2104 2108 2098
f 2159 2044 2157
f 2129 1412 1414
f 3905 3902 589
f 3903 3901 628
f 2150 2155 2160
f 2161 2160 3936
f 698 3938 3933
f 3854 3878 3858
f 2160 2158 3905
f 1438 2045 2047
f 2035 2156 2162
f 2163 2162 3920
f 3902 3922 605
f 3904 17 18
f 370 29 61
f 649 1951 413
f 2155 2159 2158
f 1428 1429 1449
f 1490 76 73
f 3921 3936 710
f 2157 1891 3922
f 1456 1457 1880
f 2126 2089 2088
f 2162 2161 3921
f 300 1959 505
f 1064 1062 1046
f 2044 1892 1891
f 2130 2131 2004
f 2132 2133 2134
f 3879 3880 1450
f 1998 1975 804
f 3910 673 3895
f 474 492 490
f 1164 1165 1182
f 707 2164 3940
f 708 1472 2164
f 2164 2163 3917
f 548 549 1905
f 1145 1136 1114
f 705 2122 1650
f 2044 2159 1977
f 737 738 554
f 1034 1195 1191
f 458 1905 1907
f 195 196 232
f 2041 2040 1969
f 2146 2147 2148
f 2055 2051 2050
f 3863 1646 1639
f 9 12 11
f 252 364 506
f 472 478 479
f 1865 3955 3822
f 900 903 910
f 1941 2151 2152
f 1921 1928 1927
f 2165 1897 1898
f 271 156 153
f 1904 1326 12
f 282 263 264
f 1872 1873 2156
f 1326 1904 1897
f 628 692 693
f 1724 1722 1719
f 1549 1562 436
f 1582 1583 1730
f 1921 1920 1929
f 3587 3521 10
f 2154 2038 1950
f 475 772 774
f 769 2174 2173
f 2173 2167 476
f 476 773 772
f 1791 565 464
f 2168 2169 2170
f 595 371 372
f 483 1809 1641
f 762 2176 2175
f 771 483 484
f 486 487 1809
f 297 1549 1517
f 763 2177 2176
f 776 755 759
f 184 185 2178
f 412 447 303
f 2005 2178 185
f 3842 1681 1682
f 2166 2172 756
f 1472 2035 2163
f 950 951 964
f 2179 2180 2181
f 227 226 1510
f 2184 2185 2186
f 2188 2019 2018
f 1985 2184 2183
f 214 736 729
f 865 849 842
f 849 865 1357
f 559 3189 3190
f 16 13 737
f 560 553 498
f 3195 3198 3197
f 3202 3199 3200
f 3213 3216 3215
f 3217 3220 3219
f 2189 2190 2002
f 2171 2170 2191
f 2194 2087 2086
f 2195 2196 2197
f 2200 2201 2202
f 1998 1982 1979
f 3694 3695 3698
f 2117 1898 1903
f 1859 2006 2009
f 3935 2124 2127
f 1135 1148 1087
f 2203 2204 2015
f 1149 111 110
f 3223 3224 3220
f 2205 2206 2207
f 579 580 1895
f 1755 2209 2210
f 3922 3941 1893
f 1211 2152 2151
f 868 997 2212
f 944 945 930
f 2131 2130 2204
f 233 1903 1898
f 665 751 750
f 1167 1254 999
f 2213 2214 2215
f 2217 2218 2219
f 3898 593 590
f 2222 221 220
f 823 824 948
f 3229 3222 3231
f 266 204 455
f 3913 2109 2108
f 2223 2224 3531
f 2225 2226 2227
f 2209 2126 2125
f 673 674 3900
f 817 1000 996
f 2229 2230 2147
f 1947 1948 646
f 3931 2136 17
f 2231 1635 1638
f 1679 1613 1618
f 1637 2233 2234
f 2235 2236 1617
f 2233 2237 2238
f 1381 1638 2240
f 3616 2243 2244
f 1630 2236 2235
f 1681 1626 472
f 1408 1407 2245
f 3240 3243 3242
f 3236 3245 3244
f 1637 2232 2240
f 3241 3242 3237
f 1409 1408 1634
f 1380 1383 2249
f 1628 2250 2247
f 2251 1623 1622
f 1632 1634 1408
f 2250 1628 1631
f 2237 2233 1637
f 3249 3250 3201
f 631 2071 2072
f 515 167 52
f 782 781 2253
f 2255 2256 2257
f 397 281 459
f 1456 2040 2041
f 2041 2042 2036
f 1401 2113 2112
f 2042 2041 1970
f 1535 121 414
f 1586 1587 2081
f 2258 983 1132
f 1700 1699 3949
f 3846 1896 1686
f 1263 2258 1886
f 598 1841 844
f 2259 2260 2261
f 2260 2263 2264
f 2261 2264 2265
f 2262 2261 2218
f 1967 1971 1970
f 2214 1964 1963
f 922 921 2220
f 1312 1098 1101
f 1307 1306 1286
f 1548 1569 1546
f 2268 2269 2270
f 2267 2270 2272
f 2274 2267 2271
f 2275 2268 2267
f 2277 2278 2279
f 2280 2276 2279
f 2286 2287 3647
f 2289 2285 2288
f 2290 2291 2285
f 2292 2286 3669
f 2293 2294 2295
f 2297 2293 2296
f 2298 2299 2293
f 2299 2300 2294
f 2296 2295 2301
f 2281 2296 2302
f 2300 2303 2304
f 2294 2304 2305
f 2295 2305 2306
f 2306 2307 2308
f 2310 2311 2312
f 2304 2309 2312
f 2303 2313 2309
f 2314 2310 2309
f 2315 2316 2317
f 2320 2321 2322
f 3778 3801 2324
f 2326 2327 2275
f 2315 2326 2328
f 2330 2326 2315
f 2331 2327 2326
f 2333 2334 2335
f 2332 2335 2269
f 2327 2332 2268
f 2331 2333 2332
f 2335 2336 2337
f 2338 2336 2335
f 2340 2338 2334
f 2333 2341 2339
f 2331 2342 2341
f 2330 2343 2342
f 2318 2344 2343
f 2344 2318 2317
f 2346 2347 2348
f 2343 2346 2349
f 2344 2350 2346
f 2350 2351 2347
f 2352 2353 2354
f 2341 2352 2355
f 2342 2349 2352
f 2349 2348 2353
f 2339 2355 2356
f 2355 2354 2357
f 2358 2279 2278
f 2358 2359 2360
f 2358 2361 2298
f 2281 2279 2358
f 2362 2363 2272
f 2269 2337 2362
f 2364 2365 2366
f 2364 2367 2363
f 2368 2364 2360
f 2368 2369 2365
f 2359 2278 2370
f 2368 2370 2371
f 2278 2277 2372
f 2370 2372 2284
f 2374 2375 2376
f 2377 2378 2379
f 2380 2381 2382
f 2384 2380 2383
f 2386 2387 2380
f 2387 2388 2381
f 2390 2391 2392
f 2389 2392 2394
f 2395 2396 2389
f 2396 2397 2390
f 2188 2403 2404
f 2405 2406 2329
f 2274 2405 2328
f 2273 2407 2405
f 2407 2408 2406
f 2406 2409 2410
f 2411 2412 2413
f 2411 2414 2273
f 2415 2411 2271
f 2415 2416 2412
f 2419 2417 2418
f 2419 2420 2408
f 2414 2419 2407
f 2413 2417 2419
f 2408 2421 2409
f 3596 3532 632
f 2422 2400 2399
f 2422 2423 2425
f 2426 2422 2424
f 2426 2401 2400
f 2427 2393 2394
f 2423 2427 2428
f 2399 2398 2427
f 2398 2395 2393
f 2429 2316 2410
f 2432 2429 2430
f 2345 2317 2429
f 2434 2345 2432
f 2433 2432 2431
f 2437 2433 2435
f 2438 2434 2433
f 2430 2410 2409
f 2424 2439 2409
f 2440 2439 2424
f 2431 2430 2439
f 2442 2436 2435
f 2443 2441 2435
f 2444 2445 2441
f 2445 2446 2442
f 2447 2448 2446
f 2449 2447 2445
f 2385 2383 2447
f 2383 2382 2448
f 2450 2440 2425
f 2451 2450 2428
f 2443 2450 2451
f 2443 2431 2440
f 2451 2394 2392
f 2452 2392 2391
f 2449 2452 2453
f 2444 2451 2452
f 2453 2391 2455
f 2454 2455 2457
f 2384 2454 2456
f 2385 2453 2454
f 2458 2459 2375
f 2461 2462 2463
f 2465 2466 2467
f 2464 2467 2287
f 2468 2464 2286
f 2469 2465 2464
f 2463 2462 3733
f 2470 2471 2472
f 2474 2470 2473
f 2476 2463 3731
f 2477 2478 2479
f 2460 2457 2455
f 2481 2455 2391
f 2397 2482 2481
f 2482 2461 2460
f 2483 2484 2485
f 2486 113 2487
f 2473 2472 2466
f 2475 2473 2465
f 2489 2469 2468
f 2488 2468 2292
f 2492 2488 2490
f 2493 2489 2488
f 2494 2475 2469
f 2495 2494 2489
f 2496 2497 2494
f 2497 2474 2475
f 3720 2498 2476
f 3721 2499 2498
f 2500 2496 2495
f 2502 2500 2501
f 3730 3717 2500
f 3717 3721 2496
f 2308 2506 2280
f 2307 2507 2506
f 2506 2507 2509
f 2508 2509 2290
f 2276 2508 2510
f 2280 2506 2508
f 3663 3662 2491
f 3650 3663 2490
f 2509 2511 2291
f 2507 2512 2511
f 2510 2290 2289
f 2513 2289 2283
f 2372 2513 2282
f 2277 2510 2513
f 2514 2492 2491
f 2516 2514 2515
f 2519 2514 2516
f 2519 2493 2492
f 2501 2495 2493
f 2501 2519 2518
f 2512 2507 2521
f 2520 2521 2523
f 3646 2520 2522
f 3662 2512 2520
f 2524 2306 2305
f 2525 2524 2312
f 2307 2306 2524
f 2526 2524 2525
f 2521 2526 2527
f 2507 2307 2526
f 2310 2314 2529
f 2528 2529 2531
f 2533 2528 2530
f 2311 2310 2528
f 1214 2534 2152
f 2421 2408 2420
f 2535 2347 2351
f 2536 2535 2319
f 2537 2538 2535
f 2538 2348 2347
f 2539 2353 2348
f 2540 2539 2538
f 2541 2542 2539
f 2542 2354 2353
f 2314 2357 2543
f 2529 2543 2544
f 2545 2437 2436
f 2547 2545 2546
f 2321 2320 2545
f 2320 2438 2437
f 2516 2517 2550
f 2549 2550 2552
f 2554 2549 2551
f 2554 2518 2516
f 2522 2523 2556
f 2555 2556 2558
f 3620 2555 2557
f 3651 2522 2555
f 2525 2311 2533
f 2559 2533 2532
f 2527 2525 2559
f 2561 2559 2560
f 2556 2561 2562
f 2523 2527 2561
f 2563 2377 2007
f 2378 2564 2227
f 2566 2567 2568
f 2565 2568 338
f 2571 2565 2569
f 2572 2566 2565
f 2574 2575 2576
f 2573 2576 2578
f 2546 2573 2577
f 2546 2436 2574
f 2580 2572 2571
f 2581 2579 2571
f 2576 2579 2581
f 2575 2580 2579
f 2583 2584 2585
f 2586 2582 2585
f 3727 3705 2582
f 3706 2583 2582
f 2584 2518 2554
f 2585 2554 2553
f 2502 2503 2591
f 2592 2590 2591
f 3723 3725 2590
f 3725 3730 2502
f 2503 2518 2593
f 2594 2595 2596
f 2388 2387 2505
f 2598 2381 2388
f 2598 2376 2375
f 2601 2598 2599
f 2601 2382 2381
f 2602 2448 2382
f 2602 2601 2600
f 2605 2602 2603
f 2605 2446 2448
f 2606 2605 2604
f 2442 2606 2607
f 2446 2605 2606
f 2608 2584 2583
f 2608 2609 2592
f 2593 2518 2584
f 3706 2589 2458
f 3719 2458 2374
f 2480 2479 2610
f 2611 2612 2613
f 2566 2572 2615
f 2614 2615 2600
f 2459 2614 2599
f 2567 2566 2614
f 2616 2615 2572
f 2617 2616 2580
f 2604 2603 2616
f 2603 2600 2615
f 2574 2436 2607
f 2618 2607 2604
f 2575 2574 2618
f 1459 1016 1045
f 1265 1215 1079
f 1612 1608 1609
f 2068 2058 2070
f 1135 1109 1136
f 1938 1937 2620
f 95 548 458
f 2059 1607 1608
f 1454 1469 1445
f 655 2622 1048
f 722 1049 2623
f 1131 985 1033
f 562 1481 366
f 1723 1719 1725
f 1786 1123 1122
f 267 300 323
f 1325 2034 1654
f 1468 1165 1435
f 658 657 529
f 8 532 247
f 382 1557 1559
f 788 619 1307
f 940 930 929
f 911 2624 2625
f 2623 2622 655
f 2626 1857 2627
f 998 1846 27
f 635 638 2628
f 2629 641 644
f 2630 2629 1840
f 1200 1199 2629
f 1199 1773 641
f 1520 515 49
f 1452 1350 1349
f 2632 2633 1859
f 644 643 1335
f 1197 1198 717
f 2634 717 719
f 2630 2634 1166
f 2631 1197 2634
f 1762 2635 1050
f 1823 870 873
f 2636 2637 794
f 1042 794 2637
f 93 94 1901
f 2036 2039 1458
f 1527 332 1525
f 877 876 1274
f 134 409 797
f 1328 893 931
f 607 777 1091
f 1043 2637 2639
f 2638 2639 2641
f 1275 2638 2640
f 1275 1040 1043
f 1272 2626 2628
f 2642 2628 638
f 1110 2643 2642
f 536 1272 2642
f 1472 708 1474
f 2043 2030 1951
f 1058 1106 1105
f 2644 2625 2645
f 1192 2644 2646
f 912 2625 2644
f 3929 1657 3540
f 1049 1048 2622
f 616 1829 1885
f 1331 1913 666
f 990 989 1198
f 1911 1912 321
f 1298 1282 1205
f 76 1490 1504
f 1502 1500 421
f 610 609 658
f 1146 937 659
f 2648 911 914
f 1280 1239 1238
f 1453 1454 1452
f 835 942 1843
f 1271 1270 1173
f 1893 1878 1826
f 1050 2635 1937
f 2653 2654 814
f 1006 1053 1281
f 2655 1084 2656
f 1001 1004 1003
f 585 997 679
f 2626 1272 621
f 555 678 2028
f 1207 526 1197
f 1626 1627 478
f 426 389 419
f 1030 1193 1773
f 3929 645 634
f 534 1533 138
f 1125 1092 1042
f 333 228 88
f 569 1570 561
f 1489 2658 871
f 1857 2626 620
f 1673 1674 3800
f 622 861 864
f 619 788 891
f 261 544 545
f 393 1555 1556
f 2660 2661 2649
f 1075 2660 2659
f 1081 1080 2660
f 1080 1139 2661
f 2646 2645 1141
f 2662 1141 1140
f 642 2662 1336
f 1193 2646 2662
f 679 678 555
f 1503 1501 1500
f 1318 1317 1101
f 2663 2661 1139
f 2663 1142 2665
f 2664 2649 2661
f 2664 2665 2624
f 2666 2624 911
f 2650 2666 2648
f 2650 2649 2664
f 2084 2095 2094
f 1442 1440 1437
f 519 329 330
f 1885 2029 1209
f 799 800 805
f 1946 1943 1952
f 1302 1301 1253
f 566 2005 224
f 1389 940 928
f 683 682 681
f 836 835 1842
f 2667 1842 1845
f 2668 2667 1303
f 24 836 2667
f 831 1072 2652
f 1845 1844 1304
f 2010 2013 2012
f 1051 1936 2669
f 1522 1521 1511
f 531 440 441
f 1250 635 2627
f 2671 2627 1857
f 783 2671 1856
f 782 1250 2671
f 720 2672 2673
f 1055 1931 1930
f 1333 1067 1251
f 619 622 1308
f 652 655 2621
f 521 522 1539
f 1838 988 537
f 2674 537 536
f 1113 2674 2643
f 1113 527 1838
f 1016 1013 1351
f 3928 573 570
f 226 227 104
f 3589 3699 3858
f 1036 1037 1884
f 2676 1301 1304
f 2675 1304 1844
f 1334 2675 2677
f 1333 2676 2675
f 2678 702 1039
f 1843 2678 2677
f 942 1074 2678
f 1074 699 702
f 752 1057 1055
f 1200 1166 656
f 1120 1846 874
f 2679 874 877
f 1241 2679 1052
f 1119 1120 2679
f 1560 1513 151
f 1208 1316 611
f 215 735 736
f 1460 1459 1462
f 1208 1207 1839
f 854 856 1282
f 72 445 182
f 544 1563 1565
f 217 200 456
f 2048 1404 930
f 1204 2620 1937
f 913 777 686
f 840 527 1113
f 1531 729 730
f 2680 778 1283
f 601 667 1914
f 1537 1538 459
f 1819 1757 3519
f 991 1860 862
f 2681 711 1073
f 2682 1830 983
f 779 2682 2258
f 778 2680 2682
f 2680 2681 1830
f 180 542 245
f 1886 1132 1131
f 1138 1137 1274
f 1841 598 1140
f 75 313 314
f 193 423 420
f 2683 2684 1099
f 170 1567 1565
f 349 416 417
f 1121 1124 2686
f 547 797 409
f 123 122 121
f 2645 2665 1142
f 1542 1544 513
f 899 900 907
f 1210 677 676
f 791 663 982
f 24 27 837
f 893 896 932
f 1860 1320 863
f 535 538 862
f 1569 1548 1547
f 181 455 542
f 660 659 937
f 2013 567 568
f 887 890 2633
f 1524 1508 361
f 520 161 162
f 2655 855 854
f 1238 1237 2657
f 718 1838 527
f 1492 1493 518
f 792 616 615
f 599 846 1835
f 290 457 456
f 312 171 1552
f 1248 2689 1179
f 153 149 177
f 1240 1181 1222
f 1257 1292 1235
f 1291 1084 1083
f 1052 877 1277
f 743 742 2620
f 444 140 430
f 23 1224 1172
f 2689 2656 1180
f 102 103 409
f 1283 607 610
f 373 497 650
f 1180 2656 1084
f 855 2655 2657
f 1173 1270 1917
f 2691 850 853
f 2690 853 1108
f 2688 2690 1279
f 2689 2691 2690
f 2693 1302 1252
f 2692 1252 850
f 1248 2692 2691
f 1248 1247 2693
f 2694 617 24
f 2693 2694 2668
f 1247 1258 2694
f 1258 1168 617
f 394 1554 1555
f 2695 1260 1259
f 1072 1236 1262
f 1257 1071 1168
f 398 439 1555
f 871 1784 1314
f 1178 1232 1249
f 1224 1289 1173
f 1010 2619 2620
f 1175 1174 1292
f 2656 2689 2688
f 2696 1157 1216
f 71 418 1487
f 701 1112 1111
f 1072 1261 2651
f 1085 2697 22
f 895 2696 1264
f 1601 1606 1605
f 1259 1262 1271
f 21 20 1220
f 988 991 538
f 598 597 1336
f 1050 860 818
f 1298 2647 1761
f 1168 1167 618
f 858 1168 1256
f 39 242 516
f 2654 1761 819
f 313 316 315
f 2026 1970 1971
f 2658 1489 596
f 814 819 818
f 2698 2653 813
f 1260 2698 2651
f 2695 2699 2698
f 2699 1296 2653
f 381 355 390
f 3849 3850 1611
f 1475 1427 1428
f 1292 1174 1917
f 1551 353 354
f 1526 1525 1523
f 1593 1589 1595
f 1232 1269 1246
f 2697 2695 1223
f 2700 1297 1296
f 2700 2699 2695
f 2687 2700 2697
f 2687 854 1297
f 562 1497 271
f 2654 2653 1296
f 1365 1366 1364
f 1958 1946 1953
f 585 588 2212
f 1561 1560 1515
f 975 2650 1146
f 347 67 68
f 1038 1111 636
f 2702 781 780
f 2701 780 1036
f 2703 2701 1883
f 851 2702 2701
f 2676 1333 2253
f 2704 2253 781
f 1253 2704 2702
f 1301 2676 2704
f 1519 387 388
f 1273 1239 1280
f 2705 1280 1107
f 2703 2705 852
f 1829 1273 2705
f 91 260 326
f 1784 871 2658
f 2685 2686 2707
f 604 1894 3509
f 1669 3551 3569
f 2063 2064 2061
f 621 535 861
f 2023 731 732
f 686 779 1263
f 857 1051 2670
f 883 830 882
f 637 636 1111
f 2670 894 893
f 2669 921 894
f 1039 1038 1068
f 313 75 1504
f 1911 1972 305
f 1936 2708 1964
f 2709 2404 2403
f 2710 2709 2185
f 738 2165 2117
f 2351 2350 2434
f 2713 2714 2020
f 2402 2713 2019
f 2716 2717 2718
f 2719 2720 2721
f 2723 2724 2725
f 2728 2729 2730
f 2727 2730 2732
f 2733 2727 2731
f 2734 2728 2727
f 2736 2737 2738
f 2740 2741 2742
f 2739 2742 2743
f 2746 2747 2748
f 2747 2746 2750
f 2751 2752 2749
f 2755 2751 2753
f 2252 1380 2248
f 2756 1396 1614
f 3628 2756 2757
f 3638 2747 2749
f 1617 2758 2757
f 2244 2760 1620
f 2193 2086 2762
f 2763 2761 2762
f 3678 2761 2763
f 3653 2193 2761
f 3211 3252 3225
f 1395 1394 2238
f 1395 2237 1636
f 1616 1635 2231
f 1617 2236 2765
f 2758 2765 3658
f 2767 2765 2236
f 2768 2766 3658
f 3204 3201 3250
f 1516 437 435
f 2770 2771 3573
f 1495 541 578
f 2136 2137 28
f 3541 3560 2775
f 1690 1689 3957
f 2780 2781 2782
f 2779 2782 2783
f 2786 2780 2779
f 3576 3533 575
f 1494 1904 9
f 3544 2016 2015
f 451 61 505
f 2788 2789 2790
f 2781 2788 2787
f 2791 2754 2743
f 2792 2755 2754
f 2794 2795 2796
f 2795 2797 2798
f 2798 2799 2752
f 2796 2798 2751
f 2800 1393 1396
f 3621 2800 2756
f 2800 2801 2802
f 3621 3692 2801
f 2799 2798 2797
f 2793 2796 2755
f 216 233 232
f 3835 2808 2809
f 3836 2811 2806
f 2771 2812 3578
f 183 185 184
f 2813 2814 2777
f 2806 2813 2778
f 2811 2815 2813
f 2814 2813 2815
f 3836 2810 2818
f 3827 2820 2817
f 3829 3831 2822
f 3824 2825 2821
f 2826 2738 2737
f 2825 2827 2826
f 2827 2825 2828
f 3824 2824 2829
f 3827 2819 2828
f 2715 2718 2831
f 2830 2831 2833
f 2824 2823 2830
f 2823 2822 2715
f 2834 2829 2824
f 2835 2834 2832
f 2836 2837 2834
f 2837 2820 2829
f 2839 2840 2841
f 2838 2841 2843
f 2844 2838 2842
f 2845 2839 2838
f 2842 2843 2847
f 2720 2846 2847
f 2732 2730 2846
f 2729 2842 2846
f 2848 2847 2843
f 2831 2848 2849
f 2849 2843 2841
f 2850 2841 2840
f 2835 2850 2851
f 2833 2849 2850
f 2852 2816 2853
f 2855 2852 2854
f 2785 2779 2784
f 2787 2790 2855
f 2782 2787 2858
f 2859 2860 2857
f 2861 2859 2784
f 2863 2845 2844
f 2862 2844 2729
f 2864 2862 2728
f 2865 2863 2862
f 2863 2865 2860
f 2845 2863 2859
f 2858 2855 2856
f 2783 2858 2866
f 2839 2845 2861
f 2840 2839 2866
f 2854 2853 2836
f 2856 2854 2851
f 2867 2817 2820
f 2853 2867 2837
f 2815 2811 2817
f 2816 2815 2867
f 2868 2814 2816
f 2790 2868 2852
f 2868 2790 2789
f 2814 2868 2869
f 1892 1889 1890
f 2722 2721 2848
f 298 299 256
f 2874 2716 2715
f 3825 3831 2737
f 2731 2732 2876
f 2848 2718 2717
f 2878 2879 2880
f 2735 2877 2880
f 3837 3838 2881
f 3837 2882 2874
f 2884 2885 2886
f 2883 2886 2717
f 2882 2883 2716
f 2881 2884 2883
f 2887 2888 2889
f 2890 2891 2892
f 2887 2892 2894
f 2895 2888 2887
f 1942 2152 2534
f 2897 2894 2722
f 2886 2897 2872
f 2885 2898 2897
f 2898 2893 2894
f 2891 2876 2719
f 2892 2719 2722
f 2899 2895 2893
f 2900 2899 2898
f 2901 2900 2885
f 2902 2901 2884
f 3828 2902 2881
f 2878 2904 2903
f 2903 2904 2906
f 1785 2658 1835
f 2907 2908 2901
f 2909 2910 2899
f 3828 2903 2905
f 632 576 577
f 3549 3568 2869
f 434 385 550
f 2770 2772 3670
f 2912 2913 1623
f 2243 2914 2760
f 3670 2772 2915
f 1623 2913 2759
f 3617 2244 2759
f 2231 1381 1380
f 2767 1630 1629
f 2917 2916 1629
f 3672 3671 2916
f 3671 3652 2767
f 2921 2918 3672
f 2920 2917 2914
f 3644 2920 2243
f 3648 2921 3643
f 3561 2179 2182
f 3533 2002 2190
f 3735 3602 714
f 2927 2768 2919
f 2926 2919 2918
f 3640 2926 2921
f 3641 2927 2926
f 2928 2929 2768
f 3688 2928 2927
f 1715 1713 1705
f 785 497 498
f 1387 651 565
f 374 375 1899
f 3602 2205 2208
f 2931 2932 2888
f 2934 2935 2936
f 1905 1906 1908
f 2932 2937 2938
f 2940 2937 2932
f 1493 369 517
f 1603 1585 1586
f 2941 2940 2931
f 2942 2941 2910
f 3695 1707 1600
f 2888 2932 2939
f 2908 2909 2900
f 2910 2931 2895
f 2944 2936 2935
f 2943 2935 2939
f 3511 2943 2938
f 3507 2944 2943
f 2945 2946 2712
f 2945 2875 2876
f 2947 2945 2891
f 2948 2946 2945
f 2934 2947 2890
f 2933 2948 2947
f 727 1928 1929
f 2905 2906 2949
f 545 594 42
f 1480 1570 533
f 2909 2908 2951
f 2908 2907 2952
f 1558 452 215
f 3830 2905 2950
f 2055 1645 1644
f 3735 3714 2205
f 1828 1837 1849
f 2955 2956 2957
f 2954 2957 2959
f 2958 2263 2260
f 2955 2954 2260
f 2456 2457 2476
f 3777 2960 2961
f 3777 2133 2132
f 2963 2964 2965
f 2960 2965 2966
f 222 221 2487
f 2479 2228 2968
f 2633 2563 2006
f 2386 2456 2498
f 2969 2970 2961
f 2970 2969 2972
f 3789 2033 2973
f 3814 2973 2962
f 2974 2973 2033
f 2007 2379 2975
f 3583 3582 2135
f 1836 1833 1832
f 3516 2190 2091
f 955 810 959
f 672 675 674
f 633 710 713
f 2024 732 733
f 2025 2024 803
f 425 1552 1550
f 2977 2978 888
f 1319 1158 1157
f 1212 1935 2979
f 889 957 2230
f 1978 1974 1975
f 1138 1078 1329
f 751 665 2981
f 1619 1613 1625
f 2254 2257 1728
f 1157 1160 845
f 2708 1936 1938
f 2982 2257 2256
f 2984 2977 887
f 802 712 711
f 678 677 2029
f 527 840 690
f 1839 1207 2631
f 2985 2986 602
f 2985 1914 1913
f 2987 2985 1331
f 2988 2986 2985
f 2989 2639 2637
f 2987 2990 2641
f 2992 1319 1318
f 2993 2994 2995
f 2997 2993 2996
f 1106 1058 2993
f 1058 1057 2994
f 1415 1406 1365
f 1317 922 2219
f 1932 1728 2257
f 926 3000 3001
f 3003 2995 2994
f 3002 2994 1057
f 3001 3002 2980
f 3000 3003 3002
f 3004 3000 2211
f 3004 3005 2998
f 2995 3003 3004
f 1103 1106 2997
f 3006 2997 2998
f 2211 2212 3006
f 588 1103 3006
f 295 296 433
f 2640 2641 2990
f 3007 2990 1056
f 1305 3007 1930
f 1276 2640 3007
f 1987 1968 1993
f 2635 1762 1761
f 1423 1422 1417
f 3585 3528 739
f 2673 2672 2706
f 1473 1872 2035
f 922 1317 2696
f 1401 1400 1378
f 556 2028 1884
f 842 848 3856
f 1854 2708 2619
f 933 1082 1081
f 1440 1441 1436
f 529 657 719
f 1031 1025 1027
f 777 913 912
f 2647 1205 1204
f 441 438 1538
f 790 1287 587
f 2066 2067 1610
f 1860 991 990
f 60 106 87
f 1424 1017 1948
f 332 1527 1507
f 261 262 138
f 187 188 449
f 1719 1720 1726
f 1931 1055 1059
f 3008 1059 1105
f 1287 3008 1104
f 1286 1931 3008
f 3009 3010 3011
f 3011 3010 653
f 618 999 26
f 2029 677 1210
f 957 601 600
f 1049 2147 2230
f 2633 890 3013
f 890 889 2229
f 3013 2229 2146
f 2563 3013 3014
f 1026 656 609
f 2708 1854 1961
f 3015 2967 2487
f 2149 2148 1267
f 3017 1267 1266
f 2999 2266 1101
f 642 641 1773
f 186 477 461
f 1041 1040 1320
f 1121 3018 3019
f 2986 2988 2989
f 3020 2989 2636
f 1048 603 3020
f 603 602 2986
f 2681 2680 801
f 2063 2073 2075
f 2062 2075 2077
f 414 303 1545
f 3018 1121 2685
f 3021 2685 2706
f 3022 3021 2672
f 3009 3018 3021
f 1871 1090 1091
f 3023 1787 1122
f 3024 3023 3019
f 1314 3023 3024
f 1784 1787 3023
f 1316 1315 1763
f 3025 3024 3012
f 3025 3011 795
f 1763 3025 1092
f 1315 3024 3025
f 3018 3009 3012
f 752 751 2980
f 2988 2641 2639
f 3026 654 653
f 3022 3026 3010
f 720 723 3026
f 723 2623 654
f 2683 1098 1268
f 2673 3027 1268
f 2707 2683 3027
f 1313 3028 3029
f 3028 3030 3031
f 3029 3031 3032
f 1311 3029 3033
f 2012 568 731
f 917 2659 974
f 743 1206 856
f 1888 2027 2030
f 2684 2707 2686
f 3034 2686 1124
f 1100 3034 2991
f 1099 2684 3034
f 1123 2992 2991
f 3035 1834 1159
f 2992 3035 1158
f 1123 1786 3035
f 1786 1785 1834
f 1054 1056 2990
f 2981 665 664
f 2625 2624 2665
f 1095 660 688
f 3036 3037 2263
f 3038 3036 2958
f 3039 3040 3036
f 3040 3041 3037
f 3042 3043 3028
f 2265 3044 3043
f 3044 3041 3045
f 3043 3045 3030
f 3046 3047 3045
f 3048 3049 3047
f 3049 3050 3051
f 3045 3047 3051
f 3040 3039 3053
f 3052 3053 3055
f 3054 3048 3046
f 3041 3040 3052
f 3056 3037 3041
f 3044 2265 2264
f 2263 3037 3056
f 2218 2265 2999
f 2214 2213 2669
f 3058 868 2211
f 934 3059 1961
f 2013 3785 3787
f 3060 3061 3062
f 3061 3064 3065
f 3062 3065 2215
f 3063 3062 1963
f 3065 3066 2216
f 3064 3067 3066
f 3067 2259 2262
f 3066 2262 2217
f 3068 3069 3033
f 2610 2968 3069
f 2968 2564 3070
f 3033 3069 3070
f 2457 2460 2463
f 2478 2225 2228
f 3572 2091 2090
f 3541 2776 3799
f 433 354 355
f 2116 1423 1419
f 3519 2870 2924
f 3799 3767 2132
f 3071 2613 2169
f 2973 2974 2930
f 2963 2776 2775
f 3072 2477 2480
f 2612 2611 3073
f 2504 2373 2376
f 3074 2594 2597
f 2966 3048 3054
f 3050 2595 3076
f 2595 2594 3077
f 3077 3032 3031
f 3076 3031 3030
f 3074 3078 3077
f 3078 3074 2484
f 2483 2610 3068
f 3078 3068 3032
f 2969 3054 3055
f 2484 3074 3075
f 479 480 493
f 706 3931 3904
f 3585 2196 2223
f 2013 2010 3784
f 3550 2032 2016
f 3586 3531 2224
f 1171 1154 1155
f 2588 2568 2567
f 2984 110 113
f 2564 2378 3079
f 2378 2377 3014
f 3014 2146 2149
f 3079 2149 3017
f 2965 3049 3048
f 3053 3080 2972
f 1683 2175 491
f 3881 2123 1447
f 1986 2183 3764
f 3081 3082 2548
f 3083 3081 2577
f 1983 1986 3798
f 3084 2325 2321
f 3082 3084 2547
f 3764 3762 3084
f 3762 3778 2325
f 1309 1471 1888
f 3075 2597 2774
f 2762 3085 3086
f 2762 2086 2089
f 3087 3086 3088
f 3091 3087 3092
f 3091 2764 3086
f 3094 3090 3092
f 3095 2750 2746
f 2753 2749 2750
f 3095 2743 2754
f 2744 2743 3095
f 3096 3095 2745
f 3098 3099 3100
f 3101 3098 3089
f 3099 3096 3097
f 3102 2745 2748
f 3103 2929 3104
f 2766 2768 2929
f 2747 2766 3103
f 3104 3094 3093
f 3102 3093 3097
f 2871 2804 3622
f 3104 3105 3106
f 3688 2870 2871
f 2929 2928 3105
f 3100 3097 3093
f 3089 3100 3092
f 2089 2126 3107
f 3085 3107 3088
f 2485 3075 2773
f 2403 2188 2187
f 3101 3088 3107
f 2126 2209 3108
f 3110 2739 2744
f 3109 2744 3096
f 3112 3110 3109
f 3111 3109 3099
f 3113 3111 3098
f 3114 3112 3111
f 3115 2740 2739
f 3117 2725 2724
f 3119 3117 3116
f 3121 3119 3118
f 3120 3118 3122
f 3118 3116 3115
f 3124 3114 3113
f 3124 3125 1755
f 3126 3127 3128
f 3127 3120 3123
f 3130 3121 3120
f 3131 3130 3127
f 2020 2714 3130
f 3884 3888 1346
f 1065 1046 1047
f 1814 3869 3861
f 2021 2020 3131
f 3113 3101 3108
f 3125 3108 2209
f 2379 2227 2226
f 3016 2487 113
f 1756 2210 3812
f 3133 3134 2532
f 3135 3133 2530
f 1753 1756 3797
f 3136 3126 3129
f 2329 2410 2316
f 2438 2320 2319
f 2018 2021 3741
f 2536 3138 3139
f 2322 2324 3138
f 2187 2018 3742
f 3140 3141 2544
f 3136 3137 3774
f 3815 3132 3136
f 3142 3140 2541
f 2537 3139 3142
f 3741 2021 3132
f 2560 2532 3134
f 3812 3790 3143
f 2562 2560 3143
f 3790 3807 3144
f 958 888 2978
f 1933 1932 2982
f 2401 2426 2420
f 2350 2344 2345
f 2324 2322 2321
f 2720 2719 2876
f 2711 2731 2875
f 2896 2873 1361
f 346 289 176
f 1876 1877 1882
f 2804 2805 3637
f 3106 3146 3090
f 2976 2224 3679
f 3091 3147 2763
f 3090 3146 3147
f 2805 2976 3633
f 3901 3940 692
f 2124 1419 1418
f 1365 1363 1368
f 1581 1766 1782
f 3596 2204 2130
f 3576 2003 2002
f 3148 2587 2553
f 3781 3148 3149
f 3772 3151 3148
f 3151 2586 2587
f 3198 3200 3199
f 3634 2194 2193
f 3144 3152 2558
f 3807 3808 3152
f 3676 3154 2552
f 3152 3153 2557
f 3808 3810 3153
f 3819 3811 3154
f 3155 3149 2553
f 3154 3155 2551
f 3811 3806 3155
f 3806 3780 3149
f 3150 2769 2208
f 2185 2403 2323
f 2133 2962 2930
f 3714 3715 2206
f 3749 2200 2199
f 2596 2964 2775
f 2597 2596 2953
f 1870 798 799
f 3743 2181 2180
f 3736 2180 3766
f 336 3156 3804
f 339 3157 3156
f 3820 3713 3151
f 3713 3727 2586
f 2965 2964 3050
f 3752 3760 337
f 339 338 2568
f 3158 3159 2170
f 2612 3158 2169
f 2956 2955 3158
f 3159 3158 2955
f 3737 2168 2171
f 2569 3160 3161
f 337 3160 2569
f 3760 3071 2168
f 3794 2192 1983
f 2581 3162 3083
f 2570 3161 3162
f 3739 2171 2192
f 3067 3064 3164
f 3163 3164 1984
f 3159 3163 2191
f 2259 3067 3163
f 734 735 1922
f 3061 3060 2710
f 3165 2710 2184
f 3164 3165 1985
f 3064 3061 3165
f 3205 3208 3207
f 2123 2120 1448
f 3848 1686 1685
f 139 140 444
f 1570 569 566
f 2959 3166 3167
f 2957 3168 3166
f 1912 454 341
f 3132 3131 3126
f 1548 322 319
f 1949 1950 1327
f 2971 2972 3080
f 3169 3080 3171
f 3754 2014 2017
f 3750 2017 2033
f 3170 3171 3167
f 3172 3167 3166
f 3809 3172 3173
f 3754 3170 3172
f 3173 3166 3168
f 3174 3168 3073
f 3782 3174 3175
f 3786 3173 3174
f 3171 3039 3038
f 2595 3050 2964
f 3175 3073 2611
f 3176 2611 2201
f 3813 3176 2200
f 3779 3175 3176
f 2192 2191 1984
f 2198 2197 2769
f 2120 2121 1414
f 1464 1463 1466
f 2201 2613 3071
f 2459 2458 2589
f 2228 2227 2564
f 481 478 1627
f 333 1512 235
f 3080 3053 3039
f 3042 2266 2999
f 2221 1934 1933
f 2387 2386 2499
f 221 2222 3177
f 2222 1933 3145
f 3177 3145 2978
f 2486 3177 2977
f 2956 3073 3168
f 2632 1858 110
f 1547 319 1952
f 2092 2091 2190
f 3763 3766 2180
f 1918 1919 1927
f 3588 112 111
f 955 956 960
f 2037 3016 112
f 3145 2982 2983
f 2220 2213 2216
f 672 3908 3818
f 2153 3015 3016
f 1147 1144 1143
f 2250 2248 1409
f 1615 1636 1635
f 1410 1409 2248
f 3245 3247 3246
f 1382 3178 3179
f 3179 1410 2249
f 2249 1383 3179
f 3178 2240 2232
f 1410 3179 3181
f 3181 3182 2245
f 1633 3183 2802
f 1621 1620 2760
f 1622 1621 2247
f 2238 1394 3183
f 2239 2238 3184
f 2252 1631 2235
f 2914 1629 1628
f 135 136 1564
f 1567 419 512
f 1085 1084 2655
f 3186 869 868
f 869 3186 3059
f 1266 1268 1098
f 1267 2148 722
f 937 1146 2648
f 2147 1049 722
f 2213 2220 921
f 1957 510 507
f 1313 1312 2266
f 1496 362 1493
f 2889 2939 2935
f 1687 1688 1659
f 145 1499 1498
f 37 38 418
f 1935 1934 3187
f 104 89 301
f 2102 2099 2084
f 543 298 360
f 1934 2221 3188
f 234 1521 212
f 3876 3852 1822
f 1976 1875 1874
f 223 3188 2221
f 3685 3686 3635
f 2167 2166 467
f 467 468 2167
f 773 476 2167
f 1935 1212 1728
f 3244 3229 3230
f 3267 3253 3255
f 3217 3218 3248
f 3271 3223 3217
f 3273 3249 3200
f 3207 3208 3275
f 3216 3213 3271
f 3277 3215 3216
f 3257 3258 3243
f 3224 3223 3272
f 3236 3239 3238
f 3218 3246 3247
f 3198 3195 3274
f 3248 3247 3260
f 3242 3243 3251
f 3270 3248 3261
f 3259 3246 3218
f 3213 3272 3223
f 3263 3219 3220
f 3264 3224 3278
f 3280 3281 3287
f 3232 3233 3268
f 3281 3235 3288
f 3230 3231 3279
f 3240 3269 3266
f 3288 3269 3240
f 3295 3277 3194
f 3239 3230 3287
f 3238 3287 3288
f 3296 3298 3265
f 3266 3255 3283
f 3297 3214 3285
f 3212 3211 3227
f 3201 3204 3203
f 3232 3235 3234
f 3298 3296 3293
f 3289 3286 3277
f 3266 3269 3268
f 3247 3245 3274
f 3273 3274 3245
f 3196 3209 3210
f 3193 3276 3275
f 3276 3193 3194
f 3281 3280 3234
f 3270 3275 3276
f 3258 3257 3283
f 3252 3258 3300
f 3215 3277 3286
f 3278 3272 3297
f 3284 3285 3214
f 3232 3269 3288
f 3222 3229 3259
f 3221 3259 3219
f 3262 3220 3224
f 3251 3243 3258
f 3249 3273 3236
f 3272 3213 3214
f 3210 3207 3261
f 3296 3297 3292
f 3206 3207 3210
f 560 1899 3189
f 3211 3212 3203
f 3191 3194 3193
f 448 1980 807
f 647 648 122
f 1833 1848 1780
f 510 509 508
f 3212 1949 1887
f 1887 15 3202
f 15 16 3199
f 16 3190 3197
f 3197 3190 3189
f 3196 3189 1899
f 3209 1899 375
f 387 173 126
f 3191 1791 1760
f 3607 763 757
f 763 3607 2174
f 3613 3612 3610
f 3611 3610 3609
f 3624 3627 3626
f 3409 3631 3632
f 3656 3654 3655
f 3661 3665 3629
f 3666 3667 3625
f 3677 3614 3618
f 3680 3612 3614
f 3683 3609 3610
f 3683 2178 3684
f 1801 1864 3686
f 3681 3610 3612
f 3674 3668 3625
f 1767 1768 3689
f 1597 3693 3691
f 1708 1707 3695
f 3701 3698 3697
f 3696 3697 3703
f 1588 1708 3694
f 2081 3701 3696
f 2083 3696 3702
f 3704 3707 3665
f 3707 3708 3666
f 3712 3677 3675
f 3722 3681 3680
f 3711 3675 3674
f 786 3724 3722
f 3724 3683 3681
f 785 3722 3716
f 497 3716 3712
f 650 3712 3711
f 3726 564 3711
f 3414 3636 3635
f 3732 3729 3708
f 3729 3728 3709
f 3675 3618 3668
f 1799 3687 3689
f 3738 3734 3467
f 3471 3740 3738
f 3744 463 564
f 3645 3636 3632
f 3740 3744 3726
f 3665 3666 3626
f 3659 3656 3657
f 3627 3630 3629
f 3660 3746 3745
f 3657 3655 3627
f 3747 3746 3753
f 3745 3693 3690
f 3746 3747 3755
f 3698 3695 3691
f 3698 3755 3747
f 3697 3747 3748
f 3757 3758 3703
f 3758 1576 3702
f 3756 3757 3748
f 1576 2102 2085
f 3757 3756 3761
f 3205 376 1387
f 3192 1387 1791
f 3290 2154 1949
f 317 240 259
f 2000 2178 3683
f 3631 3629 3630
f 3619 3618 3614
f 3607 758 756
f 3615 3614 3612
f 3708 3709 3667
f 3206 375 376
f 1801 3685 3687
f 3759 3765 3758
f 1575 3765 3768
f 3765 1575 1576
f 1776 1795 1796
f 1293 1294 1290
f 1326 14 1327
f 1294 1245 1234
f 878 1244 1330
f 497 373 374
f 122 648 413
f 3729 3732 3734
f 3636 3414 3410
f 3738 3740 3728
f 3473 3744 3740
f 3734 3704 3452
f 439 398 399
f 1512 1528 1526
f 1668 1741 1738
f 839 849 1362
f 1362 1357 826
f 3874 740 1896
f 2054 2055 2119
f 3919 3918 2121
f 696 697 3847
f 1826 1878 639
f 3770 3769 3759
f 956 885 886
f 1980 806 1922
f 33 34 105
f 1343 1344 3887
f 3938 2128 2129
f 1766 1581 1582
f 14 1326 2165
f 595 98 99
f 3237 3242 3250
f 1346 1035 1044
f 748 1888 1425
f 3195 3210 3260
f 3192 3193 3208
f 3642 3635 3636
f 3654 3642 3645
f 3661 3424 3452
f 3709 3710 3674
f 3716 3680 3677
f 3732 3707 3704
f 3655 3645 3630
f 3631 3409 3424
f 3769 3768 3765
f 3660 3657 3624
f 3771 3753 3746
f 1284 1290 1288
f 3728 3726 3710
f 1778 1781 1780
f 1792 1759 1584
f 695 570 571
f 3668 3771 3624
f 3771 3668 3618
f 3251 3252 3211
f 3301 3302 3303
f 3305 3306 3307
f 3308 3307 3309
f 3311 3312 3313
f 3315 3316 3317
f 3316 3319 3320
f 3312 3311 3310
f 3321 3314 3313
f 3323 3324 3325
f 3327 3328 3329
f 3333 3327 3330
f 3335 3336 3337
f 3338 3339 3340
f 3342 3343 3344
f 3346 3347 3348
f 3342 3345 3350
f 3351 3350 3352
f 3328 3354 3353
f 3347 3344 3343
f 3355 3310 3311
f 3314 3357 3356
f 3321 3228 3226
f 3359 3346 3349
f 3321 3358 3357
f 3361 3352 3350
f 3320 3362 3363
f 3350 3345 3336
f 3368 3369 3370
f 3369 3368 3256
f 3327 3372 3354
f 3373 3372 3327
f 3323 3373 3333
f 3375 3308 3310
f 3308 3375 3376
f 3317 3363 3377
f 3378 3326 3304
f 3326 3378 3373
f 3379 3304 3326
f 3334 3380 3374
f 3361 3329 3328
f 3305 3376 3362
f 3306 3305 3320
f 3372 3377 3363
f 3354 3363 3362
f 3353 3362 3376
f 3375 3342 3351
f 3356 3348 3343
f 3348 3356 3357
f 3357 3358 3360
f 3372 3373 3378
f 3303 3318 3377
f 3302 3315 3318
f 3340 3382 3383
f 3355 3343 3342
f 3332 3331 3361
f 3365 3364 3330
f 3364 3366 3334
f 3366 3367 3380
f 3331 3365 3329
f 3370 3339 3338
f 3382 3381 3384
f 3383 3384 3385
f 3338 3341 3385
f 3336 3384 3381
f 3345 3344 3384
f 3344 3347 3385
f 3385 3347 3346
f 3346 3359 3368
f 3368 3359 3282
f 3386 3301 3304
f 3284 3325 3324
f 3380 3387 3388
f 3387 3380 3367
f 3374 3388 3324
f 3325 3284 3286
f 3289 3386 3379
f 3322 3291 3228
f 3387 3293 3292
f 3389 3294 3293
f 3388 3292 3285
f 3282 3359 3360
f 3299 3360 3358
f 3322 3313 2967
f 2967 3313 3312
f 222 3312 3309
f 223 3309 3307
f 3307 3306 3187
f 3306 3319 2979
f 3319 3316 1213
f 3316 3315 1214
f 2534 1214 3315
f 2896 2534 3302
f 2873 2896 3301
f 3259 3229 3244
f 3291 3322 3015
f 1997 1996 1889
f 1237 745 744
f 1535 1534 120
f 1531 1532 201
f 1119 1241 1032
f 946 948 824
f 163 8 5
f 3619 3756 3753
f 1155 1156 1162
f 427 213 327
f 553 1902 796
f 3390 2234 2233
f 3390 3180 2232
f 2239 3185 3182
f 3392 3393 3394
f 3393 3395 3396
f 3395 3397 3398
f 3397 3399 3400
f 3401 3402 3403
f 3404 3403 3405
f 3407 3408 3406
f 3409 3410 3408
f 3412 3413 3414
f 3415 3416 3413
f 3417 3418 3416
f 3419 3420 3418
f 3421 3422 3420
f 3424 3409 3407
f 3423 3407 3405
f 3425 3405 3403
f 3426 3403 3402
f 3402 3428 3429
f 3428 3399 3430
f 3399 3397 3431
f 3397 3395 3432
f 3395 3393 3433
f 3393 3392 3434
f 3434 3392 3435
f 2906 3436 3437
f 3438 3436 2906
f 3439 3438 2904
f 2877 3440 3439
f 3441 3442 2735
f 2827 3443 3444
f 3446 3447 3448
f 3450 3446 3445
f 2726 2725 3443
f 3445 3448 3117
f 3449 3445 3119
f 3452 3424 3423
f 3451 3423 3425
f 3453 3425 3426
f 3454 3426 3427
f 3455 3427 3429
f 3429 3430 3457
f 3430 3431 3458
f 3431 3432 3459
f 3432 3433 3460
f 3433 3434 3461
f 3434 3186 3058
f 3460 3461 2255
f 3459 3460 2254
f 3458 3459 1727
f 3457 3458 2151
f 3462 3456 3457
f 3463 3455 3456
f 3464 3454 3455
f 3465 3453 3454
f 3451 3453 3465
f 3452 3451 3466
f 3468 3469 3467
f 3466 3465 3464
f 3468 3464 3463
f 3471 3469 3468
f 3470 3463 3462
f 3473 3471 3470
f 3472 3462 1941
f 3413 3408 3410
f 3416 3406 3408
f 3418 3404 3406
f 3420 3401 3404
f 3474 3475 3422
f 3476 3477 3478
f 3474 3421 3440
f 3479 3476 3475
f 3447 3479 3441
f 3476 3479 3447
f 3477 3476 3446
f 3480 3478 3477
f 3481 3477 3450
f 3482 3450 3449
f 2714 3449 3121
f 3484 3480 3481
f 3483 3481 3482
f 3485 3482 2714
f 3486 3485 2713
f 3487 3483 3485
f 3488 3484 3483
f 3401 3420 3422
f 3475 3478 3489
f 3428 3402 3401
f 3399 3428 3489
f 3478 3480 3400
f 3398 3400 3480
f 3396 3398 3484
f 3394 3396 3488
f 3491 3486 2402
f 3492 3487 3486
f 3490 3488 3487
f 3493 3491 2404
f 3060 3493 2709
f 3063 3494 3493
f 3494 3492 3491
f 3391 3394 3490
f 3495 3490 3492
f 3435 3392 3391
f 3496 3391 3495
f 3495 3494 3063
f 1961 3059 3496
f 3059 3186 3435
f 3437 3412 3411
f 3436 3415 3412
f 3438 3417 3415
f 3439 3419 3417
f 3440 3421 3419
f 3479 3474 3442
f 3443 3448 3447
f 2725 3117 3448
f 2877 2735 3442
f 2738 2826 3444
f 2949 3437 3497
f 3473 3472 1360
f 1900 1925 1924
f 1736 1717 1718
f 1955 1952 1943
f 1671 1738 1735
f 1696 1750 1698
f 1800 1865 1864
f 2064 2056 2057
f 1737 1734 1717
f 1751 1735 1697
f 943 3916 3930
f 3686 3497 3411
f 1577 1578 1764
f 3948 1598 1599
f 1945 146 82
f 68 6 7
f 147 1542 1543
f 1109 1135 1133
f 1503 1910 1907
f 1499 1501 1909
f 452 1922 735
f 1824 2069 3866
f 1825 2068 2069
f 1463 1462 1022
f 841 1012 1009
f 1568 1547 1955
f 1910 1503 1502
f 1939 1502 422
f 309 280 1940
f 1804 1851 1866
f 269 1482 1954
f 2066 1607 2061
f 3843 1685 1758
f 280 276 552
f 1875 1873 1869
f 1739 1721 1734
f 1778 1779 1790
f 310 1920 1915
f 1909 1908 1906
f 1789 1783 1778
f 978 981 980
f 1584 1759 1731
f 425 426 311
f 148 1543 115
f 2045 3928 3925
f 277 1910 1939
f 1943 1946 1945
f 1461 1462 1463
f 2255 3461 3058
f 2983 2256 3498
f 2211 3000 3498
f 2256 2255 3057
f 3000 926 958
f 2828 2819 2723
f 3499 2741 2723
f 2818 3500 3499
f 2336 2299 2298
f 2300 2299 2336
f 2303 2300 2338
f 2313 2303 2340
f 2314 2313 2356
f 2361 2360 2363
f 2337 2298 2361
f 2416 2415 2367
f 2415 2272 2363
f 2357 2354 2542
f 2543 2542 2541
f 2724 2723 2741
f 3116 2724 2740
f 3112 3114 3123
f 3110 3112 3122
f 3124 1754 3129
f 3114 3124 3128
f 3129 1754 1753
f 3141 3135 2531
f 3774 3805 3135
f 3499 2791 2742
f 3500 2792 2791
f 228 229 91
f 245 244 243
f 248 7 247
f 2 297 296
f 145 146 300
f 327 213 210
f 329 332 331
f 239 241 240
f 373 376 375
f 178 177 176
f 1218 1225 1228
f 3893 1231 1295
f 808 809 824
f 3889 3890 1013
f 3844 3841 1411
f 2156 2150 2161
f 3876 3866 1758
f 306 807 1922
f 2159 2155 1976
f 708 709 2031
f 1450 1226 1227
f 1672 1604 1605
f 1813 1814 1821
f 1717 1716 1715
f 176 159 402
f 1710 1705 3947
f 1712 1580 1577
f 1705 1713 1711
f 971 978 979
f 822 823 1094
f 2911 2812 2795
f 2812 2771 2797
f 2801 2912 2251
f 3692 3673 2912
f 2771 2770 2803
f 3179 3178 3180
f 3180 3390 3182
f 3183 1394 1393
f 3183 1633 1632
f 3184 1632 2246
f 3185 2246 2245
f 3501 2793 2792
f 2810 3501 3500
f 2241 3603 3601
f 1149 1150 3600
f 1150 2009 3593
f 2204 3596 3591
f 2923 3589 3590
f 3594 3583 2134
f 1777 1579 1759
f 1201 1196 1183
f 3585 3575 2197
f 3574 3606 2772
f 3958 3956 1687
f 1516 152 154
f 3570 3586 2976
f 3571 3569 2781
f 2773 2774 3605
f 3072 2773 3566
f 3568 3564 2777
f 1376 1375 1370
f 2769 3563 3577
f 2197 3575 3563
f 2777 3564 3562
f 3386 3289 3565
f 3835 3833 3558
f 2778 3562 3557
f 2242 3601 3552
f 2922 3552 3699
f 3569 3551 2788
f 1805 1850 1851
f 3551 3549 2789
f 2953 2775 3560
f 2774 2953 3547
f 2975 2226 3545
f 2226 2225 3556
f 1957 1953 320
f 306 305 304
f 2772 3606 3543
f 2915 3543 3603
f 2925 3590 3542
f 308 1940 431
f 207 208 132
f 1879 1876 1881
f 3763 3818 3539
f 2477 3072 3580
f 2478 2477 3537
f 2225 2478 3535
f 3534 3570 2805
f 2038 3587 11
f 1959 1958 450
f 2003 3576 3532
f 9 10 334
f 2009 2008 3529
f 2008 2975 3554
f 3908 672 673
f 3526 3571 2780
f 2937 3525 3524
f 111 1149 3597
f 3520 3525 2937
f 683 3907 3916
f 3518 3578 2812
f 736 733 732
f 1795 1804 1803
f 3515 3520 2940
f 3517 3515 2941
f 2952 3523 3514
f 2942 2951 3514
f 3832 3822 3523
f 2870 3519 3512
f 2871 3512 3534
f 1024 1034 1023
f 3510 3513 2950
f 551 1939 442
f 2974 3508 3594
f 2032 3550 3508
f 216 93 1924
f 203 202 201
f 1828 1848 1847
f 1958 1957 449
f 272 271 178
f 2873 3565 3504
f 3649 3699 3589
f 2803 2770 3673
f 2005 3788 3684
f 960 886 899
f 3687 3685 3642
f 3810 3819 3676
f 3153 3676 3623
f 2195 3634 3653
f 3637 3633 3147
f 3633 3679 2763
f 3622 3637 3146
f 2928 3688 3664
f 3664 3622 3106
f 3785 3784 3776
f 566 567 3788
f 3497 3686 1864
f 1602 1586 2080
f 2870 3688 3641
f 2924 3641 3640
f 2925 3640 3648
f 3700 3643 2920
f 3649 3700 3644
f 2923 3648 3700
f 2922 3644 3616
f 3643 3672 2917
f 2919 2768 3652
f 2918 2919 3671
f 2241 3617 3682
f 2913 3670 3682
f 3673 3670 2913
f 2799 2803 3692
f 2799 3621 3628
f 3652 3658 2765
f 3638 3658 2766
f 2196 3653 3678
f 2223 3678 3679
f 2758 3638 3639
f 2752 3628 3639
f 3699 3552 1817
f 3793 3800 1691
f 2517 3651 3620
f 2550 3620 3623
f 2515 2491 3662
f 2515 3646 3651
f 2511 3663 3650
f 2512 3662 3663
f 2291 3650 3669
f 2285 3669 3647
f 2242 3616 3617
f 3689 3687 3654
f 716 2122 3918
f 727 1999 3791
f 2167 2173 2172
f 3690 3689 3656
f 3773 3611 3608
f 2177 2174 769
f 2101 500 2096
f 3788 567 3787
f 640 3584 3595
f 1653 3606 3574
f 1895 3553 3546
f 746 3546 3555
f 1653 1810 3543
f 3792 1603 1604
f 2094 2076 2074
f 959 996 995
f 962 899 919
f 1400 1401 1398
f 1000 817 1127
f 956 959 884
f 1662 3569 3571
f 2034 3579 3567
f 3957 1689 3558
f 3552 3601 766
f 3601 3603 765
f 334 3598 3599
f 1868 3548 3559
f 1684 1651 1652
f 1682 1683 775
f 1585 1603 3792
f 3793 3792 1672
f 2175 2176 490
f 1658 3564 3568
f 3577 3563 1650
f 1571 3784 2010
f 1587 3694 3701
f 2100 2096 2078
f 787 3791 1999
f 2000 3724 786
f 3157 339 3727
f 3743 3157 3713
f 2182 2181 3715
f 3505 2182 3714
f 1684 3877 3871
f 1760 464 3504
f 2609 3719 3723
f 2583 3706 3719
f 2373 2504 3730
f 2373 3725 3723
f 2589 3706 3705
f 2588 3705 3727
f 2499 3721 3717
f 2504 2505 3717
f 2496 3721 3720
f 3720 3718 2474
f 3718 3731 2470
f 3731 3733 2471
f 726 3939 3923
f 581 3592 3530
f 10 3521 3598
f 1837 3525 3520
f 741 3555 3536
f 1299 3538 3579
f 1851 3517 3514
f 3542 3590 1820
f 580 3530 3553
f 1758 1685 3534
f 1693 3578 3518
f 3514 3523 1867
f 1894 1826 3595
f 2127 1418 3844
f 3937 2127 3872
f 2114 3942 3898
f 2181 3743 3820
f 624 3934 3935
f 2194 3634 3819
f 2179 3561 3818
f 1364 3855 3864
f 3889 3886 1470
f 3137 1753 3805
f 2070 3843 3866
f 1351 3892 3884
f 2109 3913 3932
f 2090 2093 3766
f 3859 3865 1358
f 2001 3779 3813
f 2189 3813 3749
f 2131 3786 3782
f 2004 3782 3779
f 2014 3754 3809
f 2203 3809 3786
f 3169 3750 3789
f 3170 3754 3750
f 3161 3739 3794
f 3162 3794 3795
f 3760 3737 3160
f 3160 3737 3739
f 2202 3071 3760
f 3715 3820 3772
f 3752 3804 2199
f 3821 3766 2093
f 3804 3821 3751
f 3156 3736 3821
f 3157 3743 3736
f 2092 3749 3751
f 2198 3150 3780
f 2195 2198 3806
f 3634 2195 3811
f 2087 2194 3810
f 2088 2087 3808
f 2206 3772 3781
f 2207 3781 3780
f 3940 3917 574
f 2125 2088 3807
f 2210 2125 3790
f 3741 3815 3142
f 3815 3775 3140
f 3775 3774 3141
f 3801 3742 3138
f 3742 3741 3139
f 3805 3797 3133
f 3797 3812 3134
f 1813 3870 3869
f 1293 3885 3887
f 2186 2323 3778
f 2183 2186 3762
f 3795 3798 3081
f 3798 3764 3082
f 709 3904 3906
f 2776 2963 3767
f 3817 3799 2135
f 3840 3839 766
f 2970 3814 3796
f 2971 3789 3814
f 2960 3777 3767
f 2133 3777 3796
f 2323 2187 3801
f 3891 3879 1449
f 3936 3905 582
f 3917 3920 577
f 3878 3857 1818
f 705 3933 3918
f 3847 3943 3938
f 2112 3914 3942
f 3841 3860 1366
f 1812 3870 3853
f 675 3882 3883
f 3505 3735 3882
f 2111 3898 3899
f 2105 3927 3932
f 2110 3899 3930
f 3873 3862 703
f 1680 3842 3877
f 1639 1627 3850
f 623 3935 3937
f 2140 2141 3897
f 1808 1640 3875
f 3851 3852 1819
f 3903 3945 3931
f 1646 3863 3861
f 3920 3921 633
f 2140 3896 3906
f 2158 2157 3902
f 674 3883 3944
f 2118 3848 3843
f 1815 3853 3878
f 3886 3880 1444
f 697 3937 3943
f 866 842 3867
f 3895 3900 2137
f 3615 3761 3756
f 3613 3770 3761
f 3783 3776 3768
f 3770 3613 3611
f 1088 3768 3776
f 3769 3770 3773
f 2793 3501 3502
f 3501 2810 2809
f 2794 3502 3503
f 3502 2809 2808
f 3518 2911 3503
f 3527 3503 2808
f 2950 3513 3822
f 2106 3939 3927
f 3557 3833 3835
f 680 3909 3907
f 1891 1890 3941
f 2907 3830 3832
f 2902 3828 3830
f 2903 3828 3838
f 2736 2880 3837
f 2879 3838 3837
f 2822 3831 3825
f 2820 3827 3823
f 2825 3824 3823
f 2824 3824 3829
f 2821 2737 3831
f 2819 3827 3826
f 2811 3836 3826
f 2810 3836 3834
f 2807 3835 3834
f 1702 3952 3954
f 3953 3951 1797
f 3946 3947 1706
f 3949 3958 1692
f 1657 3929 3911
f 1890 1877 3926
f 3802 3800 1674
f 1689 1690 3802
f 3957 3833 3557
f 3527 3558 1689
f 3948 3954 1703
f 1598 3948 3959
f 3911 3915 1876
f 1691 1690 3956
f 3956 3957 1688
f 3965 3964 3968
f 3965 3969 3970
f 3963 3967 3968
f 3969 3973 3974
f 3968 3967 3971
f 3968 3972 3973
f 3973 3977 3978
f 3972 3971 3975
f 3973 3972 3976
f 3978 3977 3981
f 3975 3979 3980
f 3976 3980 3981
f 3981 3985 3986
f 3980 3979 3983
f 3981 3980 3984
f 3986 3985 3989
f 3984 3983 3987
f 3984 3988 3989
f 3990 3989 3993
f 3988 3987 3991
f 3989 3988 3992
f 3993 3997 3998
f 3991 3995 3996
f 3992 3996 3997
f 3997 4001 4002
f 3996 3995 3999
f 3997 3996 4000
f 4001 4005 4006
f 3999 4003 4004
f 4000 4004 4005
f 4005 4009 4010
f 4004 4003 4007
f 4005 4004 4008
f 4010 4009 4013
f 4007 4011 4012
f 4008 4012 4013
f 4013 4017 4018
f 4012 4011 4015
f 4013 4012 4016
f 4018 4017 4021
f 4015 4019 4020
f 4016 4020 4021
f 4022 4021 4025
f 4020 4019 4023
f 4021 4020 4024
f 4026 4025 4029
f 4023 4027 4028
f 4024 4028 4029
f 4029 4033 4034
f 4028 4027 4031
f 4029 4028 4032
f 4033 4037 4038
f 4031 4035 4036
f 4032 4036 4037
f 4037 4041 4042
f 4036 4035 4039
f 4037 4036 4040
f 4042 4041 4045
f 4039 4043 4044
f 4040 4044 4045
f 4045 4049 4050
f 4044 4043 4047
f 4045 4044 4048
f 4050 4049 4053
f 4047 4051 4052
f 4048 4052 4053
f 4054 4053 4057
f 4052 4051 4055
f 4053 4052 4056
f 4058 4057 4061
f 4055 4059 4060
f 4056 4060 4061
f 4062 4061 4065
f 4060 4059 4063
f 4061 4060 4064
f 4065 4069 4070
f 4063 4067 4068
f 4064 4068 4069
f 4069 4073 4074
f 4068 4067 4071
f 4069 4068 4072
f 4074 4073 4077
f 4071 4075 4076
f 4072 4076 4077
f 4077 4081 4082
f 4076 4075 4079
f 4077 4076 4080
f 4082 4081 4086
f 4079 4084 4085
f 4080 4085 4086
f 4087 4086 4090
f 4084 4088 4089
f 4086 4085 4089
f 4091 4090 3965
f 4089 4088 3963
f 4089 3964 3965
f 4101 4100 4114
f 4098 4111 4113
f 4096 4095 4109
f 4094 4093 4107
f 4103 4117 4118
f 4101 4115 4116
f 4099 4113 4114
f 4097 4096 4110
f 4094 4108 4109
f 4092 4106 4107
f 4104 4118 4119
f 4103 4102 4116
f 4108 4122 4123
f 4106 4120 4121
f 4119 4118 4132
f 4116 4130 4131
f 4115 4114 4128
f 4111 4126 4127
f 4110 4109 4123
f 4108 4107 4121
f 4118 4117 4131
f 4115 4129 4130
f 4113 4127 4128
f 4112 4110 4124
f 4122 4136 4137
f 4121 4120 4134
f 4132 4146 4147
f 4130 4144 4145
f 4129 4128 4142
f 4126 4140 4141
f 4123 4137 4138
f 4122 4121 4135
f 4131 4145 4146
f 4129 4143 4144
f 4128 4127 4141
f 4125 4124 4138
f 4137 4136 4150
f 4134 4148 4149
f 4147 4146 4160
f 4145 4144 4158
f 4142 4156 4157
f 4140 4154 4155
f 4137 4151 4152
f 4135 4149 4150
f 4145 4159 4160
f 4144 4143 4157
f 4142 4141 4155
f 4139 4138 4152
f 4150 4164 4165
f 4149 4148 4162
f 4160 4174 4175
f 4159 4158 4172
f 4156 4170 4171
f 4155 4154 4168
f 4152 4151 4165
f 4149 4163 4164
f 4160 4159 4173
f 4158 4157 4171
f 4155 4169 4170
f 4152 4166 4167
f 4165 4164 4178
f 4162 4176 4177
f 4175 4174 4188
f 4173 4172 4186
f 4170 4184 4185
f 4168 4182 4183
f 4166 4165 4179
f 4163 4177 4178
f 4174 4173 4187
f 4172 4171 4185
f 4169 4183 4184
f 4167 4166 4180
f 4179 4178 4192
f 4177 4176 4190
f 4188 4202 4203
f 4187 4186 4200
f 4184 4198 4199
f 4182 4195 4197
f 4179 4193 4194
f 4177 4191 4192
f 4187 4201 4202
f 4186 4185 4199
f 4184 4183 4197
f 4181 4180 4194
f 4193 4192 4206
f 4191 4190 4204
f 4202 4216 4217
f 4200 4214 4215
f 4198 4212 4213
f 4197 4195 4210
f 4193 4207 4208
f 4191 4205 4206
f 4202 4201 4215
f 4200 4199 4213
f 4198 4197 4211
f 4194 4208 4209
f 4206 4220 4221
f 4204 4218 4219
f 4216 4230 4231
f 4215 4214 4228
f 4213 4212 4226
f 4210 4224 4225
f 4208 4207 4221
f 4206 4205 4219
f 4215 4229 4230
f 4213 4227 4228
f 4211 4225 4226
f 4209 4208 4222
f 4220 4234 4235
f 4218 4232 4233
f 4231 4230 4244
f 4228 4242 4243
f 4227 4226 4240
f 4224 4237 4239
f 4222 4221 4235
f 4220 4219 4233
f 4230 4229 4243
f 4227 4241 4242
f 4225 4239 4240
f 4223 4222 4236
f 4234 4248 4249
f 4233 4232 4246
f 4244 4258 4259
f 4242 4256 4257
f 4241 4240 4254
f 4237 4251 4253
f 4235 4249 4250
f 4234 4233 4247
f 4243 4257 4258
f 4241 4255 4256
f 4240 4239 4253
f 4238 4236 4250
f 4249 4248 4262
f 4246 4260 4261
f 4259 4258 4272
f 4256 4270 4271
f 4254 4268 4269
f 4251 4265 4267
f 4249 4263 4264
f 4247 4261 4262
f 4257 4271 4272
f 4256 4255 4269
f 4254 4253 4267
f 4252 4250 4264
f 4262 4276 4277
f 4261 4260 4274
f 4272 4286 4287
f 4270 4284 4285
f 4269 4268 4282
f 4267 4265 4280
f 4264 4263 4277
f 4261 4275 4276
f 4272 4271 4285
f 4270 4269 4283
f 4267 4281 4282
f 4264 4278 4279
f 4277 4276 4290
f 4274 4288 4289
f 4287 4286 4300
f 4285 4284 4298
f 4282 4296 4297
f 4280 4293 4295
f 4278 4277 4291
f 4275 4289 4290
f 4286 4285 4299
f 4284 4283 4297
f 4281 4295 4296
f 4279 4278 4292
f 4291 4290 4304
f 4289 4288 4302
f 4300 4314 4315
f 4299 4298 4312
f 4296 4310 4311
f 4293 4308 4309
f 4291 4305 4306
f 4289 4303 4304
f 4299 4313 4314
f 4298 4297 4311
f 4296 4295 4309
f 4294 4292 4306
f 4305 4304 4318
f 4303 4302 4316
f 4314 4328 4329
f 4312 4326 4327
f 4310 4324 4325
f 4309 4308 4322
f 4305 4319 4320
f 4303 4317 4318
f 4313 4327 4328
f 4312 4311 4325
f 4310 4309 4323
f 4306 4320 4321
f 4318 4332 4333
f 4316 4330 4331
f 4329 4328 4342
f 4327 4326 4340
f 4325 4324 4338
f 4322 4335 4337
f 4320 4319 4333
f 4318 4317 4331
f 4328 4327 4341
f 4325 4339 4340
f 4323 4337 4338
f 4321 4320 4334
f 4332 4346 4347
f 4330 4344 4345
f 4343 4342 4356
f 4340 4354 4355
f 4339 4338 4352
f 4335 4350 4351
f 4334 4333 4347
f 4332 4331 4345
f 4342 4341 4355
f 4339 4353 4354
f 4337 4351 4352
f 4336 4334 4348
f 4346 4360 4361
f 4345 4344 4358
f 4356 4370 4371
f 4354 4368 4369
f 4353 4352 4366
f 4350 4363 4365
f 4347 4361 4362
f 4346 4345 4359
f 4355 4369 4370
f 4354 4353 4367
f 4352 4351 4365
f 4349 4348 4362
f 4360 4374 4375
f 4358 4372 4373
f 4371 4370 4384
f 4369 4368 4382
f 4367 4366 4380
f 4363 4377 4379
f 4361 4375 4376
f 4360 4359 4373
f 4369 4383 4384
f 4367 4381 4382
f 4366 4365 4379
f 4362 4376 4378
f 4374 4388 4389
f 4373 4372 4386
f 4384 4398 4399
f 4382 4396 4397
f 4381 4380 4394
f 4379 4377 4392
f 4376 4375 4389
f 4373 4387 4388
f 4384 4383 4397
f 4382 4381 4395
f 4379 4393 4394
f 4376 4390 4391
f 4389 4388 4403
f 4386 4401 4402
f 4399 4398 4413
f 4397 4396 4411
f 4394 4409 4410
f 4393 4392 4407
f 4390 4389 4404
f 4387 4402 4403
f 4398 4397 4412
f 4396 4395 4410
f 4393 4408 4409
f 4390 4405 4406
f 4404 4403 4417
f 4402 4401 4415
f 4413 4427 4428
f 4412 4411 4425
f 4409 4423 4424
f 4408 4407 4420
f 4404 4418 4419
f 4402 4416 4417
f 4412 4426 4427
f 4411 4410 4424
f 4409 4408 4422
f 4405 4419 4421
f 4418 4417 4431
f 4416 4415 4429
f 4428 4427 4441
f 4425 4439 4440
f 4423 4437 4438
f 4422 4420 4434
f 4418 4432 4433
f 4416 4430 4431
f 4427 4426 4440
f 4425 4424 4438
f 4423 4422 4436
f 4419 4433 4435
f 4431 4445 4446
f 4429 4443 4444
f 4441 4455 4456
f 4440 4439 4453
f 4438 4437 4451
f 4434 4449 4450
f 4433 4432 4446
f 4431 4430 4444
f 4440 4454 4455
f 4438 4452 4453
f 4436 4450 4451
f 4435 4433 4447
f 4445 4459 4460
f 4443 4457 4458
f 4456 4455 4469
f 4453 4467 4468
f 4452 4451 4465
f 4450 4449 4463
f 4447 4446 4460
f 4445 4444 4458
f 4455 4454 4468
f 4452 4466 4467
f 4450 4464 4465
f 4447 4461 4462
f 4459 4473 4474
f 4458 4457 4471
f 4469 4483 4484
f 4467 4481 4482
f 4466 4465 4479
f 4464 4463 4476
f 4460 4474 4475
f 4459 4458 4472
f 4468 4482 4483
f 4466 4480 4481
f 4465 4464 4478
f 4461 4475 4477
f 4474 4473 4487
f 4471 4485 4486
f 4484 4483 4497
f 4482 4481 4495
f 4480 4479 4493
f 4476 4491 4492
f 4474 4488 4489
f 4473 4472 4486
f 4482 4496 4497
f 4480 4494 4495
f 4479 4478 4492
f 4477 4475 4489
f 4487 4501 4502
f 4485 4499 4500
f 4497 4511 4512
f 4495 4509 4510
f 4494 4493 4507
f 4492 4491 4505
f 4489 4488 4502
f 4486 4500 4501
f 4497 4496 4510
f 4495 4494 4508
f 4492 4506 4507
f 4489 4503 4504
f 4502 4501 4515
f 4499 4513 4514
f 4512 4511 4525
f 4510 4509 4523
f 4507 4521 4522
f 4505 4518 4520
f 4503 4502 4516
f 4500 4514 4515
f 4511 4510 4524
f 4508 4522 4523
f 4506 4520 4521
f 4504 4503 4517
f 4516 4515 4529
f 4514 4513 4527
f 4525 4539 4540
f 4524 4523 4537
f 4521 4535 4536
f 4518 4532 4534
f 4516 4530 4531
f 4514 4528 4529
f 4524 4538 4539
f 4523 4522 4536
f 4521 4520 4534
f 4519 4517 4531
f 4530 4529 4094
f 4528 4527 4092
f 4540 4539 4104
f 4537 4102 4103
f 4535 4100 4101
f 4534 4532 4098
f 4530 4095 4096
f 4528 4093 4094
f 4539 4538 4103
f 4537 4536 4101
f 4535 4534 4099
f 4531 4096 4097
f 3966 4092 4527
f 4527 4513 4087
f 4513 4499 4082
f 4499 4485 4078
f 4078 4485 4471
f 4074 4471 4457
f 4070 4457 4443
f 4443 4429 4062
f 4062 4429 4415
f 4415 4401 4054
f 4401 4386 4050
f 4386 4372 4046
f 4046 4372 4358
f 4042 4358 4344
f 4038 4344 4330
f 4330 4316 4030
f 4030 4316 4302
f 4302 4288 4022
f 4288 4274 4018
f 4274 4260 4014
f 4014 4260 4246
f 4010 4246 4232
f 4006 4232 4218
f 4218 4204 3998
f 3998 4204 4190
f 4190 4176 3990
f 4176 4162 3986
f 4162 4148 3982
f 3982 4148 4134
f 3978 4134 4120
f 3974 4120 4106
f 4106 4092 3966
f 4543 4542 4546
f 4543 4547 4548
f 4542 4541 4545
f 4547 4551 4552
f 4545 4549 4550
f 4546 4550 4551
f 4551 4555 4556
f 4550 4549 4553
f 4551 4550 4554
f 4556 4555 4559
f 4553 4557 4558
f 4554 4558 4559
f 4559 4563 4564
f 4558 4557 4561
f 4559 4558 4562
f 4564 4563 4567
f 4561 4565 4566
f 4562 4566 4567
f 4568 4567 4571
f 4566 4565 4569
f 4567 4566 4570
f 4572 4571 4575
f 4569 4573 4574
f 4570 4574 4575
f 4576 4575 4579
f 4574 4573 4577
f 4575 4574 4578
f 4579 4583 4584
f 4577 4581 4582
f 4578 4582 4583
f 4583 4587 4588
f 4581 4585 4586
f 4583 4582 4586
f 4588 4587 4591
f 4585 4589 4590
f 4586 4590 4591
f 4591 4595 4596
f 4590 4589 4593
f 4591 4590 4594
f 4596 4595 4599
f 4593 4597 4598
f 4594 4598 4599
f 4600 4599 4603
f 4597 4601 4602
f 4599 4598 4602
f 4604 4603 4607
f 4602 4601 4605
f 4602 4606 4607
f 4607 4611 4612
f 4605 4609 4610
f 4607 4606 4610
f 4611 4615 4616
f 4610 4609 4613
f 4610 4614 4615
f 4615 4619 4620
f 4614 4613 4617
f 4615 4614 4618
f 4620 4619 4623
f 4617 4621 4622
f 4618 4622 4623
f 4623 4627 4628
f 4622 4621 4625
f 4623 4622 4626
f 4628 4627 4631
f 4625 4629 4630
f 4626 4630 4631
f 4632 4631 4635
f 4630 4629 4633
f 4631 4630 4634
f 4635 4639 4640
f 4633 4637 4638
f 4634 4638 4639
f 4639 4643 4644
f 4638 4637 4641
f 4639 4638 4642
f 4643 4647 4648
f 4641 4645 4646
f 4642 4646 4647
f 4647 4651 4652
f 4646 4645 4649
f 4647 4646 4650
f 4652 4651 4655
f 4649 4653 4654
f 4650 4654 4655
f 4655 4659 4660
f 4654 4653 4657
f 4655 4654 4658
f 4660 4659 4664
f 4657 4662 4663
f 4658 4663 4664
f 4665 4664 4668
f 4663 4662 4666
f 4664 4663 4667
f 4669 4668 4543
f 4666 4541 4542
f 4667 4542 4543
f 4679 4678 4692
f 4675 4689 4691
f 4674 4673 4687
f 4672 4671 4685
f 4682 4681 4695
f 4679 4693 4694
f 4677 4691 4692
f 4676 4674 4688
f 4672 4686 4687
f 4670 4684 4685
f 4683 4682 4696
f 4681 4680 4694
f 4686 4700 4701
f 4684 4698 4699
f 4697 4696 4710
f 4694 4708 4709
f 4693 4692 4706
f 4691 4689 4703
f 4688 4687 4701
f 4686 4685 4699
f 4696 4695 4709
f 4693 4707 4708
f 4691 4705 4706
f 4688 4702 4704
f 4700 4714 4715
f 4699 4698 4712
f 4710 4724 4725
f 4708 4722 4723
f 4707 4706 4720
f 4705 4703 4718
f 4701 4715 4716
f 4700 4699 4713
f 4709 4723 4724
f 4708 4707 4721
f 4706 4705 4719
f 4702 4716 4717
f 4714 4728 4729
f 4712 4726 4727
f 4725 4724 4738
f 4723 4722 4736
f 4720 4734 4735
f 4718 4732 4733
f 4715 4729 4730
f 4714 4713 4727
f 4723 4737 4738
f 4721 4735 4736
f 4720 4719 4733
f 4717 4716 4730
f 4728 4742 4743
f 4727 4726 4740
f 4738 4752 4753
f 4736 4750 4751
f 4735 4734 4748
f 4733 4732 4745
f 4730 4729 4743
f 4728 4727 4741
f 4738 4737 4751
f 4735 4749 4750
f 4733 4747 4748
f 4730 4744 4746
f 4743 4742 4756
f 4740 4754 4755
f 4753 4752 4766
f 4751 4750 4764
f 4748 4762 4763
f 4747 4745 4759
f 4744 4743 4757
f 4741 4755 4756
f 4752 4751 4765
f 4750 4749 4763
f 4747 4761 4762
f 4744 4758 4760
f 4757 4756 4770
f 4755 4754 4768
f 4766 4780 4781
f 4765 4764 4778
f 4762 4776 4777
f 4761 4759 4774
f 4757 4771 4772
f 4755 4769 4770
f 4765 4779 4780
f 4764 4763 4777
f 4762 4761 4775
f 4758 4772 4773
f 4771 4770 4784
f 4769 4768 4782
f 4781 4780 4794
f 4778 4792 4793
f 4776 4790 4791
f 4775 4774 4787
f 4771 4785 4786
f 4769 4783 4784
f 4780 4779 4793
f 4778 4777 4791
f 4776 4775 4789
f 4772 4786 4788
f 4784 4798 4799
f 4782 4796 4797
f 4795 4794 4808
f 4793 4792 4806
f 4791 4790 4804
f 4787 4801 4803
f 4786 4785 4799
f 4784 4783 4797
f 4793 4807 4808
f 4791 4805 4806
f 4789 4803 4804
f 4788 4786 4800
f 4798 4812 4813
f 4796 4810 4811
f 4809 4808 4822
f 4806 4820 4821
f 4805 4804 4818
f 4803 4801 4816
f 4800 4799 4813
f 4798 4797 4811
f 4808 4807 4821
f 4805 4819 4820
f 4803 4817 4818
f 4800 4814 4815
f 4812 4826 4827
f 4811 4810 4824
f 4822 4836 4837
f 4820 4834 4835
f 4819 4818 4832
f 4817 4816 4829
f 4813 4827 4828
f 4812 4811 4825
f 4821 4835 4836
f 4819 4833 4834
f 4818 4817 4831
f 4814 4828 4830
f 4827 4826 4840
f 4824 4838 4839
f 4837 4836 4850
f 4834 4848 4849
f 4833 4832 4846
f 4829 4843 4845
f 4827 4841 4842
f 4826 4825 4839
f 4835 4849 4850
f 4833 4847 4848
f 4832 4831 4845
f 4830 4828 4842
f 4840 4854 4855
f 4839 4838 4852
f 4850 4864 4865
f 4848 4862 4863
f 4847 4846 4860
f 4845 4843 4857
f 4842 4841 4855
f 4840 4839 4853
f 4850 4849 4863
f 4847 4861 4862
f 4845 4859 4860
f 4842 4856 4858
f 4855 4854 4868
f 4852 4866 4867
f 4865 4864 4878
f 4863 4862 4876
f 4860 4874 4875
f 4859 4857 4871
f 4856 4855 4869
f 4853 4867 4868
f 4864 4863 4877
f 4862 4861 4875
f 4859 4873 4874
f 4856 4870 4872
f 4869 4868 4882
f 4867 4866 4880
f 4878 4892 4893
f 4877 4876 4890
f 4874 4888 4889
f 4873 4871 4885
f 4869 4883 4884
f 4867 4881 4882
f 4877 4891 4892
f 4876 4875 4889
f 4874 4873 4887
f 4870 4884 4886
f 4883 4882 4896
f 4881 4880 4894
f 4893 4892 4906
f 4890 4904 4905
f 4888 4902 4903
f 4887 4885 4899
f 4883 4897 4898
f 4881 4895 4896
f 4892 4891 4905
f 4890 4889 4903
f 4888 4887 4901
f 4884 4898 4900
f 4896 4910 4911
f 4894 4908 4909
f 4906 4920 4921
f 4905 4904 4918
f 4903 4902 4916
f 4899 4913 4915
f 4898 4897 4911
f 4896 4895 4909
f 4905 4919 4920
f 4903 4917 4918
f 4901 4915 4916
f 4900 4898 4912
f 4910 4924 4925
f 4908 4922 4923
f 4921 4920 4934
f 4918 4932 4933
f 4917 4916 4930
f 4915 4913 4928
f 4912 4911 4925
f 4910 4909 4923
f 4920 4919 4933
f 4917 4931 4932
f 4915 4929 4930
f 4912 4926 4927
f 4924 4938 4939
f 4923 4922 4936
f 4934 4948 4949
f 4932 4946 4947
f 4931 4930 4944
f 4929 4928 4942
f 4925 4939 4940
f 4924 4923 4937
f 4933 4947 4948
f 4931 4945 4946
f 4930 4929 4943
f 4926 4940 4941
f 4939 4938 4952
f 4937 4936 4950
f 4949 4948 4962
f 4947 4946 4960
f 4945 4944 4958
f 4942 4955 4957
f 4939 4953 4954
f 4938 4937 4951
f 4947 4961 4962
f 4945 4959 4960
f 4944 4943 4957
f 4941 4940 4954
f 4952 4966 4967
f 4951 4950 4964
f 4962 4976 4977
f 4961 4960 4974
f 4958 4972 4973
f 4957 4955 4970
f 4954 4953 4967
f 4951 4965 4966
f 4962 4961 4975
f 4960 4959 4973
f 4957 4971 4972
f 4954 4968 4969
f 4967 4966 4981
f 4964 4979 4980
f 4977 4976 4991
f 4975 4974 4989
f 4972 4987 4988
f 4970 4985 4986
f 4968 4967 4982
f 4965 4980 4981
f 4976 4975 4990
f 4974 4973 4988
f 4971 4986 4987
f 4969 4968 4983
f 4982 4981 4995
f 4980 4979 4993
f 4991 5005 5006
f 4990 4989 5003
f 4987 5001 5002
f 4985 4999 5000
f 4982 4996 4997
f 4980 4994 4995
f 4990 5004 5005
f 4989 4988 5002
f 4987 4986 5000
f 4984 4983 4997
f 4996 4995 5009
f 4994 4993 5007
f 5006 5005 5019
f 5003 5017 5018
f 5001 5015 5016
f 5000 4999 5013
f 4996 5010 5011
f 4994 5008 5009
f 5005 5004 5018
f 5003 5002 5016
f 5001 5000 5014
f 4997 5011 5012
f 5009 5023 5024
f 5007 5021 5022
f 5019 5033 5034
f 5018 5017 5031
f 5016 5015 5029
f 5013 5026 5028
f 5011 5010 5024
f 5009 5008 5022
f 5018 5032 5033
f 5016 5030 5031
f 5014 5028 5029
f 5012 5011 5025
f 5023 5037 5038
f 5021 5035 5036
f 5034 5033 5047
f 5031 5045 5046
f 5030 5029 5043
f 5026 5041 5042
f 5025 5024 5038
f 5023 5022 5036
f 5033 5032 5046
f 5030 5044 5045
f 5028 5042 5043
f 5027 5025 5039
f 5037 5051 5052
f 5036 5035 5049
f 5047 5061 5062
f 5045 5059 5060
f 5044 5043 5057
f 5041 5054 5056
f 5038 5052 5053
f 5037 5036 5050
f 5046 5060 5061
f 5044 5058 5059
f 5043 5042 5056
f 5040 5039 5053
f 5052 5051 5065
f 5049 5063 5064
f 5062 5061 5075
f 5059 5073 5074
f 5057 5071 5072
f 5054 5069 5070
f 5052 5066 5067
f 5050 5064 5065
f 5060 5074 5075
f 5058 5072 5073
f 5057 5056 5070
f 5055 5053 5067
f 5066 5065 5079
f 5064 5063 5077
f 5075 5089 5090
f 5073 5087 5088
f 5071 5085 5086
f 5070 5069 5082
f 5067 5066 5080
f 5064 5078 5079
f 5075 5074 5088
f 5073 5072 5086
f 5070 5084 5085
f 5067 5081 5083
f 5080 5079 5093
f 5077 5091 5092
f 5090 5089 5103
f 5088 5087 5101
f 5085 5099 5100
f 5084 5082 5097
f 5081 5080 5094
f 5078 5092 5093
f 5089 5088 5102
f 5087 5086 5100
f 5084 5098 5099
f 5081 5095 5096
f 5094 5093 5107
f 5092 5091 5105
f 5103 5117 5118
f 5102 5101 5115
f 5099 5113 5114
f 5098 5097 5111
f 5094 5108 5109
f 5092 5106 5107
f 5102 5116 5117
f 5101 5100 5114
f 5099 5098 5112
f 5095 5109 5110
f 5108 5107 4672
f 5106 5105 4670
f 5117 4682 4683
f 5115 4680 4681
f 5113 4678 4679
f 5112 5111 4675
f 5108 4673 4674
f 5106 4671 4672
f 5116 4681 4682
f 5115 5114 4679
f 5113 5112 4677
f 5109 4674 4676
f 4544 4670 5105
f 5105 5091 4665
f 5091 5077 4660
f 5077 5063 4656
f 4656 5063 5049
f 4652 5049 5035
f 4648 5035 5021
f 5021 5007 4640
f 4640 5007 4993
f 4993 4979 4632
f 4979 4964 4628
f 4964 4950 4624
f 4624 4950 4936
f 4620 4936 4922
f 4616 4922 4908
f 4908 4894 4608
f 4608 4894 4880
f 4880 4866 4600
f 4866 4852 4596
f 4852 4838 4592
f 4592 4838 4824
f 4588 4824 4810
f 4584 4810 4796
f 4796 4782 4576
f 4576 4782 4768
f 4768 4754 4568
f 4754 4740 4564
f 4740 4726 4560
f 4560 4726 4712
f 4556 4712 4698
f 4552 4698 4684
f 4684 4670 4544

