# DECA — UV patched by patch_uv.py
mtllib deca.mtl
usemtl deca_mat
o deca

v 0.072658 -0.010411 -0.082649
v 0.076353 -0.011403 -0.083349
v 0.077039 -0.009978 -0.083268
v 0.073433 -0.009446 -0.082727
v 0.078012 -0.010354 -0.095146
v 0.081018 -0.006967 -0.091590
v 0.081050 -0.004561 -0.090518
v 0.079396 -0.004517 -0.092908
v 0.008863 -0.043841 -0.119882
v -0.005891 -0.043474 -0.116068
v -0.004836 -0.054666 -0.114202
v 0.009553 -0.057815 -0.116502
v 0.035406 -0.081489 -0.111200
v 0.028280 -0.073302 -0.112658
v 0.024266 -0.085165 -0.115147
v 0.036825 -0.089090 -0.112072
v 0.097743 0.044137 0.008297
v 0.101053 0.042973 -0.000365
v 0.101680 0.037114 0.003113
v -0.037394 -0.010609 -0.021579
v -0.039874 -0.011662 -0.018693
v -0.040205 -0.010271 -0.018081
v -0.037726 -0.009588 -0.021094
v -0.050814 -0.010341 -0.023882
v -0.049497 -0.007026 -0.019256
v -0.048596 -0.004677 -0.018628
v -0.049686 -0.004528 -0.021452
v 0.097896 0.037563 0.010437
v 0.088300 0.012012 -0.110029
v 0.087718 0.009591 -0.111216
v 0.089073 0.007740 -0.110079
v 0.089580 0.009773 -0.108597
v 0.084759 -0.005150 -0.108604
v 0.084750 0.001900 -0.109283
v 0.085638 0.004353 -0.110209
v 0.086066 0.002155 -0.109768
v 0.085436 -0.015369 -0.106569
v 0.084391 -0.014684 -0.105708
v 0.084956 -0.010209 -0.107610
v 0.086149 -0.010624 -0.108860
v 0.085572 -0.035978 -0.080361
v 0.086551 -0.033029 -0.083681
v 0.085943 -0.036115 -0.085150
v 0.082926 -0.037553 -0.081565
v 0.079705 -0.035701 -0.080999
v 0.081176 -0.036283 -0.086908
v 0.080226 -0.032807 -0.087597
v 0.078806 -0.032708 -0.083058
v 0.090901 0.020623 -0.096616
v 0.091620 0.016891 -0.096197
v 0.091665 0.015704 -0.093877
v 0.090905 0.019355 -0.093916
v 0.072125 -0.009023 -0.099314
v 0.071226 -0.015503 -0.097496
v 0.075468 -0.010873 -0.102334
v 0.076030 -0.008155 -0.102517
v 0.087588 0.011087 -0.101472
v 0.086085 0.011820 -0.104064
v 0.085690 0.009884 -0.105437
v 0.086329 0.008576 -0.103299
v 0.085211 0.013648 -0.109351
v 0.084585 0.010889 -0.110663
v 0.084560 -0.026390 -0.078693
v 0.084287 -0.022978 -0.077423
v 0.084012 -0.021495 -0.078669
v 0.083316 -0.022511 -0.080224
v 0.079240 -0.010462 -0.092030
v 0.081814 -0.005996 -0.090338
v 0.084722 -0.026082 -0.101421
v 0.084857 -0.024143 -0.100294
v 0.085366 -0.020012 -0.103849
v 0.084842 -0.021385 -0.105305
v 0.082963 -0.021905 -0.096912
v 0.083466 -0.018985 -0.100709
v 0.083518 -0.018232 -0.102637
v 0.083680 -0.020485 -0.100589
v 0.088102 0.013596 -0.103179
v 0.089504 0.015743 -0.098343
v 0.091308 0.014615 -0.098007
v 0.090582 0.012631 -0.102397
v 0.078614 0.003043 -0.102330
v 0.078591 0.007808 -0.099658
v 0.077545 0.007253 -0.099200
v 0.077377 0.003141 -0.101546
v 0.086148 0.011069 -0.107344
v 0.085820 0.008954 -0.108721
v 0.085253 0.007667 -0.106977
v 0.085973 0.008112 -0.088020
v 0.086461 0.009241 -0.090455
v 0.086086 0.007698 -0.091356
v 0.086154 0.006516 -0.090587
v 0.083796 -0.036830 -0.088032
v 0.073358 -0.024294 -0.091630
v 0.073957 -0.023934 -0.093890
v 0.074955 -0.019749 -0.097533
v 0.073325 -0.018446 -0.096999
v 0.082653 -0.033796 -0.076291
v 0.085360 -0.033640 -0.078052
v 0.085312 -0.034858 -0.079213
v 0.082385 -0.035926 -0.078089
v 0.087178 0.012506 -0.091002
v 0.088081 0.011791 -0.093516
v 0.086808 0.011015 -0.092300
v 0.086405 0.011459 -0.090485
v 0.084418 0.000111 -0.107488
v 0.085509 0.006195 -0.105023
v 0.085556 -0.008923 -0.103423
v 0.084346 -0.008517 -0.105815
v 0.084521 -0.012585 -0.104468
v -0.038787 -0.044101 -0.092296
v -0.028192 -0.043553 -0.103148
v -0.026947 -0.054810 -0.101405
v -0.036015 -0.058154 -0.090107
v 0.085123 -0.012776 -0.102079
v 0.086249 -0.001171 -0.102954
v 0.084797 -0.000980 -0.105787
v 0.087788 0.006959 -0.107877
v 0.087125 0.001346 -0.109062
v 0.086901 0.007650 -0.108353
v 0.078219 0.010810 -0.096619
v 0.076606 0.014193 -0.100397
v 0.074127 0.008343 -0.101615
v 0.077161 0.008592 -0.098202
v 0.084587 -0.017637 -0.078932
v 0.084932 -0.015431 -0.080526
v 0.082554 -0.017440 -0.081397
v 0.081944 -0.019977 -0.080585
v 0.076233 -0.022019 -0.097000
v 0.075108 -0.025092 -0.093697
v 0.075988 -0.025830 -0.093448
v 0.077442 -0.023754 -0.096103
v 0.088913 0.012478 -0.096080
v 0.088382 0.008460 -0.097493
v 0.087739 0.008402 -0.095653
v 0.083338 -0.021117 -0.088678
v 0.082549 -0.019837 -0.090519
v 0.083078 -0.022533 -0.092338
v 0.083934 -0.024571 -0.090695
v 0.084519 -0.032794 -0.094792
v 0.081758 -0.032889 -0.094228
v 0.081609 -0.034943 -0.090330
v 0.084237 -0.035192 -0.091427
v 0.082826 -0.021112 -0.080551
v 0.084036 -0.020111 -0.078800
v 0.079578 0.003274 -0.104786
v 0.080223 0.008975 -0.101723
v 0.087142 0.007141 -0.101554
v 0.086353 0.005021 -0.103136
v 0.084690 -0.005083 -0.083770
v 0.082405 -0.004616 -0.084432
v 0.082675 -0.005426 -0.084557
v 0.085372 -0.006513 -0.084010
v 0.085409 -0.005493 -0.082521
v 0.085862 -0.007050 -0.082726
v 0.085641 -0.007109 -0.081700
v 0.085448 -0.006291 -0.081344
v 0.081544 -0.004434 -0.084489
v 0.082018 -0.004691 -0.084473
v 0.082161 -0.004192 -0.084569
v 0.079929 -0.001704 -0.095794
v 0.078098 -0.008701 -0.097508
v 0.077764 -0.010063 -0.097299
v 0.080641 -0.004540 -0.095770
v 0.084189 -0.007475 -0.107336
v 0.090814 0.015868 -0.089402
v 0.090160 0.018694 -0.088845
v 0.090247 0.021443 -0.093225
v 0.076741 -0.018159 -0.089502
v 0.080813 -0.018018 -0.089195
v 0.081265 -0.018191 -0.087512
v 0.078078 -0.018355 -0.088231
v 0.082120 -0.013395 -0.084058
v 0.080065 -0.016394 -0.082949
v 0.084088 -0.014997 -0.082889
v 0.085832 0.000094 -0.082146
v 0.083899 -0.003530 -0.084245
v 0.084520 -0.004376 -0.083214
v 0.085177 -0.004086 -0.082093
v 0.084897 -0.016009 -0.107907
v 0.085105 -0.010760 -0.110103
v 0.082949 -0.010770 -0.110612
v 0.082816 -0.016412 -0.108528
v 0.084386 -0.029993 -0.075961
v 0.078554 -0.031713 -0.076709
v 0.083382 -0.026801 -0.075406
v 0.089604 0.018164 -0.104979
v 0.087740 0.020041 -0.104217
v 0.086804 0.018179 -0.106259
v 0.089166 0.016369 -0.107053
v 0.081844 0.001302 -0.088561
v 0.081544 -0.000630 -0.088302
v 0.082708 0.000380 -0.087315
v 0.082583 0.002570 -0.087191
v 0.038336 -0.030506 -0.116624
v 0.054726 -0.031205 -0.104361
v 0.054292 -0.017274 -0.112997
v 0.040243 -0.016899 -0.123234
v 0.085339 -0.029666 -0.094229
v 0.086116 -0.031863 -0.091815
v 0.088155 0.007507 -0.081817
v 0.088039 0.009196 -0.080746
v 0.087926 0.014695 -0.082604
v 0.088666 0.011539 -0.083133
v 0.084184 0.003562 -0.112671
v 0.086882 0.002759 -0.112838
v 0.087468 0.012680 -0.089394
v 0.087936 0.015310 -0.092781
v 0.087279 0.013188 -0.091307
v 0.086893 0.011916 -0.089415
v 0.088532 0.004507 -0.087013
v 0.089130 0.005759 -0.087308
v 0.087460 0.006655 -0.086530
v 0.086480 0.005386 -0.086245
v 0.088134 0.014152 -0.079664
v 0.087587 0.019281 -0.083218
v 0.071801 -0.024527 -0.090303
v 0.089213 0.006349 -0.084317
v 0.089689 0.008928 -0.084953
v 0.089737 0.007465 -0.087463
v -0.043682 -0.082395 -0.065394
v -0.041517 -0.074098 -0.072216
v -0.041689 -0.085851 -0.076935
v -0.044996 -0.090051 -0.064820
v 0.084456 -0.022164 -0.075226
v 0.084468 -0.020536 -0.077298
v 0.086678 0.011581 -0.089036
v 0.086131 0.010445 -0.088627
v 0.085735 0.006542 -0.086768
v 0.085332 0.005564 -0.089018
v 0.084635 -0.000577 -0.097474
v 0.083991 -0.008547 -0.099460
v 0.064030 -0.017370 -0.102300
v 0.067898 -0.030698 -0.088950
v 0.086338 0.007103 -0.086184
v 0.086420 0.007663 -0.086420
v 0.086022 0.006859 -0.085989
v 0.085383 0.006036 -0.086084
v 0.086417 -0.033795 -0.089226
v 0.086099 0.005311 -0.095341
v 0.084640 0.003339 -0.092339
v 0.086096 0.005205 -0.093035
v 0.086593 -0.006244 -0.108898
v 0.088126 0.001071 -0.109472
v 0.088641 0.001303 -0.111334
v 0.087144 -0.006348 -0.110507
v 0.078898 -0.034396 -0.078881
v 0.080699 -0.001335 -0.089406
v 0.081922 -0.002666 -0.089342
v 0.083858 0.004030 -0.088624
v 0.084616 0.005143 -0.086149
v 0.084901 -0.017616 -0.076819
v 0.086855 0.014444 -0.104389
v 0.086645 0.012930 -0.105905
v 0.086654 0.013257 -0.102905
v 0.087305 0.014282 -0.101510
v 0.087733 0.016476 -0.099861
v 0.087429 0.017208 -0.099117
v 0.087278 0.015884 -0.102630
v 0.085367 0.004697 -0.090492
v 0.086088 0.005654 -0.091736
v 0.084285 -0.022325 -0.087382
v 0.085098 -0.027837 -0.088074
v 0.084297 -0.016093 -0.102269
v 0.084551 -0.015548 -0.099644
v 0.080607 -0.005120 -0.109716
v 0.080924 0.003483 -0.109216
v 0.080328 0.003305 -0.106827
v 0.080125 -0.004903 -0.108043
v 0.076403 -0.002677 -0.102278
v 0.073331 -0.001648 -0.100468
v 0.085439 -0.005465 -0.080722
v 0.086046 -0.001822 -0.078653
v 0.083067 0.003263 -0.087423
v 0.083972 0.004902 -0.086240
v 0.078300 -0.019583 -0.101039
v 0.078911 -0.026688 -0.092969
v 0.079488 -0.021758 -0.099621
v 0.076387 -0.027120 -0.089266
v 0.077380 -0.028157 -0.087197
v 0.078766 -0.028325 -0.089771
v 0.083199 -0.020001 -0.096044
v 0.083779 -0.018636 -0.099121
v 0.081761 -0.004901 -0.085287
v 0.080002 -0.006492 -0.086244
v 0.080260 -0.004924 -0.084218
v 0.086246 -0.001112 -0.100512
v 0.085766 -0.008761 -0.101506
v 0.088523 0.007956 -0.087624
v 0.085980 -0.001317 -0.086076
v 0.087677 0.001954 -0.084691
v 0.090926 0.010852 -0.089195
v 0.089685 0.009457 -0.088926
v 0.089228 0.008588 -0.088341
v 0.090380 0.009071 -0.088035
v 0.075036 -0.013495 -0.083860
v 0.077772 -0.015239 -0.083409
v 0.079609 -0.012312 -0.083595
v 0.088335 0.016306 -0.096754
v 0.088322 0.014562 -0.097974
v 0.081061 0.009502 -0.103791
v 0.086556 0.009512 -0.091497
v 0.085990 0.008182 -0.092496
v 0.082290 0.022025 -0.097111
v 0.084424 0.019248 -0.094110
v 0.084939 0.019402 -0.092792
v 0.084712 0.024146 -0.092995
v 0.078487 -0.031008 -0.084183
v 0.079423 -0.030720 -0.087746
v 0.078880 -0.029412 -0.087971
v 0.078187 -0.029460 -0.085489
v 0.081149 -0.018329 -0.086654
v 0.078602 -0.018572 -0.087354
v 0.083655 -0.014600 -0.104997
v 0.083712 -0.015534 -0.103921
v 0.083966 -0.011550 -0.106055
v 0.083673 -0.010077 -0.106862
v 0.081081 0.002048 -0.091837
v 0.081197 0.001048 -0.090649
v 0.082241 0.014313 -0.094628
v 0.083672 0.016098 -0.096724
v 0.085338 0.018046 -0.094028
v 0.083732 0.016583 -0.093315
v 0.081606 0.010222 -0.106249
v 0.085898 0.006718 -0.092602
v 0.085755 0.006918 -0.093534
v 0.086088 0.007091 -0.091982
v 0.085564 0.004522 -0.086095
v 0.087397 0.003384 -0.087231
v 0.090055 0.011194 -0.090206
v 0.091030 0.014391 -0.093614
v 0.089733 0.015014 -0.094228
v 0.089544 0.012075 -0.090079
v 0.086815 0.009231 -0.087200
v -0.007695 -0.031184 -0.121777
v -0.009604 -0.020720 -0.128625
v 0.030600 0.043946 0.046156
v 0.021381 0.042637 0.045013
v 0.024109 0.036857 0.047020
v 0.032352 0.037458 0.046993
v 0.089246 0.018544 -0.087906
v 0.087661 0.020007 -0.090849
v 0.088299 0.020872 -0.091716
v 0.089484 0.019275 -0.088608
v 0.087510 0.013150 -0.101186
v 0.087028 0.010034 -0.107058
v 0.083414 -0.004653 -0.088972
v 0.080793 -0.007364 -0.088434
v 0.072984 -0.007850 -0.082984
v 0.073424 -0.006734 -0.082887
v 0.073480 -0.007043 -0.084118
v 0.073182 -0.007902 -0.084490
v 0.075392 -0.012973 -0.086913
v 0.077537 -0.013778 -0.087390
v 0.077464 -0.015274 -0.085670
v 0.075149 -0.014253 -0.086116
v 0.072275 -0.010453 -0.083237
v 0.072665 -0.009029 -0.083073
v 0.072581 -0.009436 -0.084743
v 0.071863 -0.010900 -0.085189
v 0.088618 0.016858 -0.094981
v 0.088821 0.016675 -0.097668
v 0.089247 0.008664 -0.106979
v 0.088796 0.006722 -0.108212
v 0.088082 0.013642 -0.104292
v 0.087699 0.011923 -0.105672
v 0.085292 -0.012828 -0.080272
v 0.085414 -0.012623 -0.082134
v 0.085080 -0.014177 -0.082081
v 0.090398 0.011172 -0.107215
v 0.088858 0.014110 -0.108524
v 0.085493 -0.029760 -0.078497
v 0.085269 -0.031387 -0.077126
v 0.069422 -0.102442 -0.056319
v 0.070623 -0.096296 -0.071059
v 0.069792 -0.106169 -0.070719
v 0.068325 -0.112070 -0.056411
v 0.090558 0.013979 -0.087656
v 0.089224 0.016813 -0.086939
v 0.072023 -0.012384 -0.083578
v 0.071955 -0.012528 -0.083640
v 0.074316 -0.014244 -0.084789
v 0.077502 -0.008569 -0.083404
v 0.073812 -0.008143 -0.082626
v 0.076171 -0.011599 -0.087068
v 0.076695 -0.006603 -0.085280
v 0.077012 -0.005430 -0.084055
v 0.078388 -0.018087 -0.083305
v 0.078219 -0.019010 -0.085371
v 0.081051 -0.019529 -0.083583
v 0.072087 -0.012973 -0.085541
v 0.082749 0.003460 -0.090580
v 0.078649 -0.011301 -0.088179
v 0.078357 -0.013332 -0.090540
v 0.078034 -0.014975 -0.089583
v 0.077982 -0.012932 -0.087970
v 0.082917 -0.022896 -0.093943
v 0.082797 -0.021125 -0.093884
v 0.075823 -0.017290 -0.091341
v 0.079331 -0.017794 -0.091564
v 0.083557 -0.001940 -0.088934
v 0.086088 0.000844 -0.087621
v 0.082127 -0.004808 -0.086088
v 0.079229 -0.009273 -0.087341
v 0.079373 -0.011492 -0.090241
v 0.077572 -0.007469 -0.083528
v 0.080997 -0.007165 -0.083920
v 0.080668 -0.006134 -0.084000
v 0.077460 -0.006540 -0.083669
v 0.086808 0.008371 -0.094375
v 0.088956 0.014755 -0.084868
v 0.090379 0.011483 -0.086263
v 0.076623 0.027070 -0.107326
v 0.071823 0.019233 -0.110418
v 0.079568 0.019104 -0.099917
v 0.077037 -0.010065 -0.087170
v 0.073655 -0.006227 -0.083064
v 0.074244 -0.006781 -0.083061
v 0.084392 -0.018863 -0.103182
v 0.081598 -0.020300 -0.083535
v 0.084379 0.002671 -0.086029
v 0.080315 -0.010126 -0.108674
v 0.080312 -0.015512 -0.106797
v 0.084019 0.004059 -0.086032
v 0.084238 0.005071 -0.086090
v 0.078433 -0.018962 -0.086612
v 0.081335 -0.018972 -0.085407
v 0.084673 0.005328 -0.086040
v 0.084857 -0.012994 -0.083454
v 0.087892 0.008451 -0.100425
v 0.080220 -0.030145 -0.093767
v 0.080114 -0.031603 -0.090384
v 0.074285 -0.007195 -0.082684
v 0.076784 -0.015116 -0.084464
v 0.076731 -0.008225 -0.085860
v 0.083193 -0.009234 -0.084348
v 0.082897 -0.011362 -0.084040
v 0.085191 -0.010787 -0.083270
v 0.079257 -0.017162 -0.093434
v 0.075470 -0.015152 -0.093300
v 0.075428 -0.014282 -0.095575
v 0.080224 -0.016064 -0.095430
v 0.080292 -0.020576 -0.104334
v 0.080349 -0.025078 -0.100853
v 0.082267 -0.027044 -0.102089
v 0.082739 -0.022115 -0.105899
v 0.073081 0.043466 -0.115075
v 0.080858 0.032392 -0.101614
v 0.079600 0.049346 -0.105362
v 0.083650 0.017660 -0.102000
v 0.082695 0.015481 -0.103235
v 0.086023 0.016071 -0.107890
v 0.086905 0.021885 -0.088207
v 0.085460 0.019350 -0.091381
v 0.087762 0.019200 -0.090639
v 0.083375 -0.005623 -0.111974
v 0.087460 0.003813 -0.081508
v 0.088391 0.003994 -0.084109
v 0.076928 -0.018256 -0.101284
v 0.082514 -0.017992 -0.094110
v 0.083733 -0.017189 -0.096744
v 0.091650 0.017041 -0.098901
v 0.091080 0.014866 -0.095759
v 0.052878 -0.115698 -0.015758
v 0.050339 -0.121805 -0.019061
v 0.079374 -0.013783 0.037743
v 0.079602 -0.013862 0.036260
v 0.077901 -0.012309 0.036037
v 0.077902 -0.012346 0.036688
v 0.079447 -0.021978 0.036948
v 0.078617 -0.020737 0.036669
v 0.079253 -0.020644 0.035317
v 0.080518 -0.021664 0.035526
v 0.076886 -0.012237 0.036869
v 0.077211 -0.014186 0.039503
v 0.078395 -0.014059 0.039551
v 0.077340 -0.012280 0.036915
v 0.091534 0.020201 -0.099692
v 0.082913 -0.021235 0.034984
v 0.081537 -0.019608 0.035067
v 0.082625 -0.019170 0.036304
v 0.084833 -0.020283 0.035832
v 0.079976 -0.020419 0.045195
v 0.080932 -0.018469 0.044661
v 0.079071 -0.019479 0.043370
v 0.078818 -0.021311 0.043069
v 0.082351 -0.018030 0.043087
v 0.084917 -0.018107 0.043723
v 0.085576 -0.018176 0.041357
v 0.082976 -0.018381 0.041016
v 0.077282 -0.017815 0.039540
v 0.078533 -0.019783 0.040063
v 0.078128 -0.017229 0.042399
v 0.081478 -0.017178 0.035404
v 0.080727 -0.018019 0.034626
v 0.079162 -0.014824 0.035303
v 0.079330 -0.014488 0.035114
v 0.073233 -0.086031 -0.056589
v 0.071689 -0.082630 -0.072082
v 0.093668 0.001403 0.008750
v 0.093463 -0.001286 0.010108
v 0.090346 -0.000255 0.012766
v 0.090675 0.002111 0.011400
v 0.085971 -0.008834 -0.082599
v 0.085786 -0.008128 -0.081345
v 0.081908 0.012972 -0.104537
v 0.087355 0.014824 -0.103300
v 0.084910 0.019145 -0.100522
v 0.086816 0.020547 -0.096214
v 0.085938 0.019248 -0.094963
v 0.084076 0.017634 -0.098387
v 0.090881 0.014630 -0.103794
v 0.082560 -0.021720 -0.084010
v 0.086527 0.004613 -0.097809
v 0.087622 0.020936 -0.093830
v 0.090085 0.022120 -0.095714
v 0.085179 -0.005751 -0.107948
v 0.090495 0.013349 -0.105603
v 0.090034 0.011686 -0.104053
v 0.091433 0.012800 -0.090340
v 0.076866 -0.011712 -0.097597
v 0.082838 -0.011912 -0.098687
v 0.081602 -0.014555 -0.097223
v -0.068899 0.011718 -0.022027
v -0.069726 0.009291 -0.023098
v -0.069221 0.007427 -0.021336
v -0.068249 0.009459 -0.020206
v -0.065629 -0.005423 -0.024401
v -0.066352 0.001533 -0.024817
v -0.067552 0.004032 -0.024620
v -0.067561 0.001800 -0.023865
v 0.076311 -0.013622 -0.097075
v 0.080979 -0.000075 -0.090221
v 0.085836 -0.017024 -0.074899
v 0.084513 -0.027354 -0.091675
v -0.064334 -0.015688 -0.022231
v -0.063192 -0.015079 -0.022815
v -0.064961 -0.010500 -0.023309
v -0.066644 -0.010936 -0.022738
v 0.083940 -0.026187 -0.094103
v 0.009087 -0.030855 -0.125033
v 0.009139 -0.019614 -0.132074
v 0.085778 -0.006047 -0.111811
v 0.088400 0.017010 -0.096504
v 0.083605 -0.022136 -0.085982
v 0.084987 -0.027388 -0.084461
v 0.084478 -0.026725 -0.082287
v 0.085772 0.007372 -0.093204
v 0.076295 -0.016796 -0.100785
v 0.075524 -0.014464 -0.101672
v 0.073783 -0.006432 -0.083946
v 0.079849 -0.023316 -0.099953
v 0.079754 -0.028304 -0.093362
v 0.066223 -0.078524 -0.084839
v 0.055512 -0.074657 -0.096623
v -0.041754 -0.036154 -0.008290
v -0.045030 -0.033234 -0.009202
v -0.045927 -0.036148 -0.010432
v -0.041428 -0.037608 -0.011290
v 0.057218 -0.086341 -0.095880
v 0.066594 -0.091061 -0.084516
v 0.086448 -0.003594 -0.075514
v 0.085558 -0.010353 -0.077904
v 0.085995 -0.011602 -0.076382
v 0.062776 -0.106274 -0.027088
v 0.057538 -0.117313 -0.028985
v 0.087300 -0.016564 -0.071538
v 0.092961 -0.017418 -0.061332
v 0.093932 -0.001864 -0.061535
v 0.088113 -0.006866 -0.070580
v 0.103297 0.027309 -0.023381
v 0.102539 0.028386 -0.028442
v 0.103141 0.018828 -0.028701
v 0.103265 0.019788 -0.024171
v 0.078418 0.082866 0.012562
v 0.071022 0.083760 0.019715
v 0.067875 0.091140 0.014602
v 0.075342 0.089985 0.007104
v 0.008882 -0.011203 -0.136259
v 0.008424 -0.000570 -0.140797
v -0.012117 -0.003100 -0.137135
v -0.010734 -0.012970 -0.132526
v 0.064426 0.108066 -0.012037
v 0.056772 0.109501 -0.004379
v 0.051903 0.115016 -0.013022
v -0.039391 -0.036305 -0.013636
v -0.044832 -0.036493 -0.015609
v -0.045007 -0.033211 -0.016819
v -0.040762 -0.033512 -0.015448
v 0.059888 0.113334 -0.020478
v 0.104661 -0.000966 -0.008550
v 0.106449 -0.006821 -0.009677
v 0.105147 -0.007321 -0.004567
v 0.103411 -0.001375 -0.004295
v 0.086453 -0.031861 -0.082199
v 0.086094 -0.030817 -0.080601
v -0.058381 0.020095 -0.012697
v -0.058375 0.016397 -0.012046
v -0.056312 0.015214 -0.010973
v -0.055913 0.018833 -0.011388
v -0.052674 -0.010052 -0.029085
v -0.050644 -0.016763 -0.028820
v -0.056865 -0.011904 -0.027819
v -0.057226 -0.008982 -0.027710
v 0.046212 0.119894 -0.023195
v 0.054629 0.118040 -0.030424
v 0.077194 0.007900 0.025561
v -0.060342 0.010889 -0.019385
v -0.062147 0.011550 -0.021644
v -0.063260 0.009579 -0.022437
v -0.061527 0.008266 -0.020927
v -0.066780 0.013302 -0.024313
v -0.067689 0.010577 -0.025577
v -0.039994 -0.027574 -0.008070
v -0.038693 -0.024248 -0.007811
v -0.039621 -0.022522 -0.008867
v -0.040800 -0.023430 -0.010000
v -0.048740 -0.010500 -0.021175
v -0.048737 -0.006127 -0.017940
v -0.059136 -0.026090 -0.020169
v -0.058536 -0.024320 -0.019370
v -0.061882 -0.020247 -0.020812
v -0.062687 -0.021536 -0.022109
v 0.076292 0.009788 0.023248
v 0.079031 0.006587 0.020489
v 0.079688 0.004566 0.022399
v 0.074585 0.056448 0.029944
v 0.074248 0.064298 0.027568
v 0.081206 0.064427 0.021773
v 0.081366 0.056694 0.024846
v 0.082735 0.004348 0.017301
v 0.082687 0.002392 0.019008
v 0.064495 0.097762 0.008913
v 0.072006 0.096545 0.001185
v 0.029051 0.126384 -0.073384
v -0.054944 -0.022194 -0.019278
v -0.058471 -0.019283 -0.020894
v -0.060122 -0.018560 -0.021902
v -0.058475 -0.020809 -0.020650
v 0.033727 0.126218 -0.066270
v 0.023880 0.128835 -0.060938
v -0.062464 0.013310 -0.019224
v -0.058994 0.015441 -0.015591
v -0.059637 0.014261 -0.013664
v -0.063053 0.012342 -0.016566
v 0.018472 0.128528 -0.072377
v 0.055647 0.001155 -0.121664
v 0.066053 -0.000991 -0.109365
v 0.068235 0.010944 -0.111794
v 0.058398 0.017632 -0.125475
v 0.068075 -0.098783 -0.039927
v 0.063887 -0.110410 -0.041806
v -0.057915 0.002455 -0.025703
v -0.055327 0.007260 -0.024340
v -0.054708 0.006638 -0.024649
v -0.056935 0.002529 -0.026127
v -0.065252 0.010763 -0.022898
v -0.066321 0.008638 -0.023793
v -0.064407 0.007347 -0.023467
v -0.048562 0.007790 -0.013445
v -0.051078 0.008803 -0.014259
v -0.051468 0.007370 -0.015157
v -0.050945 0.006144 -0.014632
v -0.047219 -0.036834 -0.013904
v -0.046316 -0.025557 -0.024090
v -0.048472 -0.025025 -0.024819
v -0.052164 -0.020812 -0.025902
v -0.051096 -0.019693 -0.026859
v 0.101364 0.049163 -0.013671
v 0.100795 0.054453 -0.017948
v 0.101653 0.047711 -0.023170
v 0.102372 0.043315 -0.018295
v 0.074492 0.043722 0.032729
v 0.080737 0.043950 0.028653
v 0.079085 0.037919 0.029394
v 0.073972 0.037486 0.033168
v -0.036761 -0.034768 -0.008549
v -0.039668 -0.034373 -0.007165
v -0.040666 -0.035317 -0.007902
v -0.038256 -0.036361 -0.009913
v 0.103674 0.012274 -0.023577
v 0.104323 0.009608 -0.027368
v 0.106106 0.001430 -0.022753
v 0.104669 0.005129 -0.019494
v 0.105170 0.000334 -0.012563
v -0.051776 0.012119 -0.014052
v -0.054191 0.011532 -0.014819
v -0.052577 0.010732 -0.015163
v -0.050997 0.011071 -0.014390
v 0.107053 -0.005176 -0.014098
v -0.064554 -0.000260 -0.024111
v -0.062713 0.005892 -0.022267
v 0.080641 0.073567 0.018052
v 0.073164 0.073952 0.024415
v 0.102032 0.038706 -0.027011
v 0.102873 0.035677 -0.021645
v 0.075935 0.010969 0.028765
v 0.074955 0.012493 0.025697
v 0.073868 0.016814 0.028666
v -0.061732 -0.009221 -0.020601
v -0.063019 -0.008822 -0.023092
v -0.062033 -0.012866 -0.022082
v -0.060379 -0.013021 -0.020126
v 0.073465 0.016182 0.034991
v 0.072766 0.020305 0.033767
v 0.073893 0.020454 0.029527
v 0.092794 0.056561 0.009870
v 0.092599 0.063666 0.006241
v 0.096220 0.062413 -0.002354
v 0.096562 0.055786 0.001429
v 0.068430 0.102439 -0.005022
v -0.061575 -0.001539 -0.020017
v -0.063221 -0.001358 -0.022826
v 0.060845 0.103738 0.002726
v 0.072930 0.029667 0.033059
v 0.075844 0.030051 0.029410
v 0.074591 0.026332 0.029196
v -0.066679 0.006682 -0.021500
v -0.067488 0.001024 -0.022435
v -0.066624 0.007373 -0.022573
v -0.052395 0.010110 -0.022525
v -0.054655 0.013430 -0.025502
v -0.055190 0.007635 -0.028036
v -0.053531 0.007920 -0.024103
v 0.072745 0.026319 0.032941
v 0.086423 0.000845 0.015845
v 0.086661 0.002990 0.014479
v 0.075662 -0.030648 -0.082404
v 0.077762 -0.032023 -0.082060
v 0.090002 0.014173 -0.073487
v 0.088881 0.003619 -0.071352
v 0.094512 0.011322 -0.062562
v 0.094472 0.024080 -0.064859
v 0.094862 0.036061 -0.068845
v 0.092907 0.044655 -0.073553
v 0.090243 0.028938 -0.080532
v 0.090923 0.023206 -0.076564
v 0.046723 -0.083025 -0.104980
v 0.042896 -0.072650 -0.106033
v 0.074886 0.013079 0.037203
v 0.076125 0.010117 0.039340
v -0.014735 0.039228 -0.146562
v -0.039990 -0.018454 -0.009037
v -0.041636 -0.016174 -0.009672
v -0.041151 -0.018084 -0.012085
v -0.040303 -0.020720 -0.011898
v -0.014635 0.025645 -0.145085
v 0.007275 0.029302 -0.147843
v 0.007166 0.042236 -0.148822
v 0.054496 -0.009518 -0.117110
v -0.052163 -0.022936 -0.024566
v -0.048679 -0.026065 -0.023836
v -0.048785 -0.026746 -0.023043
v -0.051851 -0.024612 -0.023188
v 0.064759 -0.009696 -0.106062
v 0.081541 -0.016469 0.037257
v 0.077385 -0.012191 0.035531
v 0.078422 -0.015135 0.036075
v 0.077507 -0.012294 0.035546
v 0.083190 -0.018773 0.038659
v 0.085933 -0.018755 0.038581
v 0.078458 -0.018952 0.035237
v 0.077785 -0.018979 0.036072
v 0.077924 -0.014917 0.036593
v 0.077729 -0.012182 0.035501
v 0.078702 -0.021845 0.048373
v 0.080612 -0.020414 0.050519
v 0.083340 -0.019157 0.047775
v 0.081056 -0.020621 0.046818
v 0.077014 -0.012205 0.036761
v 0.076948 -0.014733 0.038348
v 0.079481 -0.016585 0.043199
v 0.079019 -0.013857 0.038919
v 0.077657 -0.012302 0.036848
v 0.080687 -0.016205 0.041557
v 0.078674 -0.021725 0.040414
v 0.081262 -0.016225 0.039552
v -0.056421 0.012324 -0.015715
v -0.057538 0.008212 -0.016569
v -0.055774 0.008158 -0.016164
v -0.048215 -0.021492 -0.014546
v -0.049545 -0.020151 -0.016087
v -0.051102 -0.022819 -0.016725
v -0.049956 -0.024880 -0.015214
v 0.082053 -0.018898 -0.092231
v 0.075962 -0.065202 -0.067697
v 0.074814 -0.049893 -0.074753
v 0.071356 -0.050394 -0.079190
v -0.053141 -0.032637 -0.016935
v -0.051572 -0.033174 -0.019059
v -0.048235 -0.035298 -0.017037
v -0.050248 -0.035116 -0.015389
v -0.040895 -0.021937 -0.010790
v -0.039652 -0.021038 -0.009150
v -0.060333 0.002766 -0.026485
v -0.058089 0.008444 -0.024219
v 0.071611 -0.066161 -0.075701
v 0.086427 0.006936 -0.094972
v 0.100163 0.054797 -0.043204
v 0.096401 0.066552 -0.051444
v 0.095030 0.055804 -0.064320
v -0.060274 0.006827 -0.019436
v -0.061374 0.004690 -0.020584
v 0.097504 0.045229 -0.059972
v 0.092900 0.076651 -0.058545
v 0.091889 0.066768 -0.070626
v 0.089595 0.055396 -0.080818
v 0.084426 0.035498 -0.094018
v 0.098248 0.013082 0.001048
v 0.098521 0.012920 0.001077
v 0.097831 0.012626 0.002969
v -0.044559 -0.005557 -0.011803
v -0.043995 -0.005026 -0.014177
v -0.044222 -0.005837 -0.013961
v -0.045083 -0.007024 -0.011265
v 0.097766 0.012764 0.002726
v 0.097513 0.013327 0.000787
v 0.096854 0.012907 0.002514
v -0.043853 -0.006099 -0.010456
v -0.044241 -0.007659 -0.010131
v -0.043252 -0.007762 -0.009748
v -0.042861 -0.006972 -0.009742
v 0.097874 0.013647 -0.000574
v 0.098567 0.013383 -0.000385
v 0.098876 0.013173 -0.000392
v 0.084719 0.014032 0.012799
v 0.085227 0.014386 0.011881
v 0.087639 0.013465 0.010667
v 0.087322 0.013372 0.011994
v 0.084796 0.013722 0.013303
v 0.087671 0.013019 0.012349
v -0.043636 -0.004736 -0.015015
v -0.043843 -0.005052 -0.014558
v -0.044016 -0.004549 -0.014509
v -0.052523 -0.001568 -0.023086
v -0.053438 -0.008859 -0.024790
v -0.052725 -0.010146 -0.025076
v -0.052608 -0.004558 -0.022248
v 0.085178 0.016161 0.005845
v 0.084558 0.016451 0.006036
v -0.064185 -0.007759 -0.024167
v 0.086062 0.015795 0.005487
v 0.082072 0.015806 0.011460
v 0.082154 0.016837 0.011554
v -0.052109 0.015231 -0.009104
v -0.051276 0.017961 -0.009150
v -0.055151 0.020752 -0.011313
v 0.084287 0.017280 0.006298
v 0.084178 0.016659 0.006161
v 0.082585 0.015506 0.011412
v -0.045552 -0.018546 -0.021145
v -0.047496 -0.018417 -0.017151
v -0.046062 -0.018564 -0.015992
v -0.045185 -0.018760 -0.019196
v -0.043344 -0.013903 -0.013934
v -0.041297 -0.016919 -0.015067
v -0.043300 -0.015618 -0.011602
v -0.043613 -0.000448 -0.010088
v -0.044465 -0.003890 -0.012886
v -0.044009 -0.004911 -0.011651
v -0.043378 -0.004721 -0.010443
v -0.065142 -0.016299 -0.023443
v -0.067202 -0.011087 -0.024420
v -0.066796 -0.011211 -0.026727
v -0.064839 -0.016854 -0.025691
v 0.081209 0.015113 0.012570
v 0.080098 0.015325 0.012753
v -0.037322 -0.031198 -0.006797
v -0.035034 -0.033117 -0.012215
v -0.036543 -0.028380 -0.007247
v -0.065072 0.017713 -0.018145
v -0.063445 0.019497 -0.019272
v -0.064804 0.017696 -0.021182
v -0.066705 0.015979 -0.019648
v -0.047287 0.001052 -0.017052
v -0.046856 -0.000839 -0.017210
v -0.046527 0.000092 -0.015728
v -0.046477 0.002228 -0.015690
v 0.080271 0.016710 0.013076
v 0.092203 0.011987 0.009766
v 0.092455 0.011233 0.009633
v 0.088493 0.011626 0.012189
v 0.088091 0.012443 0.012340
v 0.091877 0.012456 0.009800
v 0.094439 0.012517 0.007291
v 0.094617 0.012032 0.007331
v 0.094767 0.011287 0.007149
v -0.050470 -0.031201 -0.065532
v -0.047797 -0.032260 -0.045573
v -0.055324 -0.018189 -0.050313
v -0.057210 -0.017594 -0.067324
v -0.053415 -0.029669 -0.015831
v -0.051662 -0.031854 -0.013919
v -0.044430 0.006769 -0.007701
v -0.043168 0.008262 -0.006861
v -0.044515 0.013798 -0.007665
v -0.045451 0.010848 -0.007603
v 0.085517 0.012525 0.013675
v 0.085243 0.013337 0.013506
v 0.094805 0.010618 0.006999
v 0.092682 0.010565 0.009342
v -0.069260 0.003283 -0.027033
v -0.070555 0.002490 -0.024653
v 0.088670 0.010974 0.012004
v 0.085482 0.012108 0.013762
v 0.082622 0.013272 0.014672
v 0.083721 0.013481 0.014155
v 0.092690 0.009841 0.008982
v 0.092552 0.009103 0.009029
v 0.088677 0.009493 0.011965
v 0.088691 0.010249 0.011829
v -0.050539 0.012229 -0.012968
v -0.053349 0.015030 -0.014595
v -0.051852 0.012898 -0.014345
v -0.050253 0.011517 -0.013453
v -0.049064 0.004053 -0.010585
v -0.049550 0.005308 -0.010270
v -0.048053 0.006217 -0.011338
v -0.047377 0.004944 -0.011988
v 0.094727 0.009926 0.006599
v 0.094637 0.009143 0.006469
v -0.041976 0.012948 -0.005988
v -0.044571 0.018113 -0.008088
v 0.098978 0.013268 -0.002521
v 0.099007 0.013748 -0.003543
v 0.098954 0.013209 -0.003503
v -0.044247 -0.025846 -0.024632
v 0.098868 0.012804 -0.002921
v 0.099389 0.010948 -0.007113
v 0.099855 0.012289 -0.008305
v 0.100408 0.011792 -0.010534
v -0.047054 0.005805 -0.008594
v -0.047745 0.008325 -0.008278
v -0.049897 0.006993 -0.009803
v -0.036818 -0.023684 -0.006593
v -0.038508 -0.021739 -0.007928
v -0.049881 0.011164 -0.013419
v -0.049302 0.010026 -0.013607
v -0.047429 0.006171 -0.012938
v -0.049260 0.005139 -0.014424
v 0.100068 0.010230 -0.008778
v -0.056176 -0.000788 -0.019000
v -0.057585 -0.008746 -0.020168
v 0.105105 0.002205 -0.016369
v 0.101772 0.007636 -0.010615
v 0.101884 0.009151 -0.013126
v 0.098936 0.013044 -0.001527
v 0.098844 0.012771 -0.000375
v 0.098942 0.013389 -0.001516
v 0.098908 0.013719 -0.002576
v 0.098840 0.012437 -0.001942
v 0.098747 0.012160 -0.000629
v 0.098518 0.012579 0.001049
v 0.098438 0.011882 0.000946
v 0.097742 0.011566 0.002888
v 0.097767 0.012289 0.003029
v 0.096543 0.012137 0.005074
v -0.050925 -0.018582 -0.036991
v -0.040623 -0.032180 -0.026977
v 0.096714 0.012568 0.004763
v 0.096587 0.011375 0.004839
v 0.097670 0.010950 0.002542
v 0.096572 0.010728 0.004619
v 0.098243 0.011251 0.000505
v 0.098564 0.011619 -0.001135
v 0.098667 0.012008 -0.002496
v 0.098845 0.012413 -0.003541
v 0.098987 0.013030 -0.004255
v 0.098640 0.011516 -0.003226
v 0.098769 0.010910 -0.004274
v 0.098395 0.010366 -0.002475
v 0.098463 0.011069 -0.001711
v 0.098951 0.012064 -0.004444
v 0.099125 0.011565 -0.005707
v -0.047191 0.006685 -0.012164
v -0.047421 0.007255 -0.012240
v -0.046903 0.006460 -0.012250
v -0.046696 0.005602 -0.012879
v 0.098172 0.010720 -0.000049
v 0.098019 0.010037 -0.000528
v 0.097318 0.009651 0.001680
v 0.097535 0.010346 0.002130
v -0.049640 -0.033833 -0.012257
v -0.054738 0.005108 -0.017067
v -0.051816 0.003004 -0.016559
v -0.053028 0.004879 -0.015776
v 0.096494 0.010094 0.004248
v 0.096384 0.009315 0.003775
v -0.066728 -0.006450 -0.022643
v -0.068308 0.000758 -0.021539
v -0.070123 0.000983 -0.022108
v -0.068352 -0.006538 -0.022993
v 0.091561 0.012578 0.009567
v 0.090679 0.012868 0.008717
v 0.093299 0.012637 0.006617
v 0.094373 0.012576 0.006873
v 0.096655 0.012626 0.004464
v -0.037177 -0.035296 -0.013166
v -0.047352 -0.001470 -0.018518
v -0.047978 -0.002852 -0.017380
v 0.095448 0.012768 0.004397
v 0.092656 0.012814 0.005442
v 0.089433 0.014959 0.003163
v 0.090433 0.014960 0.002198
v 0.094426 0.012906 0.003577
v -0.048275 0.003499 -0.015382
v -0.046390 0.004727 -0.013479
v 0.090290 0.013107 0.007315
v 0.088263 0.015157 0.004006
v 0.087713 0.013793 0.009063
v -0.038420 -0.018734 -0.007478
v 0.087144 0.015413 0.004864
v 0.085565 0.014509 0.010543
v 0.093093 0.024441 0.009922
v 0.093326 0.025004 0.009972
v 0.097118 0.024485 0.006429
v 0.096497 0.023914 0.006717
v 0.024887 0.002324 -0.138024
v 0.023797 0.017385 -0.143057
v 0.007978 0.013296 -0.145388
v 0.098661 0.021126 0.004142
v 0.098443 0.022412 0.003928
v 0.099556 0.021286 0.001038
v 0.099627 0.020105 0.001240
v 0.098695 0.019842 0.004267
v -0.062897 0.014158 -0.021049
v -0.064184 0.012632 -0.021869
v -0.061416 0.012981 -0.020621
v -0.060545 0.014008 -0.019371
v -0.059288 0.016221 -0.018073
v -0.058600 0.016942 -0.017956
v -0.061552 0.015614 -0.019893
v -0.050572 0.004292 -0.015109
v -0.051893 0.005311 -0.015213
v 0.099454 0.018807 0.001373
v 0.097276 0.020864 0.007380
v -0.047557 -0.022775 -0.013034
v -0.048154 -0.028111 -0.012869
v -0.060190 -0.016362 -0.020930
v -0.058245 -0.015850 -0.019109
v -0.064821 -0.005522 -0.028307
v -0.064806 0.003033 -0.027700
v -0.062496 0.002798 -0.026887
v -0.063211 -0.005359 -0.027748
v 0.097221 0.022264 0.007217
v 0.096832 0.023399 0.006860
v 0.096272 0.017996 -0.001692
v 0.096006 0.018665 -0.000681
v -0.057149 -0.003348 -0.027391
v -0.054299 -0.002375 -0.028700
v -0.042348 -0.006227 -0.009337
v -0.040770 -0.002689 -0.007647
v -0.046883 0.002864 -0.015385
v -0.046267 0.004457 -0.014011
v -0.056615 -0.020420 -0.025025
v -0.049729 -0.027481 -0.020501
v -0.055860 -0.022564 -0.023479
v -0.045337 -0.028128 -0.020572
v -0.043949 -0.029131 -0.018712
v -0.046801 -0.029136 -0.018982
v 0.097410 0.018328 0.000106
v 0.097652 0.017762 -0.001520
v 0.096453 0.017489 -0.002502
v 0.097687 0.017288 -0.002594
v 0.091806 0.017499 -0.001248
v 0.091662 0.017773 -0.000761
v 0.091409 0.018102 -0.000051
v -0.054440 -0.020285 -0.018411
v -0.057285 -0.018899 -0.019642
v 0.091904 0.017217 -0.001549
v -0.044465 -0.005174 -0.015273
v -0.044239 -0.006594 -0.017473
v -0.042767 -0.005181 -0.015981
v -0.059354 -0.001385 -0.018928
v -0.060162 -0.009028 -0.019503
v -0.049465 0.007521 -0.011001
v 0.091999 0.016903 -0.001715
v -0.047116 -0.001664 -0.012204
v -0.046724 0.001523 -0.010110
v -0.052032 0.010326 -0.009403
v -0.051194 0.008977 -0.010535
v -0.050355 0.008165 -0.010742
v -0.050618 0.008617 -0.009472
v -0.039619 -0.013727 -0.020047
v -0.040611 -0.015536 -0.017417
v -0.041732 -0.012645 -0.015969
v 0.092119 0.016545 -0.001773
v 0.091969 0.016271 -0.001510
v 0.107525 -0.013212 -0.017546
v 0.106875 -0.002650 -0.018503
v -0.056907 0.016075 -0.016186
v -0.057866 0.014349 -0.016889
v -0.060035 0.009074 -0.024892
v 0.107275 -0.010242 -0.022558
v 0.098599 0.013679 -0.001540
v -0.051993 0.009090 -0.014746
v -0.052374 0.007883 -0.015848
v 0.098596 0.014064 -0.002588
v -0.053594 0.020946 -0.018951
v -0.052243 0.018231 -0.015918
v -0.051412 0.018429 -0.015029
v -0.051220 0.023015 -0.015037
v 0.097922 0.013963 -0.001597
v -0.041650 -0.031882 -0.016287
v -0.045224 -0.031504 -0.017424
v -0.045252 -0.030248 -0.017948
v -0.042712 -0.030346 -0.017182
v -0.045229 -0.018749 -0.015698
v -0.044698 -0.019009 -0.018236
v 0.097927 0.014379 -0.002501
v -0.062254 -0.014983 -0.023050
v -0.061326 -0.015871 -0.022391
v -0.063126 -0.011858 -0.023465
v -0.063767 -0.010425 -0.024118
v 0.098612 0.014598 -0.003597
v 0.098959 0.014327 -0.003799
v 0.096425 0.013579 0.000457
v 0.091656 0.015289 0.000484
v 0.091960 0.015484 -0.000264
v -0.049644 0.001800 -0.019633
v -0.048712 0.000885 -0.018849
v -0.052235 0.013606 -0.018550
v -0.054609 0.015475 -0.018658
v -0.052956 0.017397 -0.015827
v -0.051643 0.015814 -0.016560
v -0.062410 0.009830 -0.025739
v 0.096749 0.013996 -0.000707
v 0.095666 0.013187 0.002049
v 0.091153 0.015094 0.001314
v 0.091737 0.015819 -0.000659
v 0.091871 0.016002 -0.001139
v -0.052502 0.006400 -0.015820
v -0.053206 0.006616 -0.016389
v 0.096504 0.014428 -0.001419
v -0.052039 0.006769 -0.015415
v 0.096608 0.014847 -0.002292
v 0.097915 0.014969 -0.003161
v -0.046868 0.004092 -0.012654
v -0.048752 0.002966 -0.011648
v -0.052401 0.010772 -0.010919
v -0.055638 0.014100 -0.011847
v -0.055555 0.014669 -0.013457
v -0.052075 0.011645 -0.011397
v 0.096811 0.015814 -0.003308
v 0.096744 0.016365 -0.003264
v 0.098035 0.015441 -0.003530
v -0.048314 0.008856 -0.012302
v 0.098036 0.016086 -0.003611
v 0.096684 0.015370 -0.002961
v -0.032230 -0.031297 -0.107596
v -0.037172 -0.020846 -0.112718
v 0.096637 0.016931 -0.003008
v 0.097965 0.016604 -0.003255
v 0.099026 0.013872 -0.004086
v 0.099014 0.014749 -0.004339
v 0.099117 0.015622 -0.005093
v 0.099085 0.013891 -0.004768
v -0.049904 0.017704 -0.009296
v -0.051575 0.019214 -0.012168
v -0.052735 0.020139 -0.012167
v -0.050644 0.018505 -0.009535
v -0.060152 0.012957 -0.019241
v 0.099244 0.014030 -0.005761
v 0.099088 0.012838 -0.005285
v 0.099627 0.016445 -0.005910
v 0.100185 0.017202 -0.007472
v -0.065508 0.009777 -0.021894
v -0.048358 -0.004890 -0.015890
v -0.046493 -0.007482 -0.017938
v 0.099708 0.014167 -0.007279
v 0.099332 0.012683 -0.006623
v 0.098778 0.015246 -0.004159
v -0.037750 -0.007966 -0.021658
v -0.037927 -0.006851 -0.021285
v -0.039003 -0.007148 -0.021862
v -0.039129 -0.007993 -0.022257
v 0.098717 0.015744 -0.004365
v 0.099840 0.017434 -0.004528
v -0.042403 -0.013168 -0.021410
v -0.043976 -0.014027 -0.019711
v -0.042412 -0.015532 -0.018817
v -0.041600 -0.014463 -0.021066
v 0.100192 0.018456 -0.005236
v 0.099377 0.016677 -0.004079
v 0.099542 0.017370 -0.002758
v 0.099964 0.018263 -0.003030
v -0.037524 -0.010539 -0.022268
v -0.037627 -0.009126 -0.021929
v -0.039005 -0.009527 -0.022838
v -0.038986 -0.011045 -0.023463
v 0.100170 0.019211 -0.003517
v 0.099987 0.019056 -0.001107
v -0.055570 0.016608 -0.015019
v -0.057967 0.016448 -0.016082
v 0.100060 0.020185 -0.001437
v 0.099590 0.018007 -0.001010
v 0.098813 0.016412 -0.003727
v -0.066604 0.008394 -0.019802
v -0.067456 0.006442 -0.020659
v -0.063489 0.013384 -0.019786
v -0.064574 0.011660 -0.020713
v 0.098847 0.017028 -0.002695
v 0.098823 0.017641 -0.001180
v 0.098770 0.018125 0.001012
v -0.041716 -0.013606 -0.009228
v -0.043386 -0.013284 -0.010134
v -0.043122 -0.014861 -0.010380
v -0.067428 0.010876 -0.018904
v -0.067830 0.013787 -0.020764
v -0.040113 -0.030703 -0.007320
v -0.038773 -0.032351 -0.006681
v -0.010212 -0.103783 -0.010820
v -0.024266 -0.097853 -0.016596
v -0.023740 -0.107794 -0.017131
v -0.009967 -0.113377 -0.011596
v -0.050479 0.013349 -0.008470
v -0.049164 0.016053 -0.008899
v 0.098166 0.018987 0.003786
v 0.096654 0.019054 0.002610
v 0.096723 0.019991 0.006853
v -0.037855 -0.012578 -0.022551
v -0.037833 -0.012671 -0.022576
v -0.040029 -0.014425 -0.021115
v -0.040597 -0.008873 -0.017806
v -0.038048 -0.008394 -0.020631
v 0.095115 0.019651 0.005422
v 0.094123 0.026264 0.010288
v 0.098054 0.025974 0.006236
v 0.093751 0.019960 0.003926
v 0.090081 0.018689 0.002354
v 0.088991 0.018783 0.003474
v 0.091650 0.019990 0.006320
v -0.042910 -0.011710 -0.021042
v 0.082996 0.017675 0.011688
v 0.084167 0.018455 0.011741
v -0.041739 -0.006671 -0.019822
v -0.041002 -0.005642 -0.018743
v -0.040899 -0.018697 -0.016470
v -0.042676 -0.019506 -0.017599
v -0.042562 -0.020140 -0.014158
v -0.039348 -0.013050 -0.023344
v -0.049422 0.003054 -0.017440
v 0.085356 0.017957 0.006320
v 0.084741 0.017650 0.006356
v 0.081925 0.017552 0.013283
v 0.083572 0.018423 0.013279
v -0.045186 -0.011391 -0.019577
v -0.047088 -0.013533 -0.020864
v -0.046066 -0.015203 -0.020461
v -0.044604 -0.013062 -0.019872
v -0.052342 -0.023179 -0.017756
v -0.052336 -0.021401 -0.017699
v -0.046358 -0.017568 -0.023344
v -0.048562 -0.018032 -0.019961
v -0.048431 -0.002166 -0.015816
v -0.048492 0.000504 -0.012952
v -0.045334 -0.005108 -0.015391
v -0.044792 -0.009351 -0.018663
v -0.047320 -0.011588 -0.020010
v -0.040768 -0.007755 -0.017876
v -0.042832 -0.007486 -0.015087
v -0.042763 -0.006422 -0.015468
v -0.040864 -0.006797 -0.018108
v -0.054331 0.008103 -0.016180
v -0.046962 0.014116 -0.008090
v -0.048855 0.010983 -0.008258
v -0.060158 0.026132 -0.028604
v -0.061029 0.018414 -0.034220
v -0.054987 0.018156 -0.022699
v -0.043511 -0.010110 -0.020483
v -0.038234 -0.006336 -0.021216
v -0.038707 -0.007025 -0.020584
v -0.060952 -0.019241 -0.021539
v -0.042877 -0.020962 -0.013475
v -0.046255 0.002284 -0.013598
v -0.064008 -0.010695 -0.027823
v -0.062343 -0.016135 -0.026884
v -0.046136 0.003651 -0.013899
v -0.046264 0.004629 -0.013786
v -0.043902 -0.019410 -0.018033
v -0.044212 -0.019455 -0.014891
v -0.046374 0.004881 -0.013415
v -0.044217 -0.013573 -0.011276
v -0.059719 0.008163 -0.018380
v 0.087398 0.019536 0.010179
v 0.087010 0.018477 0.005552
v -0.050636 -0.030625 -0.020103
v -0.047662 -0.032155 -0.018363
v 0.086096 0.018226 0.006083
v -0.038367 -0.007449 -0.020294
v 0.085763 0.019008 0.010978
v -0.041016 -0.015342 -0.018819
v -0.042201 -0.008327 -0.019985
v 0.087695 0.019766 0.012251
v 0.085377 0.019092 0.012945
v 0.092865 0.020014 0.008273
v -0.044233 -0.009727 -0.013249
v -0.043765 -0.011855 -0.013322
v -0.044290 -0.011368 -0.010905
v -0.011096 0.074672 -0.143438
v -0.013512 0.059299 -0.146533
v -0.050210 -0.017319 -0.020907
v -0.048120 -0.015442 -0.024525
v -0.050260 -0.014579 -0.025509
v -0.052435 -0.016141 -0.020990
v -0.060048 -0.021176 -0.025633
v -0.056934 -0.025629 -0.023651
v -0.058605 -0.027344 -0.022713
v -0.062270 -0.022446 -0.024314
v 0.007864 0.060777 -0.148543
v 0.009481 0.074128 -0.145806
v -0.065059 0.042595 -0.035361
v -0.057042 0.031351 -0.022212
v -0.059661 0.048365 -0.025007
v -0.059458 0.017108 -0.021583
v -0.060151 0.015006 -0.023113
v -0.065792 0.015699 -0.022890
v -0.048481 0.020780 -0.011054
v -0.050581 0.018432 -0.014004
v -0.051323 0.018304 -0.011837
v -0.068117 -0.005953 -0.027358
v 0.095112 0.019404 0.001569
v 0.090881 0.018450 0.001089
v 0.022044 0.074892 -0.144006
v 0.022992 0.083268 -0.140866
v 0.012711 0.085434 -0.141289
v 0.022585 -0.059963 -0.113876
v 0.010665 -0.071125 -0.115077
v -0.043842 0.003235 -0.008515
v -0.046540 0.003511 -0.009229
v 0.080810 0.017203 0.015416
v -0.056280 -0.019167 -0.026165
v 0.082691 0.018295 0.014962
v -0.052463 -0.018206 -0.017990
v -0.055235 -0.017378 -0.018371
v -0.060742 0.016571 -0.013391
v -0.057492 0.014538 -0.012808
v 0.079474 0.016222 0.015644
v 0.078786 0.016093 0.016114
v 0.080159 0.017287 0.015926
v 0.081858 0.018518 0.015605
v 0.084911 0.019235 0.014294
v 0.084447 0.019633 0.015165
v 0.087994 0.020741 0.014278
v 0.087746 0.019946 0.013665
v 0.093986 0.020577 0.009902
v 0.094356 0.021497 0.010429
v 0.087378 0.021778 0.014344
v 0.083743 0.020336 0.015180
v 0.086595 0.022943 0.014349
v 0.083521 0.021475 0.015147
v 0.093651 0.023852 0.009899
v 0.094341 0.022826 0.010191
v 0.082161 0.014155 0.014417
v 0.080068 0.014444 0.015371
v 0.082550 0.014502 0.013886
v 0.080381 0.014778 0.014817
v 0.083166 0.014892 0.012496
v 0.079456 0.015197 0.015184
v 0.078820 0.014986 0.015850
v 0.035083 -0.116080 -0.005578
v 0.032742 -0.122090 -0.009070
v 0.083739 0.015098 0.011314
v 0.079241 0.017333 0.015977
v 0.077933 0.015966 0.016453
v 0.077974 0.017988 0.016008
v 0.077135 0.016121 0.016550
v 0.080529 0.020306 0.015429
v 0.080850 0.018912 0.015450
v 0.077925 0.014835 0.016256
v 0.078671 0.014328 0.016039
v 0.077224 0.014846 0.016461
v 0.077996 0.014164 0.016317
v 0.085269 0.011477 0.013884
v 0.085105 0.010901 0.013981
v 0.081963 0.012765 0.015090
v 0.081371 0.012413 0.015301
v 0.092227 0.008342 0.009002
v 0.094435 0.008329 0.006525
v 0.091871 0.007314 0.009131
v 0.065688 -0.013793 0.045586
v 0.064299 -0.013856 0.045014
v 0.064947 -0.012335 0.043422
v 0.065515 -0.012364 0.043779
v 0.094179 0.007260 0.006487
v 0.087927 0.007815 0.012416
v 0.088394 0.008720 0.012142
v 0.062621 -0.118164 -0.042809
v 0.099071 0.010118 -0.005291
v 0.099657 0.009134 -0.006401
v 0.099124 0.008340 -0.004090
v 0.098532 0.009584 -0.003305
v 0.097899 0.009158 -0.001112
v 0.064946 -0.021962 0.045297
v 0.065135 -0.020698 0.044469
v 0.063683 -0.020624 0.044310
v 0.063212 -0.021640 0.045459
v 0.098243 0.007872 -0.001502
v 0.097134 0.007565 0.001194
v 0.097050 0.008755 0.001410
v 0.096184 0.008512 0.003638
v 0.096008 0.007257 0.003711
v 0.100321 0.013952 -0.009392
v 0.100842 0.017440 -0.010439
v 0.100826 0.013559 -0.011785
v 0.101559 0.017317 -0.013434
v 0.076465 0.018952 0.016907
v 0.066168 -0.012243 0.043021
v 0.068269 -0.014181 0.044684
v 0.067724 -0.014048 0.045696
v 0.065984 -0.012295 0.043428
v 0.075947 0.016470 0.016779
v 0.075533 0.019840 0.018384
v 0.075128 0.017135 0.018033
v 0.077080 0.022803 0.018606
v 0.078302 0.021726 0.016822
v 0.076448 0.014980 0.016771
v 0.077272 0.013974 0.016433
v 0.075658 0.014900 0.017471
v 0.076718 0.013539 0.017083
v 0.084566 0.010186 0.014192
v 0.084112 0.009334 0.014476
v 0.080903 0.011927 0.015689
v 0.080161 0.011164 0.016092
v 0.025432 -0.008881 -0.133220
v 0.023505 0.033191 -0.145310
v 0.102590 0.030628 -0.000233
v 0.101195 0.027571 0.001734
v 0.099334 0.028667 0.005621
v 0.100733 0.032330 0.004603
v 0.103583 0.034697 -0.003525
v 0.104151 0.031169 -0.007256
v 0.103422 0.028295 -0.004242
v 0.102309 0.025832 -0.001794
v 0.101853 0.020463 -0.010218
v 0.101243 0.020113 -0.007920
v 0.101922 0.021990 -0.006786
v 0.102558 0.022893 -0.008925
v 0.102516 0.020614 -0.013139
v 0.103513 0.023826 -0.011848
v 0.103170 0.025313 -0.006811
v 0.102230 0.023824 -0.004578
v 0.104153 0.027075 -0.009700
v 0.085408 0.028117 0.016605
v 0.085354 0.026220 0.015510
v 0.082165 0.023828 0.015998
v 0.081209 0.024716 0.017084
v 0.084515 0.029559 0.017925
v 0.079695 0.025751 0.018611
v 0.096523 0.032665 0.010468
v 0.095456 0.029331 0.010319
v 0.086148 0.023829 0.014174
v 0.084316 0.022622 0.014961
v 0.085639 0.024095 0.014334
v 0.083468 0.022547 0.015186
v 0.039829 0.093337 -0.129666
v 0.048145 0.098747 -0.119771
v 0.030893 0.109762 -0.116740
v 0.023777 0.102894 -0.127124
v 0.098460 0.022936 0.004119
v 0.098878 0.023607 0.003476
v 0.100021 0.022613 0.000494
v 0.099660 0.021985 0.001180
v 0.100232 0.021017 -0.001564
v 0.100624 0.021660 -0.002217
v 0.100755 0.020639 -0.004386
v 0.100455 0.020172 -0.003728
v 0.100401 0.019462 -0.005128
v 0.100565 0.019567 -0.005957
v 0.083742 0.023640 0.015358
v 0.085774 0.024809 0.014730
v 0.022344 0.063189 -0.146095
v 0.095317 0.069538 -0.007379
v 0.097873 0.066230 -0.016645
v 0.098829 0.059956 -0.010972
v 0.099818 0.025029 0.003099
v 0.100977 0.023883 -0.000208
v 0.101361 0.022604 -0.003060
v 0.101363 0.021326 -0.005222
v 0.101117 0.020346 -0.006442
v 0.085704 -0.014359 -0.076423
v 0.085049 -0.014250 -0.077951
v 0.077917 -0.003424 -0.103260
v 0.076607 0.003115 -0.101098
v 0.076326 0.006496 -0.099291
v 0.088184 0.012870 -0.089367
v 0.088549 0.015949 -0.092706
v 0.084174 -0.022230 -0.099902
v 0.083142 -0.024203 -0.095031
v -0.061452 0.019692 -0.013723
v 0.083727 -0.021296 -0.100153
v 0.089227 0.012127 -0.103904
v 0.088824 0.010582 -0.105310
v 0.089774 0.010214 -0.105481
v 0.023983 -0.030534 -0.121937
v 0.025075 -0.017745 -0.128895
v 0.088242 0.008909 -0.106633
v 0.085516 -0.009644 -0.080529
v 0.078886 -0.003956 -0.104053
v 0.079424 -0.004527 -0.106447
v 0.079928 -0.009599 -0.107341
v 0.079552 -0.009062 -0.106340
v 0.080043 -0.014643 -0.105628
v 0.079646 -0.013786 -0.104820
v 0.083869 -0.018392 -0.102983
v 0.082641 -0.013973 -0.105295
v 0.088764 0.016383 -0.094426
v 0.089047 0.015586 -0.093760
v 0.089198 0.016396 -0.095190
v 0.085542 -0.010716 -0.082169
v 0.086624 0.010707 -0.088621
v 0.087286 0.008901 -0.087037
v 0.086767 0.009365 -0.087271
v 0.081992 -0.005797 -0.084372
v 0.081749 -0.004993 -0.084363
v 0.083150 -0.007241 -0.084710
v 0.085619 -0.008567 -0.083804
v 0.079381 -0.015918 -0.083120
v 0.078263 -0.016564 -0.084302
v 0.078016 -0.017243 -0.083582
v 0.089412 0.022249 -0.098764
v 0.087594 0.007916 -0.086773
v 0.088472 0.008890 -0.087683
v 0.088821 0.010003 -0.088231
v 0.089732 0.015719 -0.095710
v 0.089137 0.010887 -0.088665
v 0.088146 0.010981 -0.088284
v 0.088903 0.012556 -0.089645
v 0.087369 0.011117 -0.088266
v 0.076927 -0.013036 -0.097206
v 0.077077 -0.013153 -0.094996
v 0.087392 0.005559 -0.076917
v 0.086863 0.003602 -0.078931
v 0.083441 -0.024959 -0.092683
v 0.080154 0.011974 -0.094588
v 0.080260 0.015074 -0.097000
v 0.083810 -0.009885 -0.107143
v 0.082309 -0.016374 -0.095792
v 0.081162 -0.017333 -0.093653
v 0.083536 -0.014994 -0.098087
v 0.084632 -0.012430 -0.100302
v 0.082315 0.002210 -0.088900
v 0.087510 0.006547 -0.098438
v 0.087092 0.004457 -0.099791
v 0.086988 0.006672 -0.096606
v 0.082159 0.018306 -0.096307
v 0.083645 0.017843 -0.094176
v 0.080165 0.014840 -0.093655
v 0.083705 0.015904 -0.093557
v 0.081289 -0.012663 -0.083626
v 0.077191 -0.017919 -0.085949
v 0.078379 -0.016677 -0.088107
v 0.077571 -0.018490 -0.087356
v 0.078125 -0.017587 -0.089504
v 0.077625 -0.016319 -0.090843
v 0.077511 -0.014622 -0.092007
v 0.078835 -0.012858 -0.092583
v 0.080934 -0.008682 -0.083831
v 0.087818 0.017903 -0.085713
v 0.080448 -0.010440 -0.083715
v 0.082315 -0.007077 -0.084368
v 0.082363 -0.008782 -0.084125
v 0.081989 -0.010639 -0.083772
v 0.082764 -0.020224 -0.087685
v 0.081671 -0.018702 -0.089793
v 0.082255 -0.019643 -0.086527
v 0.080953 -0.018193 -0.091830
v 0.081666 -0.019255 -0.085596
v 0.081928 0.012811 -0.094876
v 0.082797 0.015644 -0.095265
v 0.086493 -0.011077 -0.074767
v 0.106316 -0.004911 -0.027972
v 0.104609 0.004642 -0.033307
v 0.083216 -0.056130 0.006529
v 0.082645 -0.059365 0.006973
v 0.107077 -0.015955 -0.012302
v 0.105787 -0.018999 -0.006025
v 0.088132 -0.051507 0.017906
v 0.087497 -0.052691 0.018461
v 0.086932 -0.052147 0.019226
v 0.087421 -0.051559 0.018479
v 0.084843 -0.051582 0.017882
v 0.085213 -0.051332 0.016758
v 0.086011 -0.051420 0.018008
v 0.085707 -0.051654 0.019112
v 0.091851 -0.034355 0.017667
v 0.094679 -0.030337 0.014924
v 0.096197 -0.035046 0.012017
v 0.093771 -0.038505 0.014705
v 0.083174 -0.053142 0.009712
v 0.083289 -0.051396 0.010424
v 0.083999 -0.051171 0.013240
v 0.083874 -0.052206 0.012768
v 0.083037 -0.054344 0.009466
v 0.083700 -0.052658 0.012628
v 0.083296 -0.054225 0.006791
v 0.083329 -0.051551 0.007515
v 0.093091 -0.057716 0.008768
v 0.091208 -0.055642 0.012601
v 0.092097 -0.052045 0.012779
v 0.094136 -0.052667 0.009267
v 0.089450 -0.021893 0.019642
v 0.092431 -0.025800 0.017391
v 0.090110 -0.030160 0.019178
v 0.086957 -0.025465 0.021299
v 0.084213 -0.020861 0.023717
v 0.086280 -0.017598 0.021825
v 0.084336 -0.013177 0.027757
v 0.085444 -0.016735 0.028307
v 0.086543 -0.017968 0.031420
v 0.086381 -0.015635 0.030343
v 0.084154 -0.021881 0.030897
v 0.084736 -0.018876 0.027004
v 0.080915 -0.023377 0.033285
v 0.061524 -0.021220 0.047218
v 0.062310 -0.019591 0.046103
v 0.062821 -0.019178 0.047661
v 0.061262 -0.020249 0.049295
v 0.081185 -0.022961 0.034215
v 0.083525 -0.022201 0.029447
v 0.071830 -0.020432 0.049862
v 0.070890 -0.018478 0.050401
v 0.070629 -0.019489 0.048262
v 0.070530 -0.021348 0.047868
v 0.082831 -0.023006 0.027709
v 0.080811 -0.023907 0.032062
v 0.081059 -0.022326 0.035241
v 0.083632 -0.021862 0.033886
v 0.068828 -0.018032 0.050800
v 0.068111 -0.018099 0.053297
v 0.065686 -0.018153 0.052707
v 0.066716 -0.018384 0.050288
v 0.068241 -0.017790 0.044818
v 0.068031 -0.019779 0.046172
v 0.070275 -0.017220 0.046964
v 0.062616 -0.017170 0.046198
v 0.062321 -0.017992 0.045177
v 0.063708 -0.014821 0.044172
v 0.063454 -0.014499 0.044195
v 0.085709 -0.019775 0.034486
v 0.079341 -0.021415 0.045234
v 0.081411 -0.020094 0.046312
v 0.077229 0.008848 0.031180
v 0.078423 0.005597 0.027487
v 0.078418 0.006187 0.032922
v 0.079426 0.003348 0.029194
v 0.086747 -0.017774 0.037714
v 0.087587 -0.015817 0.035816
v 0.086364 -0.016893 0.041976
v 0.087211 -0.014241 0.041379
v 0.072634 0.023512 0.033205
v 0.075620 -0.024814 0.042791
v 0.075687 -0.025418 0.042262
v 0.076116 -0.023626 0.044322
v -0.003655 0.096607 -0.132438
v 0.002651 0.108427 -0.122718
v 0.013834 0.120540 -0.101986
v 0.018198 0.124233 -0.090034
v 0.079269 -0.041638 0.041851
v 0.079213 -0.038775 0.041999
v 0.076999 -0.046918 0.023967
v 0.073064 -0.046755 0.027997
v 0.074348 -0.047602 0.030672
v 0.078316 -0.048128 0.026758
v 0.080641 -0.048568 0.023310
v 0.079541 -0.047438 0.020264
v 0.076111 -0.045594 0.021743
v 0.071944 -0.045443 0.025543
v 0.080582 -0.049100 0.031616
v 0.077092 -0.048531 0.035995
v 0.078267 -0.047005 0.038519
v 0.081565 -0.047560 0.033705
v 0.084516 -0.027068 0.025319
v 0.082147 -0.026666 0.029541
v 0.080201 -0.026947 0.034573
v 0.078487 -0.027352 0.038385
v 0.077936 -0.025474 0.038929
v 0.079253 -0.024760 0.035844
v 0.077673 -0.024680 0.039340
v 0.078996 -0.024102 0.036519
v 0.079020 -0.023531 0.037035
v 0.079533 -0.022644 0.036982
v 0.078598 -0.022694 0.038895
v 0.078923 -0.021980 0.038560
v 0.077711 -0.024030 0.039696
v 0.080054 0.000558 0.045804
v 0.078522 0.003900 0.043533
v 0.082438 -0.037311 0.037785
v 0.078873 -0.036557 0.041469
v 0.077246 -0.032401 0.041078
v 0.080498 -0.032585 0.037701
v 0.083373 -0.033410 0.033203
v 0.085351 -0.039137 0.032961
v 0.075851 -0.026172 0.041798
v 0.082769 -0.039821 0.037779
v 0.082737 -0.042490 0.037216
v 0.085672 -0.041720 0.032682
v 0.085400 -0.044187 0.032005
v 0.087503 -0.041749 0.027729
v 0.086422 -0.035230 0.028001
v 0.089357 -0.037509 0.022269
v 0.088894 -0.044705 0.022982
v 0.092272 -0.048718 0.014117
v 0.089125 -0.051630 0.016832
v 0.089280 -0.050201 0.017455
v 0.089477 -0.048753 0.018467
v 0.092343 -0.045261 0.015545
v 0.094299 -0.047801 0.011050
v 0.094362 -0.042974 0.012686
v 0.091628 -0.041393 0.018010
v 0.089443 -0.046914 0.020113
v 0.088461 -0.050425 0.018425
v 0.087634 -0.050934 0.018705
v 0.088549 -0.049576 0.019356
v 0.087727 -0.050334 0.019528
v 0.088584 -0.048567 0.020647
v 0.087675 -0.049684 0.020703
v 0.087413 -0.048641 0.022720
v 0.088347 -0.046993 0.022961
v 0.085287 -0.050767 0.018699
v 0.084808 -0.050582 0.020333
v 0.085455 -0.050460 0.021550
v 0.085794 -0.050755 0.019745
v 0.085476 -0.051015 0.017365
v 0.086006 -0.051003 0.018669
v 0.083903 -0.050488 0.014266
v 0.083614 -0.049825 0.015544
v -0.012330 -0.087815 -0.007510
v -0.025756 -0.084341 -0.016209
v 0.085566 -0.051161 0.016527
v 0.086132 -0.051224 0.017496
v 0.086730 -0.051350 0.018825
v 0.086808 -0.050816 0.019326
v 0.086696 -0.050428 0.020412
v 0.086361 -0.049832 0.022212
v 0.084617 -0.046403 0.030910
v 0.086712 -0.046372 0.027246
v 0.085670 -0.048227 0.026313
v 0.083479 -0.048608 0.029382
v 0.084611 -0.049670 0.025268
v 0.078930 -0.046200 0.017768
v 0.082387 -0.049751 0.027582
v 0.081486 -0.048147 0.015981
v 0.081215 -0.047081 0.013387
v 0.082309 -0.049172 0.019238
v 0.083187 -0.050167 0.011464
v 0.082842 -0.049100 0.012541
v 0.083127 -0.049661 0.008558
v 0.082724 -0.048242 0.009975
v 0.083793 -0.050274 0.023847
v 0.087371 -0.044282 0.027633
v 0.082186 -0.045042 0.035699
v 0.078901 -0.044329 0.040353
v 0.032837 0.001124 0.042858
v 0.034115 -0.001504 0.043470
v 0.038126 -0.000295 0.042282
v 0.036794 0.002037 0.041749
v 0.083658 -0.007039 0.050685
v 0.081848 -0.002892 0.048111
v 0.086392 -0.051873 0.019607
v 0.048580 -0.126909 -0.021695
v -0.044166 -0.009490 -0.009904
v -0.043025 -0.008825 -0.009388
v -0.060973 0.012570 -0.024609
v 0.088429 -0.053297 0.017241
v 0.082523 -0.056752 0.009557
v 0.083077 -0.053697 0.012827
v 0.091166 -0.063222 0.009951
v 0.088470 -0.067522 0.014014
v 0.087796 -0.063482 0.016876
v 0.089812 -0.059890 0.013552
v 0.086667 -0.057838 0.021337
v 0.087778 -0.055114 0.018743
v -0.062210 0.014578 -0.020059
v 0.087076 -0.054143 0.020153
v 0.086168 -0.055858 0.023073
v 0.085702 -0.054250 0.024116
v 0.086453 -0.053128 0.021008
v 0.083253 -0.052265 0.024127
v 0.080680 -0.052444 0.028061
v 0.077935 -0.055975 0.023735
v 0.080639 -0.055665 0.019783
v 0.082779 -0.054933 0.015462
v 0.084326 -0.051914 0.019617
v -0.058735 0.018556 -0.019709
v -0.056017 0.019888 -0.015802
v -0.054196 0.018642 -0.015939
v -0.056298 0.017046 -0.019314
v 0.084262 -0.052306 0.024593
v 0.085189 -0.051982 0.020977
v 0.082123 -0.052530 0.028957
v 0.055774 -0.123403 -0.031227
v 0.085954 -0.052315 0.021159
v 0.084952 -0.052838 0.024459
v 0.083183 -0.053502 0.029260
v 0.084262 -0.055527 0.029009
v 0.084952 -0.057862 0.028217
v 0.085013 -0.060677 0.026542
v 0.085212 -0.067816 0.021552
v 0.085533 -0.072668 0.018947
v 0.081372 -0.070345 0.027087
v 0.081921 -0.075575 0.025186
v 0.082679 -0.062797 0.031952
v 0.082989 -0.059310 0.033822
v 0.082173 -0.056468 0.034170
v 0.081006 -0.054142 0.033868
v 0.076244 -0.027675 0.041146
v 0.078153 -0.022641 0.040648
v 0.078231 -0.022218 0.043033
v 0.083759 -0.018649 0.045921
v 0.077186 -0.022753 0.046258
v 0.085927 -0.017116 0.044189
v 0.085068 -0.017576 0.046240
v 0.086105 -0.015979 0.046626
v 0.086650 -0.015378 0.045101
v 0.084344 -0.018148 0.048031
v 0.085787 -0.016140 0.047914
v 0.081732 -0.019268 0.051491
v 0.083568 -0.015983 0.052765
v 0.084404 -0.010590 0.052216
v 0.084186 -0.013812 0.052950
v 0.086696 -0.014392 0.046940
v 0.087029 -0.012575 0.045009
v -0.064617 0.014244 -0.016624
v 0.086326 -0.009550 0.043202
v 0.086684 -0.011431 0.039114
v 0.032322 0.127515 -0.047471
v 0.079701 -0.052883 0.033323
v 0.077788 -0.052642 0.032177
v -0.043894 -0.022403 -0.012624
v -0.056932 0.004387 -0.017779
v 0.074649 -0.064870 0.017161
v 0.075612 -0.061057 0.019481
v 0.072420 -0.061748 0.023008
v -0.054313 0.020250 -0.013845
v -0.057264 0.021484 -0.012803
v 0.071410 -0.065500 0.020865
v 0.074954 -0.052643 0.035010
v -0.065275 -0.005991 -0.023482
v -0.066044 0.013003 -0.017954
v -0.064312 0.011390 -0.017795
v -0.053177 0.012288 -0.009509
v -0.052858 -0.011939 -0.025370
v -0.056512 -0.012029 -0.020539
v -0.054680 -0.014642 -0.020711
v -0.051973 -0.013784 -0.025420
v -0.048297 -0.000210 -0.018653
v 0.072053 -0.056492 0.029798
v 0.074792 -0.056203 0.027319
v 0.076333 -0.053134 0.036522
v 0.077587 -0.054568 0.037444
v 0.078834 -0.057024 0.038218
v 0.069627 -0.062174 0.025360
v 0.068688 -0.066169 0.023144
v -0.037284 -0.018445 -0.005514
v 0.081639 -0.058656 0.011287
v -0.050917 -0.027489 -0.015226
v -0.052777 -0.026362 -0.017040
v -0.043397 -0.031099 -0.094691
v -0.049462 -0.019900 -0.098279
v -0.068903 -0.006294 -0.025024
v 0.081097 -0.061927 0.008985
v 0.079033 -0.060627 0.015689
v 0.078354 -0.063596 0.013266
v 0.077634 -0.076557 0.031209
v 0.076939 -0.071516 0.032212
v 0.079695 -0.060141 0.037929
v 0.078940 -0.064083 0.036580
v 0.008223 0.115721 -0.113025
v 0.095651 0.073152 -0.042226
v 0.098340 0.066129 -0.034888
v -0.056666 0.016795 -0.016028
v 0.096139 0.073023 -0.024958
v 0.094066 0.078689 -0.032165
v 0.092258 0.081278 -0.049469
v 0.090767 0.085730 -0.039061
v 0.048057 0.120550 -0.079339
v 0.055688 0.119300 -0.067293
v 0.041321 0.125036 -0.054206
v 0.036576 0.121161 -0.088835
v 0.042451 0.113392 -0.103303
v 0.054157 0.115287 -0.087541
v 0.061781 0.114438 -0.074282
v -0.046072 -0.022704 -0.012779
v -0.045216 -0.028003 -0.010954
v -0.043095 -0.027547 -0.010141
v -0.052903 0.007077 -0.016304
v 0.009760 -0.082676 -0.116395
v 0.023110 0.045828 -0.146242
v 0.067570 0.112829 -0.061722
v 0.061991 0.116890 -0.055082
v 0.067726 0.113283 -0.044181
v 0.072280 0.110039 -0.050996
v 0.048362 0.121999 -0.041696
v 0.039782 0.124079 -0.034486
v -0.013566 0.009777 -0.141987
v 0.077220 0.007214 0.041342
v 0.036790 -0.047356 -0.111075
v 0.053638 -0.048144 -0.100288
v 0.066393 -0.100911 -0.084604
v 0.075072 -0.026454 -0.089580
v 0.074365 -0.025678 -0.089916
v 0.065122 -0.063904 -0.085870
v 0.065603 -0.049699 -0.086416
v 0.022861 -0.045877 -0.116421
v 0.077102 -0.015101 -0.102626
v 0.077396 -0.011413 -0.103598
v 0.078574 -0.016162 -0.103068
v 0.078648 -0.012155 -0.104256
v 0.078760 -0.007949 -0.104574
v 0.079683 -0.018014 -0.102739
v 0.084641 0.017453 -0.092648
v 0.086574 0.018837 -0.092200
v -0.055675 -0.017845 -0.026429
v -0.056205 -0.015559 -0.027439
v 0.076730 -0.028178 -0.085782
v 0.075774 -0.027361 -0.087095
v -0.039043 -0.006533 -0.021559
v 0.075557 -0.027700 -0.086167
v 0.076146 -0.028251 -0.084960
v 0.077433 -0.029187 -0.084385
v 0.076614 -0.028924 -0.083995
v 0.088025 0.034463 -0.085914
v 0.073862 -0.028062 -0.086544
v 0.073828 -0.026011 -0.089181
v 0.074706 -0.026704 -0.087977
v 0.074930 -0.027559 -0.086613
v 0.075827 -0.028782 -0.084937
v 0.076672 -0.029763 -0.083540
v 0.077385 -0.030376 -0.083229
v -0.056157 -0.024013 -0.023461
v -0.050288 -0.028946 -0.020165
v -0.034944 -0.079951 -0.026764
v -0.040562 -0.076153 -0.041123
v -0.040557 -0.087680 -0.039483
v -0.034591 -0.092500 -0.026234
v -0.038575 -0.004990 -0.005171
v -0.039930 -0.011311 -0.007609
v -0.038890 -0.012825 -0.006240
v 0.079917 -0.019229 -0.103267
v 0.079500 -0.029689 -0.090259
v 0.019919 -0.107519 -0.002295
v 0.020382 -0.118075 -0.007795
v 0.080390 0.011428 -0.096584
v 0.079363 0.009671 -0.097961
v 0.080982 0.011072 -0.100166
v 0.081778 0.013083 -0.098930
v 0.040412 -0.008465 -0.127547
v 0.040186 0.002619 -0.132885
v -0.004077 -0.080446 -0.113504
v -0.003935 -0.068044 -0.112969
v 0.061360 0.034277 -0.126045
v 0.081234 0.012845 -0.095475
v 0.082728 0.014673 -0.097857
v 0.077781 -0.007375 -0.103815
v 0.079152 0.012894 -0.094677
v 0.078525 0.011275 -0.095993
v 0.083084 0.016214 -0.099735
v 0.082100 0.014360 -0.100891
v 0.081179 0.012138 -0.102032
v 0.077850 0.009442 -0.097350
v -0.035402 -0.018339 -0.002154
v -0.029126 -0.019505 0.007964
v -0.029936 -0.003886 0.008875
v -0.035239 -0.008649 -0.000857
v 0.081063 0.016837 -0.097717
v 0.078094 0.063607 -0.107242
v 0.070123 0.058388 -0.119131
v 0.073702 0.080505 -0.108178
v 0.064986 0.076181 -0.120996
v 0.052851 0.070947 -0.132648
v 0.057672 0.052122 -0.130743
v 0.084339 0.017704 -0.092999
v 0.087013 0.019863 -0.092877
v 0.088856 0.088071 -0.056374
v 0.089571 0.083555 -0.065399
v 0.087385 0.091924 -0.045269
v 0.083921 0.097517 -0.050924
v 0.084882 0.094506 -0.061984
v 0.084974 0.088402 -0.076292
v 0.084763 0.053695 -0.094006
v 0.083855 0.068335 -0.094017
v 0.088127 0.071710 -0.080673
v -0.000006 0.026527 0.035764
v -0.004009 0.027436 0.032756
v -0.004663 0.017683 0.032958
v -0.000602 0.018870 0.035138
v 0.079917 0.084677 -0.093528
v 0.078195 0.097730 -0.079497
v 0.073964 0.094803 -0.094095
v 0.070204 0.106281 -0.079090
v 0.064640 0.105011 -0.092889
v 0.056371 0.103077 -0.106718
v 0.067686 0.091526 -0.108153
v 0.080211 0.100256 -0.066275
v 0.079829 0.102543 -0.054741
v 0.074114 0.106733 -0.066621
v 0.075597 0.106749 -0.057467
v 0.090027 0.073054 -0.073341
v 0.072642 -0.034271 -0.081165
v 0.077375 -0.035091 -0.078016
v 0.043950 0.082723 0.032148
v 0.054003 0.083700 0.029324
v 0.050802 0.091194 0.024215
v 0.040437 0.090058 0.026941
v 0.085320 -0.024911 -0.072360
v -0.052924 -0.011495 -0.100604
v -0.056527 -0.000836 -0.103285
v -0.043206 -0.003241 -0.119180
v -0.039974 -0.013106 -0.115656
v 0.103440 -0.001827 -0.040650
v 0.102097 0.010811 -0.042848
v 0.099124 0.003587 -0.053391
v 0.098853 -0.011470 -0.051510
v 0.029216 0.107925 0.008308
v 0.039714 0.109448 0.005456
v 0.034614 0.114929 -0.003022
v 0.024147 0.113133 0.000222
v 0.012022 -0.002177 0.044126
v 0.010071 -0.008438 0.044996
v 0.015214 -0.008705 0.046352
v 0.016421 -0.002363 0.045043
v 0.100134 0.024544 -0.043715
v 0.097841 0.017593 -0.054350
v 0.097596 0.031899 -0.056365
v 0.100228 0.038836 -0.044317
v 0.037458 0.066177 -0.141529
v 0.039951 0.049368 -0.141428
v -0.043770 -0.032276 -0.008475
v -0.042233 -0.031515 -0.007930
v 0.040956 0.036566 -0.140349
v 0.099495 0.054104 -0.007140
v 0.028603 0.119777 -0.012985
v 0.018134 0.117794 -0.009254
v -0.007290 0.088011 -0.137913
v 0.093256 0.076929 -0.014675
v 0.031088 0.086395 -0.137450
v -0.015859 -0.066524 -0.107787
v -0.015859 -0.066524 -0.107787
v 0.016551 0.092657 -0.136434
v 0.059276 0.087397 -0.120946
v 0.049474 0.082772 -0.131152
v 0.034869 0.077098 -0.140118
v 0.040672 0.020341 -0.138493
v 0.076501 0.105716 -0.044798
v 0.103153 0.020659 -0.017024
v 0.102280 0.016077 -0.017238
v 0.103894 0.025362 -0.015839
v 0.101804 0.011208 -0.014872
v 0.080427 0.002546 0.024078
v 0.080945 0.000630 0.025819
v 0.081641 -0.001840 0.027422
v 0.083123 -0.001776 0.022595
v 0.083550 -0.004627 0.024232
v 0.081176 -0.001816 0.033180
v 0.080408 0.000781 0.031028
v 0.081873 -0.004261 0.029188
v 0.082489 -0.007240 0.030588
v 0.082297 -0.004749 0.034843
v 0.084133 -0.018744 0.024961
v 0.084489 -0.014203 0.023679
v 0.083160 -0.010444 0.026620
v 0.086384 -0.007202 0.021399
v 0.085749 -0.010427 0.022733
v 0.083290 -0.007285 0.025553
v 0.086277 -0.004043 0.019417
v 0.084616 -0.010535 0.031839
v 0.087008 -0.013753 0.033761
v 0.084332 -0.008073 0.037016
v 0.084334 -0.006308 0.040755
v 0.082365 -0.002788 0.038552
v 0.082888 0.000316 0.020857
v 0.086446 -0.001670 0.017545
v 0.088742 -0.013628 0.020593
v 0.092378 -0.016884 0.018163
v 0.089930 -0.009506 0.018509
v 0.093316 -0.012122 0.016037
v 0.089913 -0.006073 0.016551
v 0.093508 -0.008358 0.013896
v 0.095375 -0.021057 0.015540
v 0.097757 -0.025207 0.012553
v 0.099208 -0.030999 0.008995
v 0.099690 -0.019961 0.009937
v 0.101574 -0.025484 0.005935
v 0.100489 -0.014489 0.007552
v 0.103096 -0.019892 0.003178
v 0.055854 0.008008 0.037550
v 0.054287 0.009900 0.035588
v 0.050500 0.006677 0.036544
v 0.051840 0.004656 0.038071
v 0.061315 0.056376 0.037232
v 0.059368 0.064186 0.035839
v 0.050712 0.064242 0.038976
v 0.053352 0.056562 0.040457
v 0.096848 -0.015492 0.013095
v 0.097325 -0.011251 0.010772
v 0.093546 -0.004763 0.011837
v 0.090074 -0.003048 0.014589
v 0.099529 -0.003766 0.004168
v 0.100350 -0.009109 0.005654
v 0.097087 -0.006775 0.008816
v 0.096556 -0.002442 0.007148
v 0.103617 -0.012868 0.001118
v 0.102641 -0.005483 0.000338
v 0.101170 -0.000664 -0.000322
v 0.091372 0.005475 0.009811
v 0.087432 0.006122 0.012958
v 0.093910 0.005247 0.007149
v 0.098564 0.000079 0.003174
v 0.096229 0.000703 0.005947
v 0.101228 0.006473 -0.007643
v 0.100527 0.005642 -0.004614
v 0.097728 0.005096 0.001779
v 0.096033 0.005091 0.004454
v 0.099273 0.005294 -0.001405
v 0.083436 0.007608 0.015247
v 0.079326 0.009535 0.017615
v 0.053837 -0.061276 -0.097770
v 0.080856 0.000389 0.036943
v 0.079602 0.003270 0.034863
v 0.078019 0.026182 0.020989
v 0.075597 0.023181 0.021295
v 0.074040 0.023511 0.029550
v 0.082538 0.030577 0.021123
v 0.076462 0.012061 0.019194
v 0.045911 0.004434 0.038112
v 0.047410 0.002466 0.038969
v 0.074801 0.014440 0.020037
v 0.073991 0.017040 0.020675
v 0.074086 0.020188 0.021199
v 0.047491 0.097780 0.018595
v 0.036941 0.096552 0.021277
v -0.006466 0.126172 -0.052749
v -0.002578 0.125943 -0.045162
v 0.006922 0.128705 -0.051073
v -0.000350 0.128454 -0.061447
v 0.092860 0.044223 0.016730
v 0.090679 0.037756 0.019665
v 0.100226 0.059330 -0.025411
v 0.101324 0.051153 -0.031109
v 0.102827 0.040142 -0.006711
v 0.103852 0.035818 -0.010881
v 0.104153 0.030668 -0.014089
v 0.101313 0.039835 -0.034774
v 0.101425 0.027564 -0.035735
v 0.102829 0.015755 -0.035306
v -0.063350 0.000467 -0.053438
v -0.058073 -0.001799 -0.038683
v -0.060936 0.010189 -0.037880
v -0.067669 0.016956 -0.053011
v 0.087857 0.089397 -0.027596
v 0.005444 -0.100290 -0.004076
v 0.005689 -0.111505 -0.008680
v -0.016001 -0.079429 -0.108063
v -0.016001 -0.079429 -0.108063
v 0.084400 0.095391 -0.033405
v 0.090943 0.082992 -0.021286
v 0.072148 0.108746 -0.035948
v 0.076398 0.103901 -0.028778
v 0.080680 0.100866 -0.039104
v 0.080409 0.098391 -0.022771
v 0.084049 0.092424 -0.017145
v 0.087162 0.086147 -0.010820
v 0.089797 0.079832 -0.004620
v 0.091828 0.071555 0.001770
v 0.036970 -0.059718 -0.109089
v 0.077569 -0.011999 0.035777
v 0.077383 -0.012081 0.036330
v 0.009728 0.048546 0.038780
v 0.006263 0.053861 0.036291
v 0.001214 0.046986 0.034575
v 0.005154 0.042620 0.037417
v 0.077214 -0.012002 0.035682
v 0.077012 -0.012071 0.036369
v 0.077315 -0.012486 0.036272
v 0.078354 -0.020400 0.038200
v 0.077131 -0.018370 0.037908
v 0.077188 -0.014852 0.037235
v 0.083648 -0.031294 -0.074639
v 0.063853 0.043708 0.038612
v 0.057037 0.043932 0.041621
v 0.058589 0.037859 0.040733
v 0.064554 0.037415 0.038435
v -0.000305 0.011129 0.035668
v -0.004197 0.008293 0.034589
v -0.001103 0.000032 0.038458
v 0.002589 0.003911 0.038781
v 0.008327 -0.000922 0.042656
v 0.005925 -0.006856 0.043405
v 0.047719 0.073342 0.036684
v 0.057117 0.073839 0.033455
v -0.002300 0.037913 0.032963
v 0.001776 0.034973 0.036345
v 0.059360 0.011033 0.038014
v 0.057117 0.012579 0.035668
v 0.060570 0.016743 0.035982
v 0.066465 0.016039 0.038622
v 0.065915 0.020124 0.037161
v 0.061426 0.020333 0.036170
v 0.034413 0.056198 0.042983
v 0.031336 0.063097 0.041090
v 0.022125 0.061876 0.039985
v 0.025251 0.055301 0.042020
v 0.033317 0.102370 0.015199
v 0.043887 0.103719 0.012456
v 0.065080 0.029636 0.037089
v 0.060310 0.030027 0.037873
v 0.060808 0.026251 0.036612
v 0.065168 0.026241 0.036673
v 0.042703 0.000870 0.040700
v 0.041392 0.002994 0.040125
v -0.038528 -0.032082 -0.017548
v -0.039412 -0.033122 -0.015686
v -0.037546 0.012726 -0.001194
v -0.035676 0.002042 -0.000909
v -0.030536 0.009652 0.008586
v -0.031934 0.022544 0.007146
v -0.035372 0.034423 0.005572
v -0.038667 0.043286 0.001934
v -0.043449 0.027531 -0.004114
v -0.040203 0.021764 -0.001946
v -0.043670 -0.084171 -0.052766
v -0.042795 -0.073780 -0.056481
v 0.067757 0.012963 0.041011
v 0.069058 0.009979 0.043101
v -0.049512 0.039088 -0.126428
v -0.048480 0.025510 -0.125509
v -0.061648 0.029036 -0.107988
v -0.062230 0.041957 -0.108653
v -0.059008 -0.010307 -0.052225
v -0.054700 -0.010657 -0.038231
v 0.064206 -0.016433 0.047182
v 0.064768 -0.012200 0.042740
v 0.064720 -0.015114 0.043977
v 0.064694 -0.012300 0.042891
v 0.064533 -0.018770 0.049313
v 0.063094 -0.018739 0.051634
v 0.064012 -0.018931 0.043583
v 0.065037 -0.018944 0.043472
v 0.065396 -0.014891 0.043834
v 0.064574 -0.012206 0.043002
v 0.075461 -0.021824 0.050214
v 0.076427 -0.020332 0.052846
v 0.072566 -0.019060 0.053826
v 0.072808 -0.020587 0.051480
v 0.065991 -0.012195 0.043086
v 0.067388 -0.014696 0.043908
v 0.070327 -0.016585 0.048471
v 0.066870 -0.013878 0.045879
v 0.065776 -0.012322 0.043654
v 0.068323 -0.016200 0.048632
v 0.068280 -0.021762 0.046417
v 0.066324 -0.016233 0.048086
v -0.050596 -0.019127 -0.017537
v -0.024820 -0.067389 -0.009790
v -0.031576 -0.052338 -0.013860
v -0.033646 -0.052379 -0.018947
v -0.029928 -0.068101 -0.017340
v -0.054676 0.006642 -0.016647
v -0.015744 0.053500 0.023464
v -0.021229 0.065761 0.016437
v -0.031772 0.054674 0.008657
v -0.028990 0.043614 0.012520
v -0.025509 0.075838 0.009910
v -0.035558 0.065792 0.002942
v -0.043262 0.054283 -0.004261
v -0.052155 0.034396 -0.015413
v 0.023962 0.012813 0.043072
v 0.023845 0.012640 0.043333
v 0.025806 0.012352 0.043657
v 0.025641 0.012483 0.043512
v 0.024066 0.012977 0.042263
v 0.025785 0.012419 0.042570
v 0.022788 0.013421 0.041896
v 0.022602 0.013116 0.042640
v 0.022459 0.012897 0.042885
v 0.040845 0.013799 0.037115
v 0.039812 0.013882 0.037086
v 0.037479 0.013075 0.038527
v 0.038854 0.013154 0.039005
v 0.041272 0.013535 0.037415
v 0.039020 0.012849 0.039422
v 0.034614 0.015722 0.034017
v 0.035151 0.016070 0.033607
v 0.033837 0.015384 0.034533
v 0.041297 0.015874 0.034160
v 0.041209 0.016897 0.034439
v 0.035509 0.017138 0.033556
v 0.035511 0.016435 0.033318
v 0.040972 0.015239 0.034623
v 0.042621 0.015084 0.033920
v 0.043332 0.015533 0.033017
v 0.043450 0.016931 0.033421
v 0.034539 0.011809 0.042015
v 0.034327 0.011052 0.042150
v 0.038519 0.011448 0.040016
v 0.038843 0.012275 0.039769
v 0.034699 0.012267 0.041764
v 0.031254 0.012307 0.042765
v 0.031225 0.011828 0.042902
v 0.031018 0.011069 0.042955
v 0.041313 0.012361 0.038187
v 0.041270 0.013178 0.037882
v 0.030908 0.010406 0.042919
v 0.033991 0.010386 0.042180
v 0.038287 0.010799 0.040058
v 0.041402 0.011945 0.038186
v 0.043593 0.013144 0.036178
v 0.042599 0.013331 0.036865
v 0.033691 0.009707 0.041965
v 0.033781 0.008961 0.041805
v 0.038223 0.009372 0.039933
v 0.038118 0.010093 0.039939
v 0.030643 0.009742 0.042601
v 0.030574 0.008977 0.042373
v 0.020621 0.012965 0.041973
v 0.019737 0.013447 0.041498
v 0.019796 0.012889 0.041507
v 0.020327 0.012482 0.041723
v 0.016227 0.010337 0.040303
v 0.015001 0.011654 0.040066
v 0.012723 0.011007 0.039475
v 0.014367 0.009481 0.040145
v 0.005020 0.000950 0.040757
v 0.011841 0.006683 0.040698
v 0.009639 0.008171 0.039481
v 0.021480 0.012757 0.042398
v 0.022497 0.012499 0.042859
v 0.021483 0.013102 0.042405
v 0.020603 0.013431 0.041862
v 0.021156 0.012132 0.042151
v 0.022341 0.011884 0.042665
v 0.023834 0.012299 0.043313
v 0.023799 0.011607 0.043193
v 0.025821 0.011297 0.043530
v 0.025900 0.012005 0.043623
v 0.028281 0.011863 0.043494
v 0.027901 0.012300 0.043520
v 0.028072 0.011092 0.043448
v 0.025589 0.010699 0.043303
v 0.027936 0.010487 0.043314
v 0.023551 0.010981 0.042833
v 0.022019 0.011335 0.042300
v 0.020767 0.011680 0.041779
v 0.019795 0.012061 0.041441
v 0.019121 0.012676 0.041208
v 0.020102 0.011165 0.041470
v 0.019075 0.010465 0.041112
v 0.020840 0.010012 0.041603
v 0.021550 0.010798 0.041963
v 0.018906 0.011652 0.041147
v 0.017682 0.011065 0.040694
v 0.023154 0.010483 0.042424
v 0.022798 0.009765 0.042078
v 0.025085 0.009405 0.042538
v 0.025359 0.010118 0.042929
v 0.027938 0.009982 0.042795
v 0.027579 0.009157 0.042492
v 0.034617 0.012380 0.041461
v 0.034183 0.012513 0.040157
v 0.031041 0.012321 0.041346
v 0.030921 0.012342 0.042577
v 0.027675 0.012342 0.043384
v 0.028096 0.012241 0.042207
v 0.030489 0.012332 0.040252
v 0.030192 0.014594 0.036266
v 0.028914 0.014606 0.036607
v 0.027949 0.012372 0.040897
v 0.033309 0.012641 0.039139
v 0.031512 0.014775 0.035715
v 0.036105 0.013335 0.037765
v 0.032780 0.015039 0.035135
v 0.038515 0.013987 0.036709
v 0.034120 0.024582 0.042474
v 0.034127 0.025021 0.042684
v 0.029177 0.024437 0.044322
v 0.029624 0.023959 0.043924
v -0.062189 0.001948 -0.087782
v -0.065793 0.016988 -0.091345
v -0.060089 0.013038 -0.106069
v 0.026456 0.021135 0.044681
v 0.026356 0.022336 0.044347
v 0.023379 0.021167 0.043929
v 0.023535 0.020054 0.044107
v 0.026549 0.019963 0.044869
v 0.023775 0.018847 0.044123
v 0.029930 0.021048 0.045160
v 0.029773 0.022321 0.044924
v 0.029620 0.023426 0.044320
v 0.022555 0.017860 0.040036
v 0.023551 0.018672 0.040341
v 0.023531 0.018397 0.041901
v 0.022006 0.017714 0.041294
v 0.021813 0.017288 0.039789
v 0.021131 0.017098 0.040806
v 0.025304 0.017287 0.036256
v 0.025766 0.017614 0.036368
v 0.026506 0.018008 0.036533
v 0.025029 0.016972 0.036209
v 0.024817 0.016612 0.036243
v 0.024851 0.016254 0.036285
v 0.025098 0.015967 0.036308
v 0.002716 -0.015327 0.041915
v 0.002189 -0.004191 0.041195
v -0.001524 -0.012157 0.039349
v 0.021619 0.013413 0.042102
v 0.020728 0.013804 0.041588
v 0.021918 0.013745 0.041431
v 0.021159 0.014118 0.041052
v 0.019849 0.014330 0.041114
v 0.019530 0.014041 0.041314
v 0.024362 0.013152 0.041151
v 0.026787 0.014910 0.036883
v 0.026098 0.015178 0.036809
v 0.023284 0.013724 0.040837
v 0.025884 0.012557 0.041232
v 0.027707 0.014696 0.036835
v 0.025872 0.015502 0.036499
v 0.025443 0.015710 0.036396
v 0.022778 0.014126 0.040319
v 0.022011 0.014522 0.040033
v 0.020579 0.014651 0.040789
v 0.021005 0.015568 0.039696
v 0.021017 0.016123 0.039688
v 0.020166 0.015142 0.040697
v 0.020072 0.015856 0.040646
v 0.021353 0.015016 0.039791
v 0.021325 0.016703 0.039700
v 0.020467 0.016383 0.040717
v 0.019259 0.013559 0.041271
v 0.019102 0.014447 0.041093
v 0.018329 0.015345 0.040864
v 0.018619 0.013559 0.041006
v 0.017660 0.013629 0.040667
v 0.018120 0.012409 0.040837
v 0.017367 0.016134 0.040819
v 0.015802 0.016779 0.040363
v 0.016045 0.013661 0.040313
v 0.016758 0.012150 0.040432
v 0.019390 0.014965 0.040930
v 0.019121 0.015506 0.040831
v 0.018476 0.017227 0.041567
v 0.017726 0.018216 0.041440
v 0.019048 0.016486 0.041477
v 0.020130 0.017253 0.042210
v 0.019754 0.018121 0.042336
v 0.019239 0.019044 0.042213
v 0.021414 0.018953 0.043273
v 0.021066 0.020037 0.043122
v 0.021660 0.017949 0.043120
v 0.019593 0.016224 0.041197
v 0.020473 0.016877 0.041714
v 0.021820 0.017573 0.042433
v 0.023763 0.018132 0.043480
v 0.026471 0.019087 0.044300
v 0.026109 0.019202 0.042528
v 0.029828 0.020176 0.044547
v 0.029392 0.020006 0.042816
v 0.034101 0.026134 0.043580
v 0.028632 0.025747 0.045140
v 0.028785 0.020078 0.040835
v 0.029272 0.018622 0.036666
v 0.030822 0.018681 0.036291
v 0.031998 0.020124 0.040225
v 0.040833 0.017610 0.035305
v 0.040343 0.018369 0.036262
v 0.034985 0.017790 0.034434
v 0.035311 0.017477 0.033966
v 0.042736 0.017614 0.035062
v 0.041857 0.018459 0.036466
v 0.037414 0.019594 0.038281
v 0.033563 0.018344 0.035501
v 0.034436 0.018076 0.034944
v 0.038906 0.019013 0.037216
v 0.038957 0.020015 0.039534
v 0.040757 0.019170 0.037843
v 0.032994 0.020477 0.042313
v -0.048213 0.074536 -0.121920
v -0.049885 0.059164 -0.125461
v -0.062129 0.060506 -0.107992
v -0.060388 0.073849 -0.105301
v 0.026000 0.019482 0.040743
v 0.027769 0.018367 0.036697
v -0.064922 0.074499 -0.093584
v -0.062556 0.082895 -0.091248
v -0.057919 0.085167 -0.100331
v -0.040022 -0.060543 -0.077657
v -0.035021 -0.071520 -0.088647
v 0.045184 0.017330 0.034947
v 0.043850 0.018494 0.036343
v 0.046053 0.016270 0.033914
v 0.046772 0.016102 0.033597
v 0.045935 0.017364 0.034616
v 0.044805 0.018670 0.035895
v 0.042196 0.019506 0.037955
v 0.043145 0.019858 0.037948
v 0.040586 0.021043 0.040584
v 0.040212 0.020321 0.040151
v 0.033800 0.020823 0.043674
v 0.034020 0.021708 0.044182
v 0.040946 0.021989 0.039982
v 0.043500 0.020491 0.037248
v 0.041328 0.023120 0.039160
v 0.043583 0.021608 0.036911
v 0.033813 0.024013 0.043038
v 0.033797 0.022938 0.043914
v 0.043584 0.014008 0.035672
v 0.045466 0.014349 0.034361
v 0.042930 0.014292 0.035771
v 0.044895 0.014656 0.034355
v 0.041497 0.014482 0.035646
v 0.045686 0.015155 0.033697
v 0.046507 0.014962 0.033517
v 0.040212 0.014597 0.035598
v 0.046418 0.017390 0.033869
v 0.047479 0.015953 0.033046
v 0.046968 0.018027 0.032666
v 0.047808 0.016104 0.032231
v 0.045254 0.020374 0.034424
v 0.045148 0.018999 0.034897
v 0.047291 0.014834 0.032972
v 0.046721 0.014287 0.033494
v 0.047763 0.014882 0.032416
v 0.047207 0.014224 0.033003
v 0.041617 0.011325 0.038062
v 0.041743 0.010785 0.037887
v 0.044267 0.012650 0.035834
v 0.044680 0.012342 0.035364
v 0.033921 0.008171 0.041531
v 0.030697 0.008099 0.042232
v 0.034267 0.007179 0.041277
v 0.030766 0.006979 0.042007
v 0.038974 0.007762 0.039635
v 0.038508 0.008631 0.039748
v 0.005220 -0.119083 -0.010046
v 0.017975 0.009569 0.040909
v 0.016592 0.008463 0.040956
v 0.018969 0.007795 0.041535
v 0.019978 0.009121 0.041397
v 0.022252 0.008784 0.041835
v 0.021700 0.007421 0.041968
v 0.024649 0.007180 0.042164
v 0.024952 0.008452 0.042202
v 0.027517 0.008290 0.042228
v 0.027408 0.006915 0.042241
v 0.013901 0.013302 0.039773
v 0.012820 0.016841 0.039460
v 0.011562 0.012812 0.038971
v 0.009796 0.016633 0.038631
v 0.048545 0.018971 0.032025
v 0.048642 0.016465 0.031492
v 0.050401 0.019772 0.032167
v 0.050266 0.017091 0.031640
v 0.049934 0.022700 0.033510
v 0.047596 0.021764 0.033427
v 0.048425 0.014998 0.031954
v 0.047689 0.013990 0.032482
v 0.049478 0.014923 0.031738
v 0.048596 0.013569 0.032459
v 0.042120 0.010132 0.037554
v 0.042624 0.009309 0.037388
v 0.045184 0.011910 0.035147
v 0.045970 0.011147 0.034888
v -0.058442 -0.009301 -0.084869
v -0.067352 0.032782 -0.092793
v 0.020792 0.030353 0.046044
v 0.023232 0.027321 0.045701
v 0.027516 0.028397 0.045967
v 0.025897 0.032145 0.046744
v 0.017334 0.034363 0.045578
v 0.013789 0.030687 0.044189
v 0.016902 0.027904 0.044817
v 0.019616 0.025571 0.044922
v 0.012547 0.019910 0.040385
v 0.014929 0.019675 0.040939
v 0.015588 0.021594 0.042093
v 0.013279 0.022397 0.041721
v 0.009611 0.020008 0.039591
v 0.010204 0.023328 0.041167
v 0.014840 0.024893 0.043249
v 0.017279 0.023466 0.043457
v 0.011728 0.026610 0.042848
v 0.044015 0.027963 0.039397
v 0.042974 0.026196 0.038643
v 0.044944 0.023845 0.036152
v 0.046443 0.024617 0.036006
v 0.045659 0.029427 0.039410
v 0.048666 0.025605 0.035629
v 0.033149 0.032526 0.045942
v 0.033577 0.029094 0.044869
v 0.041412 0.023952 0.038600
v 0.043059 0.022742 0.037467
v 0.041779 0.024208 0.038253
v 0.043607 0.022667 0.036844
v -0.060976 0.092912 -0.071204
v -0.056414 0.098237 -0.059125
v -0.045240 0.109409 -0.072566
v -0.050845 0.102594 -0.083837
v 0.026511 0.022856 0.044411
v 0.025809 0.023486 0.044448
v 0.022691 0.022436 0.043969
v 0.023418 0.021842 0.044026
v 0.020839 0.020836 0.043199
v 0.020084 0.021420 0.043190
v 0.018239 0.020358 0.042233
v 0.018937 0.019958 0.042294
v 0.017754 0.019198 0.041573
v 0.016965 0.019241 0.041320
v 0.043633 0.023722 0.037133
v 0.042039 0.024863 0.038522
v -0.067043 0.062782 -0.094305
v 0.018127 0.069027 0.036858
v 0.008749 0.065604 0.034539
v 0.013244 0.059380 0.038149
v 0.025050 0.024836 0.045160
v 0.021644 0.023619 0.044500
v 0.019029 0.022285 0.043407
v 0.017251 0.020976 0.042323
v 0.016305 0.019988 0.041535
v -0.038599 -0.015617 -0.006540
v -0.039626 -0.015254 -0.008025
v -0.058526 -0.004037 -0.026746
v -0.056363 0.002465 -0.026440
v -0.054494 0.005834 -0.025436
v -0.050880 0.012404 -0.012281
v -0.053653 0.015636 -0.013916
v -0.057990 -0.022568 -0.019965
v -0.053354 -0.024473 -0.018184
v -0.058074 -0.021622 -0.020410
v -0.063736 0.011828 -0.018522
v -0.064834 0.010287 -0.019500
v -0.065504 0.009934 -0.018679
v -0.048046 -0.030950 -0.080352
v -0.054589 -0.018239 -0.083045
v -0.065764 0.008627 -0.020585
v -0.042169 -0.010405 -0.009133
v -0.059511 -0.004539 -0.026492
v -0.061707 -0.005071 -0.027354
v -0.062631 -0.010151 -0.027398
v -0.061683 -0.009653 -0.027102
v -0.061303 -0.015311 -0.026353
v -0.060530 -0.014516 -0.026152
v -0.060584 -0.018757 -0.021833
v -0.062021 -0.014377 -0.024089
v -0.055192 0.016099 -0.014615
v -0.054856 0.015223 -0.013901
v -0.056039 0.016132 -0.014546
v -0.043539 -0.011415 -0.010011
v -0.049508 0.010271 -0.013198
v -0.048326 0.008502 -0.011845
v -0.048281 0.008959 -0.012455
v -0.043734 -0.006134 -0.014493
v -0.043615 -0.005322 -0.014736
v -0.044556 -0.007701 -0.013538
v -0.045006 -0.009107 -0.010874
v -0.041140 -0.016313 -0.015833
v -0.041611 -0.016880 -0.017355
v -0.040820 -0.017659 -0.017130
v -0.059501 0.021672 -0.015021
v -0.048279 0.007506 -0.011393
v -0.049438 0.008488 -0.011113
v -0.050201 0.009540 -0.011027
v -0.056733 0.015476 -0.014213
v -0.050688 0.010445 -0.011012
v -0.049945 0.010508 -0.011697
v -0.051433 0.012108 -0.011778
v -0.049566 0.010632 -0.012393
v -0.052249 -0.013182 -0.025427
v -0.050380 -0.013341 -0.024172
v -0.039912 0.004330 -0.005157
v -0.041441 0.002735 -0.007085
v -0.051446 -0.025212 -0.016653
v -0.051520 0.011295 -0.020081
v -0.053136 0.014336 -0.021057
v -0.064051 -0.010229 -0.024080
v -0.053735 -0.016477 -0.019200
v -0.051324 -0.017458 -0.019138
v -0.056449 -0.015208 -0.019267
v -0.058702 -0.012638 -0.019619
v -0.047827 0.001898 -0.016833
v -0.057963 0.006244 -0.017456
v -0.058775 0.004242 -0.018388
v -0.056249 0.006381 -0.016988
v -0.053105 0.017336 -0.018882
v -0.052214 0.016950 -0.016749
v -0.050486 0.014057 -0.019724
v -0.051953 0.015121 -0.016612
v -0.042582 -0.013070 -0.014508
v -0.042658 -0.018331 -0.018929
v -0.044928 -0.016936 -0.019267
v -0.044143 -0.018902 -0.019285
v -0.046018 -0.017848 -0.020161
v -0.046923 -0.016573 -0.021413
v -0.047918 -0.014850 -0.022251
v -0.049073 -0.012971 -0.021590
v -0.042686 -0.009023 -0.015029
v -0.047203 0.016960 -0.009225
v -0.042310 -0.010792 -0.015329
v -0.043856 -0.007457 -0.014140
v -0.043640 -0.009193 -0.013914
v -0.043122 -0.011065 -0.014012
v -0.047192 -0.020644 -0.014446
v -0.048468 -0.019041 -0.016595
v -0.045747 -0.020068 -0.014426
v -0.049652 -0.018378 -0.018429
v -0.044595 -0.019747 -0.014567
v -0.052487 0.012022 -0.018688
v -0.052983 0.014790 -0.017990
v -0.037828 -0.012583 -0.004759
v -0.005929 -0.006687 0.036053
v -0.009770 0.002999 0.032053
v 0.038456 -0.058022 0.032213
v 0.039301 -0.061102 0.031786
v 0.007531 -0.017972 0.044104
v 0.013678 -0.020701 0.046085
v 0.045095 -0.053060 0.042353
v 0.046013 -0.054252 0.042028
v 0.047040 -0.053678 0.041959
v 0.046013 -0.053071 0.042075
v 0.047058 -0.053205 0.039407
v 0.045915 -0.053082 0.039236
v 0.046488 -0.053082 0.040508
v 0.047652 -0.053303 0.040721
v 0.041800 -0.035177 0.046067
v 0.037748 -0.031317 0.046854
v 0.034755 -0.036323 0.046665
v 0.038490 -0.039637 0.046094
v 0.040891 -0.054895 0.033982
v 0.041245 -0.053041 0.034496
v 0.043342 -0.052710 0.036536
v 0.043094 -0.053841 0.036084
v 0.040949 -0.056178 0.033748
v 0.043180 -0.054434 0.035929
v 0.038464 -0.056049 0.032482
v 0.038813 -0.053259 0.033004
v 0.034889 -0.059833 0.041543
v 0.039041 -0.057498 0.041935
v 0.038456 -0.053779 0.043032
v 0.034412 -0.054627 0.043052
v 0.044292 -0.022410 0.044797
v 0.040910 -0.026525 0.046118
v 0.043843 -0.030777 0.045341
v 0.047190 -0.025869 0.043691
v 0.050558 -0.021136 0.042838
v 0.047667 -0.017882 0.043424
v 0.053745 -0.013131 0.045334
v 0.053869 -0.016805 0.046482
v 0.056335 -0.018023 0.048739
v 0.055320 -0.015654 0.048184
v 0.057128 -0.021868 0.046343
v 0.053165 -0.019008 0.045136
v 0.060877 -0.023315 0.044629
v 0.061625 -0.022903 0.045344
v 0.056070 -0.022267 0.045183
v 0.054838 -0.023152 0.043709
v 0.059800 -0.023898 0.043920
v 0.062676 -0.022299 0.045732
v 0.060199 -0.021841 0.047293
v 0.059628 -0.019751 0.049379
v 0.072230 -0.021441 0.049322
v 0.072161 -0.020067 0.051557
v 0.060891 0.008889 0.040311
v 0.056945 0.005687 0.039583
v 0.061817 0.006229 0.042248
v 0.057952 0.003425 0.041309
v 0.061935 -0.017752 0.051878
v 0.059802 -0.015854 0.051684
v 0.065862 -0.016858 0.053646
v 0.064929 -0.014251 0.054015
v 0.065527 0.023360 0.036625
v 0.072048 -0.024801 0.044819
v 0.071477 -0.025393 0.044593
v 0.073188 -0.023640 0.046009
v -0.042046 0.096470 -0.110172
v -0.036598 0.108277 -0.099951
v -0.023871 0.120312 -0.080086
v -0.015590 0.124025 -0.070406
v 0.069733 -0.041686 0.047240
v 0.069759 -0.038863 0.047264
v 0.055538 -0.047015 0.036231
v 0.061045 -0.046753 0.034874
v 0.062655 -0.047608 0.037343
v 0.057267 -0.048192 0.038786
v 0.053175 -0.048820 0.038945
v 0.051143 -0.047741 0.036445
v 0.054099 -0.045781 0.034344
v 0.059485 -0.045410 0.032704
v 0.060323 -0.049195 0.043209
v 0.065876 -0.048474 0.042344
v 0.067463 -0.046997 0.044715
v 0.061532 -0.047671 0.045146
v 0.052028 -0.027264 0.043806
v 0.056962 -0.026720 0.043883
v 0.062341 -0.026932 0.044648
v 0.066571 -0.027369 0.044989
v 0.067353 -0.025474 0.044800
v 0.063949 -0.024737 0.044439
v 0.067883 -0.024671 0.044831
v 0.064723 -0.024061 0.044533
v 0.065207 -0.023499 0.044871
v 0.064945 -0.022636 0.045357
v 0.067061 -0.022713 0.045516
v 0.066571 -0.021978 0.045679
v 0.068219 -0.024021 0.045091
v 0.072565 0.000412 0.049819
v 0.071422 0.003746 0.047317
v 0.064338 -0.037480 0.047926
v 0.069252 -0.036670 0.046688
v 0.069661 -0.032470 0.045142
v 0.065036 -0.032678 0.046319
v 0.059682 -0.033513 0.046725
v 0.058686 -0.039340 0.048189
v 0.070945 -0.026168 0.044477
v 0.064301 -0.039935 0.048241
v 0.063925 -0.042538 0.047919
v 0.058437 -0.041937 0.048301
v 0.058058 -0.044389 0.047711
v 0.053195 -0.042110 0.047531
v 0.053672 -0.035489 0.046853
v 0.047345 -0.038015 0.046445
v 0.048531 -0.045388 0.046244
v 0.039318 -0.050269 0.044134
v 0.043575 -0.053209 0.042592
v 0.043969 -0.051612 0.043163
v 0.044612 -0.049956 0.043995
v 0.040342 -0.046611 0.045219
v 0.035588 -0.049522 0.044440
v 0.036684 -0.044434 0.045550
v 0.042613 -0.042390 0.046008
v 0.045927 -0.047895 0.045000
v 0.045244 -0.051788 0.042996
v 0.046011 -0.052335 0.042401
v 0.045912 -0.050772 0.043661
v 0.046574 -0.051552 0.042991
v 0.046896 -0.049579 0.044474
v 0.047520 -0.050727 0.043667
v 0.049268 -0.049473 0.044611
v 0.048909 -0.047755 0.045600
v 0.047238 -0.051916 0.040544
v 0.048726 -0.051467 0.040988
v 0.049429 -0.051348 0.042162
v 0.047792 -0.051830 0.041449
v 0.046140 -0.052465 0.039940
v 0.046879 -0.052293 0.041016
v 0.044223 -0.051827 0.037039
v 0.045368 -0.050943 0.037429
v 0.045414 -0.052782 0.039480
v 0.045933 -0.052826 0.040426
v 0.046677 -0.052766 0.041644
v 0.046959 -0.052063 0.042038
v 0.047860 -0.051476 0.042591
v 0.049486 -0.050702 0.043374
v 0.057581 -0.046623 0.046433
v 0.053337 -0.046782 0.046451
v 0.053131 -0.048677 0.045028
v 0.056858 -0.048873 0.044633
v 0.052850 -0.050136 0.043478
v 0.049346 -0.046621 0.034708
v 0.055893 -0.049918 0.042671
v 0.046702 -0.048935 0.035903
v 0.044578 -0.047987 0.034417
v 0.048971 -0.049785 0.038241
v 0.042172 -0.051659 0.035004
v 0.043218 -0.050324 0.035266
v 0.039614 -0.051222 0.033422
v 0.040957 -0.049544 0.033882
v 0.052025 -0.050699 0.041912
v 0.053254 -0.044706 0.047305
v 0.062903 -0.045072 0.046713
v 0.068664 -0.044328 0.046152
v 0.075138 -0.007197 0.055199
v 0.073694 -0.003046 0.052478
v 0.047695 -0.053407 0.041606
v 0.030680 -0.127157 -0.011483
v 0.044493 -0.054958 0.042109
v 0.041484 -0.058525 0.033225
v 0.043987 -0.055699 0.035685
v 0.037431 -0.065462 0.040237
v 0.042843 -0.069699 0.039909
v 0.045399 -0.065468 0.040978
v 0.040982 -0.061986 0.041086
v 0.049534 -0.059679 0.042451
v 0.046357 -0.056858 0.042179
v 0.047937 -0.055788 0.042416
v 0.051229 -0.057553 0.043005
v 0.052336 -0.055823 0.043118
v 0.049021 -0.054691 0.042331
v 0.053315 -0.053591 0.041072
v 0.058103 -0.053504 0.040696
v 0.056056 -0.056906 0.036086
v 0.051214 -0.056893 0.036568
v 0.045844 -0.056087 0.036082
v 0.048750 -0.053330 0.039756
v 0.053353 -0.053785 0.042156
v 0.049573 -0.053585 0.041150
v 0.058247 -0.053711 0.042375
v 0.018993 -0.124108 -0.010157
v 0.049395 -0.053915 0.041927
v 0.052961 -0.054357 0.042655
v 0.058024 -0.054771 0.043353
v 0.057438 -0.056861 0.044114
v 0.056593 -0.059247 0.044301
v 0.055261 -0.062172 0.043487
v 0.051302 -0.069513 0.040694
v 0.049221 -0.074500 0.039476
v 0.058351 -0.071533 0.039945
v 0.056836 -0.076902 0.039191
v 0.061380 -0.063862 0.043874
v 0.062477 -0.060287 0.045217
v 0.062998 -0.057456 0.044732
v 0.063164 -0.055136 0.043682
v 0.070163 -0.027683 0.044433
v 0.068812 -0.022661 0.046006
v 0.070879 -0.022255 0.047261
v 0.070645 -0.018630 0.053363
v 0.074346 -0.022760 0.047888
v 0.068064 -0.017099 0.054341
v 0.070304 -0.017561 0.054604
v 0.070168 -0.015968 0.055613
v 0.068531 -0.015355 0.055318
v 0.072322 -0.018068 0.054762
v 0.071520 -0.016138 0.055931
v 0.076800 -0.019155 0.054181
v 0.077091 -0.015872 0.056201
v 0.076177 -0.010706 0.056518
v 0.076941 -0.013805 0.056741
v 0.070196 -0.014408 0.056195
v 0.068279 -0.012602 0.055563
v 0.066929 -0.009573 0.054175
v 0.063099 -0.011464 0.052527
v 0.014431 0.127310 -0.037054
v 0.063302 -0.053772 0.042444
v 0.063242 -0.053392 0.040254
v 0.052579 -0.065686 0.029728
v 0.053832 -0.061909 0.031948
v 0.058817 -0.062211 0.030654
v 0.057595 -0.065947 0.028684
v 0.067323 -0.053067 0.039301
v 0.064508 -0.056883 0.034040
v 0.060857 -0.056834 0.035129
v 0.067967 -0.053600 0.041180
v 0.068211 -0.055136 0.042533
v 0.068392 -0.057645 0.043797
v 0.062323 -0.062479 0.029463
v 0.061156 -0.066344 0.027403
v 0.043389 -0.060058 0.033132
v 0.041983 -0.063606 0.031326
v 0.048636 -0.061593 0.032824
v 0.047185 -0.064799 0.031040
v 0.064336 -0.077230 0.038265
v 0.065225 -0.072052 0.038477
v 0.067907 -0.060681 0.044187
v 0.067307 -0.064562 0.042841
v -0.030849 0.115523 -0.090355
v -0.012783 0.072608 0.020422
v -0.007566 0.065288 0.026219
v 0.002177 0.072380 0.029300
v -0.003252 0.078331 0.024068
v -0.017335 0.080597 0.013888
v -0.007538 0.085238 0.017789
v -0.021086 0.120100 -0.039184
v -0.014391 0.118808 -0.026590
v 0.004125 0.124712 -0.032583
v -0.023684 0.120789 -0.053846
v -0.039218 0.112947 -0.055910
v -0.031281 0.114724 -0.037942
v -0.023498 0.113856 -0.024767
v -0.035737 -0.083112 -0.090014
v -0.067743 0.045421 -0.093660
v -0.015457 0.112234 -0.013517
v -0.006919 0.116383 -0.015062
v -0.000317 0.112788 -0.004683
v -0.008494 0.109448 -0.004112
v 0.011474 0.121711 -0.020265
v 0.021994 0.123932 -0.024150
v -0.046530 0.009643 -0.122950
v 0.070206 0.007063 0.045045
v -0.044665 -0.048151 -0.064117
v -0.043563 -0.049430 -0.044346
v -0.034806 -0.102451 -0.026296
v -0.045103 -0.027564 -0.021730
v -0.045170 -0.026806 -0.022436
v -0.036054 -0.065661 -0.027503
v -0.037239 -0.051540 -0.027342
v -0.042576 -0.046382 -0.078621
v -0.057628 -0.016015 -0.026749
v -0.058704 -0.012265 -0.027053
v -0.058544 -0.016969 -0.025920
v -0.059695 -0.012936 -0.026484
v -0.059909 -0.008587 -0.026763
v -0.058683 -0.018776 -0.025017
v -0.051352 0.016639 -0.015421
v -0.052091 0.018052 -0.013672
v -0.042453 -0.029309 -0.018389
v -0.043224 -0.028565 -0.019861
v -0.042285 -0.029003 -0.019482
v -0.041484 -0.029528 -0.018397
v -0.041430 -0.030257 -0.017158
v -0.040727 -0.030166 -0.017565
v -0.046943 0.033243 -0.008434
v -0.041191 -0.029213 -0.021303
v -0.044276 -0.027335 -0.022425
v -0.043507 -0.028012 -0.021153
v -0.042412 -0.028958 -0.020191
v -0.040886 -0.029910 -0.018771
v -0.040024 -0.030927 -0.017380
v -0.040343 -0.031556 -0.016582
v -0.059110 -0.019916 -0.025208
v -0.047422 -0.030363 -0.018737
v -0.053334 0.010808 -0.021140
v -0.054127 0.009053 -0.022661
v -0.056687 0.010603 -0.022811
v -0.055844 0.012556 -0.021483
v -0.060981 -0.009053 -0.069267
v -0.065275 0.002086 -0.072152
v -0.026557 -0.080673 -0.100472
v -0.026170 -0.068211 -0.100094
v -0.069161 0.033548 -0.050802
v -0.052638 0.012197 -0.019888
v -0.055220 0.014108 -0.020113
v -0.058954 -0.008052 -0.027079
v -0.050991 0.012200 -0.021055
v -0.051972 0.010609 -0.022177
v -0.056968 0.015675 -0.020919
v -0.057608 0.013867 -0.022386
v -0.058629 0.011607 -0.023629
v -0.052960 0.008800 -0.023412
v -0.054023 0.015905 -0.020508
v -0.060484 0.062699 -0.027136
v -0.066990 0.057583 -0.039851
v -0.059024 0.079685 -0.031336
v -0.065930 0.075441 -0.045194
v -0.070184 0.070310 -0.061398
v -0.071150 0.051456 -0.056246
v -0.051551 0.016840 -0.015735
v -0.053081 0.019125 -0.013763
v -0.021549 0.087345 0.007529
v -0.029728 0.082744 0.003643
v -0.011174 0.091335 0.011781
v -0.014294 0.096877 0.005986
v -0.024373 0.093760 0.001312
v -0.036868 0.087565 -0.005741
v -0.052306 0.052621 -0.014975
v -0.051793 0.067375 -0.015623
v -0.042310 0.070767 -0.005275
v -0.049327 0.083834 -0.018686
v -0.036229 0.096968 -0.013162
v -0.046815 0.094058 -0.024075
v -0.031886 0.105608 -0.019854
v -0.041126 0.104339 -0.031531
v -0.049071 0.102470 -0.045552
v -0.055935 0.090788 -0.036500
v -0.025738 0.099520 -0.004846
v -0.015529 0.101875 0.000559
v -0.022986 0.106053 -0.010278
v -0.015766 0.106082 -0.004449
v -0.036889 0.072163 0.000048
v -0.036059 -0.036137 -0.019236
v -0.035213 -0.036924 -0.013702
v -0.034908 -0.026834 -0.004130
v -0.015631 -0.003743 0.027342
v -0.016877 0.009139 0.025253
v -0.024977 0.001440 0.017479
v -0.022938 -0.013600 0.017984
v -0.016529 0.022967 0.023219
v -0.024914 0.015885 0.015958
v -0.026054 0.030319 0.014324
v -0.016702 0.037440 0.022685
v -0.070424 0.065659 -0.079037
v -0.071765 0.048860 -0.076771
v -0.071491 0.036014 -0.075360
v 0.016299 0.053514 0.040276
v -0.045144 0.087873 -0.115965
v 0.012652 0.076424 0.031825
v -0.063498 0.085986 -0.082592
v -0.055469 0.092383 -0.094662
v -0.062950 0.086727 -0.050104
v -0.067084 0.082211 -0.063586
v -0.067771 0.076612 -0.080616
v -0.070030 0.019787 -0.074640
v -0.005242 0.105149 0.002617
v 0.005925 0.019990 0.038315
v 0.006191 0.015300 0.037360
v 0.006427 0.024835 0.039658
v 0.008262 0.010295 0.038376
v 0.052923 0.002629 0.039574
v 0.054209 0.000699 0.040892
v 0.055184 -0.001783 0.042318
v 0.050270 -0.001756 0.041041
v 0.051412 -0.004635 0.042191
v 0.060501 -0.001722 0.044938
v 0.059013 0.000865 0.043131
v 0.056555 -0.004183 0.043517
v 0.057338 -0.007131 0.044949
v 0.061284 -0.004660 0.046816
v 0.051524 -0.018953 0.043714
v 0.050126 -0.014278 0.043139
v 0.053408 -0.010350 0.043556
v 0.047486 -0.007301 0.043008
v 0.048817 -0.010541 0.043283
v 0.052575 -0.007258 0.042827
v 0.045925 -0.004060 0.042056
v 0.057388 -0.010467 0.047438
v 0.058166 -0.013778 0.050262
v 0.062232 -0.008045 0.049618
v 0.065658 -0.006313 0.051353
v 0.064678 -0.002761 0.048595
v 0.048883 0.000363 0.040026
v 0.044209 -0.001630 0.041484
v 0.045406 -0.013933 0.044661
v 0.041426 -0.017444 0.046514
v 0.043122 -0.009742 0.044580
v 0.039225 -0.012554 0.046269
v 0.041572 -0.006149 0.043818
v 0.037346 -0.008666 0.045462
v 0.037689 -0.021835 0.047753
v 0.034000 -0.026286 0.048259
v 0.030454 -0.032352 0.047716
v 0.030792 -0.020940 0.048700
v 0.026481 -0.026889 0.048353
v 0.028298 -0.015379 0.048276
v 0.023225 -0.021156 0.048352
v 0.034931 -0.016178 0.047835
v 0.032681 -0.011826 0.047155
v 0.035611 -0.004969 0.044461
v 0.039829 -0.003067 0.043072
v 0.025847 -0.004399 0.045663
v 0.026758 -0.009837 0.047169
v 0.031136 -0.007240 0.045860
v 0.029944 -0.002858 0.044505
v 0.021153 -0.013997 0.047776
v 0.020988 -0.006348 0.046536
v 0.021127 -0.001359 0.044963
v 0.035068 0.005382 0.041291
v 0.039682 0.006094 0.039611
v 0.031429 0.004972 0.042169
v 0.025519 -0.000436 0.044282
v 0.029110 0.000298 0.043592
v 0.014628 0.005598 0.041739
v 0.017752 0.004939 0.042471
v 0.024780 0.004653 0.042884
v 0.027976 0.004716 0.042624
v 0.021221 0.004761 0.042849
v 0.043714 0.007632 0.037360
v 0.047736 0.009562 0.035077
v -0.041183 -0.062740 -0.043017
v 0.064090 0.000440 0.046436
v 0.062900 0.003324 0.044291
v 0.051653 0.026025 0.035566
v 0.053165 0.023041 0.033768
v 0.061479 0.023418 0.036165
v 0.049497 0.030506 0.039381
v 0.050558 0.012113 0.033437
v 0.052118 0.014509 0.032494
v 0.053175 0.017009 0.032229
v 0.053712 0.020092 0.032548
v 0.040422 0.044114 0.045898
v 0.044063 0.037845 0.045312
v -0.000027 0.058533 0.032155
v -0.005487 0.050158 0.030191
v 0.014930 0.039666 0.043640
v 0.010670 0.035354 0.042434
v 0.007688 0.030162 0.041007
v -0.008787 0.038733 0.028386
v -0.009966 0.026210 0.028301
v -0.010572 0.014316 0.029627
v 0.003886 0.089084 0.020949
v 0.000627 0.094955 0.015076
v 0.007783 0.082844 0.026735
v 0.004615 0.108290 0.003225
v 0.008690 0.103515 0.010441
v -0.002418 0.100351 0.009048
v 0.011867 0.098105 0.016868
v 0.014899 0.092274 0.022782
v 0.018814 0.086153 0.028541
v 0.023212 0.079539 0.033813
v 0.027871 0.071129 0.038342
v -0.042829 -0.060706 -0.063009
v 0.064851 -0.012004 0.042950
v 0.065453 -0.012095 0.043141
v 0.064989 -0.012008 0.042657
v 0.065676 -0.012073 0.042862
v 0.065397 -0.012490 0.043108
v 0.066540 -0.020355 0.045067
v 0.066922 -0.018332 0.043864
v 0.066315 -0.014808 0.043545
v -0.035492 -0.033116 -0.006616
v -0.041133 -0.097457 -0.039364
v -0.044678 -0.093336 -0.052543
v 0.057725 -0.096150 -0.096316
v 0.047705 -0.092152 -0.105789
v 0.054580 -0.129045 -0.032800
v 0.062084 -0.124932 -0.043907
v 0.061959 -0.133123 -0.045586
v 0.053960 -0.136729 -0.034522
v 0.057726 -0.113489 -0.103291
v 0.057955 -0.104971 -0.098574
v 0.047589 -0.100950 -0.108928
v 0.047724 -0.109342 -0.114964
v 0.035245 -0.098443 -0.115943
v 0.035034 -0.107793 -0.122588
v 0.020887 -0.107771 -0.125674
v 0.022025 -0.096725 -0.119241
v 0.008294 -0.095702 -0.119256
v 0.006871 -0.107946 -0.124746
v 0.067758 -0.119716 -0.057242
v 0.069302 -0.114157 -0.071776
v 0.069070 -0.123188 -0.074619
v 0.067555 -0.128352 -0.059361
v 0.066355 -0.109302 -0.085976
v 0.065685 -0.118187 -0.089805
v -0.006562 -0.107972 -0.120491
v -0.004798 -0.094621 -0.115653
v 0.053395 -0.155736 -0.038259
v 0.042705 -0.158048 -0.030684
v 0.044317 -0.148002 -0.028312
v 0.053494 -0.145984 -0.036556
v 0.070604 -0.158109 -0.069503
v 0.076063 -0.151155 -0.087424
v 0.083115 -0.159674 -0.088270
v 0.075803 -0.167831 -0.069405
v 0.095858 -0.156447 -0.109283
v 0.093359 -0.144471 -0.132179
v 0.062427 -0.162646 -0.052543
v 0.066286 -0.172338 -0.050893
v -0.022609 -0.120144 -0.120183
v -0.022609 -0.120144 -0.120183
v -0.019104 -0.107780 -0.113858
v -0.019104 -0.107780 -0.113858
v 0.083517 -0.139299 -0.129090
v 0.070968 -0.134594 -0.149237
v 0.082259 -0.140117 -0.154320
v 0.015481 -0.154895 -0.162544
v 0.014244 -0.161641 -0.165309
v 0.028450 -0.156902 -0.170760
v 0.026696 -0.150656 -0.165407
v 0.055732 -0.123051 -0.133912
v 0.038839 -0.123219 -0.141366
v 0.042958 -0.130449 -0.150343
v 0.062489 -0.128763 -0.142659
v 0.004493 -0.139304 -0.147586
v 0.023126 -0.134363 -0.151081
v 0.020935 -0.126425 -0.143155
v 0.004005 -0.129131 -0.140494
v 0.074972 -0.134441 -0.124615
v 0.066851 -0.128990 -0.117976
v 0.077218 -0.143420 -0.105773
v 0.070589 -0.136259 -0.100922
v 0.071570 -0.142478 -0.083958
v 0.036163 -0.116170 -0.131648
v 0.020497 -0.117502 -0.134180
v 0.005071 -0.119022 -0.132447
v -0.009298 -0.119973 -0.127325
v -0.031940 -0.168152 -0.137373
v -0.031940 -0.168152 -0.137373
v -0.030810 -0.155932 -0.135271
v -0.030810 -0.155932 -0.135271
v -0.012553 -0.142157 -0.139861
v -0.011477 -0.131120 -0.134428
v 0.085371 -0.149736 -0.108546
v 0.066438 -0.127566 -0.095295
v 0.069734 -0.132819 -0.079161
v 0.086370 -0.175274 -0.063773
v 0.094192 -0.168333 -0.086124
v 0.074792 -0.180277 -0.044426
v 0.062392 -0.184255 -0.030077
v -0.013222 -0.154663 -0.144206
v -0.015041 -0.166626 -0.146280
v 0.001025 -0.163784 -0.156517
v 0.005961 -0.151237 -0.155067
v 0.068354 -0.148126 -0.066571
v 0.062180 -0.152639 -0.050635
v 0.053422 -0.165536 -0.038880
v 0.050354 -0.116893 -0.123535
v 0.060300 -0.121693 -0.110104
v 0.067758 -0.137937 -0.063009
v 0.061606 -0.142731 -0.048370
v 0.045658 -0.139129 -0.025774
v 0.056436 -0.175156 -0.036071
v 0.062162 -0.143672 -0.167187
v 0.044322 -0.150629 -0.171934
v 0.039080 -0.147043 -0.166687
v -0.029017 -0.143042 -0.131617
v -0.029017 -0.143042 -0.131617
v 0.034905 -0.148775 -0.022359
v 0.032908 -0.158749 -0.025085
v 0.037148 -0.139837 -0.019509
v 0.047920 -0.138845 -0.160416
v 0.025263 -0.143395 -0.159008
v 0.039016 -0.133057 -0.016979
v -0.016840 -0.094009 -0.109678
v -0.016840 -0.094009 -0.109678
v 0.031511 -0.169736 -0.027365
v 0.033264 -0.181366 -0.024675
v 0.038366 -0.190853 -0.016502
v 0.047196 -0.132042 -0.023631
v 0.044619 -0.179202 -0.029551
v 0.042203 -0.168473 -0.032142
v 0.049969 -0.188821 -0.022674
v -0.026216 -0.131562 -0.126680
v -0.026216 -0.131562 -0.126680
v 0.017805 -0.129679 -0.011648
v 0.004274 -0.125778 -0.010820
v 0.002502 -0.133871 -0.011463
v 0.016120 -0.137171 -0.012782
v -0.047030 -0.114771 -0.043133
v -0.043086 -0.106344 -0.040468
v -0.047328 -0.102111 -0.054270
v -0.052540 -0.110388 -0.057241
v -0.047563 -0.099298 -0.068154
v -0.053056 -0.108568 -0.071755
v -0.048849 -0.108306 -0.085427
v -0.043967 -0.097362 -0.081076
v -0.037257 -0.096099 -0.092923
v -0.041169 -0.108297 -0.097045
v -0.010603 -0.120992 -0.012273
v -0.024264 -0.115845 -0.018141
v -0.026581 -0.124436 -0.019673
v -0.012433 -0.129409 -0.013391
v -0.035801 -0.111042 -0.027282
v -0.038647 -0.119768 -0.029967
v -0.030892 -0.108176 -0.106418
v -0.027845 -0.094841 -0.102288
v 0.012173 -0.156056 -0.014392
v 0.023622 -0.158142 -0.019664
v 0.025617 -0.148078 -0.017551
v 0.013949 -0.146307 -0.013774
v -0.023267 -0.159380 -0.016121
v -0.041695 -0.152430 -0.020205
v -0.045781 -0.160884 -0.014509
v -0.025733 -0.168628 -0.010856
v -0.070352 -0.157967 -0.013929
v -0.089162 -0.145975 -0.027266
v -0.004689 -0.163396 -0.013881
v -0.005398 -0.173142 -0.009609
v -0.081867 -0.140473 -0.033959
v -0.093334 -0.135572 -0.054568
v -0.103123 -0.141384 -0.047663
v -0.077580 -0.155277 -0.109021
v -0.079356 -0.161982 -0.111471
v -0.090966 -0.157381 -0.102108
v -0.085579 -0.151136 -0.100773
v -0.072684 -0.123830 -0.059817
v -0.070907 -0.124166 -0.077975
v -0.080625 -0.131159 -0.079025
v -0.083494 -0.129670 -0.058431
v -0.059316 -0.139608 -0.110861
v -0.071571 -0.134736 -0.096460
v -0.063653 -0.126272 -0.094172
v -0.053017 -0.129396 -0.107569
v -0.073868 -0.135506 -0.038910
v -0.064091 -0.129897 -0.042525
v -0.058457 -0.144595 -0.027871
v -0.050994 -0.137459 -0.031263
v -0.036412 -0.143727 -0.022468
v -0.061312 -0.116824 -0.075390
v -0.055884 -0.117950 -0.090074
v -0.046762 -0.119304 -0.102465
v -0.035184 -0.120772 -0.112358
v -0.044349 -0.142727 -0.121668
v -0.040390 -0.130212 -0.117620
v -0.064756 -0.151047 -0.022409
v -0.043910 -0.128894 -0.032140
v -0.031174 -0.134023 -0.021629
v -0.026111 -0.176339 0.001263
v -0.049312 -0.169640 -0.003606
v -0.003943 -0.181116 0.000990
v 0.014617 -0.184695 -0.002324
v -0.047525 -0.154777 -0.124516
v -0.048176 -0.166731 -0.127132
v -0.065056 -0.164097 -0.118536
v -0.066410 -0.151559 -0.113443
v -0.019686 -0.149160 -0.016408
v -0.002790 -0.153342 -0.013144
v 0.011171 -0.166038 -0.014665
v -0.061186 -0.117744 -0.059274
v -0.054239 -0.122784 -0.044292
v -0.016034 -0.138930 -0.015021
v -0.000239 -0.143395 -0.012745
v 0.027437 -0.139346 -0.015385
v 0.012046 -0.175583 -0.010465
v -0.104325 -0.144790 -0.071215
v -0.099722 -0.151425 -0.088956
v -0.092720 -0.147689 -0.090680
v -0.091695 -0.139634 -0.079930
v -0.079372 -0.143912 -0.098708
v 0.029200 -0.132309 -0.013379
v 0.023494 -0.179470 -0.017330
v 0.022286 -0.168792 -0.020817
v 0.027358 -0.188943 -0.009531
v 0.064835 -0.012442 0.043014
v -0.023383 -0.036764 0.012054
v -0.026607 -0.043973 0.004767
v -0.020132 -0.055513 0.008878
v -0.017086 -0.047493 0.016703
v -0.011953 -0.066154 0.012321
v -0.011139 -0.056488 0.019630
v -0.002231 -0.074674 0.016243
v -0.003508 -0.064804 0.022676
v 0.007152 -0.080402 0.021324
v 0.004931 -0.070491 0.026466
v 0.030391 -0.086300 0.031471
v 0.029693 -0.091363 0.027089
v 0.039376 -0.094862 0.029611
v 0.041223 -0.091221 0.033860
v 0.049245 -0.097692 0.031091
v 0.050963 -0.094388 0.035435
v 0.058271 -0.098937 0.030254
v 0.060576 -0.095807 0.034605
v 0.067644 -0.098947 0.027203
v 0.069940 -0.095404 0.031463
v 0.071842 -0.086443 0.035386
v 0.063609 -0.087174 0.038600
v 0.062401 -0.091745 0.037176
v 0.071144 -0.091708 0.033854
v 0.055161 -0.086202 0.039223
v 0.052990 -0.090718 0.037895
v 0.046628 -0.083204 0.038234
v 0.043721 -0.087515 0.036606
v 0.037007 -0.078201 0.037024
v 0.033616 -0.082414 0.034715
v 0.029925 -0.072617 0.037180
v 0.024768 -0.074614 0.034708
v 0.055500 -0.101093 0.024125
v 0.064423 -0.101056 0.021667
v 0.047036 -0.100073 0.025138
v 0.037997 -0.097698 0.024177
v 0.029319 -0.095278 0.021776
v 0.017448 -0.084961 0.025579
v 0.019682 -0.092236 0.018891
v 0.009375 -0.086861 0.016117
v -0.000522 -0.081143 0.010362
v -0.012127 -0.072205 0.005700
v -0.022425 -0.060370 0.001359
v -0.029344 -0.047823 -0.002622
v -0.030340 -0.035716 0.001223
v 0.056690 -0.082089 0.039345
v 0.064164 -0.082347 0.038692
v 0.049171 -0.079572 0.038964
v 0.040409 -0.074247 0.038561
v 0.033681 -0.069099 0.039053
v 0.029653 -0.055531 0.042530
v 0.030398 -0.062323 0.040687
v 0.032199 -0.042299 0.045714
v 0.030933 -0.048882 0.044238
v 0.022575 -0.035120 0.046361
v 0.019719 -0.044331 0.043163
v 0.025318 -0.047754 0.043683
v 0.027371 -0.039320 0.046101
v 0.018082 -0.028756 0.046339
v 0.014098 -0.039586 0.042369
v 0.053173 -0.102957 0.018694
v 0.060844 -0.103092 0.015570
v 0.045573 -0.102428 0.019427
v 0.037526 -0.100987 0.018203
v 0.030280 -0.099817 0.015310
v 0.022363 -0.097964 0.011987
v 0.013445 -0.094390 0.008233
v 0.002375 -0.088758 0.003715
v -0.011175 -0.079509 -0.001130
v -0.023875 -0.064901 -0.005331
v -0.030633 -0.051542 -0.009708
v 0.026944 -0.104906 0.003485
v 0.033636 -0.105077 0.006085
v 0.039506 -0.106024 0.008205
v 0.044606 -0.106243 0.010171
v 0.048434 -0.107245 0.007278
v 0.053835 -0.107794 0.003757
v 0.045114 -0.108212 0.001061
v 0.050532 -0.108926 -0.001627
v 0.040844 -0.109828 -0.001117
v 0.048624 -0.110697 -0.004370
v 0.037208 -0.112219 -0.002451
v 0.046558 -0.113953 -0.006987
v 0.025575 -0.065166 0.038914
v 0.019450 -0.064886 0.036888
v 0.018233 -0.054477 0.039817
v 0.011859 -0.050958 0.038076
v 0.012304 -0.063100 0.034232
v 0.024181 -0.056744 0.041157
v 0.003849 -0.058883 0.031152
v 0.004987 -0.046007 0.035962
v 0.008660 -0.033293 0.041576
v -0.000555 -0.039880 0.034050
v -0.003444 -0.052785 0.028066
v 0.003348 -0.028730 0.039871
v -0.001107 -0.024257 0.037945
v -0.005048 -0.034633 0.031948
v -0.008580 -0.045672 0.025949
v 0.016143 -0.076233 0.030270
v -0.013441 -0.038936 0.023092
v -0.005457 -0.019919 0.035289
v -0.009307 -0.029103 0.029370
v -0.010400 -0.013931 0.031587
v -0.015484 -0.022702 0.024349
v -0.019926 -0.030505 0.017973
v -0.029112 -0.027666 0.005610
v 0.071900 -0.081615 0.035922
v -0.038314 -0.034372 -0.022877
v 0.049140 -0.033162 0.045543
v 0.055177 -0.030990 0.045473
v 0.061060 -0.030192 0.045656
v 0.065877 -0.029970 0.045547
v 0.070018 -0.030042 0.044648
v 0.042502 -0.123173 -0.012191
v 0.069569 0.036981 0.036178
v 0.044619 -0.117282 -0.009157
v 0.065003 -0.066373 0.025557
v 0.031487 0.124945 -0.028304
v 0.031487 0.124945 -0.028304
v 0.071783 -0.076648 0.036130
v 0.066207 -0.062209 0.027836
v 0.078724 -0.002298 0.051702
v 0.071560 -0.072288 0.036094
v 0.074210 -0.061197 0.041627
v 0.073033 -0.054814 0.040102
v 0.065718 0.073464 0.029737
v 0.073883 -0.057357 0.041306
v 0.073288 -0.028051 0.043058
v 0.080288 -0.006321 0.054251
v 0.072222 -0.053251 0.038880
v -0.017288 -0.043327 -0.110044
v -0.017288 -0.043327 -0.110044
v 0.073310 -0.065123 0.039717
v 0.068417 -0.056856 0.032187
v 0.071309 -0.052756 0.037417
v 0.065907 -0.045420 0.029370
v 0.073425 -0.030725 0.043039
v 0.072002 0.014245 0.040070
v -0.028546 -0.004021 -0.129592
v -0.028546 -0.004021 -0.129592
v 0.073117 0.011270 0.042206
v 0.056719 0.098186 0.014955
v 0.063030 0.083751 0.025393
v 0.077084 0.001496 0.049053
v -0.033496 0.058971 -0.138982
v -0.033496 0.058971 -0.138982
v -0.031507 0.075281 -0.135765
v -0.031507 0.075281 -0.135765
v 0.068115 0.056184 0.033867
v -0.000342 0.125953 -0.083040
v -0.000342 0.125953 -0.083040
v 0.081177 -0.010122 0.055793
v 0.075798 -0.023224 0.047105
v 0.043932 0.115748 -0.006897
v -0.033127 0.024598 -0.137900
v -0.033127 0.024598 -0.137900
v -0.012834 0.117748 -0.104275
v -0.012834 0.117748 -0.104275
v 0.073315 -0.046872 0.042430
v 0.037990 0.120676 -0.017110
v 0.071721 -0.048256 0.039619
v 0.079528 -0.019771 0.053341
v -0.031381 0.008758 -0.134674
v -0.031381 0.008758 -0.134674
v -0.033781 0.038327 -0.139228
v -0.033781 0.038327 -0.139228
v 0.074087 -0.036955 0.044154
v 0.073530 -0.033191 0.043185
v -0.006778 0.122782 -0.093991
v -0.006778 0.122782 -0.093991
v 0.069517 0.043161 0.035862
v 0.074611 -0.039591 0.044974
v 0.069597 0.023473 0.035944
v 0.074745 -0.042103 0.045039
v 0.040628 -0.128140 -0.014852
v -0.024431 0.098551 -0.123920
v -0.024431 0.098551 -0.123920
v 0.074151 -0.044460 0.043963
v 0.068815 -0.047402 0.034485
v 0.075669 0.005072 0.046522
v 0.067291 -0.046607 0.031813
v 0.067178 0.063753 0.032226
v 0.073867 -0.025659 0.043926
v 0.074191 -0.025145 0.044366
v 0.069913 0.020866 0.036606
v 0.059973 0.091586 0.020487
v 0.069602 0.026111 0.035841
v 0.073630 -0.026313 0.043503
v -0.027889 0.089643 -0.129722
v -0.027889 0.089643 -0.129722
v 0.008474 0.129806 -0.067934
v 0.008474 0.129806 -0.067934
v 0.015119 0.130223 -0.056480
v 0.015119 0.130223 -0.056480
v 0.070887 0.017348 0.038265
v 0.074309 0.008354 0.044121
v -0.016521 -0.053143 -0.108877
v -0.016521 -0.053143 -0.108877
v 0.080940 -0.016457 0.055471
v 0.081383 -0.013770 0.056192
v 0.049017 0.110083 0.001833
v -0.026136 -0.013679 -0.125366
v -0.026136 -0.013679 -0.125366
v 0.023743 0.128843 -0.041626
v 0.023743 0.128843 -0.041626
v 0.053137 0.104215 0.008866
v -0.020540 -0.031563 -0.115665
v -0.020540 -0.031563 -0.115665
v -0.024100 -0.021454 -0.121847
v -0.024100 -0.021454 -0.121847
v 0.078621 -0.020958 0.051899
v 0.069354 0.029463 0.035818
v 0.077077 -0.022324 0.049310
v -0.018461 0.110720 -0.113808
v -0.018461 0.110720 -0.113808
v 0.074793 -0.024238 0.045352
v 0.077549 -0.012441 0.035724
v 0.094216 -0.034409 -0.054971
v 0.089012 -0.041349 -0.061274
v 0.090009 -0.052913 -0.053936
v 0.095605 -0.045061 -0.047463
v 0.089886 -0.063447 -0.045758
v 0.095738 -0.053808 -0.041297
v 0.088988 -0.071870 -0.035900
v 0.095094 -0.061862 -0.033607
v 0.074489 -0.019759 0.053425
v 0.074113 -0.021271 0.050913
v 0.089574 -0.077452 -0.025803
v 0.094675 -0.067567 -0.024843
v 0.048549 0.015707 0.031661
v 0.065083 -0.022944 0.045191
v 0.068764 -0.000827 0.049681
v 0.049873 0.015976 0.031597
v 0.087932 -0.083517 -0.001464
v 0.084709 -0.088709 -0.004425
v 0.082513 -0.092414 0.004794
v 0.085142 -0.088852 0.008579
v 0.062295 -0.022446 0.045652
v 0.079605 -0.096032 0.013696
v 0.082363 -0.092697 0.017463
v 0.074842 -0.098132 0.020814
v 0.077282 -0.094901 0.025071
v 0.066603 0.005652 0.044938
v 0.059023 0.014873 0.035775
v 0.078731 -0.086387 0.030208
v 0.078422 -0.090998 0.028268
v 0.067890 0.002365 0.047303
v 0.057885 -0.019096 0.048928
v 0.058741 -0.021732 0.046868
v 0.073503 -0.014098 0.056731
v 0.072278 -0.011462 0.056523
v 0.083268 -0.084717 0.023272
v 0.071884 -0.016963 0.055510
v 0.074556 -0.018612 0.054588
v 0.083271 -0.089145 0.020686
v 0.047541 0.015414 0.032816
v 0.035745 0.016790 0.033259
v 0.074115 -0.015931 0.056239
v 0.077021 -0.017810 0.055188
v 0.043770 0.016252 0.032819
v 0.047941 0.015559 0.032259
v 0.065488 -0.015429 0.053961
v 0.062292 0.013686 0.038350
v 0.086188 -0.081116 0.015704
v 0.086178 -0.085307 0.012338
v 0.089300 -0.075644 0.007281
v 0.089029 -0.079813 0.003110
v 0.061008 -0.016728 0.051877
v 0.092437 -0.069933 0.001675
v 0.092725 -0.071881 -0.003992
v 0.070928 -0.100312 0.015283
v 0.046822 0.015515 0.033201
v 0.046210 0.015697 0.033442
v 0.069580 -0.004487 0.052367
v 0.075555 -0.098476 0.008694
v 0.078679 -0.095356 0.000712
v 0.080778 -0.092720 -0.007737
v 0.088842 -0.082191 -0.015269
v 0.041550 0.016397 0.034112
v 0.072028 -0.022988 0.046665
v 0.068246 -0.016141 0.054899
v 0.070236 -0.016640 0.055301
v 0.070555 -0.023610 0.045421
v 0.082330 -0.089746 -0.017090
v 0.084333 -0.084051 -0.026981
v 0.052759 0.015781 0.032298
v 0.083022 -0.078417 -0.037756
v 0.064320 0.011313 0.040985
v 0.065836 0.008517 0.043114
v 0.084105 -0.069525 -0.049591
v 0.084434 -0.057703 -0.059876
v 0.073251 -0.022157 0.048660
v 0.083795 -0.045243 -0.067404
v 0.087977 -0.033462 -0.066189
v 0.082487 -0.080689 0.024859
v 0.078396 -0.081577 0.030972
v 0.085440 -0.077670 0.018389
v 0.071020 -0.008099 0.055110
v 0.088790 -0.071911 0.011087
v 0.092123 -0.066580 0.005965
v 0.096059 -0.053263 0.004869
v 0.067669 -0.023120 0.045413
v 0.094652 -0.059917 0.004390
v 0.096761 -0.040641 0.009081
v 0.096373 -0.046920 0.006998
v 0.101852 -0.033358 0.001348
v 0.100683 -0.042144 -0.002958
v 0.098590 -0.045540 0.001985
v 0.080280 -0.018318 0.054485
v 0.074448 -0.017411 0.055460
v 0.099445 -0.037552 0.005239
v 0.103956 -0.027099 -0.002433
v 0.102594 -0.037521 -0.008017
v 0.067378 -0.102147 0.010467
v 0.039212 0.030625 0.043246
v 0.038755 0.027989 0.042245
v 0.071505 -0.100912 0.004453
v 0.073873 -0.099015 -0.002763
v 0.074479 -0.097727 -0.010118
v 0.075218 -0.095865 -0.018496
v 0.075429 -0.092225 -0.027596
v 0.075992 -0.086533 -0.038718
v 0.047113 0.033971 0.042354
v 0.064838 0.033339 0.037742
v 0.059585 0.033741 0.039343
v 0.078011 -0.077246 -0.052473
v 0.037455 0.022448 0.042049
v 0.036216 0.020369 0.040781
v 0.038365 0.025746 0.041094
v 0.037141 0.020547 0.041880
v 0.037373 0.021321 0.042454
v 0.079404 -0.062512 -0.064614
v 0.038243 0.024497 0.040792
v 0.078043 -0.048937 -0.071876
v 0.038260 0.024299 0.040909
v 0.065011 -0.103547 -0.018817
v 0.041691 0.033050 0.043409
v 0.064732 -0.103703 -0.012039
v 0.064571 -0.104730 -0.006343
v 0.037806 0.023513 0.041185
v 0.035051 0.019967 0.039398
v 0.064094 -0.105191 -0.001157
v 0.032300 0.018574 0.036004
v 0.059722 -0.106663 0.000720
v 0.069463 0.033152 0.035962
v 0.049323 0.044078 0.044232
v 0.012487 0.043753 0.041214
v 0.055286 -0.107765 -0.004946
v 0.008398 0.038476 0.040291
v 0.054965 -0.109201 -0.009542
v 0.017187 0.001784 0.043611
v 0.013523 0.002506 0.042797
v 0.051914 0.038001 0.043089
v 0.055160 -0.111541 -0.012994
v 0.095467 -0.062534 -0.000808
v 0.096315 -0.062182 -0.006985
v 0.098827 -0.051959 -0.006140
v 0.100230 -0.048478 -0.012435
v 0.041265 0.063719 0.040879
v 0.013804 0.110829 0.002503
v 0.044085 0.056494 0.042542
v 0.028580 0.049176 0.044293
v 0.097312 -0.060379 -0.014407
v 0.018249 0.105865 0.010360
v 0.097423 -0.054187 -0.000530
v 0.098556 -0.056155 -0.022970
v 0.101676 -0.043455 -0.019155
v 0.104575 -0.031079 -0.012935
v 0.102625 -0.037239 -0.024662
v 0.019027 0.047751 0.042655
v 0.099212 -0.050131 -0.030429
v 0.005922 0.007733 0.038556
v 0.062980 0.049557 0.038220
v 0.003536 0.013648 0.036622
v 0.105643 -0.026413 -0.018148
v 0.055462 0.049850 0.041575
v -0.014464 0.123829 -0.053097
v 0.106042 -0.021830 -0.022882
v 0.102759 -0.032137 -0.029372
v 0.099585 -0.043122 -0.035728
v 0.092976 -0.073369 -0.013690
v 0.055127 0.030385 0.038449
v 0.099212 -0.036602 -0.041074
v 0.028386 0.002765 0.042983
v 0.025169 0.002388 0.043374
v 0.105614 -0.017693 -0.027921
v -0.012161 0.123094 -0.041397
v 0.007757 0.005353 0.040025
v 0.033566 0.081456 0.033935
v 0.057643 0.023350 0.034775
v 0.056159 0.026267 0.035915
v 0.029607 0.088536 0.028745
v 0.102414 -0.026653 -0.034271
v 0.104682 -0.011921 -0.034043
v 0.100958 -0.020520 -0.042082
v 0.025853 0.094818 0.023042
v 0.097710 -0.028236 -0.049057
v 0.091225 -0.025536 -0.062753
v 0.008220 0.115360 -0.006434
v 0.044680 0.006162 0.037629
v 0.070401 -0.032623 -0.084874
v 0.087532 -0.032808 0.023585
v 0.084412 -0.030872 0.028713
v 0.005211 0.032212 0.039168
v 0.003777 0.025609 0.038196
v -0.005728 0.121881 -0.029109
v 0.035800 0.003858 0.041414
v 0.003270 0.019608 0.037077
v -0.008316 0.126157 -0.065950
v 0.081681 -0.030173 0.033899
v 0.010363 0.003594 0.041586
v 0.079362 -0.029932 0.038043
v 0.076563 -0.030017 0.041113
v 0.037495 0.049893 0.044834
v 0.031967 0.003203 0.042386
v 0.057668 0.020203 0.034076
v 0.048863 0.008293 0.035593
v 0.052098 0.011065 0.034229
v 0.022227 0.100520 0.017057
v 0.054589 0.013804 0.033799
v 0.056925 0.016901 0.033806
v 0.040399 0.004681 0.039748
v 0.037749 0.072436 0.038350
v 0.001689 0.119095 -0.017232
v 0.021307 0.002060 0.043646
v 0.003700 0.127583 -0.076147
v 0.003700 0.127583 -0.076147
v 0.068834 0.049315 0.035097
v 0.055939 0.015340 0.033866
v 0.053644 0.033960 0.041056
v 0.046729 0.049929 0.044017
v 0.072140 -0.068646 0.037324
v 0.044682 -0.045617 0.045684
v 0.042865 -0.048472 0.044624
v 0.042180 -0.055610 0.042217
v 0.053167 -0.038961 0.047473
v 0.048101 -0.042314 0.046658
v 0.053492 -0.065611 0.042196
v 0.042076 -0.050983 0.043638
v 0.059953 -0.067421 0.041871
v 0.041443 -0.053184 0.042897
v 0.066095 -0.067979 0.040475
v 0.073799 -0.034911 0.043629
v 0.064645 -0.034970 0.047170
v 0.069791 -0.034586 0.045849
v 0.058971 -0.036462 0.047620
v 0.044288 -0.058954 0.041746
v 0.047953 -0.062859 0.041795
v 0.082083 -0.019874 0.049187
v 0.079940 -0.021304 0.047607
v 0.076136 0.015709 0.016747
v 0.079346 -0.022963 0.037042
v 0.081573 -0.000776 0.042535
v 0.075298 0.015980 0.017717
v 0.081176 -0.022496 0.034904
v 0.078640 0.005717 0.038317
v 0.074189 0.014854 0.027334
v 0.079978 0.002418 0.040605
v 0.086147 -0.019099 0.032780
v 0.083929 -0.021740 0.032432
v 0.085645 -0.014071 0.050023
v 0.085996 -0.011392 0.048915
v 0.085263 -0.017020 0.048019
v 0.083187 -0.018743 0.049825
v 0.077672 0.015415 0.016383
v 0.083985 0.016857 0.006348
v 0.084963 -0.015988 0.050286
v 0.082637 -0.017954 0.052196
v 0.079637 0.016134 0.013141
v 0.077035 0.015555 0.016540
v 0.086872 -0.015474 0.041825
v 0.074960 0.013689 0.031378
v 0.087196 -0.016733 0.036933
v 0.078413 0.015520 0.015957
v 0.078969 0.015708 0.015542
v 0.083472 -0.004419 0.044588
v 0.081803 0.016140 0.011746
v 0.077235 -0.022978 0.043672
v 0.086355 -0.016174 0.044637
v 0.085762 -0.016656 0.046519
v 0.076835 -0.023620 0.041829
v 0.074321 0.015758 0.020425
v 0.076298 0.011345 0.034378
v 0.077542 0.008599 0.036706
v 0.078346 -0.022142 0.045728
v 0.085263 -0.008035 0.047158
v 0.078236 -0.023135 0.039383
v 0.084100 -0.017535 0.050171
v 0.091177 0.030801 0.014340
v 0.090622 0.028103 0.013619
v 0.086473 0.033925 0.020646
v 0.073390 0.033335 0.033112
v 0.077418 0.033745 0.029508
v 0.090903 0.022280 0.012417
v 0.090056 0.020056 0.010414
v 0.089886 0.025713 0.012888
v 0.090741 0.020207 0.011904
v 0.091198 0.021074 0.012475
v 0.089636 0.024391 0.012616
v 0.089733 0.024133 0.012693
v 0.090072 0.033109 0.016539
v 0.090100 0.023337 0.012398
v 0.089479 0.019878 0.008599
v 0.088039 0.018684 0.004627
v 0.086935 0.044050 0.023571
v 0.102059 0.044337 -0.010041
v 0.103102 0.039058 -0.013982
v 0.101824 0.002588 -0.004423
v 0.102760 0.003529 -0.007983
v 0.084625 0.037949 0.025104
v 0.087470 0.064079 0.014649
v 0.066972 0.111155 -0.028307
v 0.087683 0.056756 0.017978
v 0.096985 0.049525 0.005506
v 0.071610 0.106119 -0.020516
v 0.100200 0.048263 -0.003628
v 0.102999 0.008822 -0.016783
v 0.074615 0.049589 0.031845
v 0.102868 0.014598 -0.019850
v 0.081379 0.049911 0.027274
v 0.032677 0.124121 -0.080484
v 0.078881 0.030409 0.025369
v 0.096084 0.003148 0.005003
v 0.097999 0.002848 0.002419
v 0.041725 0.123457 -0.072701
v 0.103222 0.006462 -0.014430
v 0.084941 0.081667 0.004429
v 0.074333 0.023488 0.025547
v 0.076070 0.026393 0.024905
v 0.082151 0.088465 -0.001357
v 0.078948 0.094859 -0.007524
v 0.061982 0.115736 -0.037633
v 0.083069 0.006098 0.016105
v 0.103635 0.032827 -0.017203
v 0.103723 0.026248 -0.018858
v 0.049209 0.122285 -0.061024
v 0.091010 0.003949 0.010458
v 0.103293 0.020391 -0.019918
v 0.018487 0.126286 -0.081515
v 0.103259 0.004661 -0.011401
v 0.093077 0.050145 0.013503
v 0.093769 0.003471 0.007756
v 0.073484 0.020304 0.025278
v 0.079095 0.008219 0.018730
v 0.076257 0.010973 0.020809
v 0.075488 0.100679 -0.013698
v 0.074579 0.013713 0.022682
v 0.073473 0.016943 0.024570
v 0.087063 0.004725 0.013612
v 0.086953 0.072803 0.010356
v 0.055846 0.119501 -0.048687
v 0.099998 0.002637 -0.000824
v 0.073978 0.015298 0.023818
v 0.081941 0.033976 0.025462
v 0.087813 0.050080 0.021102
v 0.090437 -0.044650 0.019454
v 0.090725 -0.047217 0.017333
v 0.089731 -0.053931 0.015390
v 0.087355 -0.038654 0.027755
v 0.089313 -0.041706 0.022906
v 0.084970 -0.063988 0.024375
v 0.090530 -0.049513 0.016172
v 0.081926 -0.066265 0.029564
v 0.090446 -0.051576 0.015241
v 0.077781 -0.067437 0.034100
v 0.081526 -0.034844 0.037747
v 0.077843 -0.034487 0.041525
v 0.084607 -0.036290 0.032991
v 0.088572 -0.057128 0.016713
v 0.087046 -0.060917 0.019534
v 0.085471 0.017606 0.000076
v 0.029626 0.017272 0.031354
v 0.090020 0.016300 0.011686
v 0.088424 0.016316 0.012055
v 0.086785 0.016343 0.012103
v 0.085234 0.016379 0.011837
v 0.090053 0.016619 0.011681
v 0.088487 0.016942 0.012045
v 0.086876 0.017251 0.012088
v 0.085350 0.017524 0.011820
v 0.090137 0.016927 0.011645
v 0.088654 0.017543 0.011975
v 0.087119 0.018125 0.011988
v 0.085655 0.018624 0.011693
v 0.090272 0.017210 0.011579
v 0.088918 0.018099 0.011845
v 0.087502 0.018930 0.011801
v 0.086138 0.019640 0.011458
v 0.090453 0.017457 0.011487
v 0.089271 0.018585 0.011664
v 0.088013 0.019637 0.011536
v 0.086781 0.020532 0.011124
v 0.090669 0.017661 0.011370
v 0.089696 0.018984 0.011434
v 0.088632 0.020216 0.011204
v 0.087563 0.021264 0.010707
v 0.090915 0.017813 0.011234
v 0.090181 0.019281 0.011168
v 0.089335 0.020648 0.010818
v 0.088450 0.021809 0.010220
v 0.091182 0.017906 0.011083
v 0.090702 0.019465 0.010873
v 0.090094 0.020915 0.010390
v 0.089408 0.022145 0.009683
v 0.091458 0.017938 0.010926
v 0.091245 0.019527 0.010564
v 0.090882 0.021006 0.009941
v 0.090401 0.022261 0.009116
v 0.091733 0.017907 0.010766
v 0.091784 0.019466 0.010248
v 0.091665 0.020917 0.009485
v 0.091391 0.022149 0.008541
v 0.091998 0.017814 0.010610
v 0.092302 0.019285 0.009944
v 0.092415 0.020653 0.009041
v 0.092335 0.021816 0.007979
v 0.092239 0.017664 0.010464
v 0.092775 0.018989 0.009657
v 0.093103 0.020224 0.008624
v 0.093203 0.021274 0.007454
v 0.092449 0.017461 0.010334
v 0.093189 0.018591 0.009402
v 0.093703 0.019646 0.008253
v 0.093959 0.020544 0.006983
v 0.092621 0.017214 0.010224
v 0.093525 0.018106 0.009186
v 0.094191 0.018941 0.007940
v 0.094574 0.019653 0.006590
v 0.092747 0.016932 0.010139
v 0.093772 0.017552 0.009021
v 0.094550 0.018136 0.007700
v 0.095024 0.018638 0.006285
v 0.092823 0.016624 0.010082
v 0.093920 0.016951 0.008909
v 0.094763 0.017263 0.007538
v 0.095292 0.017538 0.006083
v 0.092845 0.016306 0.010057
v 0.093963 0.016325 0.008859
v 0.094826 0.016354 0.007465
v 0.095368 0.016392 0.005987
v 0.092813 0.015987 0.010062
v 0.093900 0.015698 0.008870
v 0.094734 0.015445 0.007480
v 0.095253 0.015247 0.006009
v 0.092728 0.015679 0.010100
v 0.093735 0.015097 0.008944
v 0.094493 0.014571 0.007587
v 0.094947 0.014146 0.006140
v 0.092594 0.015396 0.010167
v 0.093471 0.014541 0.009075
v 0.094110 0.013765 0.007777
v 0.094464 0.013129 0.006380
v 0.092414 0.015148 0.010261
v 0.093119 0.014055 0.009260
v 0.093598 0.013059 0.008043
v 0.093821 0.012236 0.006716
v 0.092198 0.014943 0.010379
v 0.092693 0.013654 0.009489
v 0.092980 0.012478 0.008377
v 0.093044 0.011503 0.007141
v 0.091951 0.014792 0.010515
v 0.092210 0.013356 0.009757
v 0.092280 0.012045 0.008766
v 0.092160 0.010958 0.007631
v 0.091684 0.014698 0.010665
v 0.091687 0.013172 0.010050
v 0.091521 0.011778 0.009193
v 0.091205 0.010625 0.008167
v 0.091408 0.014666 0.010823
v 0.091146 0.013110 0.010361
v 0.090735 0.011686 0.009643
v 0.090212 0.010514 0.008730
v 0.091133 0.014697 0.010982
v 0.090605 0.013170 0.010673
v 0.089949 0.011776 0.010095
v 0.089225 0.010628 0.009303
v 0.090869 0.014790 0.011138
v 0.090089 0.013353 0.010978
v 0.089200 0.012041 0.010538
v 0.088280 0.010960 0.009861
v 0.090627 0.014940 0.011283
v 0.089613 0.013650 0.011261
v 0.088511 0.012473 0.010951
v 0.087412 0.011501 0.010386
v 0.090416 0.015145 0.011412
v 0.089201 0.014049 0.011516
v 0.087911 0.013053 0.011319
v 0.086654 0.012233 0.010850
v 0.090244 0.015392 0.011521
v 0.088863 0.014535 0.011728
v 0.087423 0.013758 0.011628
v 0.086040 0.013122 0.011242
v 0.091511 0.016297 0.011011
v 0.090118 0.015674 0.011605
v 0.088616 0.015089 0.011895
v 0.087065 0.014563 0.011869
v 0.085587 0.014136 0.011543
v 0.090043 0.015982 0.011661
v 0.088467 0.015690 0.012004
v 0.086849 0.015435 0.012027
v 0.085316 0.015235 0.011745
v 0.083780 0.016408 0.011684
v 0.081472 0.016458 0.011336
v 0.079171 0.016526 0.010467
v 0.077079 0.016610 0.009169
v 0.075281 0.016702 0.007486
v 0.073840 0.016799 0.005484
v 0.073840 0.016799 0.005484
v 0.072825 0.016894 0.003246
v 0.072253 0.016979 0.000858
v 0.072166 0.017062 -0.001600
v 0.072561 0.017136 -0.004027
v 0.073420 0.017198 -0.006330
v 0.074713 0.017245 -0.008420
v 0.076388 0.017276 -0.010215
v 0.083919 0.017784 0.011664
v 0.081645 0.018192 0.011311
v 0.079375 0.018565 0.010438
v 0.077308 0.018875 0.009135
v 0.075524 0.019105 0.007450
v 0.074093 0.019248 0.005451
v 0.074093 0.019248 0.005451
v 0.073071 0.019296 0.003213
v 0.072497 0.019249 0.000822
v 0.072374 0.019098 -0.001631
v 0.072737 0.018867 -0.004053
v 0.073559 0.018559 -0.006351
v 0.074808 0.018182 -0.008433
v 0.076437 0.017754 -0.010222
v 0.084286 0.019108 0.011510
v 0.082106 0.019860 0.011118
v 0.079919 0.020526 0.010210
v 0.077913 0.021052 0.008880
v 0.076168 0.021416 0.007181
v 0.074751 0.021603 0.005177
v 0.074751 0.021603 0.005177
v 0.073717 0.021604 0.002943
v 0.073105 0.021421 0.000567
v 0.072920 0.021056 -0.001861
v 0.073201 0.020533 -0.004249
v 0.073923 0.019866 -0.006504
v 0.075059 0.019084 -0.008540
v 0.076565 0.018213 -0.010276
v 0.084864 0.020330 0.011227
v 0.082838 0.021399 0.010761
v 0.080783 0.022334 0.009790
v 0.078874 0.023058 0.008414
v 0.077189 0.023544 0.006685
v 0.075792 0.023771 0.004671
v 0.075792 0.023771 0.004671
v 0.074737 0.023730 0.002447
v 0.074066 0.023423 0.000100
v 0.073783 0.022861 -0.002281
v 0.073935 0.022068 -0.004606
v 0.074500 0.021073 -0.006785
v 0.075456 0.019914 -0.008733
v 0.076767 0.018637 -0.010375
v 0.085638 0.021400 0.010826
v 0.083815 0.022749 0.010254
v 0.081934 0.023917 0.009195
v 0.080152 0.024818 0.007753
v 0.078545 0.025411 0.005983
v 0.077174 0.025673 0.003955
v 0.077174 0.025673 0.003955
v 0.076092 0.025595 0.001744
v 0.075342 0.025178 -0.000564
v 0.074930 0.024444 -0.002876
v 0.074911 0.023414 -0.005112
v 0.075267 0.022131 -0.007182
v 0.075984 0.020643 -0.009007
v 0.077037 0.019008 -0.010515
v 0.086572 0.022279 0.010323
v 0.084999 0.023854 0.009621
v 0.083329 0.025217 0.008448
v 0.081697 0.026262 0.006922
v 0.080184 0.026944 0.005101
v 0.078843 0.027236 0.003054
v 0.078843 0.027236 0.003054
v 0.077730 0.027127 0.000861
v 0.076884 0.026620 -0.001395
v 0.076339 0.025736 -0.003627
v 0.076091 0.024520 -0.005747
v 0.076194 0.023000 -0.007681
v 0.076623 0.021241 -0.009350
v 0.077362 0.019313 -0.010689
v 0.087639 0.022934 0.009739
v 0.086341 0.024673 0.008879
v 0.084906 0.026185 0.007577
v 0.083447 0.027336 0.005952
v 0.082040 0.028084 0.004072
v 0.080738 0.028398 0.002005
v 0.080738 0.028398 0.002005
v 0.079587 0.028266 -0.000167
v 0.078633 0.027693 -0.002363
v 0.077911 0.026700 -0.004499
v 0.077430 0.025342 -0.006486
v 0.077246 0.023646 -0.008262
v 0.077347 0.021686 -0.009751
v 0.077731 0.019540 -0.010893
v 0.088797 0.023340 0.009097
v 0.087785 0.025178 0.008058
v 0.086602 0.026776 0.006610
v 0.085337 0.027997 0.004883
v 0.084047 0.028786 0.002937
v 0.082783 0.029114 0.000849
v 0.082783 0.029114 0.000849
v 0.081593 0.028969 -0.001301
v 0.080523 0.028355 -0.003430
v 0.079612 0.027297 -0.005459
v 0.078877 0.025849 -0.007302
v 0.078382 0.024044 -0.008903
v 0.078130 0.021961 -0.010192
v 0.078130 0.019680 -0.011118
v 0.089990 0.023481 0.008414
v 0.089287 0.025352 0.007201
v 0.088358 0.026975 0.005594
v 0.087293 0.028220 0.003756
v 0.086126 0.029024 0.001743
v 0.084899 0.029359 -0.000371
v 0.084899 0.029359 -0.000371
v 0.083672 0.029207 -0.002495
v 0.082482 0.028581 -0.004555
v 0.081374 0.027501 -0.006471
v 0.080395 0.026011 -0.008168
v 0.079560 0.024180 -0.009579
v 0.078941 0.022055 -0.010657
v 0.078544 0.019728 -0.011356
v 0.091182 0.023346 0.007723
v 0.090781 0.025189 0.006330
v 0.090114 0.026787 0.004571
v 0.089244 0.028000 0.002615
v 0.088197 0.028790 0.000533
v 0.087016 0.029118 -0.001601
v 0.087016 0.029118 -0.001601
v 0.085744 0.028973 -0.003704
v 0.084433 0.028360 -0.005693
v 0.083131 0.027303 -0.007496
v 0.081888 0.025842 -0.009039
v 0.080734 0.024048 -0.010264
v 0.079750 0.021964 -0.011129
v 0.078956 0.019681 -0.011596
v 0.092319 0.022947 0.007047
v 0.092218 0.024690 0.005483
v 0.091802 0.026205 0.003579
v 0.091116 0.027344 0.001505
v 0.090184 0.028093 -0.000645
v 0.089042 0.028407 -0.002801
v 0.089042 0.028407 -0.002801
v 0.087730 0.028275 -0.004881
v 0.086302 0.027702 -0.006803
v 0.084813 0.026711 -0.008494
v 0.083319 0.025340 -0.009889
v 0.081877 0.023641 -0.010934
v 0.080523 0.021692 -0.011589
v 0.079350 0.019542 -0.011831
v 0.093361 0.022290 0.006413
v 0.093535 0.023867 0.004690
v 0.093352 0.025238 0.002648
v 0.092837 0.026278 0.000472
v 0.092007 0.026958 -0.001744
v 0.090899 0.027249 -0.003924
v 0.090899 0.027249 -0.003924
v 0.089551 0.027140 -0.005982
v 0.088018 0.026633 -0.007840
v 0.086357 0.025749 -0.009428
v 0.084632 0.024522 -0.010683
v 0.082909 0.022999 -0.011559
v 0.081234 0.021249 -0.012019
v 0.079713 0.019317 -0.012050
v 0.094269 0.021414 0.005848
v 0.094684 0.022761 0.003985
v 0.094702 0.023939 0.001816
v 0.094335 0.024837 -0.000451
v 0.093597 0.025428 -0.002726
v 0.092518 0.025689 -0.004925
v 0.092518 0.025689 -0.004925
v 0.091139 0.025610 -0.006965
v 0.089513 0.025193 -0.008767
v 0.087702 0.024454 -0.010263
v 0.085776 0.023420 -0.011393
v 0.083808 0.022133 -0.012116
v 0.081874 0.020642 -0.012403
v 0.080027 0.019013 -0.012246
v 0.095007 0.020345 0.005374
v 0.095613 0.021414 0.003386
v 0.095799 0.022355 0.001117
v 0.095555 0.023079 -0.001228
v 0.094891 0.023562 -0.003552
v 0.093837 0.023788 -0.005769
v 0.093837 0.023788 -0.005769
v 0.092432 0.023746 -0.007793
v 0.090730 0.023438 -0.009546
v 0.088797 0.022874 -0.010964
v 0.086708 0.022077 -0.011990
v 0.084540 0.021078 -0.012585
v 0.082378 0.019914 -0.012727
v 0.080286 0.018643 -0.012411
v 0.095548 0.019124 0.005009
v 0.096295 0.019877 0.002923
v 0.096598 0.020544 0.000575
v 0.096446 0.021069 -0.001830
v 0.095837 0.021432 -0.004191
v 0.094802 0.021617 -0.006421
v 0.094802 0.021617 -0.006421
v 0.093379 0.021619 -0.008432
v 0.091623 0.021434 -0.010149
v 0.089601 0.021072 -0.011507
v 0.087390 0.020545 -0.012451
v 0.085076 0.019873 -0.012948
v 0.082747 0.019084 -0.012977
v 0.080473 0.018220 -0.012538
v 0.095869 0.017801 0.004763
v 0.096699 0.018211 0.002614
v 0.097078 0.018583 0.000210
v 0.096980 0.018889 -0.002232
v 0.096402 0.019120 -0.004618
v 0.095377 0.019262 -0.006856
v 0.095377 0.019262 -0.006856
v 0.093944 0.019309 -0.008860
v 0.092156 0.019259 -0.010553
v 0.090081 0.019114 -0.011870
v 0.087798 0.018880 -0.012761
v 0.085397 0.018567 -0.013191
v 0.082969 0.018183 -0.013144
v 0.080586 0.017761 -0.012623
v 0.095959 0.016425 0.004649
v 0.096815 0.016478 0.002473
v 0.097213 0.016548 0.000043
v 0.097129 0.016626 -0.002418
v 0.096565 0.016716 -0.004815
v 0.095541 0.016815 -0.007061
v 0.095541 0.016815 -0.007061
v 0.094107 0.016909 -0.009059
v 0.092310 0.016998 -0.010740
v 0.090220 0.017079 -0.012040
v 0.087917 0.017150 -0.012905
v 0.085490 0.017207 -0.013304
v 0.083033 0.017250 -0.013223
v 0.080619 0.017283 -0.012663
v 0.095818 0.015049 0.004674
v 0.096631 0.014749 0.002501
v 0.096999 0.014512 0.000075
v 0.096891 0.014367 -0.002382
v 0.096317 0.014317 -0.004774
v 0.095296 0.014369 -0.007020
v 0.095296 0.014369 -0.007020
v 0.093864 0.014510 -0.009022
v 0.092080 0.014738 -0.010705
v 0.090012 0.015044 -0.012008
v 0.087740 0.015419 -0.012878
v 0.085351 0.015847 -0.013284
v 0.082916 0.016323 -0.013209
v 0.080569 0.016806 -0.012656
v 0.095451 0.013725 0.004833
v 0.096173 0.013079 0.002701
v 0.096463 0.012555 0.000314
v 0.096297 0.012197 -0.002116
v 0.095680 0.012017 -0.004504
v 0.094641 0.012018 -0.006740
v 0.094641 0.012018 -0.006740
v 0.093221 0.012203 -0.008748
v 0.091474 0.012564 -0.010448
v 0.089467 0.013087 -0.011777
v 0.087277 0.013754 -0.012682
v 0.084987 0.014540 -0.013130
v 0.082663 0.015421 -0.013103
v 0.080441 0.016346 -0.012602
v 0.094872 0.012502 0.005120
v 0.095444 0.011541 0.003063
v 0.095603 0.010756 0.000737
v 0.095340 0.010201 -0.001651
v 0.094663 0.009895 -0.004005
v 0.093603 0.009853 -0.006232
v 0.093603 0.009853 -0.006232
v 0.092203 0.010079 -0.008250
v 0.090515 0.010562 -0.009979
v 0.088603 0.011286 -0.011355
v 0.086543 0.012222 -0.012325
v 0.084410 0.013334 -0.012849
v 0.082267 0.014591 -0.012909
v 0.080239 0.015922 -0.012503
v 0.094101 0.011430 0.005526
v 0.094466 0.010195 0.003574
v 0.094458 0.009185 0.001329
v 0.094067 0.008451 -0.000989
v 0.093310 0.008035 -0.003301
v 0.092225 0.007956 -0.005515
v 0.092225 0.007956 -0.005515
v 0.090850 0.008217 -0.007546
v 0.089240 0.008808 -0.009317
v 0.087456 0.009707 -0.010760
v 0.085568 0.010880 -0.011818
v 0.083621 0.012286 -0.012450
v 0.081739 0.013861 -0.012635
v 0.079969 0.015552 -0.012364
v 0.093164 0.010552 0.006032
v 0.093292 0.009106 0.004206
v 0.093079 0.007906 0.002075
v 0.092529 0.007019 -0.000160
v 0.091674 0.006510 -0.002421
v 0.090556 0.006398 -0.004617
v 0.090556 0.006398 -0.004617
v 0.089213 0.006688 -0.006665
v 0.087699 0.007368 -0.008487
v 0.086069 0.008412 -0.010013
v 0.084388 0.009778 -0.011183
v 0.082694 0.011417 -0.011951
v 0.081099 0.013263 -0.012291
v 0.079645 0.015246 -0.012189
v 0.078380 0.017289 -0.011649
v 0.092102 0.009905 0.006619
v 0.091959 0.008300 0.004943
v 0.091507 0.006950 0.002944
v 0.090778 0.005951 0.000804
v 0.089817 0.005374 -0.001397
v 0.088663 0.005240 -0.003572
v 0.088663 0.005240 -0.003572
v 0.087356 0.005552 -0.005640
v 0.085949 0.006298 -0.007521
v 0.084495 0.007449 -0.009144
v 0.083025 0.008957 -0.010443
v 0.081640 0.010771 -0.011370
v 0.080375 0.012819 -0.011892
v 0.079275 0.015020 -0.011985
v 0.090954 0.009509 0.007262
v 0.090515 0.007803 0.005757
v 0.089806 0.006356 0.003903
v 0.088887 0.005291 0.001870
v 0.087809 0.004674 -0.000266
v 0.086615 0.004527 -0.002420
v 0.086615 0.004527 -0.002420
v 0.085348 0.004852 -0.004510
v 0.084058 0.005638 -0.006456
v 0.082793 0.006855 -0.008185
v 0.081576 0.008450 -0.009627
v 0.080504 0.010373 -0.010730
v 0.079592 0.012543 -0.011450
v 0.078876 0.014879 -0.011760
v 0.089766 0.009376 0.007945
v 0.089018 0.007632 0.006616
v 0.088042 0.006152 0.004914
v 0.086928 0.005064 0.002993
v 0.085730 0.004435 0.000927
v 0.084491 0.004283 -0.001207
v 0.084491 0.004283 -0.001207
v 0.083269 0.004614 -0.003318
v 0.082100 0.005414 -0.005332
v 0.081032 0.006656 -0.007173
v 0.080078 0.008277 -0.008767
v 0.079326 0.010237 -0.010054
v 0.078781 0.012451 -0.010985
v 0.078462 0.014832 -0.011523
v 0.088580 0.009512 0.008631
v 0.087526 0.007801 0.007489
v 0.086281 0.006341 0.005938
v 0.084975 0.005280 0.004131
v 0.083657 0.004665 0.002134
v 0.082382 0.004520 0.000027
v 0.082382 0.004520 0.000027
v 0.081198 0.004846 -0.002109
v 0.080150 0.005635 -0.004194
v 0.079251 0.006842 -0.006149
v 0.078586 0.008445 -0.007896
v 0.078154 0.010369 -0.009369
v 0.077973 0.012541 -0.010513
v 0.078050 0.014878 -0.011282
v 0.087443 0.009909 0.009304
v 0.086093 0.008299 0.008336
v 0.084595 0.006925 0.006936
v 0.083103 0.005932 0.005239
v 0.081672 0.005359 0.003312
v 0.080359 0.005227 0.001228
v 0.080359 0.005227 0.001228
v 0.079213 0.005541 -0.000930
v 0.078281 0.006291 -0.003083
v 0.077570 0.007432 -0.005150
v 0.077155 0.008946 -0.007046
v 0.077031 0.010763 -0.008702
v 0.077199 0.012813 -0.010053
v 0.077656 0.015017 -0.011048
v 0.086397 0.010552 0.009934
v 0.084774 0.009103 0.009130
v 0.083048 0.007878 0.007869
v 0.081386 0.006995 0.006277
v 0.079851 0.006489 0.004414
v 0.078502 0.006380 0.002352
v 0.078502 0.006380 0.002352
v 0.077392 0.006674 0.000170
v 0.076563 0.007357 -0.002047
v 0.076027 0.008393 -0.004215
v 0.075844 0.009764 -0.006250
v 0.076000 0.011406 -0.008077
v 0.076490 0.013255 -0.009623
v 0.077294 0.015242 -0.010828
v 0.085488 0.011429 0.010494
v 0.083624 0.010196 0.009836
v 0.081699 0.009166 0.008700
v 0.079888 0.008428 0.007201
v 0.078262 0.008013 0.005395
v 0.076882 0.007935 0.003353
v 0.076882 0.007935 0.003353
v 0.075804 0.008198 0.001152
v 0.075051 0.008786 -0.001119
v 0.074683 0.009688 -0.003380
v 0.074701 0.010865 -0.005540
v 0.075102 0.012271 -0.007519
v 0.075871 0.013851 -0.009238
v 0.076979 0.015546 -0.010633
v 0.084748 0.012495 0.010966
v 0.082690 0.011534 0.010431
v 0.080601 0.010739 0.009401
v 0.078669 0.010178 0.007980
v 0.076967 0.009871 0.006222
v 0.075563 0.009830 0.004196
v 0.075563 0.009830 0.004196
v 0.074509 0.010058 0.001980
v 0.073848 0.010545 -0.000342
v 0.073589 0.011267 -0.002677
v 0.073770 0.012208 -0.004943
v 0.074371 0.013326 -0.007049
v 0.075367 0.014579 -0.008915
v 0.076722 0.015916 -0.010467
v 0.084206 0.013713 0.011330
v 0.082005 0.013064 0.010890
v 0.079795 0.012538 0.009942
v 0.077773 0.012177 0.008581
v 0.076016 0.011994 0.006861
v 0.074593 0.011997 0.004848
v 0.074593 0.011997 0.004848
v 0.073559 0.012183 0.002620
v 0.072953 0.012547 0.000260
v 0.072786 0.013070 -0.002133
v 0.073087 0.013741 -0.004480
v 0.073834 0.014531 -0.006686
v 0.074998 0.015408 -0.008665
v 0.076534 0.016339 -0.010340
v 0.083878 0.015033 0.011572
v 0.081593 0.014727 0.011194
v 0.079312 0.014492 0.010301
v 0.077236 0.014349 0.008982
v 0.075446 0.014301 0.007287
v 0.074012 0.014349 0.005282
v 0.074012 0.014349 0.005282
v 0.072990 0.014492 0.003047
v 0.072417 0.014722 0.000663
v 0.072306 0.015027 -0.001770
v 0.072679 0.015406 -0.004171
v 0.073514 0.015838 -0.006444
v 0.074776 0.016308 -0.008497
v 0.076421 0.016798 -0.010255
v 0.034408 0.016310 0.042772
v 0.032813 0.016324 0.043144
v 0.031174 0.016350 0.043198
v 0.029622 0.016384 0.042933
v 0.034441 0.016628 0.042765
v 0.032875 0.016951 0.043133
v 0.031264 0.017258 0.043183
v 0.029737 0.017529 0.042919
v 0.034526 0.016936 0.042730
v 0.033042 0.017552 0.043063
v 0.031506 0.018132 0.043081
v 0.030041 0.018630 0.042791
v 0.034660 0.017219 0.042664
v 0.033306 0.018107 0.042933
v 0.031890 0.018938 0.042894
v 0.030525 0.019646 0.042556
v 0.034840 0.017466 0.042571
v 0.033659 0.018593 0.042751
v 0.032401 0.019645 0.042628
v 0.031169 0.020539 0.042222
v 0.035057 0.017670 0.042454
v 0.034084 0.018993 0.042521
v 0.033019 0.020225 0.042294
v 0.031950 0.021272 0.041802
v 0.035303 0.017821 0.042319
v 0.034568 0.019290 0.042255
v 0.033721 0.020656 0.041907
v 0.032836 0.021818 0.041312
v 0.035570 0.017916 0.042167
v 0.035089 0.019474 0.041959
v 0.034479 0.020924 0.041478
v 0.033792 0.022154 0.040774
v 0.035846 0.017947 0.042009
v 0.035631 0.019536 0.041649
v 0.035265 0.021015 0.041027
v 0.034783 0.022269 0.040202
v 0.036120 0.017917 0.041849
v 0.036170 0.019476 0.041332
v 0.036047 0.020927 0.040568
v 0.035771 0.022156 0.039622
v 0.036384 0.017824 0.041692
v 0.036686 0.019294 0.041026
v 0.036797 0.020662 0.040122
v 0.036715 0.021823 0.039058
v 0.036625 0.017674 0.041546
v 0.037159 0.018999 0.040738
v 0.037484 0.020234 0.039704
v 0.037581 0.021282 0.038531
v 0.036835 0.017470 0.041416
v 0.037572 0.018601 0.040483
v 0.038083 0.019656 0.039331
v 0.038336 0.020554 0.038061
v 0.037007 0.017223 0.041305
v 0.037907 0.018117 0.040266
v 0.038570 0.018952 0.039018
v 0.038949 0.019665 0.037667
v 0.037132 0.016941 0.041220
v 0.038154 0.017563 0.040100
v 0.038927 0.018148 0.038777
v 0.039397 0.018651 0.037362
v 0.037208 0.016634 0.041164
v 0.038301 0.016962 0.039989
v 0.039139 0.017276 0.038615
v 0.039664 0.017551 0.037159
v 0.037229 0.016315 0.041138
v 0.038344 0.016336 0.039938
v 0.039200 0.016368 0.038540
v 0.039739 0.016407 0.037062
v 0.037198 0.015996 0.041143
v 0.038281 0.015710 0.039949
v 0.039108 0.015460 0.038557
v 0.039623 0.015262 0.037084
v 0.037113 0.015689 0.041181
v 0.038116 0.015108 0.040023
v 0.038868 0.014586 0.038664
v 0.039320 0.014162 0.037218
v 0.036979 0.015405 0.041249
v 0.037851 0.014552 0.040154
v 0.038484 0.013780 0.038853
v 0.038840 0.013146 0.037459
v 0.036800 0.015157 0.041343
v 0.037502 0.014065 0.040340
v 0.037977 0.013073 0.039122
v 0.038199 0.012254 0.037795
v 0.036585 0.014952 0.041462
v 0.037077 0.013665 0.040570
v 0.037361 0.012491 0.039457
v 0.037422 0.011521 0.038220
v 0.036339 0.014801 0.041598
v 0.036595 0.013366 0.040840
v 0.036662 0.012058 0.039847
v 0.036540 0.010975 0.038710
v 0.036073 0.014706 0.041751
v 0.036074 0.013182 0.041135
v 0.035905 0.011791 0.040275
v 0.035586 0.010639 0.039249
v 0.035797 0.014675 0.041909
v 0.035534 0.013119 0.041448
v 0.035121 0.011698 0.040730
v 0.034597 0.010521 0.039819
v 0.035523 0.014705 0.042070
v 0.034995 0.013179 0.041764
v 0.034339 0.011785 0.041188
v 0.033613 0.010630 0.040399
v 0.035258 0.014799 0.042226
v 0.034479 0.013361 0.042071
v 0.033591 0.012049 0.041635
v 0.032670 0.010961 0.040961
v 0.035017 0.014949 0.042372
v 0.034004 0.013657 0.042358
v 0.032902 0.012479 0.042050
v 0.031802 0.011504 0.041485
v 0.034806 0.015153 0.042500
v 0.033591 0.014057 0.042611
v 0.032302 0.013058 0.042420
v 0.031043 0.012235 0.041948
v 0.034633 0.015400 0.042610
v 0.033253 0.014542 0.042826
v 0.031813 0.013762 0.042733
v 0.030428 0.013124 0.042342
v 0.035901 0.016306 0.042094
v 0.034507 0.015683 0.042692
v 0.033006 0.015097 0.042988
v 0.031453 0.014567 0.042971
v 0.029974 0.014139 0.042644
v 0.034431 0.015991 0.042746
v 0.032856 0.015698 0.043095
v 0.031237 0.015441 0.043127
v 0.029703 0.015239 0.042843
v 0.028167 0.016413 0.042782
v 0.025852 0.016459 0.042442
v 0.023544 0.016519 0.041582
v 0.021449 0.016593 0.040287
v 0.019652 0.016679 0.038603
v 0.018217 0.016777 0.036593
v 0.018217 0.016777 0.036593
v 0.017199 0.016869 0.034354
v 0.016636 0.016959 0.031960
v 0.016550 0.017043 0.029501
v 0.016946 0.017119 0.027074
v 0.017808 0.017181 0.024771
v 0.019103 0.017230 0.022681
v 0.020791 0.017287 0.020872
v 0.028304 0.017789 0.042765
v 0.026024 0.018192 0.042419
v 0.023746 0.018557 0.041554
v 0.021675 0.018859 0.040254
v 0.019894 0.019084 0.038565
v 0.018465 0.019225 0.036560
v 0.018465 0.019225 0.036560
v 0.017441 0.019271 0.034320
v 0.016864 0.019222 0.031926
v 0.016756 0.019080 0.029471
v 0.017122 0.018850 0.027048
v 0.017946 0.018542 0.024751
v 0.019198 0.018166 0.022668
v 0.020840 0.017765 0.020864
v 0.028670 0.019113 0.042612
v 0.026484 0.019858 0.042228
v 0.024293 0.020520 0.041323
v 0.022280 0.021040 0.039995
v 0.020535 0.021399 0.038293
v 0.019118 0.021583 0.036285
v 0.019118 0.021583 0.036285
v 0.018083 0.021583 0.034050
v 0.017470 0.021400 0.031672
v 0.017302 0.021039 0.029241
v 0.017586 0.020517 0.026853
v 0.018310 0.019850 0.024597
v 0.019461 0.019095 0.022547
v 0.020968 0.018225 0.020810
v 0.029250 0.020335 0.042331
v 0.027220 0.021397 0.041873
v 0.025154 0.022332 0.040904
v 0.023239 0.023051 0.039527
v 0.021552 0.023532 0.037797
v 0.020155 0.023758 0.035780
v 0.020155 0.023758 0.035780
v 0.019100 0.023715 0.033553
v 0.018428 0.023407 0.031203
v 0.018164 0.022846 0.028819
v 0.018318 0.022052 0.026495
v 0.018886 0.021057 0.024316
v 0.019846 0.019898 0.022369
v 0.021170 0.018649 0.020712
v 0.030026 0.021407 0.041928
v 0.028197 0.022748 0.041366
v 0.026301 0.023919 0.040305
v 0.024512 0.024819 0.038864
v 0.022905 0.025406 0.037092
v 0.021534 0.025665 0.035062
v 0.021534 0.025665 0.035062
v 0.020453 0.025584 0.032850
v 0.019702 0.025168 0.030541
v 0.019310 0.024430 0.028224
v 0.019294 0.023399 0.025988
v 0.019652 0.022115 0.023919
v 0.020386 0.020654 0.022080
v 0.021440 0.019020 0.020571
v 0.030964 0.022286 0.041425
v 0.029377 0.023859 0.040722
v 0.027688 0.025222 0.039552
v 0.026054 0.026265 0.038026
v 0.024542 0.026942 0.036206
v 0.023202 0.027231 0.034161
v 0.023202 0.027231 0.034161
v 0.022089 0.027120 0.031967
v 0.021243 0.026613 0.029711
v 0.020697 0.025730 0.027477
v 0.020473 0.024505 0.025354
v 0.020580 0.022984 0.023420
v 0.021026 0.021253 0.021735
v 0.021765 0.019325 0.020397
v 0.032030 0.022947 0.040836
v 0.030717 0.024689 0.039977
v 0.029262 0.026190 0.038673
v 0.027806 0.027339 0.037055
v 0.026399 0.028084 0.035177
v 0.025096 0.028396 0.033113
v 0.025096 0.028396 0.033113
v 0.023945 0.028263 0.030940
v 0.022992 0.027690 0.028744
v 0.022271 0.026699 0.026607
v 0.021812 0.025328 0.024614
v 0.021648 0.023657 0.022823
v 0.021750 0.021698 0.021335
v 0.022135 0.019552 0.020192
v 0.033181 0.023350 0.040189
v 0.032165 0.025189 0.039156
v 0.030964 0.026777 0.037709
v 0.029697 0.028001 0.035987
v 0.028407 0.028789 0.034044
v 0.027142 0.029115 0.031957
v 0.027142 0.029115 0.031957
v 0.025952 0.028969 0.029807
v 0.024882 0.028355 0.027677
v 0.023972 0.027297 0.025648
v 0.023260 0.025836 0.023798
v 0.022784 0.024056 0.022183
v 0.022533 0.021974 0.020894
v 0.022534 0.019692 0.019967
v 0.034373 0.023490 0.039496
v 0.033663 0.025358 0.038299
v 0.032726 0.026977 0.036702
v 0.031656 0.028226 0.034865
v 0.030486 0.029029 0.032852
v 0.029262 0.029364 0.030736
v 0.029262 0.029364 0.030736
v 0.028031 0.029210 0.028613
v 0.026840 0.028583 0.026553
v 0.025735 0.027502 0.024636
v 0.024776 0.026034 0.022924
v 0.023962 0.024192 0.021507
v 0.023344 0.022067 0.020428
v 0.022947 0.019740 0.019730
v 0.035562 0.023351 0.038800
v 0.035156 0.025192 0.037428
v 0.034480 0.026788 0.035689
v 0.033607 0.028010 0.033731
v 0.032559 0.028800 0.031644
v 0.031375 0.029126 0.029508
v 0.031375 0.029126 0.029508
v 0.030103 0.028979 0.027405
v 0.028791 0.028364 0.025416
v 0.027490 0.027303 0.023614
v 0.026269 0.025866 0.022052
v 0.025135 0.024060 0.020822
v 0.024152 0.021976 0.019957
v 0.023359 0.019693 0.019490
v 0.036697 0.022947 0.038117
v 0.036590 0.024691 0.036578
v 0.036166 0.026204 0.034698
v 0.035479 0.027356 0.032624
v 0.034545 0.028104 0.030467
v 0.033401 0.028418 0.028308
v 0.033401 0.028418 0.028308
v 0.032090 0.028284 0.026228
v 0.030662 0.027708 0.024307
v 0.029192 0.026735 0.022600
v 0.027699 0.025364 0.021202
v 0.026258 0.023666 0.020154
v 0.024926 0.021704 0.019497
v 0.023754 0.019554 0.019255
v 0.037740 0.022301 0.037483
v 0.037904 0.023876 0.035780
v 0.037712 0.025244 0.033760
v 0.037197 0.026289 0.031585
v 0.036368 0.026971 0.029366
v 0.035259 0.027262 0.027185
v 0.035259 0.027262 0.027185
v 0.033911 0.027151 0.025126
v 0.032378 0.026642 0.023269
v 0.030735 0.025774 0.021665
v 0.029011 0.024547 0.020407
v 0.027289 0.023024 0.019530
v 0.025636 0.021262 0.019067
v 0.024116 0.019329 0.019036
v 0.038646 0.021426 0.036923
v 0.039048 0.022776 0.035067
v 0.039062 0.023949 0.032916
v 0.038694 0.024851 0.030653
v 0.037958 0.025444 0.028379
v 0.036879 0.025705 0.026180
v 0.036879 0.025705 0.026180
v 0.035501 0.025625 0.024142
v 0.033875 0.025205 0.022342
v 0.032079 0.024479 0.020830
v 0.030154 0.023446 0.019697
v 0.028187 0.022158 0.018972
v 0.026255 0.020666 0.018682
v 0.024431 0.019025 0.018840
v 0.039382 0.020358 0.036450
v 0.039982 0.021431 0.034467
v 0.040160 0.022370 0.032207
v 0.039913 0.023096 0.029869
v 0.039251 0.023582 0.027547
v 0.038199 0.023808 0.025333
v 0.038199 0.023808 0.025333
v 0.036796 0.023765 0.023311
v 0.035095 0.023454 0.021561
v 0.033174 0.022900 0.020127
v 0.031085 0.022103 0.019100
v 0.028919 0.021103 0.018502
v 0.026759 0.019938 0.018359
v 0.024688 0.018655 0.018675
v 0.039919 0.019138 0.036086
v 0.040661 0.019895 0.034005
v 0.040963 0.020565 0.031661
v 0.040806 0.021093 0.029261
v 0.040201 0.021457 0.026902
v 0.039167 0.021642 0.024676
v 0.039167 0.021642 0.024676
v 0.037745 0.021642 0.022667
v 0.035989 0.021454 0.020955
v 0.033976 0.021097 0.019583
v 0.031768 0.020570 0.018637
v 0.029455 0.019898 0.018139
v 0.027128 0.019109 0.018109
v 0.024876 0.018232 0.018548
v 0.040240 0.017816 0.035840
v 0.041065 0.018229 0.033695
v 0.041439 0.018605 0.031294
v 0.041338 0.018917 0.028855
v 0.040766 0.019149 0.026470
v 0.039744 0.019291 0.024234
v 0.039744 0.019291 0.024234
v 0.038314 0.019338 0.022232
v 0.036530 0.019292 0.020541
v 0.034457 0.019141 0.019219
v 0.032176 0.018905 0.018328
v 0.029776 0.018591 0.017897
v 0.027350 0.018209 0.017942
v 0.024989 0.017773 0.018463
v 0.040330 0.016441 0.035725
v 0.041180 0.016495 0.033553
v 0.041575 0.016565 0.031127
v 0.041491 0.016651 0.028668
v 0.040928 0.016744 0.026271
v 0.039910 0.016842 0.024024
v 0.039910 0.016842 0.024024
v 0.038477 0.016936 0.022029
v 0.036686 0.017026 0.020348
v 0.034596 0.017106 0.019050
v 0.032294 0.017175 0.018184
v 0.029869 0.017231 0.017784
v 0.027414 0.017272 0.017864
v 0.025022 0.017295 0.018423
v 0.040189 0.015064 0.035751
v 0.041004 0.014762 0.033582
v 0.041369 0.014529 0.031161
v 0.041262 0.014388 0.028703
v 0.040685 0.014341 0.026308
v 0.039661 0.014389 0.024067
v 0.039661 0.014389 0.024067
v 0.038232 0.014530 0.022067
v 0.036452 0.014762 0.020382
v 0.034389 0.015069 0.019081
v 0.032118 0.015444 0.018211
v 0.029731 0.015870 0.017805
v 0.027319 0.016334 0.017879
v 0.024974 0.016817 0.018431
v 0.039825 0.013741 0.035913
v 0.040543 0.013094 0.033783
v 0.040826 0.012570 0.031395
v 0.040656 0.012211 0.028963
v 0.040041 0.012028 0.026584
v 0.039005 0.012030 0.024348
v 0.039005 0.012030 0.024348
v 0.037588 0.012216 0.022343
v 0.035843 0.012579 0.020643
v 0.033843 0.013111 0.019312
v 0.031655 0.013777 0.018407
v 0.029367 0.014562 0.017959
v 0.027069 0.015432 0.017987
v 0.024846 0.016357 0.018486
v 0.039248 0.012521 0.036200
v 0.039814 0.011559 0.034144
v 0.039965 0.010765 0.031818
v 0.039698 0.010205 0.029434
v 0.039023 0.009900 0.027083
v 0.037968 0.009859 0.024857
v 0.037968 0.009859 0.024857
v 0.036571 0.010086 0.022844
v 0.034891 0.010580 0.021109
v 0.032981 0.011305 0.019733
v 0.030921 0.012242 0.018765
v 0.028790 0.013355 0.018240
v 0.026671 0.014602 0.018179
v 0.024644 0.015934 0.018584
v 0.038475 0.011452 0.036604
v 0.038839 0.010215 0.034653
v 0.038819 0.009185 0.032415
v 0.038424 0.008448 0.030098
v 0.037670 0.008034 0.027787
v 0.036587 0.007956 0.025575
v 0.036587 0.007956 0.025575
v 0.035216 0.008219 0.023545
v 0.033616 0.008821 0.021769
v 0.031833 0.009722 0.020328
v 0.029945 0.010896 0.019271
v 0.028023 0.012297 0.018637
v 0.026142 0.013873 0.018452
v 0.024373 0.015563 0.018723
v 0.037540 0.010574 0.037111
v 0.037660 0.009110 0.035290
v 0.037432 0.007887 0.033165
v 0.036884 0.007006 0.030930
v 0.036035 0.006501 0.028670
v 0.034920 0.006394 0.026475
v 0.034920 0.006394 0.026475
v 0.033579 0.006687 0.024428
v 0.032074 0.007377 0.022599
v 0.030446 0.008422 0.021074
v 0.028765 0.009790 0.019905
v 0.027096 0.011429 0.019136
v 0.025503 0.013275 0.018796
v 0.024048 0.015258 0.018898
v 0.022785 0.017301 0.019437
v 0.036478 0.009924 0.037704
v 0.036322 0.008290 0.036033
v 0.035858 0.006922 0.034036
v 0.035135 0.005933 0.031897
v 0.034179 0.005362 0.029696
v 0.033027 0.005231 0.027520
v 0.033027 0.005231 0.027520
v 0.031723 0.005546 0.025454
v 0.030318 0.006295 0.023575
v 0.028871 0.007455 0.021943
v 0.027426 0.008968 0.020644
v 0.026043 0.010783 0.019717
v 0.024778 0.012830 0.019195
v 0.023679 0.015031 0.019102
v 0.035330 0.009520 0.038353
v 0.034874 0.007786 0.036852
v 0.034158 0.006326 0.034997
v 0.033245 0.005270 0.032964
v 0.032172 0.004659 0.030827
v 0.030981 0.004515 0.028673
v 0.030981 0.004515 0.028673
v 0.029717 0.004843 0.026584
v 0.028427 0.005631 0.024640
v 0.027169 0.006858 0.022902
v 0.025978 0.008461 0.021460
v 0.024907 0.010385 0.020357
v 0.023996 0.012555 0.019637
v 0.023280 0.014891 0.019328
v 0.034141 0.009381 0.039035
v 0.033375 0.007617 0.037715
v 0.032396 0.006123 0.036010
v 0.031288 0.005043 0.034088
v 0.030095 0.004418 0.032021
v 0.028862 0.004271 0.029885
v 0.028862 0.004271 0.029885
v 0.027638 0.004603 0.027777
v 0.026469 0.005405 0.025763
v 0.025407 0.006654 0.023913
v 0.024480 0.008288 0.022319
v 0.023730 0.010248 0.021033
v 0.023185 0.012462 0.020103
v 0.022868 0.014842 0.019568
v 0.032959 0.009510 0.039729
v 0.031883 0.007784 0.038587
v 0.030641 0.006319 0.037036
v 0.029338 0.005261 0.035227
v 0.028024 0.004650 0.033229
v 0.026751 0.004505 0.031123
v 0.026751 0.004505 0.031123
v 0.025568 0.004833 0.028986
v 0.024518 0.005622 0.026902
v 0.023642 0.006841 0.024949
v 0.022988 0.008456 0.023191
v 0.022556 0.010380 0.021717
v 0.022376 0.012552 0.020574
v 0.022455 0.014889 0.019805
v 0.031825 0.009906 0.040404
v 0.030455 0.008280 0.039436
v 0.028960 0.006907 0.038034
v 0.027470 0.005915 0.036337
v 0.026041 0.005344 0.034409
v 0.024730 0.005212 0.032326
v 0.024730 0.005212 0.032326
v 0.023584 0.005527 0.030166
v 0.022650 0.006275 0.028013
v 0.021960 0.007429 0.025949
v 0.021557 0.008958 0.024041
v 0.021433 0.010775 0.022385
v 0.021602 0.012825 0.021034
v 0.022059 0.015028 0.020039
v 0.030783 0.010552 0.041033
v 0.029144 0.009090 0.040227
v 0.027418 0.007863 0.038968
v 0.025757 0.006979 0.037377
v 0.024223 0.006474 0.035512
v 0.022874 0.006365 0.033452
v 0.022874 0.006365 0.033452
v 0.021765 0.006657 0.031270
v 0.020935 0.007340 0.029053
v 0.020417 0.008386 0.026884
v 0.020245 0.009775 0.024837
v 0.020402 0.011417 0.023010
v 0.020893 0.013267 0.021464
v 0.021697 0.015253 0.020258
v 0.029873 0.011428 0.041593
v 0.028001 0.010187 0.040936
v 0.026074 0.009154 0.039802
v 0.024262 0.008414 0.038304
v 0.022636 0.007998 0.036498
v 0.021257 0.007919 0.034455
v 0.021257 0.007919 0.034455
v 0.020178 0.008182 0.032255
v 0.019440 0.008775 0.029981
v 0.019072 0.009677 0.027719
v 0.019088 0.010854 0.025559
v 0.019503 0.012282 0.023568
v 0.020273 0.013863 0.021848
v 0.021382 0.015558 0.020454
v 0.029133 0.012496 0.042062
v 0.027068 0.011528 0.041532
v 0.024978 0.010729 0.040505
v 0.023044 0.010165 0.039084
v 0.021342 0.009856 0.037326
v 0.019938 0.009813 0.035301
v 0.019938 0.009813 0.035301
v 0.018884 0.010040 0.033084
v 0.018223 0.010526 0.030762
v 0.017977 0.011253 0.028422
v 0.018157 0.012193 0.026156
v 0.018772 0.013337 0.024038
v 0.019769 0.014590 0.022171
v 0.021125 0.015928 0.020619
v 0.028591 0.013715 0.042425
v 0.026386 0.013062 0.041988
v 0.024173 0.012527 0.041048
v 0.022149 0.012164 0.039686
v 0.020392 0.011977 0.037966
v 0.018970 0.011978 0.035954
v 0.018970 0.011978 0.035954
v 0.017934 0.012162 0.033725
v 0.017328 0.012524 0.031366
v 0.017172 0.013051 0.028966
v 0.017474 0.013724 0.026619
v 0.018223 0.014515 0.024413
v 0.019400 0.015419 0.022421
v 0.020937 0.016351 0.020746
v 0.028265 0.015038 0.042667
v 0.025977 0.014729 0.042292
v 0.023692 0.014484 0.041406
v 0.021612 0.014330 0.040092
v 0.019821 0.014280 0.038396
v 0.018388 0.014327 0.036391
v 0.018388 0.014327 0.036391
v 0.017364 0.014468 0.034154
v 0.016792 0.014698 0.031770
v 0.016690 0.015008 0.029330
v 0.017066 0.015388 0.026929
v 0.017902 0.015821 0.024657
v 0.019178 0.016319 0.022589
v 0.020824 0.016810 0.020831

vt 0.8278409838676453 0.45644399523735046
vt 0.826865017414093 0.4554019868373871
vt 0.8279070258140564 0.45609599351882935
vt 0.842058002948761 0.47177499532699585
vt 0.8379759788513184 0.4672119915485382
vt 0.8428469896316528 0.46157199144363403
vt 0.870015025138855 0.21894599497318268
vt 0.8949459791183472 0.20901000499725342
vt 0.8915359973907471 0.2437479943037033
vt 0.6260669827461243 0.7135480046272278
vt 0.6468520164489746 0.6903970241546631
vt 0.6555330157279968 0.7033439874649048
vt 0.8739269971847534 0.4945499897003174
vt 0.8762570023536682 0.4937399923801422
vt 0.8753820061683655 0.49635401368141174
vt 0.8720189929008484 0.48354199528694153
vt 0.8709400296211243 0.4825359880924225
vt 0.8714720010757446 0.4707779884338379
vt 0.8715090155601501 0.44995400309562683
vt 0.8721479773521423 0.46094000339508057
vt 0.8698840141296387 0.4508959949016571
vt 0.16580000519752502 0.45552900433540344
vt 0.16484500467777252 0.4565669894218445
vt 0.1647759974002838 0.45621898770332336
vt 0.15486900508403778 0.4673610031604767
vt 0.15085600316524506 0.4719400107860565
vt 0.14995600283145905 0.4617210030555725
vt 0.8383150100708008 0.3957679867744446
vt 0.8440260291099548 0.4002079963684082
vt 0.8403800129890442 0.40287598967552185
vt 0.8465999960899353 0.3820120096206665
vt 0.849120020866394 0.39375999569892883
vt 0.8414350152015686 0.3849479854106903
vt 0.8625530004501343 0.5156610012054443
vt 0.8633530139923096 0.5098900198936462
vt 0.8659049868583679 0.5128589868545532
vt 0.9031969904899597 0.4435409903526306
vt 0.8909969925880432 0.4457170069217682
vt 0.8963350057601929 0.42058300971984863
vt 0.8644809722900391 0.49005600810050964
vt 0.8659430146217346 0.4937480092048645
vt 0.8629360198974609 0.49307700991630554
vt 0.8789089918136597 0.49639201164245605
vt 0.8778359889984131 0.4993079900741577
vt 0.8232380151748657 0.42397600412368774
vt 0.8162720203399658 0.41867199540138245
vt 0.8242300152778625 0.4094510078430176
vt 0.8380799889564514 0.4604960083961487
vt 0.8361679911613464 0.4680219888687134
vt 0.870186984539032 0.43730300664901733
vt 0.863523006439209 0.42940500378608704
vt 0.8656929731369019 0.4260829985141754
vt 0.8638290166854858 0.43761301040649414
vt 0.8638299703598022 0.4407530128955841
vt 0.857958972454071 0.43334099650382996
vt 0.86701899766922 0.4998529851436615
vt 0.8640360236167908 0.5054550170898438
vt 0.863152027130127 0.5045909881591797
vt 0.897221028804779 0.48843899369239807
vt 0.8990569710731506 0.5033230185508728
vt 0.896822988986969 0.5039830207824707
vt 0.8669049739837646 0.49178001284599304
vt 0.8698880076408386 0.4908829927444458
vt 0.8687630295753479 0.49305298924446106
vt 0.8446969985961914 0.49453499913215637
vt 0.8471810221672058 0.4929580092430115
vt 0.8469610214233398 0.4953959882259369
vt 0.8886139988899231 0.41509100794792175
vt 0.8788020014762878 0.39724400639533997
vt 0.8767639994621277 0.38905099034309387
vt 0.8361729979515076 0.3885039985179901
vt 0.8340259790420532 0.39528700709342957
vt 0.8318250179290771 0.38786599040031433
vt 0.850583016872406 0.4998689889907837
vt 0.8515099883079529 0.4968720078468323
vt 0.8540409803390503 0.4975390136241913
vt 0.8661249876022339 0.48705199360847473
vt 0.8682249784469604 0.48936301469802856
vt 0.8689529895782471 0.4630430042743683
vt 0.8629040122032166 0.47519201040267944
vt 0.8643919825553894 0.4614270031452179
vt 0.8721699714660645 0.4907529950141907
vt 0.873166024684906 0.4828589856624603
vt 0.8147150278091431 0.4390519857406616
vt 0.8202469944953918 0.44222700595855713
vt 0.8153859972953796 0.4460099935531616
vt 0.874813973903656 0.4076080024242401
vt 0.8755620121955872 0.39690300822257996
vt 0.8795400261878967 0.41107600927352905
vt 0.8578220009803772 0.4978879988193512
vt 0.854636013507843 0.49166399240493774
vt 0.8571329712867737 0.4911009967327118
vt 0.8526840209960938 0.4025680124759674
vt 0.8590289950370789 0.4036569893360138
vt 0.857200026512146 0.40824300050735474
vt 0.8635560274124146 0.48500001430511475
vt 0.8619440197944641 0.4879649877548218
vt 0.8171910047531128 0.4308770000934601
vt 0.8229950070381165 0.43559199571609497
vt 0.8208699822425842 0.4667240083217621
vt 0.8248429894447327 0.4643140137195587
vt 0.8258510231971741 0.46595901250839233
vt 0.8157709836959839 0.46596598625183105
vt 0.8178560137748718 0.4637410044670105
vt 0.8187980055809021 0.4671030044555664
vt 0.8269019722938538 0.46665701270103455
vt 0.8263440132141113 0.46508699655532837
vt 0.8269630074501038 0.46505799889564514
vt 0.8674160242080688 0.476408988237381
vt 0.8708789944648743 0.4660150110721588
vt 0.8694760203361511 0.4790869951248169
vt 0.8354889750480652 0.44468000531196594
vt 0.8391039967536926 0.4399909973144531
vt 0.837490975856781 0.44620901346206665
vt 0.8187190294265747 0.4491400122642517
vt 0.8245890140533447 0.44691601395606995
vt 0.8218939900398254 0.4521479904651642
vt 0.873449981212616 0.44890400767326355
vt 0.8789089918136597 0.4596889913082123
vt 0.8759850263595581 0.4603540003299713
vt 0.8720269799232483 0.5037029981613159
vt 0.8752319812774658 0.5046110153198242
vt 0.8737059831619263 0.5072330236434937
vt 0.9139419794082642 0.37224799394607544
vt 0.9108099937438965 0.41074201464653015
vt 0.8927950263023376 0.3680570125579834
vt 0.851839005947113 0.40943801403045654
vt 0.8557199835777283 0.414436012506485
vt 0.8493430018424988 0.5019950270652771
vt 0.8522229790687561 0.5013909935951233
vt 0.8555619716644287 0.5038130283355713
vt 0.8388559818267822 0.4924069941043854
vt 0.8362100124359131 0.4970029890537262
vt 0.8351430296897888 0.4935770034790039
vt 0.833640992641449 0.5243149995803833
vt 0.8257579803466797 0.5238170027732849
vt 0.8244940042495728 0.5093539953231812
vt 0.8760110139846802 0.38244301080703735
vt 0.8489930033683777 0.3985469937324524
vt 0.8411419987678528 0.3918929994106293
vt 0.8361859917640686 0.38043299317359924
vt 0.840694010257721 0.4893589913845062
vt 0.8441470265388489 0.4888179898262024
vt 0.8426309823989868 0.4922789931297302
vt 0.8665509819984436 0.49635300040245056
vt 0.8676760196685791 0.49484899640083313
vt 0.8652970194816589 0.497855007648468
vt 0.8623300194740295 0.49956899881362915
vt 0.8640199899673462 0.4966990053653717
vt 0.8468090295791626 0.48939499258995056
vt 0.8459150195121765 0.4869750142097473
vt 0.05201999843120575 0.33016499876976013
vt 0.03177199885249138 0.301144003868103
vt 0.05839899927377701 0.2927809953689575
vt 0.8634020090103149 0.45396700501441956
vt 0.8654729723930359 0.447501003742218
vt 0.8682159781455994 0.4552040100097656
vt 0.8855519890785217 0.46919000148773193
vt 0.8894060254096985 0.48757100105285645
vt 0.8863080143928528 0.4872550070285797
vt 0.8935999870300293 0.452796995639801
vt 0.9068059921264648 0.4704749882221222
vt 0.8983989953994751 0.4694719910621643
vt 0.8403130173683167 0.4884929955005646
vt 0.8414739966392517 0.48604801297187805
vt 0.8149420022964478 0.4005649983882904
vt 0.861998975276947 0.3917289972305298
vt 0.8653960227966309 0.3868210017681122
vt 0.8670060038566589 0.39939799904823303
vt 0.8273100256919861 0.462458997964859
vt 0.8278300166130066 0.4644260108470917
vt 0.8406620025634766 0.4997499883174896
vt 0.839851975440979 0.4955500066280365
vt 0.8536940217018127 0.3982360064983368
vt 0.8311589956283569 0.47926801443099976
vt 0.8222010135650635 0.48261600732803345
vt 0.8256109952926636 0.4716159999370575
vt 0.8343629837036133 0.44376298785209656
vt 0.8357260227203369 0.4392409920692444
vt 0.848779022693634 0.40535101294517517
vt 0.842170000076294 0.4805920124053955
vt 0.8469949960708618 0.4742929935455322
vt 0.8431389927864075 0.48176300525665283
vt 0.8543769717216492 0.3828839957714081
vt 0.8562139868736267 0.38959801197052
vt 0.8504729866981506 0.3821150064468384
vt 0.848576009273529 0.48835399746894836
vt 0.8501120209693909 0.49089300632476807
vt 0.8485900163650513 0.490913987159729
vt 0.8481410145759583 0.4851570129394531
vt 0.8535820245742798 0.3909139931201935
vt 0.8702960014343262 0.4577830135822296
vt 0.8701329827308655 0.4932279884815216
vt 0.8712959885597229 0.4907810091972351
vt 0.8281159996986389 0.4567809998989105
vt 0.8283380270004272 0.4570600092411041
vt 0.8280990123748779 0.45705801248550415
vt 0.8282690048217773 0.45600900053977966
vt 0.828574001789093 0.4562990069389343
vt 0.8281689882278442 0.45640599727630615
vt 0.8287389874458313 0.4545539915561676
vt 0.8308259844779968 0.45357200503349304
vt 0.8294379711151123 0.455267995595932
vt 0.8730080127716064 0.4908890128135681
vt 0.8721060156822205 0.4935680031776428
vt 0.8677979707717896 0.497175008058548
vt 0.8690230250358582 0.4953779876232147
vt 0.8136259913444519 0.45126599073410034
vt 0.817093014717102 0.45000800490379333
vt 0.8164420127868652 0.4528219997882843
vt 0.8243499994277954 0.39586400985717773
vt 0.8295009732246399 0.4020160138607025
vt 0.8444269895553589 0.4728260040283203
vt 0.8484079837799072 0.46216699481010437
vt 0.8489500284194946 0.5009120106697083
vt 0.847275972366333 0.5250329971313477
vt 0.8530799746513367 0.5191419720649719
vt 0.8547769784927368 0.5248259902000427
vt 0.8281559944152832 0.4555639922618866
vt 0.8283489942550659 0.4544529914855957
vt 0.8283849954605103 0.45546799898147583
vt 0.8278329968452454 0.4568159878253937
vt 0.8266919851303101 0.4562459886074066
vt 0.8292350172996521 0.46145498752593994
vt 0.827895998954773 0.45882800221443176
vt 0.828577995300293 0.4584220051765442
vt 0.8278660178184509 0.44422799348831177
vt 0.8288319706916809 0.43721601366996765
vt 0.8314840197563171 0.44365400075912476
vt 0.8423330187797546 0.4840199947357178
vt 0.8515570163726807 0.4339410066604614
vt 0.8525360226631165 0.42987000942230225
vt 0.8270429968833923 0.4580470025539398
vt 0.8260059952735901 0.4612570106983185
vt 0.8251450061798096 0.46013298630714417
vt 0.8313530087471008 0.5143920183181763
vt 0.8394420146942139 0.512336015701294
vt 0.839093029499054 0.5219550132751465
vt 0.9012020230293274 0.5404430031776428
vt 0.906029999256134 0.5470629930496216
vt 0.8933799862861633 0.565617024898529
vt 0.8763579726219177 0.42125099897384644
vt 0.8801199793815613 0.4268290102481842
vt 0.8650410175323486 0.49536100029945374
vt 0.8294129967689514 0.4570249915122986
vt 0.8284379839897156 0.45674100518226624
vt 0.827875018119812 0.45730501413345337
vt 0.8273329734802246 0.4585550129413605
vt 0.8343999981880188 0.4844990074634552
vt 0.8385099768638611 0.48221299052238464
vt 0.8384220004081726 0.48683199286460876
vt 0.8297640085220337 0.4343920052051544
vt 0.8227289915084839 0.4300850033760071
vt 0.8835179805755615 0.45805299282073975
vt 0.8763819932937622 0.44738999009132385
vt 0.8807960152626038 0.44544699788093567
vt 0.8491809964179993 0.493012011051178
vt 0.8523939847946167 0.492251992225647
vt 0.8182039856910706 0.4524630010128021
vt 0.8286470174789429 0.45580899715423584
vt 0.8845070004463196 0.4992330074310303
vt 0.8581399917602539 0.3954319953918457
vt 0.8630340099334717 0.40149399638175964
vt 0.8307650089263916 0.4594460129737854
vt 0.8291069865226746 0.45786601305007935
vt 0.8180320262908936 0.45621898770332336
vt 0.8213610053062439 0.45511001348495483
vt 0.8215630054473877 0.45833298563957214
vt 0.8466929793357849 0.4445030093193054
vt 0.8456979990005493 0.45370399951934814
vt 0.8429160118103027 0.4514000117778778
vt 0.8806859850883484 0.5073639750480652
vt 0.8784869909286499 0.5103939771652222
vt 0.8583229780197144 0.5459750294685364
vt 0.8636249899864197 0.5374670028686523
vt 0.8724139928817749 0.5383089780807495
vt 0.8097599744796753 0.4190930128097534
vt 0.8134999871253967 0.4273670017719269
vt 0.8407819867134094 0.4918980002403259
vt 0.8403599858283997 0.49063798785209656
vt 0.8831750154495239 0.4283129870891571
vt 0.8555009961128235 0.4373230040073395
vt 0.8554379940032959 0.4436059892177582
vt 0.850534975528717 0.44091498851776123
vt 0.8662509918212891 0.5073580145835876
vt 0.8607209920883179 0.4414519965648651
vt 0.5126969814300537 0.504194974899292
vt 0.5130670070648193 0.5044559836387634
vt 0.5126839876174927 0.5046690106391907
vt 0.8285629749298096 0.45537900924682617
vt 0.5050579905509949 0.5056419968605042
vt 0.5078750252723694 0.5038520097732544
vt 0.507972002029419 0.5072929859161377
vt 0.5123350024223328 0.5089380145072937
vt 0.5100769996643066 0.5124719738960266
vt 0.5100520253181458 0.5087170004844666
vt 0.5145149827003479 0.5038920044898987
vt 0.5133010149002075 0.5036010146141052
vt 0.514307975769043 0.5029550194740295
vt 0.5157020092010498 0.4998849928379059
vt 0.5133240222930908 0.5009639859199524
vt 0.513729989528656 0.49890801310539246
vt 0.6073499917984009 0.5406110286712646
vt 0.6189749836921692 0.5269439816474915
vt 0.6207060217857361 0.5325800180435181
vt 0.1240139976143837 0.2189520001411438
vt 0.09962499886751175 0.2090270072221756
vt 0.13226599991321564 0.19378000497817993
vt 0.8319259881973267 0.42950400710105896
vt 0.8694739937782288 0.49801701307296753
vt 0.8701329827308655 0.501384973526001
vt 0.8678799867630005 0.5001260042190552
vt 0.8562210202217102 0.4853459894657135
vt 0.854964017868042 0.4765790104866028
vt 0.8595010042190552 0.47527000308036804
vt 0.8774489760398865 0.48509299755096436
vt 0.8748340010643005 0.49195200204849243
vt 0.875665009021759 0.4837380051612854
vt 0.8733599781990051 0.5012249946594238
vt 0.876613974571228 0.5019580125808716
vt 0.841094970703125 0.4793809950351715
vt 0.8054140210151672 0.4367919862270355
vt 0.8103209733963013 0.43671301007270813
vt 0.892195999622345 0.5942659974098206
vt 0.8819159865379333 0.571861982345581
vt 0.9689260125160217 0.40340301394462585
vt 0.9467949867248535 0.36522701382637024
vt 0.9678019881248474 0.36963599920272827
vt 0.8368769884109497 0.42885899543762207
vt 0.8330860137939453 0.41382598876953125
vt 0.8377249836921692 0.41497498750686646
vt 0.8480039834976196 0.5077030062675476
vt 0.8454939723014832 0.5098220109939575
vt 0.8436220288276672 0.5044050216674805
vt 0.8440020084381104 0.4164609909057617
vt 0.8280519843101501 0.45725199580192566
vt 0.8282610177993774 0.45723798871040344
vt 0.8387079834938049 0.4795610010623932
vt 0.8390420079231262 0.47780200839042664
vt 0.8738210201263428 0.4828239977359772
vt 0.8415740132331848 0.4924989938735962
vt 0.9533510208129883 0.42948201298713684
vt 0.9711030125617981 0.4624600112438202
vt 0.9549949765205383 0.46577298641204834
vt 0.7353799939155579 0.5950589776039124
vt 0.7467229962348938 0.6229550242424011
vt 0.734142005443573 0.6255249977111816
vt 0.8069919943809509 0.4745180010795593
vt 0.8091470003128052 0.4560289978981018
vt 0.8134239912033081 0.4786809980869293
vt 0.688497006893158 0.5152729749679565
vt 0.6753810048103333 0.49340900778770447
vt 0.6892709732055664 0.49281200766563416
vt 0.8346030116081238 0.40304601192474365
vt 0.8376060128211975 0.40344101190567017
vt 0.8169530034065247 0.4601050019264221
vt 0.8158749938011169 0.46368101239204407
vt 0.8151649832725525 0.461557000875473
vt 0.5454829931259155 0.5953390002250671
vt 0.5613399744033813 0.5854139924049377
vt 0.5492209792137146 0.6009399890899658
vt 0.5187940001487732 0.50176602602005
vt 0.5164260268211365 0.5045689940452576
vt 0.5156199932098389 0.5024660229682922
vt 0.9220669865608215 0.47556400299072266
vt 0.9168040156364441 0.5157229900360107
vt 0.9178370237350464 0.459538996219635
vt 0.7026090025901794 0.49628299474716187
vt 0.7005019783973694 0.5189070105552673
vt 0.5983049869537354 0.17724600434303284
vt 0.6312209963798523 0.16064700484275818
vt 0.6508650183677673 0.1889220029115677
vt 0.8446599841117859 0.3770720064640045
vt 0.8291469812393188 0.3748829960823059
vt 0.8469300270080566 0.3707509934902191
vt 0.5110300183296204 0.6726790070533752
vt 0.5248640179634094 0.660103976726532
vt 0.5261650085449219 0.6750569939613342
vt 0.560267984867096 0.7883110046386719
vt 0.5306730270385742 0.8108530044555664
vt 0.5274559855461121 0.7914320230484009
vt 0.9501799941062927 0.39912500977516174
vt 0.970058023929596 0.4310300052165985
vt 0.834077000617981 0.47140100598335266
vt 0.8371149897575378 0.47467899322509766
vt 0.8361020088195801 0.4777649939060211
vt 0.8846439719200134 0.41507700085639954
vt 0.5292779803276062 0.6235299706459045
vt 0.5101109743118286 0.6323069930076599
vt 0.510483980178833 0.6160169839859009
vt 0.566976010799408 0.8069850206375122
vt 0.533545970916748 0.828016996383667
vt 0.8297410011291504 0.4879019856452942
vt 0.8345180153846741 0.4903950095176697
vt 0.5760700106620789 0.5687230229377747
vt 0.5900319814682007 0.5489180088043213
vt 0.591543972492218 0.5533149838447571
vt 0.8160210251808167 0.5983690023422241
vt 0.8349840044975281 0.5728390216827393
vt 0.8282520174980164 0.6191650032997131
vt 0.5137640237808228 0.5054849982261658
vt 0.5133579969406128 0.5039169788360596
vt 0.5148040056228638 0.5078700184822083
vt 0.5225780010223389 0.5062580108642578
vt 0.5167570114135742 0.5108489990234375
vt 0.5129889845848083 0.5033469796180725
vt 0.5131750106811523 0.5022180080413818
vt 0.5135520100593567 0.502344012260437
vt 0.5128219723701477 0.5040159821510315
vt 0.5127959847450256 0.504144012928009
vt 0.5036680102348328 0.5085240006446838
vt 0.5021650195121765 0.5128660202026367
vt 0.50142502784729 0.5079759955406189
vt 0.513189971446991 0.5124490261077881
vt 0.5101959705352783 0.5041109919548035
vt 0.5120530128479004 0.5045880079269409
vt 0.5102450251579285 0.5056279897689819
vt 0.5119410157203674 0.5039889812469482
vt 0.5125539898872375 0.5038229823112488
vt 0.5125700235366821 0.5039389729499817
vt 0.5126529932022095 0.5041599869728088
vt 0.5123379826545715 0.5047289729118347
vt 0.5089439749717712 0.4994249939918518
vt 0.510420024394989 0.5015619993209839
vt 0.511322021484375 0.5062360167503357
vt 0.5127720236778259 0.5038859844207764
vt 0.8490399718284607 0.4302099943161011
vt 0.84682297706604 0.4384399950504303
vt 0.8440020084381104 0.43557900190353394
vt 0.8526039719581604 0.48989298939704895
vt 0.8497130274772644 0.49174100160598755
vt 0.8594899773597717 0.5120429992675781
vt 0.8728560209274292 0.4969109892845154
vt 0.874405026435852 0.49874499440193176
vt 0.7990000247955322 0.49461299180984497
vt 0.7835890054702759 0.4869210124015808
vt 0.7948529720306396 0.46504300832748413
vt 0.8485609889030457 0.4952870011329651
vt 0.8722590208053589 0.4694660007953644
vt 0.8731470108032227 0.4693390130996704
vt 0.8125200271606445 0.6570309996604919
vt 0.8430889844894409 0.6351069808006287
vt 0.8281940221786499 0.6736220121383667
vt 0.6170740127563477 0.5830259919166565
vt 0.6208209991455078 0.5827100276947021
vt 0.6202520132064819 0.5845999717712402
vt 0.6235809922218323 0.5846149921417236
vt 0.622713029384613 0.5866199731826782
vt 0.8764669895172119 0.5542420148849487
vt 0.86770099401474 0.5828740000724792
vt 0.6176409721374512 0.5808050036430359
vt 0.6241869926452637 0.5787360072135925
vt 0.5878499746322632 0.592881977558136
vt 0.593222975730896 0.5891410112380981
vt 0.589368999004364 0.5945820212364197
vt 0.6053439974784851 0.5363659858703613
vt 0.8402050137519836 0.4899420142173767
vt 0.8400850296020508 0.487870991230011
vt 0.603223979473114 0.5750799775123596
vt 0.5935260057449341 0.5785279870033264
vt 0.6043360233306885 0.5705860257148743
vt 0.6096850037574768 0.5771080255508423
vt 0.6115790009498596 0.5731679797172546
vt 0.8381819725036621 0.5011799931526184
vt 0.8314470052719116 0.4993000030517578
vt 0.5833920240402222 0.5936400294303894
vt 0.5848900079727173 0.5853419899940491
vt 0.5856760144233704 0.5873240232467651
vt 0.8808760046958923 0.47009098529815674
vt 0.8775449991226196 0.470007985830307
vt 0.5870590209960938 0.590707004070282
vt 0.5929489731788635 0.5864490270614624
vt 0.5937569737434387 0.574953019618988
vt 0.8458840250968933 0.5172759890556335
vt 0.8507680296897888 0.5130580067634583
vt 0.6382690072059631 0.5822550058364868
vt 0.6305379867553711 0.5828229784965515
vt 0.6343119740486145 0.5795900225639343
vt 0.6363109946250916 0.5726979970932007
vt 0.640404999256134 0.5754259824752808
vt 0.4965760111808777 0.5919229984283447
vt 0.5089280009269714 0.6020690202713013
vt 0.49659299850463867 0.6038550138473511
vt 0.6058509945869446 0.5663179755210876
vt 0.6135500073432922 0.5687080025672913
vt 0.8180969953536987 0.4258910119533539
vt 0.8773109912872314 0.4333359897136688
vt 0.6311339735984802 0.5770459771156311
vt 0.6275349855422974 0.5807420015335083
vt 0.6270830035209656 0.5691720247268677
vt 0.6242380142211914 0.5634840130805969
vt 0.6309660077095032 0.5650910139083862
vt 0.6440219879150391 0.578574001789093
vt 0.6460480093955994 0.5724560022354126
vt 0.6503880023956299 0.5760260224342346
vt 0.6461060047149658 0.5815560221672058
vt 0.6524810194969177 0.5810030102729797
vt 0.8562790155410767 0.5293999910354614
vt 0.8639559745788574 0.5317680239677429
vt 0.8526309728622437 0.5306529998779297
vt 0.6473580002784729 0.5658630132675171
vt 0.6532019972801208 0.5695649981498718
vt 0.6546099781990051 0.5627359747886658
vt 0.6619529724121094 0.5677570104598999
vt 0.6586390137672424 0.5741559863090515
vt 0.6680279970169067 0.57355797290802
vt 0.6365079879760742 0.5665379762649536
vt 0.6350640058517456 0.561020016670227
vt 0.6417419910430908 0.5628589987754822
vt 0.36805999279022217 0.7141969799995422
vt 0.34728801250457764 0.6906790137290955
vt 0.3732059895992279 0.6997280120849609
vt 0.6010299921035767 0.5826529860496521
vt 0.5954629778862 0.5906130075454712
vt 0.6204490065574646 0.5774270296096802
vt 0.6138240098953247 0.5801820158958435
vt 0.6162620186805725 0.576570987701416
vt 0.6029710173606873 0.5878350138664246
vt 0.6088579893112183 0.595982015132904
vt 0.6066300272941589 0.5970020294189453
vt 0.5936750173568726 0.5957819819450378
vt 0.5978530049324036 0.5919539928436279
vt 0.6047549843788147 0.5985890030860901
vt 0.84101402759552 0.505657970905304
vt 0.6068450212478638 0.5619029998779297
vt 0.6186569929122925 0.5564479827880859
vt 0.6176689863204956 0.5598359704017639
vt 0.9401980042457581 0.47332799434661865
vt 0.9548140168190002 0.5097230076789856
vt 0.9417170286178589 0.5150259733200073
vt 0.6267200112342834 0.634207010269165
vt 0.636821985244751 0.6321619749069214
vt 0.6291490197181702 0.6383159756660461
vt 0.6173840165138245 0.634585976600647
vt 0.6189889907836914 0.639365017414093
vt 0.6262869834899902 0.6121670007705688
vt 0.6219239830970764 0.613739013671875
vt 0.623242974281311 0.6102129817008972
vt 0.6276770234107971 0.6075729727745056
vt 0.6242370009422302 0.6067259907722473
vt 0.6203640103340149 0.6438310146331787
vt 0.6245250105857849 0.5890340209007263
vt 0.62807297706604 0.5897229909896851
vt 0.6263139843940735 0.591850996017456
vt 0.619301974773407 0.5867710113525391
vt 0.613726019859314 0.5983350276947021
vt 0.6132529973983765 0.5970929861068726
vt 0.6212660074234009 0.6466310024261475
vt 0.6097819805145264 0.6537209749221802
vt 0.6095899939537048 0.6503170132637024
vt 0.6165480017662048 0.5854380130767822
vt 0.6257860064506531 0.5869079828262329
vt 0.6337659955024719 0.5862500071525574
vt 0.8685399889945984 0.5231459736824036
vt 0.8640919923782349 0.5200600028038025
vt 0.867480993270874 0.5165290236473083
vt 0.8909289836883545 0.5025879740715027
vt 0.6220329999923706 0.5912820100784302
vt 0.613988995552063 0.6009500026702881
vt 0.6138899922370911 0.5996410250663757
vt 0.6211400032043457 0.5890129804611206
vt 0.628724992275238 0.5981259942054749
vt 0.6240710020065308 0.5967739820480347
vt 0.6278510093688965 0.5952280163764954
vt 0.6139870285987854 0.6046879887580872
vt 0.6244980096817017 0.6039069890975952
vt 0.6139019727706909 0.6059460043907166
vt 0.614022970199585 0.6034770011901855
vt 0.6140419840812683 0.6022520065307617
vt 0.6306549906730652 0.593375027179718
vt 0.6396840214729309 0.593254029750824
vt 0.6523860096931458 0.587693989276886
vt 0.6459609866142273 0.5975840091705322
vt 0.6455600261688232 0.5865679979324341
vt 0.4954569935798645 0.1676570028066635
vt 0.5363500118255615 0.15994000434875488
vt 0.5363600254058838 0.17377600073814392
vt 0.6245710253715515 0.6014710068702698
vt 0.6286609768867493 0.6039479970932007
vt 0.6618919968605042 0.5798419713973999
vt 0.6622300148010254 0.5874710083007812
vt 0.6590319871902466 0.6000319719314575
vt 0.6731550097465515 0.5891370177268982
vt 0.6711879968643188 0.6017640233039856
vt 0.6333140134811401 0.5995190143585205
vt 0.6290670037269592 0.6009460091590881
vt 0.6322839856147766 0.5964109897613525
vt 0.6408799886703491 0.6058319807052612
vt 0.6494010090827942 0.6079729795455933
vt 0.6368989944458008 0.6122210025787354
vt 0.6430919766426086 0.6154170036315918
vt 0.6137629747390747 0.6073099970817566
vt 0.6334789991378784 0.6287069916725159
vt 0.6431300044059753 0.6254900097846985
vt 0.6711829900741577 0.580955982208252
vt 0.6334739923477173 0.6185629963874817
vt 0.6383399963378906 0.6220420002937317
vt 0.6306260228157043 0.6094440221786499
vt 0.6323239803314209 0.6041669845581055
vt 0.628620982170105 0.6150069832801819
vt 0.602196991443634 0.6064820289611816
vt 0.5901470184326172 0.6107040047645569
vt 0.5900760293006897 0.6083790063858032
vt 0.6261540055274963 0.620743989944458
vt 0.629593014717102 0.6247529983520508
vt 0.620182991027832 0.6217100024223328
vt 0.6219620108604431 0.6260560154914856
vt 0.6241589784622192 0.6167780160903931
vt 0.6148239970207214 0.6255599856376648
vt 0.6161460280418396 0.6303139925003052
vt 0.7137640118598938 0.6821470260620117
vt 0.7408270239830017 0.6573659777641296
vt 0.7275099754333496 0.6878799796104431
vt 0.6241099834442139 0.6301950216293335
vt 0.611706018447876 0.6598479747772217
vt 0.623291015625 0.6499800086021423
vt 0.6276929974555969 0.6562010049819946
vt 0.6022830009460449 0.6091960072517395
vt 0.5921419858932495 0.6167969703674316
vt 0.59095698595047 0.6137319803237915
vt 0.608368992805481 0.6232219934463501
vt 0.6102219820022583 0.6135249733924866
vt 0.614126980304718 0.6216899752616882
vt 0.6021900177001953 0.6077920198440552
vt 0.5868909955024719 0.6139649748802185
vt 0.5851110219955444 0.6097739934921265
vt 0.5892879962921143 0.6175680160522461
vt 0.8617420196533203 0.3728640079498291
vt 0.8648509979248047 0.3554149866104126
vt 0.6336349844932556 0.5188040137290955
vt 0.5720790028572083 0.7382259964942932
vt 0.5944200158119202 0.720196008682251
vt 0.6028040051460266 0.7332370281219482
vt 0.8828459978103638 0.5036709904670715
vt 0.8298320174217224 0.49333199858665466
vt 0.9674149751663208 0.6275990009307861
vt 0.951869010925293 0.6024180054664612
vt 0.969914972782135 0.5971559882164001
vt 0.6058520078659058 0.6140919923782349
vt 0.6026229858398438 0.6232950091362
vt 0.6129990220069885 0.6104720234870911
vt 0.6184669733047485 0.6184030175209045
vt 0.6118800044059753 0.6122030019760132
vt 0.9444969892501831 0.655174970626831
vt 0.9357690215110779 0.6346009969711304
vt 0.9491699934005737 0.629601001739502
vt 0.5845450162887573 0.6185979843139648
vt 0.5808650255203247 0.6139529943466187
vt 0.595130980014801 0.6193680167198181
vt 0.6025390028953552 0.6106820106506348
vt 0.603082001209259 0.6121320128440857
vt 0.5786150097846985 0.6099680066108704
vt 0.5777209997177124 0.6174939870834351
vt 0.5751109719276428 0.6127820014953613
vt 0.5814319849014282 0.6228730082511902
vt 0.5888869762420654 0.6229190230369568
vt 0.591746985912323 0.6209380030632019
vt 0.5869029760360718 0.6273159980773926
vt 0.5934720039367676 0.6330829858779907
vt 0.594078004360199 0.6281899809837341
vt 0.5956079959869385 0.6253780126571655
vt 0.6007339954376221 0.6349390149116516
vt 0.6082360148429871 0.632112979888916
vt 0.6086999773979187 0.6365709900856018
vt 0.5919430255889893 0.6380429863929749
vt 0.6009100079536438 0.6306549906730652
vt 0.6081929802894592 0.6275190114974976
vt 0.5901129841804504 0.6434810161590576
vt 0.584900975227356 0.6321380138397217
vt 0.5990189909934998 0.6449589729309082
vt 0.6000639796257019 0.6398789882659912
vt 0.5820850133895874 0.5982360243797302
vt 0.5799859762191772 0.5948460102081299
vt 0.5768210291862488 0.6025480031967163
vt 0.5861949920654297 0.6046140193939209
vt 0.5845860242843628 0.5990549921989441
vt 0.5885469913482666 0.6000990271568298
vt 0.5915250182151794 0.5953900218009949
vt 0.5799880027770996 0.6033220291137695
vt 0.5782089829444885 0.607795000076294
vt 0.5733680129051208 0.6101670265197754
vt 0.584883987903595 0.6064969897270203
vt 0.578918993473053 0.6056259870529175
vt 0.5844950079917908 0.6081590056419373
vt 0.6028280258178711 0.6022379994392395
vt 0.6034970283508301 0.6004469990730286
vt 0.5745630264282227 0.6209650039672852
vt 0.5780640244483948 0.627606987953186
vt 0.5648199915885925 0.6118299961090088
vt 0.568107008934021 0.6133360266685486
vt 0.5655710101127625 0.6162859797477722
vt 0.11721000075340271 0.4938510060310364
vt 0.11952400207519531 0.4946630001068115
vt 0.11809200048446655 0.49646100401878357
vt 0.1223289966583252 0.4827069938182831
vt 0.12128400057554245 0.48369699716567993
vt 0.12166299670934677 0.4708879888057709
vt 0.5664330124855042 0.6065809726715088
vt 0.5678210258483887 0.6098080277442932
vt 0.12142699956893921 0.4499650001525879
vt 0.12091899663209915 0.46097299456596375
vt 0.11920800060033798 0.460783988237381
vt 0.5747830271720886 0.6351919770240784
vt 0.5831109881401062 0.6384549736976624
vt 0.5694609880447388 0.6057100296020508
vt 0.5735629796981812 0.6069200038909912
vt 0.5830940008163452 0.5830559730529785
vt 0.1538040041923523 0.39581298828125
vt 0.1481660008430481 0.40025800466537476
vt 0.1509460061788559 0.39193999767303467
vt 0.5818920135498047 0.5815989971160889
vt 0.5933259725570679 0.5713580250740051
vt 0.5765820145606995 0.5941950082778931
vt 0.5742859840393066 0.5940110087394714
vt 0.6195520162582397 0.5529289841651917
vt 0.6073949933052063 0.558942973613739
vt 0.6077399849891663 0.5559329986572266
vt 0.6716570258140564 0.15113599598407745
vt 0.6233599781990051 0.14013299345970154
vt 0.6694440245628357 0.5645130276679993
vt 0.14303800463676453 0.3937869966030121
vt 0.1454319953918457 0.38201799988746643
vt 0.15059399604797363 0.384988009929657
vt 0.6672790050506592 0.5539349913597107
vt 0.6609960198402405 0.5593050122261047
vt 0.13013899326324463 0.5099930167198181
vt 0.13097600638866425 0.5157449841499329
vt 0.12762999534606934 0.512952983379364
vt 0.09000000357627869 0.44332900643348694
vt 0.10214799642562866 0.44551199674606323
vt 0.09961800277233124 0.4525870084762573
vt 0.651872992515564 0.5550600290298462
vt 0.6467490196228027 0.5592139959335327
vt 0.12739600241184235 0.49387601017951965
vt 0.1288059949874878 0.49020400643348694
vt 0.13036000728607178 0.49320700764656067
vt 0.1145939975976944 0.49649399518966675
vt 0.11567600071430206 0.49940699338912964
vt 0.17595599591732025 0.4187769889831543
vt 0.1690780073404312 0.4240880012512207
vt 0.167945995926857 0.4095590114593506
vt 0.15469299256801605 0.460640013217926
vt 0.12909500300884247 0.4294849932193756
vt 0.12259099632501602 0.4373219907283783
vt 0.12692199647426605 0.4261470139026642
vt 0.6563820242881775 0.5495250225067139
vt 0.6449270248413086 0.5472059845924377
vt 0.6416299939155579 0.5523130297660828
vt 0.6320919990539551 0.5512310266494751
vt 0.6858109831809998 0.5865269899368286
vt 0.12890100479125977 0.44091299176216125
vt 0.1288740038871765 0.43776100873947144
vt 0.1346369981765747 0.43351298570632935
vt 0.6922789812088013 0.5734400153160095
vt 0.6816620230674744 0.5785549879074097
vt 0.12639500200748444 0.4999459981918335
vt 0.12942899763584137 0.5055649876594543
vt 0.125558003783226 0.500216007232666
vt 0.6975290179252625 0.5818799734115601
vt 0.6882510185241699 0.5991219878196716
vt 0.5639430284500122 0.6244630217552185
vt 0.5705130100250244 0.6277139782905579
vt 0.5649250149726868 0.6336169838905334
vt 0.5580589771270752 0.6382330060005188
vt 0.5672460198402405 0.6442440152168274
vt 0.5594239830970764 0.6492260098457336
vt 0.09633900225162506 0.48844099044799805
vt 0.09468600153923035 0.5033140182495117
vt 0.09535899758338928 0.48808199167251587
vt 0.12642699480056763 0.49192100763320923
vt 0.12346900254487991 0.49103298783302307
vt 0.12509599328041077 0.4895179867744446
vt 0.14845100045204163 0.49467799067497253
vt 0.14597199857234955 0.49310600757598877
vt 0.14773300290107727 0.4912779927253723
vt 0.1136069968342781 0.39715299010276794
vt 0.10416600108146667 0.4149110019207001
vt 0.1155259981751442 0.3889029920101166
vt 0.5581520199775696 0.6285650134086609
vt 0.5577080249786377 0.6169700026512146
vt 0.5625699758529663 0.6197540163993835
vt 0.5580719709396362 0.6231549978256226
vt 0.5635939836502075 0.607429027557373
vt 0.5617280006408691 0.6141729950904846
vt 0.5603780150413513 0.6078150272369385
vt 0.5926820039749146 0.5665850043296814
vt 0.580394983291626 0.5803250074386597
vt 0.15806299448013306 0.3953559994697571
vt 0.15586799383163452 0.3885459899902344
vt 0.160194993019104 0.3879140019416809
vt 0.5917980074882507 0.5645909905433655
vt 0.5789899826049805 0.5787659883499146
vt 0.5720419883728027 0.5934309959411621
vt 0.142643004655838 0.49998998641967773
vt 0.14170199632644653 0.4970009922981262
vt 0.144337996840477 0.49853000044822693
vt 0.5692480206489563 0.5929830074310303
vt 0.12714800238609314 0.48721298575401306
vt 0.955551028251648 0.5399370193481445
vt 0.9409329891204834 0.5488370060920715
vt 0.12855200469493866 0.46156400442123413
vt 0.12469299882650375 0.45536500215530396
vt 0.12945899367332458 0.45411598682403564
vt 0.937915027141571 0.44004198908805847
vt 0.6215010285377502 0.3461500108242035
vt 0.5985860228538513 0.34076398611068726
vt 0.608331024646759 0.32945001125335693
vt 0.12404000014066696 0.4631879925727844
vt 0.13020600378513336 0.4753569960594177
vt 0.12573499977588654 0.4765850007534027
vt 0.7183459997177124 0.47527599334716797
vt 0.7400500178337097 0.46394601464271545
vt 0.732541024684906 0.489888995885849
vt 0.1212259978055954 0.49089300632476807
vt 0.12208300083875656 0.4909299910068512
vt 0.08787199854850769 0.5249519944190979
vt 0.09445600211620331 0.5090460181236267
vt 0.09709600359201431 0.517212986946106
vt 0.4966380000114441 0.6450710296630859
vt 0.49662500619888306 0.6314560174942017
vt 0.6570019721984863 0.6672090291976929
vt 0.6681540012359619 0.6754969954490662
vt 0.6408770084381104 0.6780149936676025
vt 0.647816002368927 0.6585590243339539
vt 0.5103480219841003 0.4558219909667969
vt 0.4961960017681122 0.45944300293922424
vt 0.4962030053138733 0.4558430016040802
vt 0.6971709728240967 0.6271100044250488
vt 0.688575029373169 0.6126959919929504
vt 0.700980007648468 0.6110100150108337
vt 0.685172975063324 0.6264749765396118
vt 0.6771789789199829 0.6132090091705322
vt 0.6593179702758789 0.6488630175590515
vt 0.6699979901313782 0.6545969843864441
vt 0.69057297706604 0.6434190273284912
vt 0.6782439947128296 0.640654981136322
vt 0.17772500216960907 0.43916699290275574
vt 0.17224399745464325 0.4423559904098511
vt 0.16944099962711334 0.43571901321411133
vt 0.6676009893417358 0.6376309990882874
vt 0.11680600047111511 0.3968310058116913
vt 0.11767499893903732 0.40750399231910706
vt 0.11306100338697433 0.41095098853111267
vt 0.7013890147209167 0.5961940288543701
vt 0.5699470043182373 0.6567909717559814
vt 0.5833529829978943 0.662647008895874
vt 0.5799739956855774 0.6709359884262085
vt 0.5741239786148071 0.6777709722518921
vt 0.5906100273132324 0.6921870112419128
vt 0.597881019115448 0.6814500093460083
vt 0.5752170085906982 0.6513550281524658
vt 0.5625929832458496 0.6619330048561096
vt 0.512004017829895 0.5009210109710693
vt 0.13547000288963318 0.49800199270248413
vt 0.1385670006275177 0.491800993680954
vt 0.1392029970884323 0.49765700101852417
vt 0.15116800367832184 0.4321100115776062
vt 0.14347399771213531 0.43033599853515625
vt 0.14544899761676788 0.4252740144729614
vt 0.516444981098175 0.4883260130882263
vt 0.5072230100631714 0.4834049940109253
vt 0.5194240212440491 0.4829240143299103
vt 0.5982829928398132 0.6490769982337952
vt 0.1332170069217682 0.40371501445770264
vt 0.13955099880695343 0.40262699127197266
vt 0.1350869983434677 0.40833601355552673
vt 0.1751679927110672 0.43098199367523193
vt 0.10272800177335739 0.5026460289955139
vt 0.09688899666070938 0.5040150284767151
vt 0.9120579957962036 0.6892669796943665
vt 0.9073569774627686 0.7330690026283264
vt 0.8949499726295471 0.7098519802093506
vt 0.5821300148963928 0.6451079845428467
vt 0.5841389894485474 0.6442580223083496
vt 0.1296679973602295 0.48516300320625305
vt 0.13129399716854095 0.48811399936676025
vt 0.5242130160331726 0.6098330020904541
vt 0.6092190146446228 0.6415799856185913
vt 0.6093209981918335 0.6465709805488586
vt 0.6307740211486816 0.6407549977302551
vt 0.63406902551651 0.6439999938011169
vt 0.17189300060272217 0.4668489992618561
vt 0.16790799796581268 0.4644489884376526
vt 0.1730950027704239 0.46369799971580505
vt 0.5291299819946289 0.5758249759674072
vt 0.5168110132217407 0.5672360062599182
vt 0.5288000106811523 0.5655570030212402
vt 0.17486299574375153 0.4638519883155823
vt 0.17697200179100037 0.466064989566803
vt 0.17396299540996552 0.46722400188446045
vt 0.654246985912323 0.621616005897522
vt 0.6497359871864319 0.6183649897575378
vt 0.6596570014953613 0.615772008895874
vt 0.6591209769248962 0.6229060292243958
vt 0.6578059792518616 0.61182701587677
vt 0.665028989315033 0.6150810122489929
vt 0.16642500460147858 0.46522900462150574
vt 0.16588200628757477 0.4667989909648895
vt 0.16580699384212494 0.46519699692726135
vt 0.1444540023803711 0.4623050093650818
vt 0.1485230028629303 0.4729819893836975
vt 0.1459999978542328 0.4744400084018707
vt 0.5817549824714661 0.6503049731254578
vt 0.12217500060796738 0.46614500880241394
vt 0.12373100221157074 0.47925999760627747
vt 0.5880529880523682 0.6509690284729004
vt 0.1387230008840561 0.5249639749526978
vt 0.12948699295520782 0.5201370120048523
vt 0.5988789796829224 0.6703400015830994
vt 0.5978019833564758 0.6588690280914307
vt 0.15346699953079224 0.4401150047779083
vt 0.15711699426174164 0.44481199979782104
vt 0.1551389992237091 0.4463450014591217
vt 0.16797299683094025 0.44704800844192505
vt 0.17383800446987152 0.4492630064487457
vt 0.17070700228214264 0.45228099822998047
vt 0.16723600029945374 0.4717549979686737
vt 0.17320199310779572 0.47099199891090393
vt 0.1707250028848648 0.4827530086040497
vt 0.11949999630451202 0.4488930106163025
vt 0.11421900242567062 0.4596630036830902
vt 0.11658400297164917 0.4473649859428406
vt 0.5977039933204651 0.6526899933815002
vt 0.16771699488162994 0.39594799280166626
vt 0.16272799670696259 0.37493300437927246
vt 0.17710499465465546 0.4006739854812622
vt 0.12148000299930573 0.5037909746170044
vt 0.11830099672079086 0.504705011844635
vt 0.12013400346040726 0.501321017742157
vt 0.1524980068206787 0.48220500349998474
vt 0.15448999404907227 0.4823859930038452
vt 0.1529799997806549 0.48469600081443787
vt 0.9374030232429504 0.6104120016098022
vt 0.6501340270042419 0.6417700052261353
vt 0.6396700143814087 0.6495659947395325
vt 0.6434680223464966 0.6372179985046387
vt 0.07988499850034714 0.3720020055770874
vt 0.08275800198316574 0.41066598892211914
vt 0.0712060034275055 0.415475994348526
vt 0.14045999944210052 0.40951699018478394
vt 0.13663500547409058 0.4145509898662567
vt 0.1686909943819046 0.5095080137252808
vt 0.1619199961423874 0.5145159959793091
vt 0.16755500435829163 0.5038130283355713
vt 0.11278100311756134 0.4866670072078705
vt 0.6588550209999084 0.6336029767990112
vt 0.6521180272102356 0.6304029822349548
vt 0.5165560245513916 0.3201789855957031
vt 0.49555400013923645 0.3097360134124756
vt 0.5182830095291138 0.31059500575065613
vt 0.14389100670814514 0.5021479725837708
vt 0.1410360038280487 0.5014960169792175
vt 0.14426900446414948 0.5010550022125244
vt 0.15692000091075897 0.4971640110015869
vt 0.1542389988899231 0.49257200956344604
vt 0.157941997051239 0.49373799562454224
vt 0.5054050087928772 0.36388498544692993
vt 0.49561598896980286 0.3548249900341034
vt 0.5073919892311096 0.35635098814964294
vt 0.16755899786949158 0.5240089893341064
vt 0.15973000228405 0.5244669914245605
vt 0.6700310111045837 0.618552029132843
vt 0.6750059723854065 0.6264960169792175
vt 0.6657699942588806 0.6253290176391602
vt 0.11623500287532806 0.3822300136089325
vt 0.09657400101423264 0.4203369915485382
vt 0.8102099895477295 0.44678398966789246
vt 0.8065599799156189 0.4527589976787567
vt 0.8072680234909058 0.4455440044403076
vt 0.8982250094413757 0.4881339967250824
vt 0.8952540159225464 0.46865400671958923
vt 0.1616850048303604 0.4994499981403351
vt 0.15500399470329285 0.5013499855995178
vt 0.1824280023574829 0.41920000314712524
vt 0.14551100134849548 0.4998140037059784
vt 0.146806001663208 0.4981530010700226
vt 0.15048600733280182 0.49242499470710754
vt 0.14895400404930115 0.4889729917049408
vt 0.9015989899635315 0.5004910230636597
vt 0.9095150232315063 0.5041099786758423
vt 0.8993340134620667 0.5090680122375488
vt 0.1380860060453415 0.4767470061779022
vt 0.8815000057220459 0.5204330086708069
vt 0.8734470009803772 0.5239400267601013
vt 0.8787000179290771 0.51699298620224
vt 0.5038049817085266 0.3696810007095337
vt 0.49560800194740295 0.3630079925060272
vt 0.8623800277709961 0.4333510100841522
vt 0.8553699851036072 0.42729800939559937
vt 0.8543760180473328 0.4224649965763092
vt 0.5046709775924683 0.536217987537384
vt 0.49647799134254456 0.5461080074310303
vt 0.4964520037174225 0.536719024181366
vt 0.8686710000038147 0.4977000057697296
vt 0.8711130023002625 0.49338799715042114
vt 0.9287310242652893 0.3702000081539154
vt 0.9349820017814636 0.41049501299858093
vt 0.09128499776124954 0.40546101331710815
vt 0.12745000422000885 0.3552429974079132
vt 0.5918530225753784 0.42198100686073303
vt 0.5950719714164734 0.44168299436569214
vt 0.5792859792709351 0.4404760003089905
vt 0.8154609799385071 0.46862098574638367
vt 0.8699300289154053 0.49568599462509155
vt 0.8633220195770264 0.4957219958305359
vt 0.861070990562439 0.49919798970222473
vt 0.8860459923744202 0.4572489857673645
vt 0.8873090147972107 0.46843698620796204
vt 0.8849490284919739 0.45750001072883606
vt 0.8890089988708496 0.46780699491500854
vt 0.8922579884529114 0.4881129860877991
vt 0.15159699320793152 0.4944149851799011
vt 0.1515370011329651 0.49265798926353455
vt 0.15231800079345703 0.4920639991760254
vt 0.5139830112457275 0.4906280040740967
vt 0.5051969885826111 0.48810499906539917
vt 0.5117310285568237 0.4954949915409088
vt 0.5088109970092773 0.49747100472450256
vt 0.5057129859924316 0.4955340027809143
vt 0.14320699870586395 0.398593008518219
vt 0.14034199714660645 0.4872870147228241
vt 0.14495399594306946 0.48530998826026917
vt 0.14454799890518188 0.4885070025920868
vt 0.11952000111341476 0.482928991317749
vt 0.11797399818897247 0.46963199973106384
vt 0.1200139969587326 0.4693790078163147
vt 0.8630269765853882 0.4356760084629059
vt 0.8666409850120544 0.4415239989757538
vt 0.8666890263557434 0.44244998693466187
vt 0.8594470024108887 0.3843330144882202
vt 0.8581879734992981 0.38883399963378906
vt 0.15579399466514587 0.3804750144481659
vt 0.1539209932088852 0.47797200083732605
vt 0.15580099821090698 0.4748480021953583
vt 0.15427200496196747 0.47973400354385376
vt 0.8694030046463013 0.4512470066547394
vt 0.8577409982681274 0.5049999952316284
vt 0.8556240200996399 0.5063899755477905
vt 0.8553460240364075 0.5050820112228394
vt 0.8588560223579407 0.5040670037269592
vt 0.8587719798088074 0.5056290030479431
vt 0.15238699316978455 0.48951101303100586
vt 0.8992270231246948 0.48754701018333435
vt 0.18207399547100067 0.4368300139904022
vt 0.1788019984960556 0.42746400833129883
vt 0.8163560032844543 0.4564000070095062
vt 0.5091509819030762 0.4488149881362915
vt 0.49622899293899536 0.44603198766708374
vt 0.5074520111083984 0.44518500566482544
vt 0.8465179800987244 0.4997729957103729
vt 0.8476899862289429 0.49967101216316223
vt 0.842087984085083 0.4945870041847229
vt 0.843982994556427 0.4975529909133911
vt 0.8432530164718628 0.49779799580574036
vt 0.8415290117263794 0.49424299597740173
vt 0.8321899771690369 0.4379499852657318
vt 0.8330320119857788 0.4437049925327301
vt 0.8567209839820862 0.45520898699760437
vt 0.8580139875411987 0.46201199293136597
vt 0.12681999802589417 0.4964649975299835
vt 0.12830400466918945 0.4954800009727478
vt 0.13102200627326965 0.49968698620796204
vt 0.12807199358940125 0.4979569911956787
vt 0.1293260008096695 0.49681100249290466
vt 0.14631299674510956 0.4895470142364502
vt 0.14718499779701233 0.48712900280952454
vt 0.8368070125579834 0.39541399478912354
vt 0.15305300056934357 0.4290130138397217
vt 0.1483449935913086 0.4165549874305725
vt 0.1273369938135147 0.4476729929447174
vt 0.13259300589561462 0.447970986366272
vt 0.10770100355148315 0.46917399764060974
vt 0.10409300029277802 0.487621009349823
vt 0.10596500337123871 0.4683789908885956
vt 0.8708230257034302 0.49590200185775757
vt 0.8683859705924988 0.5098680257797241
vt 0.8416609764099121 0.4970020055770874
vt 0.08668799698352814 0.4702889919281006
vt 0.09503400325775146 0.46929100155830383
vt 0.17942699790000916 0.4788169860839844
vt 0.15158499777317047 0.4862079918384552
vt 0.15275299549102783 0.48865199089050293
vt 0.11633399873971939 0.42118901014328003
vt 0.11269000172615051 0.42672500014305115
vt 0.12677299976348877 0.3867639899253845
vt 0.13018499314785004 0.39169400930404663
vt 0.12528100609779358 0.39932599663734436
vt 0.8416730165481567 0.5025609731674194
vt 0.8425800204277039 0.5004450082778931
vt 0.8448070287704468 0.5019590258598328
vt 0.8560670018196106 0.5078340172767639
vt 0.8599269986152649 0.5066379904747009
vt 0.8776699900627136 0.5402560234069824
vt 0.8608850240707397 0.5076799988746643
vt 0.8569239974021912 0.5092999935150146
vt 0.13199199736118317 0.4416249990463257
vt 0.8493880033493042 0.5031470060348511
vt 0.8463079929351807 0.5015439987182617
vt 0.8463010191917419 0.5005589723587036
vt 0.16493600606918335 0.4645659923553467
vt 0.1654369980096817 0.46259400248527527
vt 0.13488900661468506 0.4621730148792267
vt 0.13357500731945038 0.47543901205062866
vt 0.1314759999513626 0.4616450071334839
vt 0.15251900255680084 0.4999240040779114
vt 0.15328100323677063 0.4957199990749359
vt 0.842989981174469 0.4563469886779785
vt 0.8260939717292786 0.4642130136489868
vt 0.8459510207176208 0.45712798833847046
vt 0.13851000368595123 0.3982749879360199
vt 0.1617719978094101 0.4794270098209381
vt 0.1632629930973053 0.48805201053619385
vt 0.14962300658226013 0.5045909881591797
vt 0.15223300457000732 0.5058349967002869
vt 0.1478240042924881 0.5100089907646179
vt 0.8470159769058228 0.45512598752975464
vt 0.16613000631332397 0.4513239860534668
vt 0.1680690050125122 0.4540790021419525
vt 0.8142129778862 0.5004739761352539
vt 0.9863280057907104 0.43164101243019104
vt 0.13240499794483185 0.5023260116577148
vt 0.13226500153541565 0.4993169903755188
vt 0.10587199777364731 0.501130998134613
vt 0.10127700120210648 0.48813098669052124
vt 0.8510779738426208 0.425042986869812
vt 0.8470020294189453 0.4251619875431061
vt 0.14461900293827057 0.4954270124435425
vt 0.14398899674415588 0.49315598607063293
vt 0.8729050159454346 0.43510401248931885
vt 0.1124039962887764 0.5409500002861023
vt 0.11746300011873245 0.554328978061676
vt 0.10378199815750122 0.5486000180244446
vt 0.8714950084686279 0.46094200015068054
vt 0.13593900203704834 0.3895939886569977
vt 0.13770799338817596 0.38284701108932495
vt 0.14157700538635254 0.382097989320755
vt 0.15681900084018707 0.4393619894981384
vt 0.15822699666023254 0.443897008895874
vt 0.593084990978241 0.5689970254898071
vt 0.8711349964141846 0.4606809914112091
vt 0.8502950072288513 0.41923800110816956
vt 0.8693299889564514 0.45115000009536743
vt 0.12356399744749069 0.4512610137462616
vt 0.12266600131988525 0.45792099833488464
vt 0.12188500165939331 0.4607810080051422
vt 0.8569340109825134 0.44876500964164734
vt 0.8601830005645752 0.44781801104545593
vt 0.8539720177650452 0.44991999864578247
vt 0.8528379797935486 0.4453650116920471
vt 0.15084600448608398 0.48076099157333374
vt 0.14990000426769257 0.48192098736763
vt 0.11220599710941315 0.5205010175704956
vt 0.11274900287389755 0.532131016254425
vt 0.10647600144147873 0.5250999927520752
vt 0.10715600103139877 0.48732998967170715
vt 0.17421899735927582 0.4259980022907257
vt 0.8735659718513489 0.39672499895095825
vt 0.5071380138397217 0.5683500170707703
vt 0.496506005525589 0.5571050047874451
vt 0.5069550275802612 0.5568289756774902
vt 0.8400480151176453 0.4845300018787384
vt 0.8414660096168518 0.48308101296424866
vt 0.8407970070838928 0.48521700501441956
vt 0.8599449992179871 0.4544210135936737
vt 0.8614429831504822 0.4614950120449066
vt 0.1518239974975586 0.40292900800704956
vt 0.14346900582313538 0.4054180085659027
vt 0.8405140042304993 0.4820350110530853
vt 0.4993390142917633 0.5026119947433472
vt 0.4963360130786896 0.5071899890899658
vt 0.4963090121746063 0.5023120045661926
vt 0.5146399736404419 0.32908299565315247
vt 0.4956110119819641 0.3367609977722168
vt 0.4955739974975586 0.3279910087585449
vt 0.1430409997701645 0.4910379946231842
vt 0.14455300569534302 0.4910619854927063
vt 0.1452610045671463 0.4919170141220093
vt 0.8608300089836121 0.4899730086326599
vt 0.8577579855918884 0.48791301250457764
vt 0.1545870006084442 0.49067699909210205
vt 0.1453080028295517 0.5079060196876526
vt 0.13733600080013275 0.5079349875450134
vt 0.14415599405765533 0.5061920285224915
vt 0.8876870274543762 0.43549901247024536
vt 0.8253160119056702 0.4489009976387024
vt 0.8283349871635437 0.4482330083847046
vt 0.8264930248260498 0.451200008392334
vt 0.1491910070180893 0.4968410134315491
vt 0.859013020992279 0.48464998602867126
vt 0.8551130294799805 0.488739013671875
vt 0.8528100252151489 0.48713400959968567
vt 0.8663259744644165 0.4991520047187805
vt 0.8626459836959839 0.5011320114135742
vt 0.12971100211143494 0.5318430066108704
vt 0.1372620016336441 0.5295169949531555
vt 0.1408900022506714 0.530784010887146
vt 0.13857099413871765 0.39093199372291565
vt 0.8251219987869263 0.4629009962081909
vt 0.8814629912376404 0.540893018245697
vt 0.8904110193252563 0.5392869710922241
vt 0.8901849985122681 0.5485439896583557
vt 0.517524003982544 0.7388330101966858
vt 0.49671098589897156 0.7560700178146362
vt 0.4966700077056885 0.7392579913139343
vt 0.1232530027627945 0.4933620095252991
vt 0.12460500001907349 0.4931879937648773
vt 0.1587900072336197 0.4715679883956909
vt 0.9863280057907104 0.6269530057907104
vt 0.16457499563694 0.4569050073623657
vt 0.1643580049276352 0.4571850001811981
vt 0.16425399482250214 0.45686599612236023
vt 0.8343150019645691 0.5058479905128479
vt 0.8255869746208191 0.5036849975585938
vt 0.1618410050868988 0.4537000060081482
vt 0.16393199563026428 0.4546799957752228
vt 0.16324299573898315 0.45539501309394836
vt 0.82921302318573 0.397026002407074
vt 0.8463799953460693 0.4980109930038452
vt 0.16441400349140167 0.45613399147987366
vt 0.16411399841308594 0.4564250111579895
vt 0.16403600573539734 0.455935001373291
vt 0.8228639960289001 0.45326000452041626
vt 0.8934469819068909 0.4678409993648529
vt 0.131414994597435 0.5036919713020325
vt 0.13072499632835388 0.5012480020523071
vt 0.8347439765930176 0.4516730010509491
vt 0.8326600193977356 0.4487139880657196
vt 0.12040500342845917 0.49101701378822327
vt 0.12131500244140625 0.49369001388549805
vt 0.16692599654197693 0.4661029875278473
vt 0.12559500336647034 0.497283011674881
vt 0.12569500505924225 0.49497199058532715
vt 0.5407159924507141 0.6097649931907654
vt 0.5341110229492188 0.6032389998435974
vt 0.1789270043373108 0.4513779878616333
vt 0.17546500265598297 0.4501290023326874
vt 0.1771250069141388 0.4461269974708557
vt 0.12059900164604187 0.4970180094242096
vt 0.16263599693775177 0.4021089971065521
vt 0.13000799715518951 0.4958379864692688
vt 0.3061729967594147 0.17560899257659912
vt 0.27172601222991943 0.1573140025138855
vt 0.32052499055862427 0.1512259989976883
vt 0.5889359712600708 0.6476789712905884
vt 0.14036700129508972 0.5192980170249939
vt 0.14617499709129333 0.525177001953125
vt 0.16452200710773468 0.455689013004303
vt 0.16431699693202972 0.45458000898361206
vt 0.16488400101661682 0.45449501276016235
vt 0.1659809947013855 0.45637598633766174
vt 0.16485700011253357 0.4569390118122101
vt 0.5932480096817017 0.5828880071640015
vt 0.828108012676239 0.4460099935531616
vt 0.16310900449752808 0.4562450051307678
vt 0.16351500153541565 0.46158599853515625
vt 0.16482099890708923 0.4589560031890869
vt 0.16468499600887299 0.4443509876728058
vt 0.16365599632263184 0.43734100461006165
vt 0.16429400444030762 0.4555929899215698
vt 0.16411499679088593 0.45550400018692017
vt 0.8439729809761047 0.4966929852962494
vt 0.1507139950990677 0.4841809868812561
vt 0.8392660021781921 0.45667099952697754
vt 0.8354820013046265 0.4470269978046417
vt 0.8350769877433777 0.458391010761261
vt 0.8324189782142639 0.46327000856399536
vt 0.15713000297546387 0.45504799485206604
vt 0.16123299300670624 0.4554400146007538
vt 0.16126300394535065 0.45744800567626953
vt 0.1410129964351654 0.4340820014476776
vt 0.13998599350452423 0.4300140142440796
vt 0.14941300451755524 0.4428560137748718
vt 0.1568409949541092 0.47793900966644287
vt 0.15859800577163696 0.4846610128879547
vt 0.8724009990692139 0.4215089976787567
vt 0.8649230003356934 0.40048399567604065
vt 0.874770998954773 0.42074498534202576
vt 0.16451899707317352 0.45653000473976135
vt 0.16485899686813354 0.4657459855079651
vt 0.8278530240058899 0.4571009874343872
vt 0.8267819881439209 0.45721501111984253
vt 0.9717010259628296 0.5605639815330505
vt 0.9722409844398499 0.5314580202102661
vt 0.8314579725265503 0.4553090035915375
vt 0.8319960236549377 0.4453589916229248
vt 0.8457990288734436 0.5320559740066528
vt 0.8681290149688721 0.44899600744247437
vt 0.8355780243873596 0.45491600036621094
vt 0.8314530253410339 0.45731499791145325
vt 0.15766499936580658 0.4585280120372772
vt 0.8245710134506226 0.4539499878883362
vt 0.1656540036201477 0.45817801356315613
vt 0.16672100126743317 0.4613940119743347
vt 0.1653759926557541 0.4586830139160156
vt 0.6233620047569275 0.5738739967346191
vt 0.6319379806518555 0.5704879760742188
vt 0.627606987953186 0.5751670002937317
vt 0.1407950073480606 0.4923909902572632
vt 0.1538580060005188 0.5124920010566711
vt 0.1588979959487915 0.5059980154037476
vt 0.07997400313615799 0.5369809865951538
vt 0.09278199821710587 0.5404629707336426
vt 0.09886199980974197 0.5651299953460693
vt 0.838483989238739 0.49051299691200256
vt 0.8738790154457092 0.46077001094818115
vt 0.16328899562358856 0.45715200901031494
vt 0.1648229956626892 0.45743000507354736
vt 0.12613500654697418 0.4415769875049591
vt 0.12471599876880646 0.4394569993019104
vt 0.5796089768409729 0.15160100162029266
vt 0.5349649786949158 0.14292100071907043
vt 0.1626960039138794 0.43451398611068726
vt 0.15461300313472748 0.4869990050792694
vt 0.9226400256156921 0.4158399999141693
vt 0.10962700098752975 0.4580189883708954
vt 0.5741869807243347 0.5641210079193115
vt 0.15296800434589386 0.4880389869213104
vt 0.1528709977865219 0.49010899662971497
vt 0.7812139987945557 0.43825098872184753
vt 0.7968890070915222 0.4364359974861145
vt 0.8478869795799255 0.4917689859867096
vt 0.15954799950122833 0.44383901357650757
vt 0.15821799635887146 0.4389820098876953
vt 0.16032099723815918 0.438073992729187
vt 0.8464599847793579 0.5029609799385071
vt 0.15272599458694458 0.490803986787796
vt 0.8340250253677368 0.44502800703048706
vt 0.8243340253829956 0.458283007144928
vt 0.8224030137062073 0.45595699548721313
vt 0.8241099715232849 0.45609501004219055
vt 0.17438599467277527 0.4525820016860962
vt 0.17614200711250305 0.45293599367141724
vt 0.13609099388122559 0.491237998008728
vt 0.13241800665855408 0.4901140034198761
vt 0.5445150136947632 0.8654410243034363
vt 0.49750199913978577 0.8862599730491638
vt 0.4974740147590637 0.8669620156288147
vt 0.6424160003662109 0.737326979637146
vt 0.6193259954452515 0.7591570019721985
vt 0.6112750172615051 0.7459480166435242
vt 0.8394079804420471 0.42890000343322754
vt 0.8384000062942505 0.4339579939842224
vt 0.1340550035238266 0.3954539895057678
vt 0.1659030020236969 0.45734599232673645
vt 0.16484099626541138 0.4572249948978424
vt 0.8289440274238586 0.4519290030002594
vt 0.8280699849128723 0.45246100425720215
vt 0.8482869863510132 0.4428409934043884
vt 0.8446620106697083 0.4406909942626953
vt 0.16457399725914001 0.45258599519729614
vt 0.1619729995727539 0.4595789909362793
vt 0.8432030081748962 0.44272398948669434
vt 0.841509997844696 0.4381580054759979
vt 0.8355780243873596 0.43547698855400085
vt 0.1712699979543686 0.4552389979362488
vt 0.17459799349308014 0.4563330113887787
vt 0.17110399901866913 0.4584609866142273
vt 0.8697749972343445 0.5133060216903687
vt 0.8763610124588013 0.513264000415802
vt 0.8719140291213989 0.519527018070221
vt 0.1459590047597885 0.4446380138397217
vt 0.14704400300979614 0.4538620114326477
vt 0.1422860026359558 0.4469029903411865
vt 0.12023899704217911 0.4215430021286011
vt 0.11988300085067749 0.4351089894771576
vt 0.11550399661064148 0.43333199620246887
vt 0.8168920278549194 0.49380800127983093
vt 0.10136900097131729 0.5929030179977417
vt 0.11226800084114075 0.571927011013031
vt 0.11759600043296814 0.6104440093040466
vt 0.11291400343179703 0.5074470043182373
vt 0.116907998919487 0.5020549893379211
vt 0.13541199266910553 0.5461050271987915
vt 0.12136799842119217 0.5383909940719604
vt 0.13007700443267822 0.5375609993934631
vt 0.11219199746847153 0.4454129934310913
vt 0.11236199736595154 0.4700849950313568
vt 0.6905959844589233 0.4625050127506256
vt 0.7048839926719666 0.4679589867591858
vt 0.5276209712028503 0.400626003742218
vt 0.5323439836502075 0.4034630060195923
vt 0.5258280038833618 0.40498998761177063
vt 0.5908349752426147 0.8567420244216919
vt 0.5574960112571716 0.8853549957275391
vt 0.5125619769096375 0.4125770032405853
vt 0.5104050040245056 0.41423600912094116
vt 0.5099200010299683 0.4127019941806793
vt 0.6165300011634827 0.43148601055145264
vt 0.6078749895095825 0.4481489956378937
vt 0.5131570100784302 0.41438600420951843
vt 0.5107719898223877 0.4153690040111542
vt 0.7061390280723572 0.5449560284614563
vt 0.6930710077285767 0.5527240037918091
vt 0.6968430280685425 0.5384960174560547
vt 0.6140559911727905 0.37165001034736633
vt 0.5966169834136963 0.3636600077152252
vt 0.6093130111694336 0.3551569879055023
vt 0.5792620182037354 0.47249001264572144
vt 0.5995929837226868 0.4628340005874634
vt 0.5888779759407043 0.4780789911746979
vt 0.6382730007171631 0.5568950176239014
vt 0.5093399882316589 0.41542699933052063
vt 0.5089820027351379 0.4142720103263855
vt 0.5463740229606628 0.5121260285377502
vt 0.5516290068626404 0.5071510076522827
vt 0.5555869936943054 0.5168669819831848
vt 0.8609669804573059 0.5022159814834595
vt 0.8619840145111084 0.5035780072212219
vt 0.5271620154380798 0.4992870092391968
vt 0.5230460166931152 0.49697500467300415
vt 0.5349079966545105 0.4974670112133026
vt 0.1710350066423416 0.4694859981536865
vt 0.1702210009098053 0.4932839870452881
vt 0.16322800517082214 0.49347400665283203
vt 0.8390640020370483 0.45288699865341187
vt 0.7456979751586914 0.586679995059967
vt 0.731814980506897 0.5649719834327698
vt 0.739753007888794 0.5503630042076111
vt 0.5125830173492432 0.5062080025672913
vt 0.5299360156059265 0.5856350064277649
vt 0.5418919920921326 0.5903679728507996
vt 0.530722975730896 0.5947250127792358
vt 0.137131005525589 0.4374839961528778
vt 0.13725799322128296 0.4437510073184967
vt 0.1325719952583313 0.5077880024909973
vt 0.5142220258712769 0.5014089941978455
vt 0.5194050073623657 0.5989660024642944
vt 0.5174310207366943 0.5885069966316223
vt 0.8850979804992676 0.42957401275634766
vt 0.8479300141334534 0.45757898688316345
vt 0.5900530219078064 0.603430986404419
vt 0.6022769808769226 0.6052070260047913
vt 0.5899710059165955 0.6059669852256775
vt 0.5216649770736694 0.5131109952926636
vt 0.5289919972419739 0.5069119930267334
vt 0.8343129754066467 0.43885698914527893
vt 0.833329975605011 0.43673399090766907
vt 0.495604008436203 0.1553799957036972
vt 0.49576300382614136 0.14022700488567352
vt 0.4566420018672943 0.14280100166797638
vt 0.819625973701477 0.4635779857635498
vt 0.5153220295906067 0.5155739784240723
vt 0.5263919830322266 0.5153200030326843
vt 0.5220879912376404 0.5218930244445801
vt 0.51835697889328 0.5188919901847839
vt 0.5102660059928894 0.4354169964790344
vt 0.5033969879150391 0.4327090084552765
vt 0.5084289908409119 0.4290120005607605
vt 0.6965460181236267 0.7043859958648682
vt 0.7086169719696045 0.7128589749336243
vt 0.8377749919891357 0.8626710176467896
vt 0.8005959987640381 0.9042869806289673
vt 0.8070619702339172 0.8781930208206177
vt 0.7923840284347534 0.2280060052871704
vt 0.8108090162277222 0.20553000271320343
vt 0.8272560238838196 0.23792199790477753
vt 0.5114520192146301 0.5027809739112854
vt 0.4962480068206787 0.4906350076198578
vt 0.5021700263023376 0.493027001619339
vt 0.4962629973888397 0.4931899905204773
vt 0.6068350076675415 0.8730170130729675
vt 0.5815020203590393 0.903594970703125
vt 0.829584002494812 0.45611798763275146
vt 0.479636013507843 0.5044100284576416
vt 0.48000600934028625 0.5041490197181702
vt 0.48002099990844727 0.5046240091323853
vt 0.49759599566459656 0.9056599736213684
vt 0.502668023109436 0.42939499020576477
vt 0.5070719718933105 0.4260469973087311
vt 0.47936201095581055 0.5009139776229858
vt 0.47697898745536804 0.49982699751853943
vt 0.4789470136165619 0.4988560080528259
vt 0.5144079923629761 0.4301519989967346
vt 0.5194910168647766 0.44381800293922424
vt 0.5158060193061829 0.440654993057251
vt 0.5548200011253357 0.48767799139022827
vt 0.550678014755249 0.47911301255226135
vt 0.5660529732704163 0.47332999110221863
vt 0.48013100028038025 0.5038949847221375
vt 0.48065099120140076 0.5045469999313354
vt 0.48008498549461365 0.5040640234947205
vt 0.5266720056533813 0.4889709949493408
vt 0.5333570241928101 0.4822860062122345
vt 0.533545970916748 0.49180299043655396
vt 0.5393180251121521 0.48902300000190735
vt 0.522566020488739 0.491347998380661
vt 0.5191360116004944 0.4982509911060333
vt 0.5171080231666565 0.4961020052433014
vt 0.8022230267524719 0.6350539922714233
vt 0.9116529822349548 0.8249080181121826
vt 0.9094570279121399 0.7762190103530884
vt 0.9372749924659729 0.7846459746360779
vt 0.8279200196266174 0.46560901403427124
vt 0.5481629967689514 0.7539600133895874
vt 0.5245670080184937 0.7722939848899841
vt 0.5211139917373657 0.7551149725914001
vt 0.5127999782562256 0.5037810206413269
vt 0.7894430160522461 0.2623339891433716
vt 0.8057129979133606 0.31481099128723145
vt 0.7722470164299011 0.26839300990104675
vt 0.8237869739532471 0.46109700202941895
vt 0.8640869855880737 0.5265700221061707
vt 0.5249350070953369 0.45579200983047485
vt 0.5227019786834717 0.4520609974861145
vt 0.5416859984397888 0.4528549909591675
vt 0.5392249822616577 0.44754499197006226
vt 0.4962329864501953 0.4881120026111603
vt 0.5035449862480164 0.4906049966812134
vt 0.5895339846611023 0.39184799790382385
vt 0.5777909755706787 0.38420799374580383
vt 0.5886110067367554 0.3807840049266815
vt 0.5880489945411682 0.40351301431655884
vt 0.6013519763946533 0.39078301191329956
vt 0.5988140106201172 0.4059000015258789
vt 0.5736520290374756 0.4318769872188568
vt 0.5559099912643433 0.44023600220680237
vt 0.5689409971237183 0.42467498779296875
vt 0.5600079894065857 0.45533299446105957
vt 0.5432180166244507 0.4590989947319031
vt 0.5593929886817932 0.44690200686454773
vt 0.822721004486084 0.45869800448417664
vt 0.6122990250587463 0.5961729884147644
vt 0.6141960024833679 0.38966599106788635
vt 0.6109849810600281 0.4084149897098541
vt 0.6009150147438049 0.3764820098876953
vt 0.6041709780693054 0.42614901065826416
vt 0.558152973651886 0.40176698565483093
vt 0.5692309737205505 0.39416900277137756
vt 0.5681399703025818 0.40142399072647095
vt 0.5787950158119202 0.3928149938583374
vt 0.568585991859436 0.38806700706481934
vt 0.5572479963302612 0.4086360037326813
vt 0.5664820075035095 0.4091140031814575
vt 0.5372139811515808 0.4094580113887787
vt 0.5301820039749146 0.4160439968109131
vt 0.5292649865150452 0.4101159870624542
vt 0.1272439956665039 0.5074639916419983
vt 0.12514600157737732 0.5099679827690125
vt 0.8399530053138733 0.44818800687789917
vt 0.7150599956512451 0.5034160017967224
vt 0.7469339966773987 0.5252829790115356
vt 0.7274810075759888 0.5170360207557678
vt 0.9175670146942139 0.43988800048828125
vt 0.9115710258483887 0.4353629946708679
vt 0.5289170145988464 0.4052020013332367
vt 0.5267879962921143 0.4085730016231537
vt 0.5235580205917358 0.4079590141773224
vt 0.5138199925422668 0.41553398966789246
vt 0.544497013092041 0.39780399203300476
vt 0.621038019657135 0.5486559867858887
vt 0.6080999970436096 0.5525829792022705
vt 0.5463050007820129 0.4018169939517975
vt 0.5591070055961609 0.39510101079940796
vt 0.5353779792785645 0.4052700102329254
vt 0.558542013168335 0.39225900173187256
vt 0.547091007232666 0.40858399868011475
vt 0.5389440059661865 0.4169830083847046
vt 0.5473390221595764 0.416702002286911
vt 0.55622398853302 0.417726993560791
vt 0.5314900279045105 0.44095999002456665
vt 0.5449320077896118 0.4331890046596527
vt 0.5354869961738586 0.44419699907302856
vt 0.5211700201034546 0.43482500314712524
vt 0.5123040080070496 0.4195129871368408
vt 0.5096369981765747 0.4221610128879547
vt 0.5105640292167664 0.41868799924850464
vt 0.526373028755188 0.4367449879646301
vt 0.538877010345459 0.43026798963546753
vt 0.5114409923553467 0.4242419898509979
vt 0.5162490010261536 0.4232749938964844
vt 0.5148040056228638 0.4169110059738159
vt 0.5117449760437012 0.41731199622154236
vt 0.5113030076026917 0.41642001271247864
vt 0.5097630023956299 0.4165099859237671
vt 0.5101919770240784 0.4172919988632202
vt 0.5111110210418701 0.4595339894294739
vt 0.49617400765419006 0.46412500739097595
vt 0.5316190123558044 0.11235100030899048
vt 0.49587199091911316 0.12564100325107574
vt 0.4959219992160797 0.111115001142025
vt 0.5262500047683716 0.42648300528526306
vt 0.5324289798736572 0.42804598808288574
vt 0.5156620144844055 0.41885700821876526
vt 0.6421129703521729 0.5853639841079712
vt 0.638014018535614 0.5901489853858948
vt 0.9581630229949951 0.6831539869308472
vt 0.9746670126914978 0.7272629737854004
vt 0.9485470056533813 0.7135840058326721
vt 0.5072640180587769 0.580003023147583
vt 0.4965350031852722 0.5691620111465454
vt 0.551164984703064 0.43541499972343445
vt 0.5212410092353821 0.44828400015830994
vt 0.509893000125885 0.4525440037250519
vt 0.6275860071182251 0.5590220093727112
vt 0.5875369906425476 0.3516489863395691
vt 0.5818439722061157 0.32891398668289185
vt 0.5124559998512268 0.4105199873447418
vt 0.5091919898986816 0.4115940034389496
vt 0.5512170195579529 0.3878979980945587
vt 0.5554519891738892 0.3738879859447479
vt 0.5626440048217773 0.38292500376701355
vt 0.576554000377655 0.3613620102405548
vt 0.5568180084228516 0.3589549958705902
vt 0.5655540227890015 0.3507060110569
vt 0.5729169845581055 0.3773750066757202
vt 0.5842469930648804 0.37103599309921265
vt 0.5457760095596313 0.37873899936676025
vt 0.5475749969482422 0.3645949959754944
vt 0.5733720064163208 0.45586198568344116
vt 0.6131849884986877 0.5849379897117615
vt 0.6108760237693787 0.5957199931144714
vt 0.5657410025596619 0.369284987449646
vt 0.6300989985466003 0.5552269816398621
vt 0.5264869928359985 0.39725300669670105
vt 0.5114459991455078 0.4032990038394928
vt 0.5229949951171875 0.38855600357055664
vt 0.7791780233383179 0.8656209707260132
vt 0.8181329965591431 0.8489919900894165
vt 0.5735570192337036 0.3406429886817932
vt 0.5326089859008789 0.3768869936466217
vt 0.5318790078163147 0.39052000641822815
vt 0.5278720259666443 0.3823130130767822
vt 0.555903971195221 0.3307969868183136
vt 0.4962410032749176 0.4826579988002777
vt 0.5089939832687378 0.4777269959449768
vt 0.5271859765052795 0.3420279920101166
vt 0.5321019887924194 0.33350899815559387
vt 0.5237230062484741 0.3707770109176636
vt 0.5291860103607178 0.363660991191864
vt 0.5393480062484741 0.3707360029220581
vt 0.5332120060920715 0.39695701003074646
vt 0.5495510101318359 0.3405590057373047
vt 0.5387150049209595 0.3134639859199524
vt 0.5362570285797119 0.3242399990558624
vt 0.5600100159645081 0.3188549876213074
vt 0.5425450205802917 0.3487919867038727
vt 0.5353599786758423 0.3557699918746948
vt 0.5178970098495483 0.35863301157951355
vt 0.4962170124053955 0.44986599683761597
vt 0.4962100088596344 0.452659010887146
vt 0.5060480237007141 0.5018050074577332
vt 0.5037479996681213 0.5044580101966858
vt 0.5029510259628296 0.49897700548171997
vt 0.5002449750900269 0.49790000915527344
vt 0.5052379965782166 0.5001519918441772
vt 0.5263929963111877 0.47082701325416565
vt 0.5386760234832764 0.4743979871273041
vt 0.5232790112495422 0.47692999243736267
vt 0.5115870237350464 0.5153999924659729
vt 0.5092629790306091 0.517316997051239
vt 0.5079259872436523 0.5190370082855225
vt 0.5069249868392944 0.5174430012702942
vt 0.5124679803848267 0.5177119970321655
vt 0.5083460211753845 0.5150039792060852
vt 0.5046349763870239 0.5084229707717896
vt 0.5048390030860901 0.5130869746208191
vt 0.5027989745140076 0.5153700113296509
vt 0.5045459866523743 0.5202869772911072
vt 0.5035229921340942 0.517641007900238
vt 0.5069980025291443 0.5117020010948181
vt 0.5056800246238708 0.5152890086174011
vt 0.5134230256080627 0.7014579772949219
vt 0.4966759979724884 0.7212439775466919
vt 0.4966740012168884 0.7003849744796753
vt 0.513280987739563 0.5195559859275818
vt 0.5156819820404053 0.5254359841346741
vt 0.5108979940414429 0.5221109986305237
vt 0.5087400078773499 0.5279309749603271
vt 0.5059900283813477 0.5234240293502808
vt 0.5209059715270996 0.5324119925498962
vt 0.5305200219154358 0.5284309983253479
vt 0.5120530128479004 0.37156999111175537
vt 0.5147150158882141 0.3660860061645508
vt 0.5041139721870422 0.43886399269104004
vt 0.5162439942359924 0.382517009973526
vt 0.5038970112800598 0.39634498953819275
vt 0.5088390111923218 0.3779059946537018
vt 0.5197399854660034 0.37636101245880127
vt 0.5015919804573059 0.40287598967552185
vt 0.4981510043144226 0.4055570065975189
vt 0.49876001477241516 0.40203800797462463
vt 0.49708500504493713 0.8126170039176941
vt 0.4738920032978058 0.5017020106315613
vt 0.47627100348472595 0.5045139789581299
vt 0.4729450047016144 0.5058550238609314
vt 0.49529701471328735 0.40525099635124207
vt 0.49539801478385925 0.40146100521087646
vt 0.4876599907875061 0.5056160092353821
vt 0.4848330020904541 0.50382000207901
vt 0.4866510033607483 0.5017750263214111
vt 0.5087559819221497 0.41028299927711487
vt 0.5080969929695129 0.4117709994316101
vt 0.5073320269584656 0.4108400046825409
vt 0.4999749958515167 0.39527401328086853
vt 0.49553200602531433 0.3948349952697754
vt 0.5124329924583435 0.40812399983406067
vt 0.48266899585723877 0.5124469995498657
vt 0.4803889989852905 0.5089030265808105
vt 0.4826749861240387 0.5086870193481445
vt 0.48227399587631226 0.5015220046043396
vt 0.48250800371170044 0.5040760040283203
vt 0.4812450110912323 0.5027400255203247
vt 0.47818300127983093 0.503840982913971
vt 0.4793980121612549 0.5035520195960999
vt 0.4793429970741272 0.5038689970970154
vt 0.5056279897689819 0.4091759920120239
vt 0.5072810053825378 0.4073750078678131
vt 0.5218660235404968 0.3505609929561615
vt 0.5122860074043274 0.3377639949321747
vt 0.5031729936599731 0.40755900740623474
vt 0.5048589706420898 0.40467900037765503
vt 0.7336570024490356 0.7565469741821289
vt 0.7463269829750061 0.721235990524292
vt 0.7626150250434875 0.7284089922904968
vt 0.7776830196380615 0.7385069727897644
vt 0.7872120141983032 0.6984779834747314
vt 0.8007410168647766 0.7155200242996216
vt 0.7140020132064819 0.587145984172821
vt 0.7239739894866943 0.6022329926490784
vt 0.7142630219459534 0.607026994228363
vt 0.47707000374794006 0.5024110078811646
vt 0.4784660041332245 0.501354992389679
vt 0.7933850288391113 0.8400920033454895
vt 0.8294690251350403 0.8213329911231995
vt 0.8535060286521912 0.8714770078659058
vt 0.8933519721031189 0.8541899919509888
vt 0.8604099750518799 0.8871319890022278
vt 0.8482980132102966 0.8367429971694946
vt 0.9314010143280029 0.2574619948863983
vt 0.7346559762954712 0.8745459914207458
vt 0.7565929889678955 0.8928160071372986
vt 0.7082120180130005 0.9009780287742615
vt 0.6776670217514038 0.9273629784584045
vt 0.6647710204124451 0.8991379737854004
vt 0.49688100814819336 0.7924069762229919
vt 0.7981860041618347 0.9237340092658997
vt 0.8967549800872803 0.32185098528862
vt 0.86627197265625 0.3159340023994446
vt 0.7766100168228149 0.8258000016212463
vt 0.755370020866394 0.8508819937705994
vt 0.8708890080451965 0.3853380084037781
vt 0.8683750033378601 0.38502299785614014
vt 0.9018290042877197 0.405782014131546
vt 0.5779619812965393 0.4016849994659424
vt 0.8037649989128113 0.45406201481819153
vt 0.919090986251831 0.3251819908618927
vt 0.5081409811973572 0.39905598759651184
vt 0.8850730061531067 0.43707799911499023
vt 0.8880069851875305 0.44727998971939087
vt 0.6132529973983765 0.582440972328186
vt 0.6077920198440552 0.5808650255203247
vt 0.6256260275840759 0.49480798840522766
vt 0.605804979801178 0.500095009803772
vt 0.6185920238494873 0.4845629930496216
vt 0.8534669876098633 0.3798919916152954
vt 0.8560670018196106 0.37850600481033325
vt 0.8573099970817566 0.38091498613357544
vt 0.8708249926567078 0.5328310132026672
vt 0.8772540092468262 0.5354700088500977
vt 0.8593590259552002 0.37928301095962524
vt 0.8616049885749817 0.381166011095047
vt 0.6359080076217651 0.533490002155304
vt 0.6226400136947632 0.5425170063972473
vt 0.6224049925804138 0.5375580191612244
vt 0.9555760025978088 0.7443829774856567
vt 0.9292849898338318 0.7457730174064636
vt 0.8614510297775269 0.37747201323509216
vt 0.8653240203857422 0.3811500072479248
vt 0.49660998582839966 0.6171820163726807
vt 0.4964120090007782 0.5249519944190979
vt 0.500918984413147 0.5212050080299377
vt 0.5015159845352173 0.5244290232658386
vt 0.8557720184326172 0.37585100531578064
vt 0.7639870047569275 0.3834089934825897
vt 0.790723979473114 0.38155999779701233
vt 0.7821210026741028 0.4089230000972748
vt 0.8499209880828857 0.37853801250457764
vt 0.8137140274047852 0.4581409990787506
vt 0.8163830041885376 0.2665509879589081
vt 0.8170210123062134 0.3092679977416992
vt 0.8696050047874451 0.38255199790000916
vt 0.8960739970207214 0.5299590229988098
vt 0.890762984752655 0.525173008441925
vt 0.8938180208206177 0.5224829912185669
vt 0.8712999820709229 0.4858649969100952
vt 0.8752110004425049 0.4696100056171417
vt 0.8605470061302185 0.39375901222229004
vt 0.5832200050354004 0.4166319966316223
vt 0.4962620139122009 0.4303230047225952
vt 0.2756290137767792 0.212786003947258
vt 0.2604469954967499 0.18471600115299225
vt 0.5979859828948975 0.621891975402832
vt 0.6014710068702698 0.6270290017127991
vt 0.9107890129089355 0.5678470134735107
vt 0.8374770283699036 0.44966500997543335
vt 0.6078360080718994 0.5832200050354004
vt 0.6015470027923584 0.585578978061676
vt 0.6414420008659363 0.5692899823188782
vt 0.8917170166969299 0.45764100551605225
vt 0.8592609763145447 0.5024160146713257
vt 0.37403199076652527 0.5270310044288635
vt 0.38576599955558777 0.5407189726829529
vt 0.37238800525665283 0.5326759815216064
vt 0.515421986579895 0.4971719980239868
vt 0.5114359855651855 0.49871501326560974
vt 0.5117390155792236 0.49696698784828186
vt 0.8588950037956238 0.24426500499248505
vt 0.8426439762115479 0.21419300138950348
vt 0.8806549906730652 0.4865959882736206
vt 0.17571400105953217 0.46021199226379395
vt 0.17683599889278412 0.46377700567245483
vt 0.1090560033917427 0.4993259906768799
vt 0.8855389952659607 0.4475080072879791
vt 0.889706015586853 0.45763298869132996
vt 0.8973270058631897 0.5110080242156982
vt 0.8967229723930359 0.5171939730644226
vt 0.1270650029182434 0.49924901127815247
vt 0.8957589864730835 0.5357019901275635
vt 0.8891180157661438 0.5334540009498596
vt 0.8739029765129089 0.6409890055656433
vt 0.8897809982299805 0.6591020226478577
vt 0.8711619973182678 0.6773719787597656
vt 0.9100379943847656 0.6012449860572815
vt 0.8913000226020813 0.6229429841041565
vt 0.12170799821615219 0.5196149945259094
vt 0.11495500057935715 0.5170699954032898
vt 0.11724700033664703 0.5133510231971741
vt 0.8807989954948425 0.5361629724502563
vt 0.869392991065979 0.5277360081672668
vt 0.8753650188446045 0.5284820199012756
vt 0.880137026309967 0.43356600403785706
vt 0.8825669884681702 0.43672800064086914
vt 0.8493899703025818 0.5045530200004578
vt 0.7827550172805786 0.7522569894790649
vt 0.8058859705924988 0.7296450138092041
vt 0.758499026298523 0.7873899936676025
vt 0.7876200079917908 0.765824019908905
vt 0.8587179780006409 0.6261000037193298
vt 0.8540549874305725 0.6593700051307678
vt 0.8277779817581177 0.454367995262146
vt 0.5639910101890564 0.41917699575424194
vt 0.5755059719085693 0.41162899136543274
vt 0.6020359992980957 0.5790510177612305
vt 0.5192080140113831 0.4938400089740753
vt 0.11595600098371506 0.48517099022865295
vt 0.11860500276088715 0.4920710027217865
vt 0.8413349986076355 0.431988000869751
vt 0.8764380216598511 0.6110780239105225
vt 0.6309710144996643 0.8876339793205261
vt 0.6209610104560852 0.9186050295829773
vt 0.8497570157051086 0.6980090141296387
vt 0.8388810157775879 0.683260977268219
vt 0.8197169899940491 0.7319129705429077
vt 0.8194810152053833 0.7528179883956909
vt 0.8456810116767883 0.7224029898643494
vt 0.822422981262207 0.7759910225868225
vt 0.8481320142745972 0.7521010041236877
vt 0.8688200116157532 0.7027879953384399
vt 0.8731909990310669 0.7330150008201599
vt 0.881039023399353 0.5320590138435364
vt 0.8872960209846497 0.5250419974327087
vt 0.6243619918823242 0.5991880297660828
vt 0.7627040147781372 0.79830402135849
vt 0.79230797290802 0.777292013168335
vt 0.767441987991333 0.8088170289993286
vt 0.7937520146369934 0.7961289882659912
vt 0.8267790079116821 0.6910960078239441
vt 0.8233960270881653 0.36032599210739136
vt 0.8374320268630981 0.35379400849342346
vt 0.1604910045862198 0.4296259880065918
vt 0.16964100301265717 0.43020498752593994
vt 0.13694800436496735 0.4855029881000519
vt 0.7723339796066284 0.6823949813842773
vt 0.8076410293579102 0.5252829790115356
vt 0.7909029722213745 0.5264559984207153
vt 0.7644659876823425 0.5433300137519836
vt 0.7830860018730164 0.5553249716758728
vt 0.7736489772796631 0.5920490026473999
vt 0.12508900463581085 0.5232269763946533
vt 0.12953899800777435 0.5266410112380981
vt 0.7937650084495544 0.5995010137557983
vt 0.7771040201187134 0.6382690072059631
vt 0.12088300287723541 0.46953800320625305
vt 0.12333600223064423 0.5014749765396118
vt 0.12395700067281723 0.4981189966201782
vt 0.6812199950218201 0.6599929928779602
vt 0.1474989950656891 0.5174369812011719
vt 0.14262400567531586 0.5132390260696411
vt 0.8217629790306091 0.4693480134010315
vt 0.6358889937400818 0.539467990398407
vt 0.14487400650978088 0.45772799849510193
vt 0.1387840062379837 0.45006000995635986
vt 0.14575399458408356 0.45528000593185425
vt 0.15189699828624725 0.47955700755119324
vt 0.9271900057792664 0.5595309734344482
vt 0.9240019917488098 0.5869489908218384
vt 0.8716319799423218 0.4992150068283081
vt 0.9391289949417114 0.5754640102386475
vt 0.4967750012874603 0.7730649709701538
vt 0.5121819972991943 0.5023859739303589
vt 0.5122489929199219 0.5035610198974609
vt 0.186939999461174 0.4369269907474518
vt 0.5422419905662537 0.4950940012931824
vt 0.5281929969787598 0.4946579933166504
vt 0.14210200309753418 0.4193510115146637
vt 0.9542580246925354 0.5666549801826477
vt 0.02662700042128563 0.40318599343299866
vt 0.048239000141620636 0.3648439943790436
vt 0.04480399936437607 0.3986319899559021
vt 0.15428300201892853 0.5220909714698792
vt 0.8946040272712708 0.5168290138244629
vt 0.8949229717254639 0.5111039876937866
vt 0.6732439994812012 0.7250440120697021
vt 0.683355987071991 0.7348520159721375
vt 0.9633299708366394 0.6580759882926941
vt 0.8613499999046326 0.8067370057106018
vt 0.8888919949531555 0.8100669980049133
vt 0.8897420167922974 0.6841850280761719
vt 0.10037299990653992 0.36792001128196716
vt 0.812080979347229 0.8087720274925232
vt 0.13409100472927094 0.5025190114974976
vt 0.13451899588108063 0.5041689872741699
vt 0.9232710003852844 0.6216560006141663
vt 0.9336619973182678 0.6536539793014526
vt 0.9232450127601624 0.6445059776306152
vt 0.9383080005645752 0.6763219833374023
vt 0.9244279861450195 0.6652989983558655
vt 0.15556600689888 0.42898499965667725
vt 0.15917199850082397 0.41394099593162537
vt 0.49804699420928955 0.9238280057907104
vt 0.9302719831466675 0.5227360129356384
vt 0.9303770065307617 0.47739899158477783
vt 0.4965580105781555 0.5811769962310791
vt 0.5079500079154968 0.5905280113220215
vt 0.9224259853363037 0.5266879796981812
vt 0.8472059965133667 0.7862510085105896
vt 0.7225980162620544 0.5781710147857666
vt 0.7085400223731995 0.5681099891662598
vt 0.7149839997291565 0.5548149943351746
vt 0.559332013130188 0.5791339874267578
vt 0.5549070239067078 0.5577059984207153
vt 0.5698819756507874 0.5521180033683777
vt 0.5561839938163757 0.5662590265274048
vt 0.7013220191001892 0.5590630173683167
vt 0.5528339743614197 0.5501070022583008
vt 0.5423840284347534 0.5526120066642761
vt 0.550707995891571 0.5400230288505554
vt 0.12015300244092941 0.4829919934272766
vt 0.5479819774627686 0.4920080006122589
vt 0.5555760264396667 0.49950599670410156
vt 0.5630059838294983 0.4954110085964203
vt 0.5766100287437439 0.4944390058517456
vt 0.5695729851722717 0.5081440210342407
vt 0.5676329731941223 0.48981600999832153
vt 0.8680559992790222 0.43942099809646606
vt 0.5799480080604553 0.5282319784164429
vt 0.5647010207176208 0.5347769856452942
vt 0.5757730007171631 0.5191320180892944
vt 0.539218008518219 0.5201249718666077
vt 0.5436540246009827 0.5399550199508667
vt 0.5674099922180176 0.5427680015563965
vt 0.584293007850647 0.5370429754257202
vt 0.5414599776268005 0.5081499814987183
vt 0.531686007976532 0.5168319940567017
vt 0.8227139711380005 0.46145400404930115
vt 0.8186060190200806 0.4600850045681
vt 0.5173370242118835 0.5789039731025696
vt 0.6041219830513 0.6133750081062317
vt 0.5471540093421936 0.5288360118865967
vt 0.8843070268630981 0.516759991645813
vt 0.8898530006408691 0.5209640264511108
vt 0.10780300199985504 0.42941999435424805
vt 0.10530500113964081 0.4353120028972626
vt 0.571707010269165 0.5583770275115967
vt 0.5578190088272095 0.5726310014724731
vt 0.9262790083885193 0.7069200277328491
vt 0.598488986492157 0.48773398995399475
vt 0.5855969786643982 0.503678023815155
vt 0.16413800418376923 0.45854899287223816
vt 0.1646459996700287 0.45737600326538086
vt 0.5936089754104614 0.5138689875602722
vt 0.6114529967308044 0.5094050168991089
vt 0.5982750058174133 0.5227630138397217
vt 0.6097130179405212 0.47231900691986084
vt 0.5417309999465942 0.5816100239753723
vt 0.6083710193634033 0.5857139825820923
vt 0.12734200060367584 0.40046000480651855
vt 0.11788900196552277 0.4207409918308258
vt 0.6394609808921814 0.6343780159950256
vt 0.19957399368286133 0.22793899476528168
vt 0.1820880025625229 0.2055470049381256
vt 0.2177869975566864 0.194349005818367
vt 0.18576599657535553 0.4747059941291809
vt 0.18343299627304077 0.45613598823547363
vt 0.18596599996089935 0.45288699865341187
vt 0.6303449869155884 0.4678969979286194
vt 0.651839017868042 0.46182799339294434
vt 0.6391239762306213 0.47997498512268066
vt 0.8859840035438538 0.5061479806900024
vt 0.8877400159835815 0.5010510087013245
vt 0.4548549950122833 0.15980300307273865
vt 0.4121110141277313 0.15147900581359863
vt 0.7442640066146851 0.8292959928512573
vt 0.7294769883155823 0.8225259780883789
vt 0.6192330121994019 0.45685601234436035
vt 0.6412310004234314 0.44849300384521484
vt 0.6164489984512329 0.5181580185890198
vt 0.5416730046272278 0.5725169777870178
vt 0.5413039922714233 0.5637109875679016
vt 0.6464430093765259 0.5118420124053955
vt 0.6305040121078491 0.5069869756698608
vt 0.6445040106773376 0.49502599239349365
vt 0.6919770240783691 0.6690710186958313
vt 0.7138540148735046 0.6522729992866516
vt 0.7014319896697998 0.6752979755401611
vt 0.7037709951400757 0.6489909887313843
vt 0.721127986907959 0.6272280216217041
vt 0.6597430109977722 0.47965800762176514
vt 0.6749020218849182 0.4590420126914978
vt 0.5874090194702148 0.5428029894828796
vt 0.6021810173988342 0.5301949977874756
vt 0.6608219742774963 0.5023360252380371
vt 0.6752790212631226 0.514769971370697
vt 0.9610430002212524 0.26716798543930054
vt 0.9365869760513306 0.2929309904575348
vt 0.6090059876441956 0.5476670265197754
vt 0.647504985332489 0.5229439735412598
vt 0.5917389988899231 0.5571269989013672
vt 0.608493983745575 0.5441790223121643
vt 0.6855819821357727 0.5665069818496704
vt 0.6834700107574463 0.5473080277442932
vt 0.6766110062599182 0.5711680054664612
vt 0.6863880157470703 0.5340960025787354
vt 0.2111310064792633 0.43838798999786377
vt 0.1977519989013672 0.46522700786590576
vt 0.19540700316429138 0.43658798933029175
vt 0.6768010258674622 0.5595719814300537
vt 0.6728060245513916 0.5429210066795349
vt 0.6612629890441895 0.5403450131416321
vt 0.7556430101394653 0.40627700090408325
vt 0.7303479909896851 0.41667699813842773
vt 0.7364410161972046 0.3829619884490967
vt 0.6619899868965149 0.5305690169334412
vt 0.6615470051765442 0.5194119811058044
vt 0.6751409769058228 0.5305169820785522
vt 0.5920190215110779 0.5604259967803955
vt 0.5775539875030518 0.5757859945297241
vt 0.565455973148346 0.5916749835014343
vt 0.5766440033912659 0.5726280212402344
vt 0.5632820129394531 0.5891370177268982
vt 0.508508026599884 0.41268301010131836
vt 0.24721799790859222 0.6229310035705566
vt 0.25827300548553467 0.5950160026550293
vt 0.25977998971939087 0.6255049705505371
vt 0.529295027256012 0.5546039938926697
vt 0.4966590106487274 0.6712049841880798
vt 0.5112320184707642 0.6588010191917419
vt 0.5429159998893738 0.6791800260543823
vt 0.5522900223731995 0.6642450094223022
vt 0.5613139867782593 0.681738018989563
vt 0.5561130046844482 0.6057850122451782
vt 0.5527949929237366 0.6038050055503845
vt 0.5434669852256775 0.7381319999694824
vt 0.42642199993133545 0.807362973690033
vt 0.4608359932899475 0.8280839920043945
vt 0.42058199644088745 0.823809027671814
vt 0.5410490036010742 0.6222959756851196
vt 0.5487890243530273 0.6301620006561279
vt 0.5381460189819336 0.6287209987640381
vt 0.04143799841403961 0.42902299761772156
vt 0.024267999455332756 0.46230098605155945
vt 0.0254100002348423 0.4308519959449768
vt 0.5478079915046692 0.6404730081558228
vt 0.38871198892593384 0.8744770288467407
vt 0.4152880012989044 0.9041060209274292
vt 0.36389800906181335 0.8891329765319824
vt 0.30452001094818115 0.5152750015258789
vt 0.3174940049648285 0.4934360086917877
vt 0.31769999861717224 0.5148190259933472
vt 0.9272440075874329 0.44497600197792053
vt 0.15755900740623474 0.40313199162483215
vt 0.1545809954404831 0.4150710105895996
vt 0.15457899868488312 0.40351200103759766
vt 0.5357879996299744 0.6396470069885254
vt 0.5489029884338379 0.6518750190734863
vt 0.5355749726295471 0.651298999786377
vt 0.579010009765625 0.7518360018730164
vt 0.711696982383728 0.5247830152511597
vt 0.5241050124168396 0.6480339765548706
vt 0.512224018573761 0.5348979830741882
vt 0.49915701150894165 0.5074970126152039
vt 0.5016520023345947 0.5035049915313721
vt 0.5120369791984558 0.6867160201072693
vt 0.5290259718894958 0.6891310214996338
vt 0.5858820080757141 0.7662230134010315
vt 0.8811420202255249 0.7610880136489868
vt 0.3748129904270172 0.919107973575592
vt 0.3289340138435364 0.9001799821853638
vt 0.5387600064277649 0.3838149905204773
vt 0.8867130279541016 0.5129330158233643
vt 0.8835790157318115 0.5102819800376892
vt 0.6413670182228088 0.36198198795318604
vt 0.6274139881134033 0.36644598841667175
vt 0.5491480231285095 0.6938449740409851
vt 0.5716040134429932 0.6952559947967529
vt 0.5126199722290039 0.5037569999694824
vt 0.5127099752426147 0.503911018371582
vt 0.5126309990882874 0.5039330124855042
vt 0.7268959879875183 0.7165719866752625
vt 0.8525440096855164 0.35522499680519104
vt 0.8362029790878296 0.30984699726104736
vt 0.6207110285758972 0.6992930173873901
vt 0.6186910271644592 0.6852899789810181
vt 0.549705982208252 0.6247609853744507
vt 0.6974350214004517 0.7437480092048645
vt 0.7470759749412537 0.6878389716148376
vt 0.7169219851493835 0.7500969767570496
vt 0.5384610295295715 0.663802981376648
vt 0.5027419924736023 0.3766140043735504
vt 0.49559199810028076 0.3759459853172302
vt 0.5359920263290405 0.506945013999939
vt 0.6857309937477112 0.6954910159111023
vt 0.6482769846916199 0.5315219759941101
vt 0.6482419967651367 0.5390620231628418
vt 0.5699189901351929 0.6155459880828857
vt 0.5673499703407288 0.6196709871292114
vt 0.49740201234817505 0.847661018371582
vt 0.4972580075263977 0.830253005027771
vt 0.6640939712524414 0.7151119709014893
vt 0.6763669848442078 0.6870009899139404
vt 0.5831990242004395 0.7077760100364685
vt 0.7267900109291077 0.6553909778594971
vt 0.7109649777412415 0.6277940273284912
vt 0.5560529828071594 0.7081900238990784
vt 0.49985700845718384 0.515395998954773
vt 0.49946901202201843 0.5127210021018982
vt 0.7586789727210999 0.6523979902267456
vt 0.7609120011329651 0.6114850044250488
vt 0.7563179731369019 0.5687530040740967
vt 0.4477280080318451 0.5954210162162781
vt 0.4318409860134125 0.5854840278625488
vt 0.4338349997997284 0.5792149901390076
vt 0.4689509868621826 0.7724729776382446
vt 0.4452509880065918 0.7543479800224304
vt 0.4723060131072998 0.7552710175514221
vt 0.750203013420105 0.7643269896507263
vt 0.7103239893913269 0.8031179904937744
vt 0.7056310176849365 0.7901419997215271
vt 0.6939240097999573 0.7798290252685547
vt 0.7184860110282898 0.813746988773346
vt 0.6982150077819824 0.8463910222053528
vt 0.68156898021698 0.8370100259780884
vt 0.6477500200271606 0.8548640012741089
vt 0.5542119741439819 0.770317018032074
vt 0.6719689965248108 0.8233940005302429
vt 0.6677539944648743 0.8073999881744385
vt 0.6332100033760071 0.8404300212860107
vt 0.6226170063018799 0.8255450129508972
vt 0.5249260067939758 0.6358299851417542
vt 0.5002809762954712 0.5179250240325928
vt 0.6799110174179077 0.770766019821167
vt 0.6540520191192627 0.7978330254554749
vt 0.6413909792900085 0.7868750095367432
vt 0.6127700209617615 0.8128470182418823
vt 0.6035760045051575 0.7987970113754272
vt 0.6678379774093628 0.8679280281066895
vt 0.6326209902763367 0.7258949875831604
vt 0.6341050267219543 0.6666039824485779
vt 0.6162350177764893 0.6728299856185913
vt 0.5796520113945007 0.8395619988441467
vt 0.696245014667511 0.8749120235443115
vt 0.4189409911632538 0.5642129778862
vt 0.4170849919319153 0.5688239932060242
vt 0.613493025302887 0.608817994594574
vt 0.7207210063934326 0.8517370223999023
vt 0.4581890106201172 0.844527006149292
vt 0.15946799516677856 0.8626440167427063
vt 0.1955759972333908 0.903892993927002
vt 0.1432500034570694 0.8716070055961609
vt 0.5647910237312317 0.7237340211868286
vt 0.5939649939537048 0.7823569774627686
vt 0.6513779759407043 0.7492640018463135
vt 0.6282740235328674 0.7734829783439636
vt 0.5106390118598938 0.6460520029067993
vt 0.9069510102272034 0.6647989749908447
vt 0.9080479741096497 0.6398640275001526
vt 0.07118099927902222 0.47528499364852905
vt 0.07491099834442139 0.5087010264396667
vt 0.06903599947690964 0.5220580101013184
vt 0.9429739713668823 0.3304229974746704
vt 0.9637979865074158 0.30124399065971375
vt 0.966389000415802 0.3328459858894348
vt 0.49557000398635864 0.319256991147995
vt 0.3931019902229309 0.177156001329422
vt 0.3606170117855072 0.160631000995636
vt 0.853289008140564 0.37804099917411804
vt 0.8810840249061584 0.28151199221611023
vt 0.8463119864463806 0.27588099241256714
vt 0.8196070194244385 0.47085800766944885
vt 0.9102450013160706 0.2848140001296997
vt 0.8511329889297485 0.37562599778175354
vt 0.9863280057907104 0.30273398756980896
vt 0.9863280057907104 0.23632800579071045
vt 0.9587479829788208 0.2313539981842041
vt 0.5126169919967651 0.5041090250015259
vt 0.5763880014419556 0.13291800022125244
vt 0.5341309905052185 0.12741099298000336
vt 0.2984350025653839 0.7047960162162781
vt 0.2671230137348175 0.6877710223197937
vt 0.28079700469970703 0.6822360157966614
vt 0.5128650069236755 0.5033940076828003
vt 0.8120369911193848 0.38204801082611084
vt 0.8038849830627441 0.40775200724601746
vt 0.5127589702606201 0.5040249824523926
vt 0.6630979776382446 0.7609320282936096
vt 0.4778420031070709 0.721252977848053
vt 0.46016600728034973 0.7036870121955872
vt 0.47992900013923645 0.7015399932861328
vt 0.2535940110683441 0.5502210259437561
vt 0.27150100469589233 0.5359609723091125
vt 0.2616199851036072 0.5648469924926758
vt 0.29034700989723206 0.4962109923362732
vt 0.2925820052623749 0.5188400149345398
vt 0.24793699383735657 0.5865539908409119
vt 0.8842269778251648 0.5377320051193237
vt 0.5909839868545532 0.5999510288238525
vt 0.8318160176277161 0.18597500026226044
vt 0.8618800044059753 0.19373099505901337
vt 0.7744600176811218 0.19430400431156158
vt 0.7542759776115417 0.2204670011997223
vt 0.7316759824752808 0.1846569925546646
vt 0.7757949829101562 0.12296599894762039
vt 0.8223209977149963 0.15676699578762054
vt 0.785955011844635 0.15113499760627747
vt 0.8936309814453125 0.17353999614715576
vt 0.8549410104751587 0.13255999982357025
vt 0.8923550248146057 0.1378210037946701
vt 0.5603809952735901 0.062199000269174576
vt 0.527974009513855 0.08018399775028229
vt 0.5265009999275208 0.061000000685453415
vt 0.6370700001716614 0.047301001846790314
vt 0.6693429946899414 0.029555000364780426
vt 0.6765339970588684 0.04868900030851364
vt 0.43309301137924194 0.7887660264968872
vt 0.46332401037216187 0.8109859824180603
vt 0.25340700149536133 0.6572409868240356
vt 0.26739001274108887 0.6553710103034973
vt 0.45250898599624634 0.6098189949989319
vt 0.45910099148750305 0.6032999753952026
vt 0.4639669954776764 0.6235790252685547
vt 0.4831419885158539 0.6323320269584656
vt 0.46834200620651245 0.6358780264854431
vt 0.37446901202201843 0.7606610059738159
vt 0.35217100381851196 0.7383890151977539
vt 0.3825159966945648 0.7470420002937317
vt 0.6237419843673706 0.4112659990787506
vt 0.6411979794502258 0.38900700211524963
vt 0.6366109848022461 0.41552498936653137
vt 0.5512800216674805 0.6183980107307434
vt 0.5453799962997437 0.6164039969444275
vt 0.6232330203056335 0.593891978263855
vt 0.4043920040130615 0.8576250076293945
vt 0.4383690059185028 0.8855249881744385
vt 0.027789000421762466 0.36945998668670654
vt 0.5972729921340942 0.045756999403238297
vt 0.6328510046005249 0.029051000252366066
vt 0.4822930097579956 0.6727280020713806
vt 0.4684489965438843 0.6601769924163818
vt 0.4820699989795685 0.6588389873504639
vt 0.9719190001487732 0.4968140125274658
vt 0.38770800828933716 0.5364620089530945
vt 0.40158501267433167 0.5534330010414124
vt 0.3408670127391815 0.18890699744224548
vt 0.14733099937438965 0.37707000970840454
vt 0.14498400688171387 0.37071800231933594
vt 0.4145449995994568 0.8394839763641357
vt 0.4504910111427307 0.8653870224952698
vt 0.10807999968528748 0.41492700576782227
vt 0.1566700041294098 0.46817800402641296
vt 0.18558600544929504 0.5254459977149963
vt 0.20228800177574158 0.5265560150146484
vt 0.19081999361515045 0.5655289888381958
vt 0.17787499725818634 0.5984299778938293
vt 0.1587900072336197 0.5729510188102722
vt 0.1744229942560196 0.5530980229377747
vt 0.13467399775981903 0.2441840022802353
vt 0.15086500346660614 0.21420800685882568
vt 0.7379419803619385 0.02802100032567978
vt 0.7597659826278687 0.00976600032299757
vt 0.7754920125007629 0.028179999440908432
vt 0.4842579960823059 0.6020910143852234
vt 0.023692000657320023 0.5603659749031067
vt 0.038943998515605927 0.5395230054855347
vt 0.040481001138687134 0.5661510229110718
vt 0.40305501222610474 0.5490170121192932
vt 0.5388810038566589 0.7215620279312134
vt 0.07637099921703339 0.44011300802230835
vt 0.07932999730110168 0.46952399611473083
vt 0.47894299030303955 0.5054389834403992
vt 0.479900985956192 0.5037360191345215
vt 0.47993001341819763 0.503840982913971
vt 0.47791099548339844 0.5078269839286804
vt 0.4797089993953705 0.5033000111579895
vt 0.47951701283454895 0.502170979976654
vt 0.4798330068588257 0.5033490061759949
vt 0.4798800051212311 0.5039700269699097
vt 0.47990599274635315 0.5040990114212036
vt 0.49055200815200806 0.5129250288009644
vt 0.4890260100364685 0.5086899995803833
vt 0.4912619888782501 0.5080490112304688
vt 0.47955000400543213 0.5124199986457825
vt 0.48076099157333374 0.503948986530304
vt 0.48014599084854126 0.5037789940834045
vt 0.48045098781585693 0.5035189986228943
vt 0.9155840277671814 0.06022299826145172
vt 0.8834779858589172 0.07941100001335144
vt 0.8753319978713989 0.05663900077342987
vt 0.8022159934043884 0.06990700215101242
vt 0.7497079968452454 0.04647200182080269
vt 0.7906190156936646 0.04741799831390381
vt 0.8441600203514099 0.07149799913167953
vt 0.8321970105171204 0.05113200098276138
vt 0.48246699571609497 0.50559401512146
vt 0.4800499975681305 0.5041139721870422
vt 0.4803679883480072 0.5046859979629517
vt 0.48475098609924316 0.5072659850120544
vt 0.4830699861049652 0.49925899505615234
vt 0.4813919961452484 0.506197988986969
vt 0.48012998700141907 0.5061659812927246
vt 0.4791409969329834 0.5022929906845093
vt 0.4783860146999359 0.5029029846191406
vt 0.8512579798698425 0.10051999986171722
vt 0.1457740068435669 0.4385730028152466
vt 0.18574799597263336 0.31488001346588135
vt 0.20196400582790375 0.26233699917793274
vt 0.21889400482177734 0.26848599314689636
vt 0.6340479850769043 0.5462759733200073
vt 0.6288220286369324 0.4383139908313751
vt 0.14057299494743347 0.4900340139865875
vt 0.14344899356365204 0.49188798666000366
vt 0.13398699462413788 0.5121449828147888
vt 0.22192099690437317 0.6819189786911011
vt 0.18182000517845154 0.6568629741668701
vt 0.19196000695228577 0.6348209977149963
vt 0.2070080041885376 0.6980819702148438
vt 0.16629299521446228 0.6736329793930054
vt 0.1512790024280548 0.6351590156555176
vt 0.16588599979877472 0.6192169785499573
vt 0.19390900433063507 0.49480000138282776
vt 0.20922699570655823 0.4870460033416748
vt 0.15384100377559662 0.5376600027084351
vt 0.12643000483512878 0.5829399824142456
vt 0.1242000013589859 0.42344099283218384
vt 0.12921899557113647 0.4015209972858429
vt 0.8843629956245422 0.532712996006012
vt 0.36886700987815857 0.5785549879074097
vt 0.3753780126571655 0.5806149840354919
vt 0.3722139894962311 0.5825039744377136
vt 0.3759549856185913 0.5828369855880737
vt 0.37279200553894043 0.5843920111656189
vt 0.36947500705718994 0.5843989849090576
vt 0.37035301327705383 0.5863990187644958
vt 0.3655419945716858 0.580551028251648
vt 0.40163901448249817 0.5953789949417114
vt 0.39990198612213135 0.5890949964523315
vt 0.40380001068115234 0.5945760011672974
vt 0.40533000230789185 0.5928900241851807
vt 0.40019699931144714 0.5864329934120178
vt 0.4032000005245209 0.6107640266418457
vt 0.39108899235725403 0.6064199805259705
vt 0.4032300114631653 0.6084399819374084
vt 0.4031740128993988 0.6034780144691467
vt 0.39097100496292114 0.6051419973373413
vt 0.3907429873943329 0.6037619709968567
vt 0.407056987285614 0.604656994342804
vt 0.40329301357269287 0.6060240268707275
vt 0.40821900963783264 0.6098219752311707
vt 0.40880900621414185 0.6082050204277039
vt 0.38987699151039124 0.5750430226325989
vt 0.3996500074863434 0.5785710215568542
vt 0.3999139964580536 0.5829020142555237
vt 0.39104101061820984 0.5789719820022583
vt 0.3833700120449066 0.5770000219345093
vt 0.381507009267807 0.5730950236320496
vt 0.3887940049171448 0.5705860257148743
vt 0.4075169861316681 0.5873590111732483
vt 0.406127005815506 0.5907260179519653
vt 0.37956899404525757 0.568668007850647
vt 0.3873080015182495 0.566353976726532
vt 0.39943501353263855 0.5750280022621155
vt 0.40831199288368225 0.5853970050811768
vt 0.4098089933395386 0.5936650037765503
vt 0.3858169913291931 0.559050977230072
vt 0.3998830020427704 0.5714679956436157
vt 0.3863469958305359 0.5619739890098572
vt 0.3776809871196747 0.5645110011100769
vt 0.374563992023468 0.5564910173416138
vt 0.37552401423454285 0.5598599910736084
vt 0.3548850119113922 0.5820770263671875
vt 0.34710100293159485 0.581400990486145
vt 0.34915900230407715 0.5784239768981934
vt 0.31170400977134705 0.5784879922866821
vt 0.3076770007610321 0.5664600133895874
vt 0.31666699051856995 0.5710840225219727
vt 0.2870430052280426 0.5449569821357727
vt 0.3001460134983063 0.5527129769325256
vt 0.29194098711013794 0.5590360164642334
vt 0.3588089942932129 0.5794159770011902
vt 0.36256399750709534 0.5826290249824524
vt 0.35937100648880005 0.5860490202903748
vt 0.3527440130710602 0.575281023979187
vt 0.35680800676345825 0.5725569725036621
vt 0.36115899682044983 0.570356011390686
vt 0.3696979880332947 0.5737320184707642
vt 0.36546599864959717 0.575007975101471
vt 0.37258899211883545 0.5772609710693359
vt 0.3619610071182251 0.576878011226654
vt 0.37677499651908875 0.5764250159263611
vt 0.37195301055908203 0.5676739811897278
vt 0.36600300669670105 0.5690569877624512
vt 0.3688800036907196 0.5634300112724304
vt 0.36214300990104675 0.5649960041046143
vt 0.35661301016807556 0.5664269924163818
vt 0.3517009913921356 0.5691699981689453
vt 0.3471269905567169 0.5723339915275574
vt 0.3428240120410919 0.575901985168457
vt 0.3407610058784485 0.5808669924736023
vt 0.34000399708747864 0.5694680213928223
vt 0.33859699964523315 0.5626360177993774
vt 0.3458090126514435 0.5657650232315063
vt 0.33461201190948486 0.574059009552002
vt 0.3312720060348511 0.5676649808883667
vt 0.35140299797058105 0.5627679824829102
vt 0.3549180030822754 0.5568339824676514
vt 0.3580690026283264 0.5609440207481384
vt 0.34645000100135803 0.5591250061988831
vt 0.36556199193000793 0.5589929819107056
vt 0.36309999227523804 0.5552250146865845
vt 0.3920240104198456 0.5825279951095581
vt 0.3976669907569885 0.5905550122261047
vt 0.3915320038795471 0.5854619741439819
vt 0.38520801067352295 0.5830770134925842
vt 0.38523098826408386 0.5807170271873474
vt 0.37918999791145325 0.5800039768218994
vt 0.3846920132637024 0.5855759978294373
vt 0.38222700357437134 0.5956119894981384
vt 0.37985798716545105 0.5847749710083008
vt 0.3797760009765625 0.5822700262069702
vt 0.3901219964027405 0.5877230167388916
vt 0.38425499200820923 0.5958830118179321
vt 0.3952749967575073 0.5918809771537781
vt 0.38838499784469604 0.5985029935836792
vt 0.38649800419807434 0.5969099998474121
vt 0.39948099851608276 0.595757007598877
vt 0.38965898752212524 0.6003649830818176
vt 0.38384899497032166 0.6538220047950745
vt 0.37241798639297485 0.6466190218925476
vt 0.3840090036392212 0.6503710150718689
vt 0.05383199825882912 0.4726260006427765
vt 0.03922300040721893 0.5093640089035034
vt 0.03951499983668327 0.46536800265312195
vt 0.3668540120124817 0.634099006652832
vt 0.35677701234817505 0.6320409774780273
vt 0.36006298661231995 0.6285660266876221
vt 0.36941099166870117 0.6300619840621948
vt 0.3638930022716522 0.62459397315979
vt 0.37615498900413513 0.634477972984314
vt 0.3745970129966736 0.6392850279808044
vt 0.36448100209236145 0.6382330060005188
vt 0.3714820146560669 0.6135380268096924
vt 0.36708399653434753 0.6119570136070251
vt 0.3701289892196655 0.6099839806556702
vt 0.36564499139785767 0.6073439717292786
vt 0.3690919876098633 0.6064730286598206
vt 0.3796069920063019 0.6071360111236572
vt 0.37990298867225647 0.6086530089378357
vt 0.2743949890136719 0.475257009267807
vt 0.28778699040412903 0.4679349958896637
vt 0.3672940135002136 0.5866870284080505
vt 0.36856698989868164 0.5888040065765381
vt 0.36504000425338745 0.5895000100135803
vt 0.3551799952983856 0.5899530053138733
vt 0.37374600768089294 0.5865600109100342
vt 0.3794099986553192 0.5981870293617249
vt 0.3719309866428375 0.588782012462616
vt 0.3764910101890564 0.5852519869804382
vt 0.3798629939556122 0.5969579815864563
vt 0.37106600403785706 0.591035008430481
vt 0.37919801473617554 0.6007850170135498
vt 0.36990100145339966 0.5936319828033447
vt 0.3668130040168762 0.5916150212287903
vt 0.3625029921531677 0.5931479930877686
vt 0.5364990234375 0.8445370197296143
vt 0.3688560128211975 0.5989140272140503
vt 0.37932100892066956 0.6045079827308655
vt 0.36867401003837585 0.6011999845504761
vt 0.3641760051250458 0.6007069945335388
vt 0.36448198556900024 0.5978860259056091
vt 0.3691039979457855 0.5965049862861633
vt 0.36531901359558105 0.5949869751930237
vt 0.3792229890823364 0.603302001953125
vt 0.3687889873981476 0.6036400198936462
vt 0.3646169900894165 0.6037120223045349
vt 0.37943699955940247 0.6057680249214172
vt 0.3476659953594208 0.5863999724388123
vt 0.35108500719070435 0.5851899981498718
vt 0.3535340130329132 0.5930590033531189
vt 0.3408829867839813 0.5875369906425476
vt 0.34734299778938293 0.5974090099334717
vt 0.33139801025390625 0.5797349810600281
vt 0.3310970067977905 0.5873429775238037
vt 0.33437401056289673 0.5998860001564026
vt 0.32019299268722534 0.5890529751777649
vt 0.32221901416778564 0.6016539931297302
vt 0.3221229910850525 0.5808709859848022
vt 0.3609069883823395 0.5961909890174866
vt 0.3599129915237427 0.5993030071258545
vt 0.33568599820137024 0.6116809844970703
vt 0.3440130054950714 0.6078069806098938
vt 0.3524630069732666 0.6056399941444397
vt 0.35648998618125916 0.6120309829711914
vt 0.3503580093383789 0.61524498462677
vt 0.3551560044288635 0.621878981590271
vt 0.3437789976596832 0.6182109713554382
vt 0.3599649965763092 0.61838299036026
vt 0.35042300820350647 0.6253430247306824
vt 0.36094900965690613 0.6039519906044006
vt 0.3627049922943115 0.6092339754104614
vt 0.36476099491119385 0.6148139834403992
vt 0.369251012802124 0.6165909767150879
vt 0.3672719895839691 0.6205710172653198
vt 0.37326300144195557 0.6215490102767944
vt 0.37150099873542786 0.625901997089386
vt 0.3786419928073883 0.6254259943962097
vt 0.37734299898147583 0.6301789879798889
vt 0.3819589912891388 0.6599770188331604
vt 0.37044399976730347 0.6500020027160645
vt 0.3832080066204071 0.6134009957313538
vt 0.3850899934768677 0.623117983341217
vt 0.3793239891529083 0.6215540170669556
vt 0.4012700021266937 0.6168280243873596
vt 0.391074001789093 0.6091309785842896
vt 0.40242400765419006 0.6137830018997192
vt 0.39113301038742065 0.6077290177345276
vt 0.4064730107784271 0.6140080094337463
vt 0.404107004404068 0.6175990104675293
vt 0.38757801055908203 0.613988995552063
vt 0.3908349871635437 0.6232230067253113
vt 0.39546599984169006 0.6218569874763489
vt 0.3903290033340454 0.6120520234107971
vt 0.3983049988746643 0.6193659901618958
vt 0.3978419899940491 0.6253479719161987
vt 0.40167200565338135 0.6209459900856018
vt 0.3852809965610504 0.6274189949035645
vt 0.39199599623680115 0.6269649863243103
vt 0.02815599925816059 0.627357006072998
vt 0.043122999370098114 0.6018999814987183
vt 0.045958999544382095 0.6291379928588867
vt 0.3749679923057556 0.6182379722595215
vt 0.38041800260543823 0.6103190183639526
vt 0.3815470039844513 0.612064003944397
vt 0.05919399857521057 0.6340109705924988
vt 0.050725001841783524 0.6547769904136658
vt 0.08419299870729446 0.284621000289917
vt 0.0635799989104271 0.2574149966239929
vt 0.10273099690675735 0.24370799958705902
vt 0.3908489942550659 0.6106100082397461
vt 0.4088380038738251 0.618628978729248
vt 0.41248399019241333 0.6139940023422241
vt 0.41470199823379517 0.6100180149078369
vt 0.41561099886894226 0.6175339818000793
vt 0.41818898916244507 0.6128159761428833
vt 0.41193100810050964 0.6229140162467957
vt 0.40452998876571655 0.6229310035705566
vt 0.40650099515914917 0.627344012260437
vt 0.39998599886894226 0.6330839991569519
vt 0.3993839919567108 0.6281650066375732
vt 0.3925760090351105 0.6305909752845764
vt 0.3927589952945709 0.634905993938446
vt 0.38526099920272827 0.6320160031318665
vt 0.4015060067176819 0.6380689740180969
vt 0.40849000215530396 0.6321830153465271
vt 0.40332499146461487 0.6435289978981018
vt 0.41027501225471497 0.6385149955749512
vt 0.3944830000400543 0.6449880003929138
vt 0.39343398809432983 0.6398770213127136
vt 0.41322198510169983 0.5948699712753296
vt 0.41113701462745667 0.5982639789581299
vt 0.41327300667762756 0.6033589839935303
vt 0.4086360037326813 0.5990750193595886
vt 0.40466299653053284 0.6001240015029907
vt 0.4150890111923218 0.6078490018844604
vt 0.40839600563049316 0.6065419912338257
vt 0.41643598675727844 0.6025829911231995
vt 0.41436100006103516 0.6056749820709229
vt 0.40220800042152405 0.5999730229377747
vt 0.3903520107269287 0.6021620035171509
vt 0.4187520146369934 0.6210020184516907
vt 0.42336300015449524 0.6155639886856079
vt 0.42281100153923035 0.62779301404953
vt 0.42594000697135925 0.6197010278701782
vt 0.4152829945087433 0.627655029296875
vt 0.4185999929904938 0.6353319883346558
vt 0.41971099376678467 0.6069560050964355
vt 0.42379701137542725 0.6057379841804504
vt 0.4254400134086609 0.609827995300293
vt 0.42685601115226746 0.6066089868545532
vt 0.42847898602485657 0.6118720173835754
vt 0.42516401410102844 0.6133520007133484
vt 0.4277400076389313 0.6163370013237
vt 0.4199160039424896 0.6102020144462585
vt 0.4101159870624542 0.5831339955329895
vt 0.4113290011882782 0.5817019939422607
vt 0.40013301372528076 0.5691319704055786
vt 0.41662299633026123 0.594219982624054
vt 0.4189150035381317 0.5940529704093933
vt 0.37363401055336 0.552960991859436
vt 0.3854439854621887 0.5560349822044373
vt 0.3721480071544647 0.5486890077590942
vt 0.38509100675582886 0.5527089834213257
vt 0.40051698684692383 0.5667030215263367
vt 0.40136900544166565 0.5646860003471375
vt 0.32381099462509155 0.5644279718399048
vt 0.32522499561309814 0.5734509825706482
vt 0.3164159953594208 0.5595399737358093
vt 0.3258880078792572 0.5538780093193054
vt 0.3322019875049591 0.5592290163040161
vt 0.3413209915161133 0.5549830198287964
vt 0.33675798773765564 0.5494940280914307
vt 0.3482089936733246 0.5471739768981934
vt 0.3515470027923584 0.552262008190155
vt 0.3610509932041168 0.5512139797210693
vt 0.3590739965438843 0.5462729930877686
vt 0.3075610101222992 0.5864089727401733
vt 0.30528199672698975 0.5990579724311829
vt 0.29591700434684753 0.5818430185317993
vt 0.2922140061855316 0.596189022064209
vt 0.3010700047016144 0.5733979940414429
vt 0.42934998869895935 0.6245269775390625
vt 0.428413987159729 0.6337249875068665
vt 0.4351769983768463 0.6287170052528381
vt 0.4352929890155792 0.6384130120277405
vt 0.426131010055542 0.6443819999694824
vt 0.43393200635910034 0.649403989315033
vt 0.42970600724220276 0.6074429750442505
vt 0.43158701062202454 0.6142510175704956
vt 0.4329349994659424 0.6078349947929382
vt 0.43563100695610046 0.6171290278434753
vt 0.430745005607605 0.6198089718818665
vt 0.43522900342941284 0.6233029961585999
vt 0.4128269851207733 0.5804439783096313
vt 0.41422998905181885 0.5789110064506531
vt 0.4211449921131134 0.5934510231018066
vt 0.42393600940704346 0.5930100083351135
vt 0.05626000091433525 0.4394870102405548
vt 0.05224300175905228 0.5140900015830994
vt 0.34602299332618713 0.6585659980773926
vt 0.35301899909973145 0.678134024143219
vt 0.33693400025367737 0.6672080159187317
vt 0.32602399587631226 0.6756029725074768
vt 0.32392799854278564 0.6545559763908386
vt 0.31284400820732117 0.6600009799003601
vt 0.3345249891281128 0.6488159894943237
vt 0.316430002450943 0.6131340265274048
vt 0.3085770010948181 0.6264619827270508
vt 0.30507200956344604 0.6126310229301453
vt 0.2966670095920563 0.6271119713783264
vt 0.2927030026912689 0.6110150218009949
vt 0.32620999217033386 0.637561023235321
vt 0.3156310021877289 0.6406289935112
vt 0.3033669888973236 0.6434230208396912
vt 0.3186970055103302 0.6264200210571289
vt 0.41009199619293213 0.6628180146217346
vt 0.42343300580978394 0.6569460034370422
vt 0.4134329855442047 0.6711540222167969
vt 0.4192909896373749 0.6780310273170471
vt 0.4307669997215271 0.6621230244636536
vt 0.40291300415992737 0.6925240159034729
vt 0.39465901255607605 0.6705610156059265
vt 0.3956789970397949 0.6817160248756409
vt 0.4181689918041229 0.6514700055122375
vt 0.4092569947242737 0.6443319916725159
vt 0.4044950008392334 0.647750973701477
vt 0.4053739905357361 0.6510689854621887
vt 0.4112569987773895 0.6451910138130188
vt 0.39581599831581116 0.6528030037879944
vt 0.39522698521614075 0.6491450071334839
vt 0.08308500051498413 0.6889730095863342
vt 0.08833900094032288 0.73300701379776
vt 0.06919199973344803 0.7068110108375549
vt 0.3732669949531555 0.6437829732894897
vt 0.3843269944190979 0.6415539979934692
vt 0.3842479884624481 0.6465820074081421
vt 0.3629159927368164 0.6406959891319275
vt 0.3596760034561157 0.6439669728279114
vt 0.35419899225234985 0.6342750191688538
vt 0.35024699568748474 0.6371369957923889
vt 0.34642699360847473 0.6277430057525635
vt 0.34154900908470154 0.6302930116653442
vt 0.3393220007419586 0.621474027633667
vt 0.33449500799179077 0.6227779984474182
vt 0.33388400077819824 0.6156349778175354
vt 0.32854101061820984 0.6149500012397766
vt 0.41164299845695496 0.6504030227661133
vt 0.40654000639915466 0.654994010925293
vt 0.3957329988479614 0.6590110063552856
vt 0.057367000728845596 0.609682023525238
vt 0.33247900009155273 0.7629479765892029
vt 0.3126299977302551 0.7358289957046509
vt 0.34363898634910583 0.7507439851760864
vt 0.3436340093612671 0.6417210102081299
vt 0.3541260063648224 0.6495620012283325
vt 0.36608800292015076 0.6562539935112
vt 0.3596929907798767 0.6666579842567444
vt 0.33486199378967285 0.6335160136222839
vt 0.32789701223373413 0.6252189874649048
vt 0.32359400391578674 0.6184409856796265
vt 0.5278390049934387 0.5424550175666809
vt 0.1822880059480667 0.44689100980758667
vt 0.18519599735736847 0.44565901160240173
vt 0.09812399744987488 0.468502014875412
vt 0.08429999649524689 0.5040150284767151
vt 0.09215100109577179 0.5004330277442932
vt 0.12021999806165695 0.5240280032157898
vt 0.12201499938964844 0.4860270023345947
vt 0.8383439779281616 0.47262001037597656
vt 0.1380079984664917 0.505171000957489
vt 0.1377680003643036 0.5038989782333374
vt 0.13026399910449982 0.4334380030632019
vt 0.13712799549102783 0.42745599150657654
vt 0.12964700162410736 0.4357990026473999
vt 0.154558002948761 0.4727790057659149
vt 0.12474200129508972 0.49780499935150146
vt 0.12347900122404099 0.49580299854278564
vt 0.12260299921035767 0.4960139989852905
vt 0.12436900287866592 0.49549800157546997
vt 0.06565400213003159 0.3698579967021942
vt 0.1222900003194809 0.4935170114040375
vt 0.17750999331474304 0.4616529941558838
vt 0.17730699479579926 0.468733012676239
vt 0.1218309998512268 0.49931401014328003
vt 0.09988199919462204 0.4677259922027588
vt 0.10429000109434128 0.46770501136779785
vt 0.10714700073003769 0.4571300148963928
vt 0.10822000354528427 0.45742401480674744
vt 0.10987900197505951 0.44523701071739197
vt 0.11075100302696228 0.4449630081653595
vt 0.12609100341796875 0.4425410032272339
vt 0.12625600397586823 0.4430209994316101
vt 0.12303999811410904 0.45092999935150146
vt 0.12350799888372421 0.4513159990310669
vt 0.1326799988746643 0.3842810094356537
vt 0.13396400213241577 0.38880598545074463
vt 0.13563600182533264 0.5050979852676392
vt 0.13775299489498138 0.5064839720726013
vt 0.13462400436401367 0.5057309865951538
vt 0.8741099834442139 0.8394309878349304
vt 0.09437199681997299 0.48745301365852356
vt 0.10968799889087677 0.42818498611450195
vt 0.11770500242710114 0.4838300049304962
vt 0.17626699805259705 0.45651400089263916
vt 0.8665189743041992 0.44289499521255493
vt 0.8822609782218933 0.44503799080848694
vt 0.14668400585651398 0.4999240040779114
vt 0.16108299791812897 0.44378599524497986
vt 0.15104499459266663 0.49475398659706116
vt 0.14991800487041473 0.4979740083217621
vt 0.14918799698352814 0.4977149963378906
vt 0.1361059993505478 0.4553549885749817
vt 0.16459600627422333 0.45718199014663696
vt 0.16761599481105804 0.463034987449646
vt 0.1666630059480667 0.46435099840164185
vt 0.7346439957618713 0.9211339950561523
vt 0.16999399662017822 0.4615840017795563
vt 0.1672780066728592 0.44902700185775757
vt 0.16427099704742432 0.44835999608039856
vt 0.16446900367736816 0.4461359977722168
vt 0.11984100192785263 0.5073239803314209
vt 0.13806000351905823 0.4225960075855255
vt 0.5569440126419067 0.4677470028400421
vt 0.15149399638175964 0.49717798829078674
vt 0.15061700344085693 0.5006260275840759
vt 0.1515430063009262 0.5027400255203247
vt 0.14841599762439728 0.5021460056304932
vt 0.13349899649620056 0.506742000579834
vt 0.13651500642299652 0.5094119906425476
vt 0.13028199970722198 0.504705011844635
vt 0.8831650018692017 0.44536298513412476
vt 0.11615300178527832 0.54032301902771
vt 0.1467829942703247 0.5031449794769287
vt 0.14388200640678406 0.5047370195388794
vt 0.14691799879074097 0.5017229914665222
vt 0.1438640058040619 0.5033169984817505
vt 0.14691099524497986 0.5007230043411255
vt 0.1497890055179596 0.45155200362205505
vt 0.1527079939842224 0.44833099842071533
vt 0.7217299938201904 0.5360699892044067
vt 0.14657099545001984 0.46178901195526123
vt 0.14683100581169128 0.45727699995040894
vt 0.1497649997472763 0.45649299025535583
vt 0.7538020014762878 0.49551698565483093
vt 0.7723079919815063 0.5076389908790588
vt 0.17883199453353882 0.500669002532959
vt 0.17611199617385864 0.4939500093460083
vt 0.8504120111465454 0.44676700234413147
vt 0.14138400554656982 0.4251680076122284
vt 0.09780299663543701 0.5299779772758484
vt 0.14210300147533417 0.4410499930381775
vt 0.12155000120401382 0.4610069990158081
vt 0.8488630056381226 0.4983980059623718
vt 0.496396005153656 0.5211600065231323
vt 0.14435599744319916 0.4429750144481659
vt 0.13986200094223022 0.44550400972366333
vt 0.13583000004291534 0.44891199469566345
vt 0.13289499282836914 0.454569011926651
vt 0.11876700073480606 0.39667800068855286
vt 0.15156300365924835 0.48324599862098694
vt 0.15224400162696838 0.48537901043891907
vt 0.11907800287008286 0.49884700775146484
vt 0.8396850228309631 0.5374900102615356
vt 0.8190969824790955 0.5529630184173584
vt 0.8228030204772949 0.493151992559433
vt 0.17890800535678864 0.45824599266052246
vt 0.1354449987411499 0.4880630075931549
vt 0.5029399991035461 0.5294520258903503
vt 0.49643099308013916 0.5300390124320984
vt 0.11712200194597244 0.4603460133075714
vt 0.13417699933052063 0.48480498790740967
vt 0.13807499408721924 0.48888498544692993
vt 0.15852999687194824 0.4905549883842468
vt 0.10349299758672714 0.5393400192260742
vt 0.10946500301361084 0.5327770113945007
vt 0.1042490005493164 0.5253700017929077
vt 0.906029999256134 0.5249549746513367
vt 0.6154729723930359 0.5645179748535156
vt 0.16287900507450104 0.39709898829460144
vt 0.11566700041294098 0.47001200914382935
vt 0.8895519971847534 0.5253220200538635
vt 0.1462090015411377 0.49553900957107544
vt 0.7662550210952759 0.45844900608062744
vt 0.05931700021028519 0.4100179970264435
vt 0.8462560176849365 0.4616430103778839
vt 0.16975900530815125 0.4533909857273102
vt 0.16059599816799164 0.44548800587654114
vt 0.12609200179576874 0.5166170001029968
vt 0.15792499482631683 0.4518040120601654
vt 0.8684189915657043 0.4233959913253784
vt 0.1599700003862381 0.44884300231933594
vt 0.16369900107383728 0.4520539939403534
vt 0.6858170032501221 0.17555899918079376
vt 0.16443799436092377 0.4573630094528198
vt 0.15714600682258606 0.4471589922904968
vt 0.15857499837875366 0.44516000151634216
vt 0.15363900363445282 0.45302700996398926
vt 0.15518499910831451 0.4498000144958496
vt 0.15347400307655334 0.4568119943141937
vt 0.16834799945354462 0.45841801166534424
vt 0.16036200523376465 0.4634079933166504
vt 0.11511900275945663 0.5104780197143555
vt 0.1636040061712265 0.4579930007457733
vt 0.14770400524139404 0.5322080254554749
vt 0.124719999730587 0.44914400577545166
vt 0.17406800389289856 0.4601989984512329
vt 0.12379200011491776 0.5133979916572571
vt 0.1689230054616928 0.46122899651527405
vt 0.16756300628185272 0.4602699875831604
vt 0.1699569970369339 0.4588269889354706
vt 0.16854800283908844 0.4562259912490845
vt 0.1702439934015274 0.45608600974082947
vt 0.8810129761695862 0.5138049721717834
vt 0.1510549932718277 0.4382840096950531
vt 0.15410499274730682 0.43407800793647766
vt 0.1569249927997589 0.4355959892272949
vt 0.14794300496578217 0.44082099199295044
vt 0.14855200052261353 0.4357070028781891
vt 0.15917600691318512 0.4368540048599243
vt 0.8453940153121948 0.49112799763679504
vt 0.10474400222301483 0.533502995967865
vt 0.10306199640035629 0.5252090096473694
vt 0.6005330085754395 0.942035973072052
vt 0.49625998735427856 0.43997499346733093
vt 0.5608800053596497 0.5251399874687195
vt 0.8027470111846924 0.565451979637146
vt 0.2603580057621002 0.48990699648857117
vt 0.2779560089111328 0.5033720135688782
vt 0.26566100120544434 0.5169519782066345
vt 0.24626299738883972 0.5251370072364807
vt 0.3019860088825226 0.4625149965286255
vt 0.3036400079727173 0.49275800585746765
vt 0.42899298667907715 0.3826749920845032
vt 0.4331809878349304 0.39196500182151794
vt 0.42311298847198486 0.3878540098667145
vt 0.46398401260375977 0.3999670147895813
vt 0.4593929946422577 0.40286800265312195
vt 0.45840299129486084 0.39640799164772034
vt 0.39725300669670105 0.44170698523521423
vt 0.3756510019302368 0.4315600097179413
vt 0.38795000314712524 0.42619800567626953
vt 0.48114699125289917 0.4139620065689087
vt 0.4786520004272461 0.41342398524284363
vt 0.4813059866428375 0.41281700134277344
vt 0.4790560007095337 0.41159600019454956
vt 0.48155200481414795 0.4113529920578003
vt 0.48255398869514465 0.4125649929046631
vt 0.4828290045261383 0.41116899251937866
vt 0.482464998960495 0.4136640131473541
vt 0.39495500922203064 0.36359599232673645
vt 0.3776099979877472 0.3716129958629608
vt 0.38221099972724915 0.3551200032234192
vt 0.3928529918193817 0.4628620147705078
vt 0.4132870137691498 0.47245800495147705
vt 0.40372800827026367 0.47808799147605896
vt 0.42514199018478394 0.4897890090942383
vt 0.41617900133132935 0.4944249987602234
vt 0.4414989948272705 0.5071110129356384
vt 0.446833997964859 0.5121060013771057
vt 0.4374690055847168 0.5168399810791016
vt 0.451977014541626 0.5081480145454407
vt 0.4374519884586334 0.49949198961257935
vt 0.45091500878334045 0.4949750006198883
vt 0.4592060148715973 0.4916920065879822
vt 0.44498300552368164 0.491921991109848
vt 0.4533829987049103 0.48889899253845215
vt 0.43796199560165405 0.48761799931526184
vt 0.4735470116138458 0.4982140064239502
vt 0.4661319851875305 0.4992629885673523
vt 0.46970999240875244 0.4968999922275543
vt 0.4583899974822998 0.49738800525665283
vt 0.45784100890159607 0.5069699883460999
vt 0.48892098665237427 0.5044670104980469
vt 0.45132800936698914 0.5904840230941772
vt 0.46247100830078125 0.5947930216789246
vt 0.463236004114151 0.5857059955596924
vt 0.4514690041542053 0.5817260146141052
vt 0.4737820029258728 0.5990070104598999
vt 0.47572600841522217 0.5885459780693054
vt 0.46900200843811035 0.6098769903182983
vt 0.956794023513794 0.1595350056886673
vt 0.9863280057907104 0.13867199420928955
vt 0.9863280057907104 0.17382800579071045
vt 0.47147899866104126 0.5129849910736084
vt 0.4654659926891327 0.5068219900131226
vt 0.4668470025062561 0.5152260065078735
vt 0.47747498750686646 0.5155659914016724
vt 0.4759669899940491 0.5108069777488708
vt 0.47083601355552673 0.5219069719314575
vt 0.47450199723243713 0.518887996673584
vt 0.9284080266952515 0.14579200744628906
vt 0.8901079893112183 0.10481400042772293
vt 0.9239190220832825 0.11426600068807602
vt 0.49034300446510315 0.4929940104484558
vt 0.08444099873304367 0.8249080181121826
vt 0.0869000032544136 0.7766199707984924
vt 0.10772699862718582 0.8105030059814453
vt 0.5113130211830139 0.4682759940624237
vt 0.5269079804420471 0.46577200293540955
vt 0.48924699425697327 0.43242400884628296
vt 0.48224401473999023 0.4350050091743469
vt 0.4842030107975006 0.4285300076007843
vt 0.4780539870262146 0.42959898710250854
vt 0.481128990650177 0.4235599935054779
vt 0.49007201194763184 0.4290519952774048
vt 0.48566898703575134 0.4255479872226715
vt 0.4849970042705536 0.4450390040874481
vt 0.47291600704193115 0.4436120092868805
vt 0.476622998714447 0.4403890073299408
vt 0.48840799927711487 0.4386419951915741
vt 0.42653700709342957 0.4733000099658966
vt 0.4419589936733246 0.4790390133857727
vt 0.47306299209594727 0.48282599449157715
vt 0.46589499711990356 0.4888469874858856
vt 0.4592289924621582 0.4821699857711792
vt 0.47603198885917664 0.48822900652885437
vt 0.47000500559806824 0.4912489950656891
vt 0.46459001302719116 0.4945659935474396
vt 0.4772210121154785 0.4971280097961426
vt 0.47549599409103394 0.4960309863090515
vt 0.4812439978122711 0.49866899847984314
vt 0.4807260036468506 0.49691200256347656
vt 0.47336500883102417 0.4937559962272644
vt 0.47848600149154663 0.490543007850647
vt 0.480338990688324 0.4929009974002838
vt 0.48106300830841064 0.46821901202201843
vt 0.46608400344848633 0.47071900963783264
vt 0.4655649960041046 0.4656670093536377
vt 0.44927000999450684 0.45899099111557007
vt 0.46601200103759766 0.46049898862838745
vt 0.4889419972896576 0.4905700087547302
vt 0.46746501326560974 0.45568200945854187
vt 0.48205700516700745 0.45574700832366943
vt 0.4812850058078766 0.45946401357650757
vt 0.48078998923301697 0.46389201283454895
vt 0.4507350027561188 0.4527519941329956
vt 0.4696959853172302 0.4519389867782593
vt 0.45313501358032227 0.44742199778556824
vt 0.45686399936676025 0.44403499364852905
vt 0.43240100145339966 0.45527198910713196
vt 0.43296098709106445 0.4468039870262146
vt 0.4185529947280884 0.43180200457572937
vt 0.4363889992237091 0.44010600447654724
vt 0.40226098895072937 0.3918130099773407
vt 0.41388800740242004 0.3840799927711487
vt 0.41298699378967285 0.39270299673080444
vt 0.403872013092041 0.40349000692367554
vt 0.3904379904270172 0.3907490074634552
vt 0.3775860071182251 0.3896459937095642
vt 0.3907720148563385 0.3764359951019287
vt 0.39314600825309753 0.4059300124645233
vt 0.3809730112552643 0.4084540009498596
vt 0.4002459943294525 0.4219970107078552
vt 0.41644299030303955 0.41150400042533875
vt 0.4088299870491028 0.41661199927330017
vt 0.43266400694847107 0.39481499791145325
vt 0.4225350022315979 0.3939650058746338
vt 0.4337019920349121 0.40148401260375977
vt 0.4237020015716553 0.4012250006198883
vt 0.4139220118522644 0.4015600085258484
vt 0.42544299364089966 0.4089210033416748
vt 0.43469199538230896 0.4083639979362488
vt 0.4358220100402832 0.4174819886684418
vt 0.4280489981174469 0.4190030097961426
vt 0.46195700764656067 0.4155220091342926
vt 0.4547770023345947 0.4089779853820801
vt 0.46273601055145264 0.409525990486145
vt 0.4565179944038391 0.4047450125217438
vt 0.4651130139827728 0.40791699290275574
vt 0.47724801301956177 0.41613098978996277
vt 0.47810500860214233 0.4146440029144287
vt 0.4765389859676361 0.4181689918041229
vt 0.4628880023956299 0.4045740067958832
vt 0.4682599902153015 0.4072279930114746
vt 0.4659020006656647 0.40428999066352844
vt 0.44725900888442993 0.3973740041255951
vt 0.4455470144748688 0.40141698718070984
vt 0.44486701488494873 0.4082129895687103
vt 0.45316100120544434 0.4165639877319336
vt 0.44472700357437134 0.4163689911365509
vt 0.4608590006828308 0.44075000286102295
vt 0.4473240077495575 0.432981014251709
vt 0.4533810019493103 0.42998600006103516
vt 0.46598899364471436 0.4364570081233978
vt 0.4598489999771118 0.42767998576164246
vt 0.48303699493408203 0.4213449954986572
vt 0.4712199866771698 0.43445900082588196
vt 0.48007500171661377 0.4185650050640106
vt 0.4761210083961487 0.422650009393692
vt 0.48043200373649597 0.41612398624420166
vt 0.48078399896621704 0.4151270091533661
vt 0.4824190139770508 0.4147830009460449
vt 0.48211899399757385 0.4157949984073639
vt 0.4818820059299469 0.41740500926971436
vt 0.4660570025444031 0.426023006439209
vt 0.441089004278183 0.43526598811149597
vt 0.42316100001335144 0.42452600598335266
vt 0.4711570143699646 0.4481329917907715
vt 0.4832780063152313 0.4487040042877197
vt 0.4825209975242615 0.452455997467041
vt 0.4494749903678894 0.39077699184417725
vt 0.41868600249290466 0.37721800804138184
vt 0.40733200311660767 0.3709700107574463
vt 0.4789310097694397 0.40960198640823364
vt 0.48209598660469055 0.41031700372695923
vt 0.4404340088367462 0.3875490128993988
vt 0.4094659984111786 0.32885000109672546
vt 0.4039050042629242 0.35158100724220276
vt 0.39281800389289856 0.340707004070282
vt 0.4149239957332611 0.3612169921398163
vt 0.43458399176597595 0.3587619960308075
vt 0.4257589876651764 0.3690800070762634
vt 0.44383201003074646 0.36434900760650635
vt 0.44572898745536804 0.378385990858078
vt 0.4360699951648712 0.37362000346183777
vt 0.4683400094509125 0.38806799054145813
vt 0.48299700021743774 0.3984769880771637
vt 0.4797370135784149 0.40255600214004517
vt 0.4649829864501953 0.3966270089149475
vt 0.4596039950847626 0.3900049924850464
vt 0.4634769856929779 0.3818880021572113
vt 0.47152501344680786 0.37605100870132446
vt 0.3686690032482147 0.1401059925556183
vt 0.415446013212204 0.13283999264240265
vt 0.45273199677467346 0.3833869993686676
vt 0.4520359933376312 0.3704240024089813
vt 0.458748996257782 0.37651100754737854
vt 0.47881901264190674 0.40727299451828003
vt 0.4675549864768982 0.3705039918422699
vt 0.462116003036499 0.36343100666999817
vt 0.45596200227737427 0.3555859923362732
vt 0.4487760066986084 0.34863001108169556
vt 0.44175800681114197 0.34043699502944946
vt 0.42580801248550415 0.35054099559783936
vt 0.43538498878479004 0.33068200945854187
vt 0.41779500246047974 0.3405419886112213
vt 0.4524550139904022 0.31340301036834717
vt 0.4549820125102997 0.3241649866104126
vt 0.4641129970550537 0.34193700551986694
vt 0.47336599230766296 0.358487993478775
vt 0.45920801162719727 0.33343398571014404
vt 0.5731459856033325 0.823606014251709
vt 0.4896099865436554 0.49895501136779785
vt 0.4867739975452423 0.4954630136489868
vt 0.48349499702453613 0.4973990023136139
vt 0.4878750145435333 0.513152003288269
vt 0.4880349934101105 0.5087730288505554
vt 0.4932839870452881 0.5026159882545471
vt 0.49098798632621765 0.5035160183906555
vt 0.4811890125274658 0.5153909921646118
vt 0.48441699147224426 0.5150030255317688
vt 0.48574700951576233 0.5116810202598572
vt 0.48352301120758057 0.5173249840736389
vt 0.480334997177124 0.5177149772644043
vt 0.48486998677253723 0.5190500020980835
vt 0.485848993062973 0.5174610018730164
vt 0.4870679974555969 0.5153200030326843
vt 0.4899420142173767 0.5154100060462952
vt 0.48824700713157654 0.5203019976615906
vt 0.48924198746681213 0.5176669955253601
vt 0.4662320017814636 0.7916269898414612
vt 0.4966689944267273 0.6861739754676819
vt 0.47719499468803406 0.5254380106925964
vt 0.47954800724983215 0.5195720195770264
vt 0.4819340109825134 0.5221199989318848
vt 0.4828859865665436 0.518884003162384
vt 0.48683398962020874 0.5234310030937195
vt 0.4841209948062897 0.5279319882392883
vt 0.47201699018478394 0.5323950052261353
vt 0.4806840121746063 0.5348920226097107
vt 0.7601410150527954 0.16774499416351318
vt 0.49664899706840515 0.6576210260391235
vt 0.47918200492858887 0.37137600779533386
vt 0.47501298785209656 0.38215699791908264
vt 0.485958993434906 0.4040659964084625
vt 0.49007800221443176 0.4058310091495514
vt 0.48733800649642944 0.4068849980831146
vt 0.4823729991912842 0.37768301367759705
vt 0.49110499024391174 0.3950810134410858
vt 0.4872089922428131 0.3959740102291107
vt 0.487405002117157 0.3695780038833618
vt 0.5887110233306885 0.45628198981285095
vt 0.4858179986476898 0.3637920022010803
vt 0.476529985666275 0.3659130036830902
vt 0.4838480055332184 0.35627201199531555
vt 0.6275069713592529 0.38877400755882263
vt 0.46941500902175903 0.35044199228286743
vt 0.4924260079860687 0.4053809940814972
vt 0.4891990125179291 0.40250301361083984
vt 0.49202701449394226 0.4018459916114807
vt 0.48234298825263977 0.4091610014438629
vt 0.4831230044364929 0.41036999225616455
vt 0.4836069941520691 0.40652498602867126
vt 0.4849900007247925 0.4082629978656769
vt 0.4728330075740814 0.3105739951133728
vt 0.4746280014514923 0.320156991481781
vt 0.4815959930419922 0.3471739888191223
vt 0.4789330065250397 0.3377319872379303
vt 0.47654399275779724 0.32904699444770813
vt 0.24773399531841278 0.7195770144462585
vt 0.26332399249076843 0.7545070052146912
vt 0.2313539981842041 0.7267749905586243
vt 0.24712799489498138 0.7606379985809326
vt 0.21701200306415558 0.7385460138320923
vt 0.1795320063829422 0.8483240008354187
vt 0.20443999767303467 0.8380450010299683
vt 0.21779300272464752 0.8636760115623474
vt 0.1490270048379898 0.8369969725608826
vt 0.13569200038909912 0.807299017906189
vt 0.14935100078582764 0.7864590287208557
vt 0.16826100647449493 0.8212220072746277
vt 0.18605400621891022 0.8082730174064636
vt 0.06708499789237976 0.22146600484848022
vt 0.055312998592853546 0.5745649933815002
vt 0.3848220109939575 0.6365090012550354
vt 0.22167499363422394 0.8223350048065186
vt 0.24143800139427185 0.8479089736938477
vt 0.249782994389534 0.8271729946136475
vt 0.2722280025482178 0.8506760001182556
vt 0.29656198620796204 0.8751170039176941
vt 0.28700700402259827 0.9004600048065186
vt 0.26116999983787537 0.8725469708442688
vt 0.23859800398349762 0.8910499811172485
vt 0.3165050148963928 0.9277600049972534
vt 0.0233559999614954 0.4966509938240051
vt 0.19790799915790558 0.9237340092658997
vt 0.500452995300293 0.40619799494743347
vt 0.6182500123977661 0.5723829865455627
vt 0.5155150294303894 0.7211430072784424
vt 0.5332000255584717 0.7035139799118042
vt 0.09704200178384781 0.32164299488067627
vt 0.23242899775505066 0.16784000396728516
vt 0.0818530023097992 0.4354340136051178
vt 0.12131000310182571 0.3852219879627228
vt 0.12379900366067886 0.3849320113658905
vt 0.23749199509620667 0.2205040007829666
vt 0.18875500559806824 0.4542340040206909
vt 0.17533700168132782 0.26637399196624756
vt 0.17459900677204132 0.30928701162338257
vt 0.15577800571918488 0.30962100625038147
vt 0.07532499730587006 0.32493001222610474
vt 0.1552949994802475 0.39547601342201233
vt 0.10790800303220749 0.4369089901447296
vt 0.11037900298833847 0.4365839958190918
vt 0.10756199806928635 0.4473479986190796
vt 0.10351499915122986 0.4574980139732361
vt 0.12289600074291229 0.532908022403717
vt 0.11653599888086319 0.5355430245399475
vt 0.13478399813175201 0.3808610141277313
vt 0.1327340006828308 0.3792090117931366
vt 0.13600300252437592 0.37845200300216675
vt 0.13859499990940094 0.3798629939556122
vt 0.13875700533390045 0.3780060112476349
vt 0.13051000237464905 0.3810949921607971
vt 0.14022600650787354 0.5893599987030029
vt 0.12258099764585495 0.38242998719215393
vt 0.13063199818134308 0.3773770034313202
vt 0.12681500613689423 0.3810659945011139
vt 0.13029900193214417 0.37271299958229065
vt 0.13628199696540833 0.37578800320625305
vt 0.14088000357151031 0.3756040036678314
vt 0.14210399985313416 0.37853100895881653
vt 0.1127379983663559 0.4334700107574463
vt 0.11354900151491165 0.432871013879776
vt 0.8491359949111938 0.5059980154037476
vt 0.13164499402046204 0.3937540054321289
vt 0.10134399682283401 0.5163379907608032
vt 0.10435199737548828 0.5083289742469788
vt 0.10697700083255768 0.5129929780960083
vt 0.06652099639177322 0.4444490075111389
vt 0.06313200294971466 0.4764440059661865
vt 0.03686799854040146 0.231345996260643
vt 0.03452000021934509 0.26712900400161743
vt 0.0821399986743927 0.5644580125808716
vt 0.10938999801874161 0.5168250203132629
vt 0.10512000322341919 0.44709300994873047
vt 0.10152299702167511 0.45747101306915283
vt 0.10391700267791748 0.5210130214691162
vt 0.10183899849653244 0.5216770172119141
vt 0.09999900311231613 0.5225200057029724
vt 0.09918200224637985 0.5168619751930237
vt 0.112636998295784 0.5138800144195557
vt 0.1100659966468811 0.5103549957275391
vt 0.1107420027256012 0.5037549734115601
vt 0.10764999687671661 0.5062220096588135
vt 0.09644000232219696 0.5110250115394592
vt 0.09882000088691711 0.5111389756202698
vt 0.09814900159835815 0.5357379913330078
vt 0.10272099822759628 0.6218270063400269
vt 0.12035799771547318 0.640300989151001
vt 0.10472200065851212 0.6583349704742432
vt 0.08636000007390976 0.6388810276985168
vt 0.08371199667453766 0.5994139909744263
vt 0.10962600260972977 0.5377900004386902
vt 0.11302399635314941 0.5362280011177063
vt 0.11835800111293793 0.528564989566803
vt 0.1242780014872551 0.5278149843215942
vt 0.2128099948167801 0.7522550225257874
vt 0.19388699531555176 0.7155640125274658
vt 0.24421100318431854 0.7741439938545227
vt 0.23806799948215485 0.7844399809837341
vt 0.20825600624084473 0.7654669880867004
vt 0.1890760064125061 0.7296019792556763
vt 0.1355080008506775 0.6257889866828918
vt 0.14036299288272858 0.6588640213012695
vt 0.1556449979543686 0.6828280091285706
vt 0.145005002617836 0.6972000002861023
vt 0.12345399707555771 0.6767190098762512
vt 0.17580899596214294 0.7524790167808533
vt 0.17544400691986084 0.7319589853286743
vt 0.17375199496746063 0.7757070064544678
vt 0.14926600456237793 0.7216460108757019
vt 0.14754700660705566 0.7517939805984497
vt 0.12605999410152435 0.7022759914398193
vt 0.2333890050649643 0.795494019985199
vt 0.20357200503349304 0.7765550017356873
vt 0.228192999958992 0.8060349822044373
vt 0.20392000675201416 0.7940220236778259
vt 0.16775600612163544 0.690883994102478
vt 0.1684190034866333 0.3604159951210022
vt 0.15451499819755554 0.35378900170326233
vt 0.23912200331687927 0.4954729974269867
vt 0.22071099281311035 0.5075830221176147
vt 0.22629700601100922 0.4585550129413605
vt 0.2288990020751953 0.5431020259857178
vt 0.21040500700473785 0.5551599860191345
vt 0.22012099623680115 0.591884970664978
vt 0.20011599361896515 0.5992810130119324
vt 0.21702399849891663 0.6380199790000916
vt 0.07128600031137466 0.6207240223884583
vt 0.07012400031089783 0.5855979919433594
vt 0.06655299663543701 0.5578050017356873
vt 0.025585999712347984 0.5969070196151733
vt 0.1227250024676323 0.8398069739341736
vt 0.10274200141429901 0.8541899919509888
vt 0.4899199903011322 0.5294520258903503
vt 0.3220750093460083 0.7258390188217163
vt 0.2864620089530945 0.7131569981575012
vt 0.2598620057106018 0.9199470281600952
vt 0.11484699696302414 0.7611510157585144
vt 0.03229000046849251 0.6578540205955505
vt 0.29942500591278076 0.7448300123214722
vt 0.31638699769973755 0.7731320261955261
vt 0.28019800782203674 0.7499279975891113
vt 0.07060299813747406 0.6648439764976501
vt 0.05697400122880936 0.676019012928009
vt 0.122250996530056 0.732791006565094
vt 0.10509099811315536 0.6836959719657898
vt 0.10031499713659286 0.7095699906349182
vt 0.08778099715709686 0.6641669869422913
vt 0.07156199961900711 0.6438300013542175
vt 0.06140600144863129 0.6531670093536377
vt 0.747626006603241 0.4331440031528473
vt 0.48520299792289734 0.5905479788780212
vt 0.4858520030975342 0.580020010471344
vt 0.37507501244544983 0.6855729818344116
vt 0.3774310052394867 0.6730110049247742
vt 0.05326800048351288 0.5478489995002747
vt 0.06316699832677841 0.5208269953727722
vt 0.27087700366973877 0.5781840085983276
vt 0.26969799399375916 0.6022059917449951
vt 0.2794170081615448 0.6069909930229187
vt 0.2829020023345947 0.6277390122413635
vt 0.2727479934692383 0.6271809935569763
vt 0.28481799364089966 0.5680750012397766
vt 0.27952200174331665 0.5871189832687378
vt 0.27828899025917053 0.5548120141029358
vt 0.047189000993967056 0.7135189771652222
vt 0.0374779999256134 0.6829969882965088
vt 0.4369480013847351 0.5663480162620544
vt 0.43533098697662354 0.5727199912071228
vt 0.43820101022720337 0.5577859878540039
vt 0.42318999767303467 0.5521969795227051
vt 0.42563098669052124 0.5428280234336853
vt 0.45151498913764954 0.5726519823074341
vt 0.4402489960193634 0.5501670241355896
vt 0.45183101296424866 0.5638139843940735
vt 0.4506419897079468 0.5526229739189148
vt 0.4423460066318512 0.5400390028953552
vt 0.429874986410141 0.4953700006008148
vt 0.4233349859714508 0.508135974407196
vt 0.4321340024471283 0.525147020816803
vt 0.4130130112171173 0.5282859802246094
vt 0.4283190071582794 0.5348169803619385
vt 0.40870800614356995 0.5371159911155701
vt 0.41715601086616516 0.5191630125045776
vt 0.44590601325035095 0.5288130044937134
vt 0.45393800735473633 0.5201060175895691
vt 0.44924598932266235 0.5398409962654114
vt 0.46153101325035095 0.5168250203132629
vt 0.4624530076980591 0.5283970236778259
vt 0.48657700419425964 0.5462779998779297
vt 0.4762420058250427 0.5562959909439087
vt 0.47700798511505127 0.54482501745224
vt 0.4637269973754883 0.5546119809150696
vt 0.46511000394821167 0.5424190163612366
vt 0.4213930070400238 0.5584610104560852
vt 0.2814669907093048 0.5247060060501099
vt 0.40563198924064636 0.5428860187530518
vt 0.3941830098628998 0.48775801062583923
vt 0.4072220027446747 0.5037000179290771
vt 0.38694700598716736 0.5001429915428162
vt 0.3992530107498169 0.5139179825782776
vt 0.39464399218559265 0.5228279829025269
vt 0.38137000799179077 0.5094649791717529
vt 0.38281700015068054 0.47234800457954407
vt 0.36340200901031494 0.43835899233818054
vt 0.38448500633239746 0.44820401072502136
vt 0.37315601110458374 0.4568929970264435
vt 0.35115501284599304 0.44857901334762573
vt 0.3621920049190521 0.46799200773239136
vt 0.3406580090522766 0.4618920087814331
vt 0.3535209894180298 0.48004400730133057
vt 0.3740310072898865 0.48461198806762695
vt 0.36708399653434753 0.4948680102825165
vt 0.37645599246025085 0.5182290077209473
vt 0.3908019959926605 0.5302770137786865
vt 0.3464379906654358 0.5119230151176453
vt 0.36231300234794617 0.5070570111274719
vt 0.3593049943447113 0.5188800096511841
vt 0.3482379913330078 0.49509599804878235
vt 0.33294200897216797 0.47972801327705383
vt 0.3320710062980652 0.5024279952049255
vt 0.3314180076122284 0.5194900035858154
vt 0.023081999272108078 0.5312640070915222
vt 0.4013749957084656 0.5572019815444946
vt 0.3846850097179413 0.5443090200424194
vt 0.38418298959732056 0.5477989912033081
vt 0.3705269992351532 0.5425869822502136
vt 0.37074899673461914 0.5376489758491516
vt 0.3454959988594055 0.5230140089988708
vt 0.35835298895835876 0.5267670154571533
vt 0.317905992269516 0.5305789709091187
vt 0.30667099356651306 0.5341020226478577
vt 0.3202809989452362 0.5428889989852905
vt 0.3096970021724701 0.547298014163971
vt 0.29629001021385193 0.5385280251502991
vt 0.344853013753891 0.5390689969062805
vt 0.35717299580574036 0.5335249900817871
vt 0.3447889983654022 0.5315560102462769
vt 0.3310680091381073 0.5306010246276855
vt 0.3318310081958771 0.5403349995613098
vt 0.4011070132255554 0.5604940056800842
vt 0.4156639873981476 0.5759479999542236
vt 0.427715003490448 0.5916659832000732
vt 0.41655001044273376 0.5727660059928894
vt 0.1266389936208725 0.3157700002193451
vt 0.16553999483585358 0.2378319948911667
vt 0.14647500216960907 0.2757050096988678
vt 0.37917399406433105 0.6020810008049011
vt 0.4860599935054779 0.5568339824676514
vt 0.47626399993896484 0.5672609806060791
vt 0.4757879972457886 0.5789399743080139
vt 0.464011013507843 0.575892984867096
vt 0.48593199253082275 0.5683619976043701
vt 0.44104599952697754 0.6644359827041626
vt 0.44443100690841675 0.6521080136299133
vt 0.4548510015010834 0.6640329957008362
vt 0.457738995552063 0.6514919996261597
vt 0.4503920078277588 0.6793950200080872
vt 0.43205100297927856 0.6819869875907898
vt 0.8165240287780762 0.1287589967250824
vt 0.8583559989929199 0.16448499262332916
vt 0.4590680003166199 0.6170129776000977
vt 0.4298759996891022 0.589123010635376
vt 0.4371899962425232 0.6058589816093445
vt 0.44363200664520264 0.6249489784240723
vt 0.4404749870300293 0.6038939952850342
vt 0.4420529901981354 0.6186010241508484
vt 0.45225998759269714 0.6224269866943359
vt 0.4445649981498718 0.6303470134735107
vt 0.4455370008945465 0.640703022480011
vt 0.4551829993724823 0.6288579702377319
vt 0.4575420022010803 0.6397870182991028
vt 0.4691849946975708 0.6480919718742371
vt 0.18963700532913208 0.8773319721221924
vt 0.48130300641059875 0.6867799758911133
vt 0.4671710133552551 0.675154983997345
vt 0.40727999806404114 0.7672470211982727
vt 0.41433700919151306 0.7526370286941528
vt 0.06679800152778625 0.7460229992866516
vt 0.4373300075531006 0.7085360288619995
vt 0.4544900059700012 0.7218000292778015
vt 0.4286229908466339 0.7241920232772827
vt 0.44986701011657715 0.7384340167045593
vt 0.4213230013847351 0.7388380169868469
vt 0.39097100496292114 0.7340660095214844
vt 0.3616439998149872 0.7266740202903748
vt 0.3992390036582947 0.7208309769630432
vt 0.4442029893398285 0.6941059827804565
vt 0.42183899879455566 0.6955909729003906
vt 0.3388870060443878 0.7037180066108704
vt 0.2678320109844208 0.71601802110672
vt 0.2473510056734085 0.6872529983520508
vt 0.3089030086994171 0.6956809759140015
vt 0.2929230034351349 0.6753259897232056
vt 0.3022669851779938 0.6691480278968811
vt 0.3307119905948639 0.7156530022621155
vt 0.2802779972553253 0.6522520184516907
vt 0.290244996547699 0.6489459872245789
vt 0.2329549938440323 0.6113229990005493
vt 0.23551100492477417 0.6522009968757629
vt 0.853797972202301 0.5892670154571533
vt 0.23721599578857422 0.5685340166091919
vt 0.6646429896354675 0.1286260038614273
vt 0.6967880129814148 0.11513400077819824
vt 0.7075409889221191 0.13666899502277374
vt 0.516776978969574 0.55628901720047
vt 0.28373900055885315 0.8025950193405151
vt 0.2891539931297302 0.7901409864425659
vt 0.9280400276184082 0.22147899866104126
vt 0.26434698700904846 0.8209319710731506
vt 0.2944290041923523 0.8470010161399841
vt 0.2753100097179413 0.8126850128173828
vt 0.31097298860549927 0.8391919732093811
vt 0.3457140028476715 0.8577420115470886
vt 0.32541200518608093 0.8698830008506775
vt 0.32039201259613037 0.8267199993133545
vt 0.32448500394821167 0.8116639852523804
vt 0.3602359890937805 0.8440020084381104
vt 0.37028399109840393 0.8295819759368896
vt 0.3021950125694275 0.7815719842910767
vt 0.33914101123809814 0.8017510175704956
vt 0.3520849943161011 0.7899029850959778
vt 0.37955600023269653 0.8155720233917236
vt 0.38889700174331665 0.8007130026817322
vt 0.365352988243103 0.7755990028381348
vt 0.39884400367736816 0.7837100028991699
vt 0.48263999819755554 0.6460819840431213
vt 0.11271599680185318 0.28131499886512756
vt 0.8919550180435181 0.5216360092163086
vt 0.4391779899597168 0.7707650065422058
vt 0.4758189916610718 0.7389670014381409
vt 0.00976600032299757 0.30273398756980896
vt 0.029205000028014183 0.33271801471710205
vt 0.00976600032299757 0.33398398756980896
vt 0.6211379766464233 0.5677549839019775
vt 0.00976600032299757 0.27148398756980896
vt 0.00976600032299757 0.23632800579071045
vt 0.760109007358551 0.06901399791240692
vt 0.7137699723243713 0.04831799864768982
vt 0.48002299666404724 0.5040169954299927
vt 0.47994300723075867 0.5039799809455872
vt 0.47999098896980286 0.5038660168647766
vt 0.48006999492645264 0.5038890242576599
vt 0.4806840121746063 0.5008760094642639
vt 0.4805130064487457 0.5023419857025146
vt 0.48021000623703003 0.5033940076828003
vt 0.17978200316429138 0.3821679949760437
vt 0.18813499808311462 0.40789300203323364
vt 0.5264179706573486 0.46059900522232056
vt 0.1956000030040741 0.1775140017271042
vt 0.16184799373149872 0.1860329955816269
vt 0.752964973449707 0.7772330045700073
vt 0.5395439863204956 0.30333900451660156
vt 0.5185099840164185 0.29208898544311523
vt 0.5397130250930786 0.29369500279426575
vt 0.5126799941062927 0.5040619969367981
vt 0.9550780057907104 0.00976600032299757
vt 0.9863280057907104 0.041016001254320145
vt 0.9517930150032043 0.03651899844408035
vt 0.6823809742927551 0.06889200210571289
vt 0.6414049863815308 0.06693899631500244
vt 0.5998830199241638 0.06416899710893631
vt 0.8108289837837219 0.09893599897623062
vt 0.6472619771957397 0.08806099742650986
vt 0.6886500120162964 0.09186600148677826
vt 0.56324702501297 0.0817599967122078
vt 0.6042219996452332 0.08432900160551071
vt 0.529699981212616 0.09832800179719925
vt 0.5672950148582458 0.10033400356769562
vt 0.952360987663269 0.06592600047588348
vt 0.9204210042953491 0.08609700202941895
vt 0.5960670113563538 0.02827100083231926
vt 0.5592589974403381 0.04429500177502632
vt 0.5600910186767578 0.02696000039577484
vt 0.7213339805603027 0.06979700177907944
vt 0.7689930200576782 0.09673800319433212
vt 0.7285069823265076 0.09472700208425522
vt 0.7037550210952759 0.029072999954223633
vt 0.6621090173721313 0.00976600032299757
vt 0.6269530057907104 0.00976600032299757
vt 0.5957030057907104 0.00976600032299757
vt 0.5644530057907104 0.00976600032299757
vt 0.8222659826278687 0.00976600032299757
vt 0.8187909722328186 0.02890699915587902
vt 0.7910159826278687 0.00976600032299757
vt 0.8869420289993286 0.020031999796628952
vt 0.9238280057907104 0.00976600032299757
vt 0.9102680087089539 0.032621998339891434
vt 0.8353220224380493 0.019964000210165977
vt 0.8673380017280579 0.03614399954676628
vt 0.5724239945411682 0.11544200032949448
vt 0.5270569920539856 0.02585499919950962
vt 0.9863280057907104 0.07617200165987015
vt 0.5262420177459717 0.042711999267339706
vt 0.49709099531173706 0.06036600098013878
vt 0.49743300676345825 0.042052000761032104
vt 0.957256019115448 0.19499999284744263
vt 0.9863280057907104 0.20507800579071045
vt 0.9271169900894165 0.1838649958372116
vt 0.8574219942092896 0.00976600032299757
vt 0.8886719942092896 0.00976600032299757
vt 0.5292969942092896 0.00976600032299757
vt 0.4977389872074127 0.02554599940776825
vt 0.49804699420928955 0.00976600032299757
vt 0.7369040250778198 0.12046899646520615
vt 0.6101530194282532 0.1039469987154007
vt 0.6548600196838379 0.10922300070524216
vt 0.8622369766235352 0.021112000569701195
vt 0.9540659785270691 0.09514100104570389
vt 0.9863280057907104 0.10742200165987015
vt 0.9556789994239807 0.12586399912834167
vt 0.49628201127052307 0.09754899889230728
vt 0.49669501185417175 0.07954999804496765
vt 0.7246090173721313 0.00976600032299757
vt 0.6933590173721313 0.00976600032299757
vt 0.7479389905929565 0.14457499980926514
vt 0.7975239753723145 0.17744100093841553
vt 0.6182159781455994 0.12088000029325485
vt 0.7203819751739502 0.1571819931268692
vt 0.5127959847450256 0.5037609934806824
vt 0.5124880075454712 0.5034379959106445
vt 0.7258210182189941 0.3290199935436249
vt 0.7544530034065247 0.32314300537109375
vt 0.7442269921302795 0.3535360097885132
vt 0.776449978351593 0.3567889928817749
vt 0.599789023399353 0.2796179950237274
vt 0.5647749900817871 0.2698970139026642
vt 0.5970529913902283 0.2641359865665436
vt 0.4954639971256256 0.2743450105190277
vt 0.518094003200531 0.28101998567581177
vt 0.4954949915409088 0.2814730107784271
vt 0.5937460064888 0.30594199895858765
vt 0.5641360282897949 0.28934401273727417
vt 0.5965669751167297 0.2937049865722656
vt 0.5182309746742249 0.2621319890022278
vt 0.5398979783058167 0.27285298705101013
vt 0.5185989737510681 0.27376601099967957
vt 0.5630369782447815 0.256850004196167
vt 0.6875460147857666 0.24947400391101837
vt 0.664434015750885 0.2706089913845062
vt 0.6530429720878601 0.24585700035095215
vt 0.7266179919242859 0.2682569921016693
vt 0.6945080161094666 0.2758829891681671
vt 0.788017988204956 0.33688798546791077
vt 0.7621999979019165 0.2995679974555969
vt 0.5184659957885742 0.30115601420402527
vt 0.7261409759521484 0.2944920063018799
vt 0.6207590103149414 0.24332000315189362
vt 0.5898550152778625 0.24788999557495117
vt 0.5882250070571899 0.31713899970054626
vt 0.65590500831604 0.3944079875946045
vt 0.6502559781074524 0.4242810010910034
vt 0.6701689958572388 0.404682993888855
vt 0.6631770133972168 0.4380379915237427
vt 0.5179839730262756 0.2501470148563385
vt 0.5396320223808289 0.2603070139884949
vt 0.5387259721755981 0.2477940022945404
vt 0.6753529906272888 0.22127999365329742
vt 0.6371210217475891 0.21567000448703766
vt 0.7675470113754272 0.2809930145740509
vt 0.7213079929351807 0.2405720055103302
vt 0.6063830256462097 0.2201720029115677
vt 0.7974780201911926 0.32211700081825256
vt 0.7159730195999146 0.21276499330997467
vt 0.582190990447998 0.19278700649738312
vt 0.4955250024795532 0.2861259877681732
vt 0.4955559968948364 0.29183200001716614
vt 0.53267502784729 0.2260890007019043
vt 0.5596510171890259 0.24153000116348267
vt 0.545773983001709 0.21669399738311768
vt 0.5806599855422974 0.22857199609279633
vt 0.6338549852371216 0.26980099081993103
vt 0.516556978225708 0.19857899844646454
vt 0.4952020049095154 0.22198200225830078
vt 0.4951080083847046 0.19880099594593048
vt 0.4952709972858429 0.18227900564670563
vt 0.5401489734649658 0.2871220111846924
vt 0.5403469800949097 0.281233012676239
vt 0.5282679796218872 0.18558399379253387
vt 0.5622109770774841 0.20419000089168549
vt 0.6180509924888611 0.31814301013946533
vt 0.6295710206031799 0.3054729998111725
vt 0.5649250149726868 0.28069400787353516
vt 0.634289026260376 0.3377000093460083
vt 0.6569470167160034 0.3623020052909851
vt 0.6665380001068115 0.3296389877796173
vt 0.6731280088424683 0.3676069974899292
vt 0.6492540240287781 0.3311859965324402
vt 0.6896020174026489 0.37817299365997314
vt 0.6836360096931458 0.4191029965877533
vt 0.6875839829444885 0.33651700615882874
vt 0.7070320248603821 0.34949201345443726
vt 0.7036510109901428 0.39177000522613525
vt 0.6763169765472412 0.3009049892425537
vt 0.7020300030708313 0.3096170127391815
vt 0.5612469911575317 0.30778399109840393
vt 0.7106710076332092 0.4383629858493805
vt 0.6970930099487305 0.4288640022277832
vt 0.5164279937744141 0.22430899739265442
vt 0.5182589888572693 0.2870280146598816
vt 0.4953930079936981 0.2505669891834259
vt 0.6024690270423889 0.6038309931755066
vt 0.5341659784317017 0.6169610023498535
vt 0.7215819954872131 0.36615198850631714
vt 0.5624120235443115 0.2978000044822693
vt 0.49542999267578125 0.26472601294517517
vt 0.7165939807891846 0.4038499891757965
vt 0.6444759964942932 0.2934420108795166
vt 0.4194889962673187 0.11542899906635284
vt 0.382548987865448 0.10394500195980072
vt 0.4253140091896057 0.1003120020031929
vt 0.2181060016155243 0.12301100045442581
vt 0.17163300514221191 0.15681500732898712
vt 0.17785100638866425 0.12880900502204895
vt 0.13609500229358673 0.16451700031757355
vt 0.13982899487018585 0.13259799778461456
vt 0.10276000201702118 0.13785000145435333
vt 0.06817000359296799 0.18387100100517273
vt 0.06704100221395493 0.14581699669361115
vt 0.3276120126247406 0.12871600687503815
vt 0.29639899730682373 0.11521100252866745
vt 0.3380259871482849 0.1092739999294281
vt 0.28504300117492676 0.13677799701690674
vt 0.25664299726486206 0.1205350011587143
vt 0.10122799873352051 0.17355799674987793
vt 0.038982000201940536 0.15954700112342834
vt 0.03843599930405617 0.19500799477100372
vt 0.4337649941444397 0.062157999724149704
vt 0.4654099941253662 0.08018100261688232
vt 0.43014299869537354 0.08172699809074402
vt 0.35787999629974365 0.047290999442338943
vt 0.32624098658561707 0.029551999643445015
vt 0.3626909852027893 0.029040999710559845
vt 0.3975839912891388 0.0457100011408329
vt 0.39941900968551636 0.028239000588655472
vt 0.2578040063381195 0.028046000748872757
vt 0.23632800579071045 0.00976600032299757
vt 0.27148398756980896 0.00976600032299757
vt 0.10908299684524536 0.020036999136209488
vt 0.13867199420928955 0.00976600032299757
vt 0.13376300036907196 0.021115999668836594
vt 0.19297799468040466 0.06995899975299835
vt 0.16342000663280487 0.051155999302864075
vt 0.20490999519824982 0.04746299982070923
vt 0.08028300106525421 0.060238998383283615
vt 0.1120700016617775 0.07944200187921524
vt 0.07532300055027008 0.08612199872732162
vt 0.24566300213336945 0.04651400074362755
vt 0.234825000166893 0.06906600296497345
vt 0.2813960015773773 0.04835100099444389
vt 0.2733440101146698 0.06985100358724594
vt 0.31850799918174744 0.04870599880814552
vt 0.12038300186395645 0.05665700137615204
vt 0.1511950045824051 0.0715389996767044
vt 0.14381499588489532 0.10056900233030319
vt 0.10523500293493271 0.10485599935054779
vt 0.00976600032299757 0.13867199420928955
vt 0.04017399996519089 0.12588100135326385
vt 0.0436209999024868 0.06593400239944458
vt 0.04185499995946884 0.09515500068664551
vt 0.07169099897146225 0.11429300159215927
vt 0.29190099239349365 0.029071999713778496
vt 0.30519500374794006 0.0919250026345253
vt 0.22033999860286713 0.028202999383211136
vt 0.0442500002682209 0.03651599958539009
vt 0.07226599752902985 0.00976600032299757
vt 0.08571700006723404 0.03263299912214279
vt 0.041016001254320145 0.00976600032299757
vt 0.00976600032299757 0.041016001254320145
vt 0.00976600032299757 0.00976600032299757
vt 0.3120819926261902 0.06893499940633774
vt 0.39430099725723267 0.06412500143051147
vt 0.43557000160217285 0.044252000749111176
vt 0.1839590072631836 0.09899300336837769
vt 0.2254450023174286 0.09679300338029861
vt 0.346341997385025 0.08808200061321259
vt 0.3892340064048767 0.08430100232362747
vt 0.4628719985485077 0.09832199662923813
vt 0.26562198996543884 0.09478799998760223
vt 0.20752400159835815 0.151201993227005
vt 0.24505500495433807 0.14466600120067596
vt 0.35288599133491516 0.066941998898983
vt 0.3738180100917816 0.1209070011973381
vt 0.16067899763584137 0.0199740007519722
vt 0.33398398756980896 0.00976600032299757
vt 0.36914101243019104 0.00976600032299757
vt 0.40039101243019104 0.00976600032299757
vt 0.43537798523902893 0.026938000693917274
vt 0.30273398756980896 0.00976600032299757
vt 0.17382800579071045 0.00976600032299757
vt 0.1770869940519333 0.02891799993813038
vt 0.12854300439357758 0.03614899888634682
vt 0.20507800579071045 0.00976600032299757
vt 0.00976600032299757 0.07617200165987015
vt 0.4602409899234772 0.1123339980840683
vt 0.46766000986099243 0.06099700182676315
vt 0.4686090052127838 0.04270999878644943
vt 0.46841999888420105 0.025857999920845032
vt 0.43164101243019104 0.00976600032299757
vt 0.46679699420928955 0.00976600032299757
vt 0.00976600032299757 0.17382800579071045
vt 0.00976600032299757 0.10742200165987015
vt 0.4576469957828522 0.12733200192451477
vt 0.00976600032299757 0.20507800579071045
vt 0.47990500926971436 0.503715991973877
vt 0.4800800085067749 0.5037130117416382
vt 0.21512499451637268 0.356904000043869
vt 0.2473219931125641 0.3536059856414795
vt 0.2278210073709488 0.38349801301956177
vt 0.2368129938840866 0.32322901487350464
vt 0.2655409872531891 0.32907000184059143
vt 0.2649120092391968 0.2945359945297241
vt 0.28919801115989685 0.3096260130405426
vt 0.2964949905872345 0.2759090065956116
vt 0.31487300992012024 0.3009209930896759
vt 0.39127200841903687 0.27963799238204956
vt 0.4261069893836975 0.26988399028778076
vt 0.4260460138320923 0.28068599104881287
vt 0.45100900530815125 0.27283599972724915
vt 0.45063498616218567 0.2812210023403168
vt 0.472324013710022 0.27375298738479614
vt 0.47289401292800903 0.2810109853744507
vt 0.4726029932498932 0.29208800196647644
vt 0.4514020085334778 0.2936919927597046
vt 0.47279301285743713 0.2870210111141205
vt 0.4287169873714447 0.29779699444770813
vt 0.45089900493621826 0.2871150076389313
vt 0.3974420130252838 0.3059360086917877
vt 0.42691799998283386 0.28933799266815186
vt 0.3732309937477112 0.31813499331474304
vt 0.3945299983024597 0.2936989963054657
vt 0.47261300683021545 0.2621150016784668
vt 0.45118600130081177 0.2602809965610504
vt 0.42774298787117004 0.25682899355888367
vt 0.39390799403190613 0.2641800045967102
vt 0.4010069966316223 0.2479429990053177
vt 0.37026599049568176 0.24337799847126007
vt 0.3572019934654236 0.26982200145721436
vt 0.33799999952316284 0.2459149956703186
vt 0.3266009986400604 0.2706499993801117
vt 0.30340999364852905 0.24954399466514587
vt 0.2641800045967102 0.26828500628471375
vt 0.22875800728797913 0.2996099889278412
vt 0.20334500074386597 0.3369710147380829
vt 0.201091006398201 0.38168901205062866
vt 0.47265100479125977 0.30113598704338074
vt 0.4299420118331909 0.30774399638175964
vt 0.43120700120925903 0.3187960088253021
vt 0.40299999713897705 0.3171130120754242
vt 0.3642289936542511 0.36642399430274963
vt 0.3642970025539398 0.38879600167274475
vt 0.3359749913215637 0.3944529891014099
vt 0.35541900992393494 0.415571004152298
vt 0.34185999631881714 0.42433100938796997
vt 0.3218120038509369 0.4047130048274994
vt 0.32908299565315247 0.4380599856376648
vt 0.36823898553848267 0.41131898760795593
vt 0.47278401255607605 0.25012099742889404
vt 0.45199599862098694 0.247747004032135
vt 0.4310140013694763 0.24149499833583832
vt 0.4101080000400543 0.22859400510787964
vt 0.3845840096473694 0.22018200159072876
vt 0.35407501459121704 0.2157530039548874
vt 0.3159460127353668 0.22131699323654175
vt 0.2698749899864197 0.24059900641441345
vt 0.2235189974308014 0.2810460031032562
vt 0.19393500685691833 0.32217898964881897
vt 0.4088590145111084 0.1927189975976944
vt 0.4284999966621399 0.2041569948196411
vt 0.4446350038051605 0.21664400398731232
vt 0.4578239917755127 0.2260269969701767
vt 0.4739980101585388 0.22427000105381012
vt 0.4736660122871399 0.19854100048542023
vt 0.46232399344444275 0.1854649931192398
vt 0.45454299449920654 0.17363399267196655
vt 0.35713300108909607 0.33768999576568604
vt 0.3616720139980316 0.30545100569725037
vt 0.33464598655700684 0.3623470067977905
vt 0.32483500242233276 0.3296459913253784
vt 0.3421199917793274 0.33119601011276245
vt 0.38301900029182434 0.3294300138950348
vt 0.36996200680732727 0.3461099863052368
vt 0.3502329885959625 0.3619840145111084
vt 0.35061800479888916 0.38903000950813293
vt 0.3185189962387085 0.3676930069923401
vt 0.30386900901794434 0.3364950120449066
vt 0.302139014005661 0.37822800874710083
vt 0.30849599838256836 0.4191009998321533
vt 0.31762099266052246 0.4590989947319031
vt 0.2845349907875061 0.3495129942893982
vt 0.28821998834609985 0.39182499051094055
vt 0.29516899585723877 0.42887601256370544
vt 0.2816869914531708 0.4383560121059418
vt 0.27539101243019104 0.4039120078086853
vt 0.2700969874858856 0.3661839962005615
vt 0.3467099964618683 0.29346200823783875
vt 0.2553670108318329 0.38302499055862427
vt 0.26807400584220886 0.4486820101737976
vt 0.2617639899253845 0.4167500138282776
vt 0.2526170015335083 0.4639590084552765
vt 0.24465599656105042 0.43325600028038025
vt 0.23638400435447693 0.406374990940094
vt 0.20992200076580048 0.40902799367904663
vt 0.495525985956192 0.3006420135498047
vt 0.4515860080718994 0.3033069968223572
vt 0.8924139738082886 0.5162960290908813
vt 0.8893269896507263 0.5082700252532959
vt 0.5159500241279602 0.5448349714279175
vt 0.6471840143203735 0.6278749704360962
vt 0.8792920112609863 0.4329119920730591
vt 0.5096619725227356 0.34723401069641113
vt 0.5063819885253906 0.546280026435852
vt 0.1395449936389923 0.35511600971221924
vt 0.41903001070022583 0.455810010433197
vt 0.41304901242256165 0.44043898582458496
vt 0.3748129904270172 0.5722740292549133
vt 0.38080599904060364 0.5960519909858704
vt 0.40369299054145813 0.45627298951148987
vt 0.35721299052238464 0.5394840240478516
vt 0.4355820119380951 0.4676840007305145
vt 0.5099179744720459 0.5188739895820618
vt 0.4852589964866638 0.48336300253868103
vt 0.48726600408554077 0.48806101083755493
vt 0.48069000244140625 0.4954240024089813
vt 0.45385798811912537 0.47427400946617126
vt 0.44981300830841064 0.4659219980239868
vt 0.49351900815963745 0.5075280070304871
vt 0.4963580071926117 0.5125020146369934
vt 0.49324798583984375 0.5127509832382202
vt 0.00976600032299757 0.40039101243019104
vt 0.00976600032299757 0.36914101243019104
vt 0.00976600032299757 0.43164101243019104
vt 0.49187400937080383 0.5212140083312988
vt 0.49130600690841675 0.5244320034980774
vt 0.29307401180267334 0.9493560194969177
vt 0.5421599745750427 0.3912149965763092
vt 0.4827359914779663 0.6160410046577454
vt 0.4923120141029358 0.49788698554039
vt 0.4962800145149231 0.43423399329185486
vt 0.02130799926817417 0.7272170186042786
vt 0.00976600032299757 0.6933590173721313
vt 0.00976600032299757 0.6621090173721313
vt 0.49620699882507324 0.4722149968147278
vt 0.481546014547348 0.47245898842811584
vt 0.49636998772621155 0.515408992767334
vt 0.49288299679756165 0.5154200196266174
vt 0.49638301134109497 0.5181750059127808
vt 0.492482990026474 0.5179409980773926
vt 0.0588189996778965 0.7846459746360779
vt 0.04051800072193146 0.7443829774856567
vt 0.00976600032299757 0.5292969942092896
vt 0.00976600032299757 0.49804699420928955
vt 0.00976600032299757 0.5644530057907104
vt 0.00976600032299757 0.6269530057907104
vt 0.00976600032299757 0.5957030057907104
vt 0.9863280057907104 0.27148398756980896
vt 0.00976600032299757 0.46679699420928955
vt 0.48844799399375916 0.3764910101890564
vt 0.49559998512268066 0.3694159984588623
vt 0.49562498927116394 0.34542199969291687
vt 0.4882330000400543 0.5362150073051453
vt 0.39555999636650085 0.942035973072052
vt 0.44791701436042786 0.6165599822998047
vt 0.4642919898033142 0.5656039714813232
vt 0.724403977394104 0.4486689865589142
vt 0.48733699321746826 0.5001400113105774
vt 0.5426740050315857 0.466048002243042
vt 0.7030199766159058 0.9493560194969177
vt 0.9863280057907104 0.5292969942092896
vt 0.9863280057907104 0.5644530057907104
vt 0.4962800145149231 0.49740201234817505
vt 0.9863280057907104 0.6933590173721313
vt 0.4961880147457123 0.4682219922542572
vt 0.9863280057907104 0.40039101243019104
vt 0.5121150016784668 0.4929800033569336
vt 0.4102889895439148 0.7082170248031616
vt 0.46432799100875854 0.6892610192298889
vt 0.3893029987812042 0.6132839918136597
vt 0.9863280057907104 0.46679699420928955
vt 0.9863280057907104 0.36914101243019104
vt 0.9863280057907104 0.5957030057907104
vt 0.9863280057907104 0.6621090173721313
vt 0.9863280057907104 0.49804699420928955
vt 0.5868899822235107 0.6548699736595154
vt 0.6346970200538635 0.5266889929771423
vt 0.3180469870567322 0.6871629953384399
vt 0.44399499893188477 0.6009979844093323
vt 0.13568399846553802 0.8871319890022278
vt 0.46926701068878174 0.4768329858779907
vt 0.483489990234375 0.47769400477409363
vt 0.49622899293899536 0.47718700766563416
vt 0.40310099720954895 0.38073500990867615
vt 0.5108799934387207 0.4725080132484436
vt 0.5115910172462463 0.4639570116996765
vt 0.6083319783210754 0.606220006942749
vt 0.608066976070404 0.6140999794006348
vt 0.38497400283813477 0.6061279773712158
vt 0.385360985994339 0.6139870285987854
vt 0.379271000623703 0.5994840264320374
vt 0.911391019821167 0.9427869915962219
vt 0.9181619882583618 0.9396070241928101
vt 0.9151409864425659 0.9451190233230591
vt 0.9122750163078308 0.9502519965171814
vt 0.9076470136642456 0.9472159743309021
vt 0.9204639792442322 0.9321100115776062
vt 0.9157389998435974 0.9376620054244995
vt 0.917281985282898 0.9524779915809631
vt 0.9233430027961731 0.9336869716644287
vt 0.9210929870605469 0.9406369924545288
vt 0.9191719889640808 0.9469659924507141
vt 0.9227110147476196 0.953702986240387
vt 0.9249510169029236 0.9340900182723999
vt 0.9241399765014648 0.9412990212440491
vt 0.9234619736671448 0.9476450085639954
vt 0.9277999997138977 0.9479889869689941
vt 0.9283049702644348 0.9537220001220703
vt 0.9272580146789551 0.9413700103759766
vt 0.9338099956512451 0.9527090191841125
vt 0.9282450079917908 0.9337270259857178
vt 0.9302970170974731 0.9408619999885559
vt 0.9320459961891174 0.94691401720047
vt 0.9361569881439209 0.9454270005226135
vt 0.9388989806175232 0.9505370259284973
vt 0.9297909736633301 0.9331550002098083
vt 0.9331099987030029 0.9395949840545654
vt 0.9397839903831482 0.9429500102996826
vt 0.943382978439331 0.9474329948425293
vt 0.931207001209259 0.9322879910469055
vt 0.9357360005378723 0.9379389882087708
vt 0.947467029094696 0.9437819719314575
vt 0.9379429817199707 0.9357640147209167
vt 0.9429919719696045 0.9399780035018921
vt 0.9504410028457642 0.9391720294952393
vt 0.9333080053329468 0.929764986038208
vt 0.9396880269050598 0.9332249760627747
vt 0.9452890157699585 0.9362859725952148
vt 0.9526439905166626 0.934207022190094
vt 0.9408779740333557 0.9304029941558838
vt 0.9471060037612915 0.9323279857635498
vt 0.9538859724998474 0.9288610219955444
vt 0.9343050122261047 0.9266330003738403
vt 0.9415130019187927 0.9274100065231323
vt 0.9478470087051392 0.9281030297279358
vt 0.9481790065765381 0.9238259792327881
vt 0.9538789987564087 0.9233459830284119
vt 0.9415779709815979 0.9243639707565308
vt 0.9528890252113342 0.9179030060768127
vt 0.934033989906311 0.9233760237693787
vt 0.9410150051116943 0.9213650226593018
vt 0.9471009969711304 0.9196469783782959
vt 0.9456689953804016 0.9156069755554199
vt 0.9507560133934021 0.9128419756889343
vt 0.939857006072998 0.918520987033844
vt 0.9431679844856262 0.911998987197876
vt 0.9477229714393616 0.9083459973335266
vt 0.9325240254402161 0.9204620122909546
vt 0.938211977481842 0.9159380197525024
vt 0.9402779936790466 0.9087290167808533
vt 0.9439610242843628 0.904367983341217
vt 0.9360600113868713 0.9137499928474426
vt 0.939399003982544 0.9013530015945435
vt 0.9300469756126404 0.9183359742164612
vt 0.9335370063781738 0.9120209813117981
vt 0.936568021774292 0.9064639806747437
vt 0.9344490170478821 0.899133026599884
vt 0.9306960105895996 0.9108099937438965
vt 0.9326090216636658 0.9046229720115662
vt 0.9291080236434937 0.8978700041770935
vt 0.9269099831581116 0.9173340201377869
vt 0.9276940226554871 0.9101549983024597
vt 0.9283570051193237 0.9038709998130798
vt 0.9240189790725708 0.9035120010375977
vt 0.9235190153121948 0.8978170156478882
vt 0.9246289730072021 0.9100610017776489
vt 0.918038010597229 0.8987600207328796
vt 0.9236329793930054 0.9175869822502136
vt 0.9216079711914062 0.9106240272521973
vt 0.91982501745224 0.9045609831809998
vt 0.9157329797744751 0.9059540033340454
vt 0.9129419922828674 0.9008610248565674
vt 0.9187300205230713 0.9117379784584045
vt 0.9121270179748535 0.9084280133247375
vt 0.908390998840332 0.9038500189781189
vt 0.9206990003585815 0.9190859794616699
vt 0.9161170125007629 0.9134029746055603
vt 0.9088420271873474 0.9112989902496338
vt 0.9042969942092896 0.9075199961662292
vt 0.9138789772987366 0.9155309796333313
vt 0.9064130187034607 0.9149349927902222
vt 0.9013199806213379 0.9121509790420532
vt 0.9185469746589661 0.9215670228004456
vt 0.9120919704437256 0.9180390238761902
vt 0.8990110158920288 0.9170849919319153
vt 0.9108750224113464 0.9208769798278809
vt 0.9045789837837219 0.9189299941062927
vt 0.8976969718933105 0.922478973865509
vt 0.9175289869308472 0.9247000217437744
vt 0.9102110266685486 0.9238899946212769
vt 0.9038159847259521 0.9231939911842346
vt 0.9034669995307922 0.927528977394104
vt 0.8976320028305054 0.928043007850647
vt 0.910152018070221 0.9269539713859558
vt 0.8986669778823853 0.9335010051727295
vt 0.9177669882774353 0.9279919862747192
vt 0.9107649922370911 0.9299839735031128
vt 0.9045519828796387 0.9317370057106018
vt 0.9060050249099731 0.9358069896697998
vt 0.9008049964904785 0.9386360049247742
vt 0.9119340181350708 0.9328650236129761
vt 0.9084619879722595 0.9394800066947937
vt 0.9038439989089966 0.9431930184364319
vt 0.9184290170669556 0.9295079708099365
vt 0.9134439826011658 0.9355829954147339
vt 0.9259560108184814 0.9257199764251709
vt 0.9218519926071167 0.9329839944839478
vt 0.9266120195388794 0.9339799880981445
vt 0.9323149919509888 0.9310719966888428
vt 0.933892011642456 0.9282249808311462
vt 0.9342470169067383 0.924992024898529
vt 0.9333400130271912 0.9218890070915222
vt 0.9313409924507141 0.9193289875984192
vt 0.9284999966621399 0.9177640080451965
vt 0.9252650141716003 0.9173840284347534
vt 0.9221400022506714 0.9182760119438171
vt 0.9195610284805298 0.9202709794044495
vt 0.9179549813270569 0.9231060147285461
vt 0.9175639748573303 0.9263499975204468
vt 0.9193649888038635 0.9308729767799377
vt 0.9729340076446533 0.8475729823112488
vt 0.9732800126075745 0.844992995262146
vt 0.9742230176925659 0.8467119932174683
vt 0.968500018119812 0.8422260284423828
vt 0.9722189903259277 0.8430050015449524
vt 0.9702439904212952 0.8443340063095093
vt 0.8868380188941956 0.9722840189933777
vt 0.8997970223426819 0.9730070233345032
vt 0.8966910243034363 0.9789220094680786
vt 0.8953179717063904 0.961903989315033
vt 0.9062830209732056 0.961080014705658
vt 0.9030740261077881 0.9671350121498108
vt 0.9751129746437073 0.850180983543396
vt 0.9765660166740417 0.8510270118713379
vt 0.9760950207710266 0.8513529896736145
vt 0.9750580191612244 0.848268985748291
vt 0.9740779995918274 0.8489450216293335
vt 0.9716989994049072 0.8460879921913147
vt 0.8825579881668091 0.9775789976119995
vt 0.8938639760017395 0.984919011592865
vt 0.891152024269104 0.9669910073280334
vt 0.9041789770126343 0.951341986656189
vt 0.8998450040817261 0.9564710259437561
vt 0.9772729873657227 0.8523169755935669
vt 0.9770380258560181 0.85247802734375
vt 0.975836992263794 0.849694013595581
vt 0.909604012966156 0.9771749973297119
vt 0.9096350073814392 0.9551339745521545
vt 0.9135689735412598 0.9642630219459534
vt 0.9770950078964233 0.8508049845695496
vt 0.9775350093841553 0.8522059917449951
vt 0.9766380190849304 0.8493480086326599
vt 0.9750530123710632 0.8442310094833374
vt 0.97564297914505 0.8461220264434814
vt 0.9709740281105042 0.840624988079071
vt 0.9744070172309875 0.8421069979667664
vt 0.9077889919281006 0.9834190011024475
vt 0.9116950035095215 0.9707790017127991
vt 0.9761559963226318 0.8478010296821594
vt 0.9061340093612671 0.9898219704627991
vt 0.9201290011405945 0.9792180061340332
vt 0.9221559762954712 0.9591140151023865
vt 0.9214590191841125 0.9657599925994873
vt 0.9778130054473877 0.8521469831466675
vt 0.9774940013885498 0.8491650223731995
vt 0.9769430160522461 0.8438609838485718
vt 0.9771429896354675 0.8458319902420044
vt 0.97365802526474 0.839559018611908
vt 0.9767119884490967 0.84163498878479
vt 0.9194480180740356 0.9857620000839233
vt 0.9208080172538757 0.9723870158195496
vt 0.9776549935340881 0.8506860136985779
vt 0.977321982383728 0.8475559949874878
vt 0.918973982334137 0.9923189878463745
vt 0.9300699830055237 0.9726510047912598
vt 0.930728018283844 0.9791679978370667
vt 0.9294660091400146 0.9658880233764648
vt 0.978227972984314 0.8506789803504944
vt 0.9780970215797424 0.8521450161933899
vt 0.9785109758377075 0.847553014755249
vt 0.9783669710159302 0.8491619825363159
vt 0.978663980960846 0.8458139896392822
vt 0.9764649868011475 0.8390219807624817
vt 0.9790710210800171 0.8416069746017456
vt 0.9314090013504028 0.9859150052070618
vt 0.9788569808006287 0.8438739776611328
vt 0.9319919943809509 0.9923189878463745
vt 0.9410899877548218 0.977383017539978
vt 0.935329020023346 0.9579100012779236
vt 0.9372419714927673 0.9642710089683533
vt 0.9783769845962524 0.852196991443634
vt 0.9796770215034485 0.8477789759635925
vt 0.9792219996452332 0.8493289947509766
vt 0.9801660180091858 0.8460969924926758
vt 0.9821500182151794 0.8395180106163025
vt 0.9813759922981262 0.8420979976654053
vt 0.9430689811706543 0.9836819767951965
vt 0.9391170144081116 0.9708359837532043
vt 0.9787909984588623 0.8507890105247498
vt 0.9807320237159729 0.8442260026931763
vt 0.945048987865448 0.9901469945907593
vt 0.9477090239524841 0.9675440192222595
vt 0.9509620070457458 0.9734389781951904
vt 0.9446899890899658 0.9614369869232178
vt 0.9793199896812439 0.8510059714317322
vt 0.9786400198936462 0.8523039817810059
vt 0.9807760119438171 0.8482279777526855
vt 0.980027973651886 0.8496599793434143
vt 0.9815859794616699 0.8466690182685852
vt 0.9835469722747803 0.8429840207099915
vt 0.9539870023727417 0.9791970252990723
vt 0.9825149774551392 0.8449360132217407
vt 0.9572319984436035 0.9849389791488647
vt 0.9554650187492371 0.9624069929122925
vt 0.9597910046577454 0.9675260186195374
vt 0.9468439817428589 0.9517920017242432
vt 0.9512349963188171 0.9570140242576599
vt 0.9788780212402344 0.8524590134620667
vt 0.9817669987678528 0.8488829731941223
vt 0.9807500243186951 0.8501409888267517
vt 0.9828680157661438 0.8475109934806824
vt 0.9847990274429321 0.8406580090522766
vt 0.9855179786682129 0.8442609906196594
vt 0.9640020132064819 0.9726619720458984
vt 0.9797989726066589 0.8513180017471313
vt 0.9841039776802063 0.8460069894790649
vt 0.9680230021476746 0.9776890277862549
vt 0.9621210098266602 0.9559530019760132
vt 0.9671729803085327 0.9601140022277832
vt 0.9515510201454163 0.9471889734268188
vt 0.9566879868507385 0.9514520168304443
vt 0.9790809750556946 0.8526579737663269
vt 0.9813719987869263 0.8507459759712219
vt 0.9839670062065125 0.8485869765281677
vt 0.9892550110816956 0.8442090153694153
vt 0.9871749877929688 0.8459299802780151
vt 0.9724460244178772 0.9644039869308472
vt 0.9802049994468689 0.8517199754714966
vt 0.9826040267944336 0.8497200012207031
vt 0.9854400157928467 0.8473659753799438
vt 0.9777179956436157 0.9686639904975891
vt 0.9731519818305969 0.9515479803085327
vt 0.9612339735031128 0.9451339840888977
vt 0.9792410135269165 0.8528929948806763
vt 0.983273983001709 0.850695013999939
vt 0.9818549752235413 0.8514670133590698
vt 0.9865229725837708 0.8489329814910889
vt 0.9848200082778931 0.8498659729957581
vt 0.9884899854660034 0.8478829860687256
vt 0.9790300130844116 0.954662024974823
vt 0.9673029780387878 0.9482970237731934
vt 0.9805279970169067 0.8521900177001953
vt 0.9849979877471924 0.9574710130691528
vt 0.9772710204124451 0.9418410062789917
vt 0.9553139805793762 0.9417769908905029
vt 0.964389979839325 0.9379050135612488
vt 0.9807490110397339 0.8527160286903381
vt 0.9793519973754883 0.8531540036201477
vt 0.9821969866752625 0.852262020111084
vt 0.9872779846191406 0.8506900072097778
vt 0.9854059815406799 0.8512759804725647
vt 0.9908400177955627 0.8466489911079407
vt 0.9893800020217896 0.8500469923019409
vt 0.9834849834442139 0.9436720013618469
vt 0.970881998538971 0.939786970615387
vt 0.9837390184402466 0.8517860174179077
vt 0.9898660182952881 0.9453099966049194
vt 0.979324996471405 0.931427001953125
vt 0.9592689871788025 0.9294019937515259
vt 0.9658949971199036 0.930092990398407
vt 0.9794110059738159 0.8534319996833801
vt 0.9823769927024841 0.853111982345581
vt 0.9876459836959839 0.8525630235671997
vt 0.9856969714164734 0.8527659773826599
vt 0.9919000267982483 0.8493009805679321
vt 0.9898520112037659 0.8523290157318115
vt 0.9858390092849731 0.9321190118789673
vt 0.9725149869918823 0.9307659864425659
vt 0.9808670282363892 0.8532739877700806
vt 0.9839829802513123 0.8529459834098816
vt 0.9923459887504578 0.932574987411499
vt 0.9727579951286316 0.9216049909591675
vt 0.979237973690033 0.9209529757499695
vt 0.9659940004348755 0.9221850037574768
vt 0.9808750152587891 0.8538450002670288
vt 0.9794129729270935 0.8537150025367737
vt 0.9823859930038452 0.8539789915084839
vt 0.985722005367279 0.854282021522522
vt 0.9924389719963074 0.8520770072937012
vt 0.9898859858512878 0.854665994644165
vt 0.9859660267829895 0.9202439785003662
vt 0.9839860200881958 0.8541300296783447
vt 0.987634003162384 0.8544579744338989
vt 0.9923459887504578 0.9196659922599792
vt 0.9774789810180664 0.9107009768486023
vt 0.9580680131912231 0.9163780212402344
vt 0.9644089937210083 0.9144799709320068
vt 0.9793609976768494 0.8539950251579285
vt 0.9822260141372681 0.8548330068588257
vt 0.9872980117797852 0.8563219904899597
vt 0.9854239821434021 0.8557680249214172
vt 0.9919689893722534 0.857712984085083
vt 0.989408016204834 0.8569539785385132
vt 0.9837599992752075 0.9087259769439697
vt 0.9709439873695374 0.9126380085945129
vt 0.980767011642456 0.8544059991836548
vt 0.9837599992752075 0.855288028717041
vt 0.9901909828186035 0.9067249894142151
vt 0.9677029848098755 0.9041439890861511
vt 0.9735789895057678 0.9009299874305725
vt 0.9616079926490784 0.9071210026741028
vt 0.98055100440979 0.8549339771270752
vt 0.9792550206184387 0.8542569875717163
vt 0.9833179712295532 0.8563799858093262
vt 0.9818959832191467 0.8556370139122009
vt 0.9848669767379761 0.8571789860725403
vt 0.9885349869728088 0.859112024307251
vt 0.9793189764022827 0.8979290127754211
vt 0.986594021320343 0.8580949902534485
vt 0.9850299954414368 0.8946580290794373
vt 0.9626690149307251 0.8964629769325256
vt 0.9677249789237976 0.892175018787384
vt 0.9520459771156311 0.904941976070404
vt 0.9572679996490479 0.900646984577179
vt 0.9790999889373779 0.8544949889183044
vt 0.9826700091362 0.8573660254478455
vt 0.9814180135726929 0.856357991695404
vt 0.9840369820594788 0.8584539890289307
vt 0.9908459782600403 0.8603469729423523
vt 0.9872739911079407 0.861070990562439
vt 0.9728450179100037 0.8880230188369751
vt 0.9802410006523132 0.8554120063781738
vt 0.9855359792709351 0.8596760034561157
vt 0.9778519868850708 0.8839889764785767
vt 0.9562150239944458 0.8898900151252747
vt 0.9603809714317322 0.8848720192909241
vt 0.9474110007286072 0.9003069996833801
vt 0.9516990184783936 0.895235002040863
vt 0.9789019823074341 0.8546990156173706
vt 0.9808170199394226 0.85698002576828
vt 0.9829750061035156 0.8595499992370605
vt 0.9873359799385071 0.8647729754447937
vt 0.9856240153312683 0.8627189993858337
vt 0.964680016040802 0.879647970199585
vt 0.9798439741134644 0.8558200001716614
vt 0.9818419814109802 0.8582019805908203
vt 0.9841939806938171 0.8610069751739502
vt 0.968953013420105 0.8744300007820129
vt 0.9519339799880981 0.8789499998092651
vt 0.9454169869422913 0.8907039761543274
vt 0.9793729782104492 0.8561409711837769
vt 0.9786679744720459 0.8548579812049866
vt 0.9808760285377502 0.8588740229606628
vt 0.9801009893417358 0.8574640154838562
vt 0.9826449751853943 0.8620880246162415
vt 0.9817090034484863 0.8604040145874023
vt 0.9836969971656799 0.8640300035476685
vt 0.9550849795341492 0.8731489777565002
vt 0.9486330151557922 0.8847159743309021
vt 0.9579539895057678 0.8672509789466858
vt 0.9423009753227234 0.8748329877853394
vt 0.9420530200004578 0.8965359926223755
vt 0.9382219910621643 0.8875240087509155
vt 0.9788479804992676 0.8563629984855652
vt 0.9784070253372192 0.8549699783325195
vt 0.979308009147644 0.8578090071678162
vt 0.980908989906311 0.8628469705581665
vt 0.9803130030632019 0.8609960079193115
vt 0.9849269986152649 0.8663480281829834
vt 0.9815599918365479 0.8649240136146545
vt 0.944254994392395 0.8687160015106201
vt 0.9401609897613525 0.8810849785804749
vt 0.9797919988632202 0.8593440055847168
vt 0.9460650086402893 0.8624429702758789
vt 0.9319850206375122 0.8727309703826904
vt 0.9296680092811584 0.8925449848175049
vt 0.9304490089416504 0.8860089778900146
vt 0.9781290292739868 0.8550289869308472
vt 0.9784600138664246 0.8579930067062378
vt 0.9790570139884949 0.8632259964942932
vt 0.9788320064544678 0.8613089919090271
vt 0.9823129773139954 0.8674060106277466
vt 0.9793099761009216 0.8654090166091919
vt 0.9328460097312927 0.8662639856338501
vt 0.9311760067939758 0.8792939782142639
vt 0.9782919883728027 0.8564839959144592
vt 0.9786379933357239 0.8595790266990662
vt 0.9337189793586731 0.859935998916626
vt 0.9215829968452454 0.8725519776344299
vt 0.9224960207939148 0.8857219815254211
vt 0.9777209758758545 0.8564940094947815
vt 0.9778460264205933 0.8550320267677307
vt 0.9774609804153442 0.8596060276031494
vt 0.9775940179824829 0.8579999804496765
vt 0.9771779775619507 0.8632450103759766
vt 0.9773210287094116 0.8613240122795105
vt 0.9795799851417542 0.8679530024528503
vt 0.9770039916038513 0.8654739856719971
vt 0.9211599826812744 0.8658609986305237
vt 0.9219570159912109 0.8791700005531311
vt 0.921051025390625 0.859362006187439
vt 0.9112449884414673 0.8740869760513306
vt 0.9165909886360168 0.8935750126838684
vt 0.9147149920463562 0.8872339725494385
vt 0.9775670170783997 0.854981005191803
vt 0.9767410159111023 0.8578490018844604
vt 0.9753170013427734 0.8629369735717773
vt 0.9758399724960327 0.8610519766807556
vt 0.9740729928016663 0.8675450086593628
vt 0.9747269749641418 0.8650590181350708
vt 0.9096130132675171 0.8677350282669067
vt 0.9129279851913452 0.8806970119476318
vt 0.9771599769592285 0.8563879728317261
vt 0.9763010144233704 0.8593890070915222
vt 0.908282995223999 0.8613160252571106
vt 0.9043470025062561 0.8837530016899109
vt 0.9013109803199768 0.8777549862861633
vt 0.9072570204734802 0.8899109959602356
vt 0.9766309857368469 0.8561750054359436
vt 0.9773039817810059 0.8548750281333923
vt 0.9752029776573181 0.8589569926261902
vt 0.9759349822998047 0.8575249910354614
vt 0.9744229912757874 0.8605170249938965
vt 0.9714300036430359 0.8665869832038879
vt 0.9725630283355713 0.8642280101776123
vt 0.8985959887504578 0.8718510270118713
vt 0.9735350012779236 0.8622639775276184
vt 0.8960509896278381 0.8657479882240295
vt 0.8965240120887756 0.8886929750442505
vt 0.8923810124397278 0.8833860158920288
vt 0.9049749970436096 0.8994770050048828
vt 0.9006549715995789 0.8941789865493774
vt 0.9770650267601013 0.8547199964523315
vt 0.9742079973220825 0.8583170175552368
vt 0.9752089977264404 0.8570510149002075
vt 0.973131000995636 0.8597040176391602
vt 0.968979001045227 0.8651260137557983
vt 0.9705719947814941 0.8630020022392273
vt 0.8884080052375793 0.8780069947242737
vt 0.9761499762535095 0.8558670282363892
vt 0.9719290137290955 0.8612310290336609
vt 0.8847470283508301 0.8724939823150635
vt 0.8897500038146973 0.8950629830360413
vt 0.8848450183868408 0.8906779885292053
vt 0.9002209901809692 0.9040549993515015
vt 0.8951150178909302 0.8996930122375488
vt 0.975741982460022 0.8554670214653015
vt 0.9768620133399963 0.8545219898223877
vt 0.9745810031890869 0.8564519882202148
vt 0.9720110297203064 0.8586480021476746
vt 0.9668130278587341 0.8631709814071655
vt 0.9688529968261719 0.8613849878311157
vt 0.879787027835846 0.886102020740509
vt 0.973360002040863 0.8574920296669006
vt 0.9705590009689331 0.8599029779434204
vt 0.8747770190238953 0.8815119862556458
vt 0.8786420226097107 0.8992180228233337
vt 0.8904529809951782 0.9059950113296509
vt 0.9767000079154968 0.8542879819869995
vt 0.9726750254631042 0.8565239906311035
vt 0.9740899801254272 0.8557339906692505
vt 0.9694340229034424 0.8583539724349976
vt 0.9711310267448425 0.8573799729347229
vt 0.9674659967422485 0.859470009803772
vt 0.8729079961776733 0.8958550095558167
vt 0.8844040036201477 0.9026849865913391
vt 0.9754149913787842 0.854997992515564
vt 0.867347002029419 0.8926039934158325
vt 0.8741989731788635 0.9090120196342468
vt 0.8964110016822815 0.9094589948654175
vt 0.887179970741272 0.9132090210914612
vt 0.9751909971237183 0.8544719815254211
vt 0.9765880107879639 0.8540269732475281
vt 0.9737380146980286 0.8549379706382751
vt 0.9686369895935059 0.8565970063209534
vt 0.9705150127410889 0.8559690117835999
vt 0.9639909863471985 0.8581690192222595
vt 0.9665200114250183 0.8572989702224731
vt 0.8680179715156555 0.9069129824638367
vt 0.8806009888648987 0.911234974861145
vt 0.9721959829330444 0.8554329872131348
vt 0.8618360161781311 0.9045439958572388
vt 0.8719130158424377 0.9195209741592407
vt 0.892270028591156 0.9218739867210388
vt 0.8856179714202881 0.9210699796676636
vt 0.9765290021896362 0.8537480235099792
vt 0.9735490083694458 0.8540840148925781
vt 0.9682350158691406 0.8547030091285706
vt 0.970192015171051 0.8544629812240601
vt 0.9632750153541565 0.8553259968757629
vt 0.9660000205039978 0.8549820184707642
vt 0.8653200268745422 0.9185879826545715
vt 0.878790020942688 0.9202880263328552
vt 0.9750679731369019 0.8539130091667175
vt 0.9719420075416565 0.8542690277099609
vt 0.8585839867591858 0.9176139831542969
vt 0.8785780072212219 0.9295700192451477
vt 0.8719239830970764 0.9301040172576904
vt 0.8853480219841003 0.9290599822998047
vt 0.9750580191612244 0.8533380031585693
vt 0.9765260219573975 0.8534640073776245
vt 0.971917986869812 0.8530740141868591
vt 0.9735410213470459 0.8532099723815918
vt 0.9682120084762573 0.8527740240097046
vt 0.97017502784729 0.8529250025749207
vt 0.9659079909324646 0.8525869846343994
vt 0.8650140166282654 0.9306430220603943
vt 0.8585399985313416 0.9311339855194092
vt 0.8736109733581543 0.9405410289764404
vt 0.8922799825668335 0.9285119771957397
vt 0.886847972869873 0.9368619918823242
vt 0.9765769839286804 0.8531839847564697
vt 0.9736949801445007 0.8523489832878113
vt 0.9685410261154175 0.8508650064468384
vt 0.9704570174217224 0.8514140248298645
vt 0.9637330174446106 0.8494589924812317
vt 0.9663779735565186 0.8502309918403625
vt 0.8672559857368469 0.9424840211868286
vt 0.8802610039710999 0.9386849999427795
vt 0.9751650094985962 0.8527740240097046
vt 0.9721469879150391 0.8519020080566406
vt 0.8607550263404846 0.9444800019264221
vt 0.8835639953613281 0.9473369717597961
vt 0.8776119947433472 0.9505559802055359
vt 0.8934569954872131 0.9350240230560303
vt 0.8897179961204529 0.9443579912185669
vt 0.975380003452301 0.8522430062294006
vt 0.9766839742660522 0.8529199957847595
vt 0.9725779891014099 0.8507890105247498
vt 0.9740239977836609 0.8515369892120361
vt 0.9710170030593872 0.8499810099601746
vt 0.9672650098800659 0.8480169773101807
vt 0.8718219995498657 0.9535970091819763
vt 0.9692519903182983 0.8490530252456665
vt 0.8660650253295898 0.9568700194358826
vt 0.8887420296669006 0.9551990032196045
vt 0.8836129903793335 0.9595230221748352
vt 0.8994590044021606 0.9466390013694763
vt 0.8941659927368164 0.9509919881820679
vt 0.976839005947113 0.8526819944381714
vt 0.9732369780540466 0.8497899770736694
vt 0.9745060205459595 0.8508089780807495
vt 0.9718539714813232 0.8486859798431396
vt 0.9648929834365845 0.846750020980835
vt 0.9685540199279785 0.8460140228271484
vt 0.8784540295600891 0.9637240171432495
vt 0.975691020488739 0.851760983467102
vt 0.9703279733657837 0.8474410176277161
vt 0.8734279870986938 0.9677929878234863
vt 0.9779710173606873 0.8535889983177185
vt 0.8959659934043884 0.9410830140113831
vt 0.8938469886779785 0.915473997592926
vt 0.9105340242385864 0.8960520029067993
vt 0.936024010181427 0.8940399885177612
vt 0.9555180072784424 0.91041100025177
vt 0.9577800035476685 0.9357410073280334
vt 0.9413560032844543 0.9553149938583374
vt 0.9157289862632751 0.9576240181922913
vt 0.05721199885010719 0.9388030171394348
vt 0.06441599875688553 0.9367179870605469
vt 0.06046000123023987 0.9416880011558533
vt 0.0567919984459877 0.9462680220603943
vt 0.05283400043845177 0.9424890279769897
vt 0.062247999012470245 0.9345589876174927
vt 0.06891699880361557 0.9310309886932373
vt 0.061268001794815063 0.9492970108985901
vt 0.06699100136756897 0.9383869767189026
vt 0.06402900069952011 0.9441720247268677
vt 0.06631500273942947 0.9514240026473999
vt 0.0718040019273758 0.932545006275177
vt 0.06982900202274323 0.9395310282707214
vt 0.06807199865579605 0.9456279873847961
vt 0.0722540020942688 0.946698009967804
vt 0.07176599651575089 0.9524170160293579
vt 0.07282999902963638 0.9401010274887085
vt 0.07731399685144424 0.9524279832839966
vt 0.0750650018453598 0.9328219890594482
vt 0.07588200271129608 0.9400399923324585
vt 0.07654599845409393 0.9463750123977661
vt 0.08077999949455261 0.9456549882888794
vt 0.08264700323343277 0.9511849880218506
vt 0.07888299971818924 0.9394069910049438
vt 0.08474300056695938 0.9438369870185852
vt 0.08762899786233902 0.9490079879760742
vt 0.07818499952554703 0.9318299889564514
vt 0.08169800043106079 0.9382389783859253
vt 0.08843600004911423 0.9415490031242371
vt 0.0922510027885437 0.9460520148277283
vt 0.08423800021409988 0.936506986618042
vt 0.09142500162124634 0.9383789896965027
vt 0.09590800106525421 0.94200199842453
vt 0.08071199804544449 0.9297419786453247
vt 0.08639799803495407 0.9343069791793823
vt 0.0989840030670166 0.9375140070915222
vt 0.088018998503685 0.9316790103912354
vt 0.09386300295591354 0.9347389936447144
vt 0.1011509969830513 0.9324470162391663
vt 0.08156699687242508 0.9283149838447571
vt 0.08929599821567535 0.9288809895515442
vt 0.09536299854516983 0.9306449890136719
vt 0.09641599655151367 0.9264159798622131
vt 0.10214400291442871 0.9269289970397949
vt 0.08215799927711487 0.9267749786376953
vt 0.08982899785041809 0.9258390069007874
vt 0.10219799727201462 0.9213539958000183
vt 0.08250699937343597 0.9235029816627502
vt 0.08973299711942673 0.922743022441864
vt 0.09610699862241745 0.9220979809761047
vt 0.09540300071239471 0.9178339838981628
vt 0.10096599906682968 0.9159510135650635
vt 0.08906800299882889 0.9197160005569458
vt 0.09360399842262268 0.913802981376648
vt 0.09874899685382843 0.9109470248222351
vt 0.08210500329732895 0.9219149947166443
vt 0.08806099742650986 0.9167940020561218
vt 0.09129299968481064 0.9100520014762878
vt 0.09573300182819366 0.9063119888305664
vt 0.0805400013923645 0.9190449714660645
vt 0.08615600317716599 0.914359986782074
vt 0.09175000339746475 0.902504026889801
vt 0.08410099893808365 0.9120479822158813
vt 0.08803600072860718 0.9070990085601807
vt 0.0872189998626709 0.8994539976119995
vt 0.07797800004482269 0.917044997215271
vt 0.08142399787902832 0.9105370044708252
vt 0.08439599722623825 0.904636025428772
vt 0.08213599771261215 0.8972989916801453
vt 0.07649199664592743 0.9163650274276733
vt 0.07855699956417084 0.9093649983406067
vt 0.08034200221300125 0.9031820297241211
vt 0.07613799721002579 0.9020990133285522
vt 0.07668499648571014 0.8962669968605042
vt 0.07554499804973602 0.908748984336853
vt 0.07112099975347519 0.8963149785995483
vt 0.07321900129318237 0.916064977645874
vt 0.07247299700975418 0.9087780117988586
vt 0.07181499898433685 0.9024009704589844
vt 0.0675479993224144 0.9031389951705933
vt 0.06574799865484238 0.8975849747657776
vt 0.06944400072097778 0.9094190001487732
vt 0.06355699896812439 0.9049609899520874
vt 0.06080299988389015 0.8998889923095703
vt 0.07009900361299515 0.9170920252799988
vt 0.06661099940538406 0.9106199741363525
vt 0.056178998202085495 0.9028220176696777
vt 0.06408800184726715 0.9124050140380859
vt 0.05991499871015549 0.9073709845542908
vt 0.05248299986124039 0.9068830013275146
vt 0.06759200245141983 0.9192150235176086
vt 0.06195300072431564 0.9146209955215454
vt 0.057036999613046646 0.910627007484436
vt 0.049497999250888824 0.9114230275154114
vt 0.06031600013375282 0.9172379970550537
vt 0.054575998336076736 0.9142439961433411
vt 0.04736899957060814 0.9165329933166504
vt 0.0661109983921051 0.9221529960632324
vt 0.05917299911379814 0.9200929999351501
vt 0.05313599854707718 0.9183170199394226
vt 0.052097998559474945 0.9225350022315979
vt 0.04642200097441673 0.9220100045204163
vt 0.05861600115895271 0.923117995262146
vt 0.04646199941635132 0.927573025226593
vt 0.06583400070667267 0.9254209995269775
vt 0.058694999665021896 0.9261850118637085
vt 0.05243000015616417 0.926842987537384
vt 0.05315899848937988 0.9310969710350037
vt 0.047672998160123825 0.9329450130462646
vt 0.05932600051164627 0.9291960000991821
vt 0.05497400090098381 0.9350780248641968
vt 0.049844998866319656 0.9378970265388489
vt 0.06681499630212784 0.9285359978675842
vt 0.060506001114845276 0.932017982006073
vt 0.06781399995088577 0.9298310279846191
vt 0.07414200156927109 0.9244660139083862
vt 0.07033000141382217 0.9318569898605347
vt 0.07342799752950668 0.9327570199966431
vt 0.07664799690246582 0.9324120283126831
vt 0.07951200008392334 0.9308580160140991
vt 0.08241000026464462 0.9251449704170227
vt 0.08141600340604782 0.9204300045967102
vt 0.07930699735879898 0.9179840087890625
vt 0.07486499845981598 0.916130006313324
vt 0.07163000106811523 0.9164940118789673
vt 0.0687830001115799 0.918084979057312
vt 0.06677500158548355 0.9206519722938538
vt 0.06589700281620026 0.923774003982544
vt 0.06626000255346298 0.9270009994506836
vt 0.02717999927699566 0.84648197889328
vt 0.029743000864982605 0.8463540077209473
vt 0.028243999928236008 0.8475779891014099
vt 0.03153799846768379 0.841251015663147
vt 0.03147999942302704 0.8449559807777405
vt 0.02982800081372261 0.8433079719543457
vt 0.027873000130057335 0.9630380272865295
vt 0.04043800011277199 0.9661890268325806
vt 0.03621499985456467 0.9712730050086975
vt 0.038214001804590225 0.9546499848365784
vt 0.04901399835944176 0.9557729959487915
vt 0.04476900026202202 0.9611150026321411
vt 0.024051999673247337 0.8502150177955627
vt 0.02562600001692772 0.8496760129928589
vt 0.024449000135064125 0.8506240248680115
vt 0.02687999978661537 0.8486679792404175
vt 0.026048999279737473 0.8478320240974426
vt 0.028397999703884125 0.845022976398468
vt 0.022588999941945076 0.9672920107841492
vt 0.03216300159692764 0.9762570261955261
vt 0.033146001398563385 0.9587780237197876
vt 0.04874499887228012 0.945921003818512
vt 0.0436290018260479 0.9501670002937317
vt 0.023110000416636467 0.8513370156288147
vt 0.023307999595999718 0.8515400290489197
vt 0.02502400055527687 0.8490549921989441
vt 0.049201998859643936 0.9720780253410339
vt 0.05336400121450424 0.9505839943885803
vt 0.055497001856565475 0.9601629972457886
vt 0.024759000167250633 0.8511019945144653
vt 0.023462999612092972 0.851777970790863
vt 0.026103999465703964 0.8503980040550232
vt 0.03080200031399727 0.8479350209236145
vt 0.029071999713778496 0.8488519787788391
vt 0.03505599871277809 0.8456760048866272
vt 0.03274400159716606 0.8469150066375732
vt 0.04614799842238426 0.9777889847755432
vt 0.05246200039982796 0.966234028339386
vt 0.027532000094652176 0.8496540188789368
vt 0.042830999940633774 0.9834849834442139
vt 0.05899599939584732 0.9759659767150879
vt 0.06478899717330933 0.9566029906272888
vt 0.06285999715328217 0.962984025478363
vt 0.023569000884890556 0.8520410060882568
vt 0.02643200010061264 0.8512020111083984
vt 0.03150799870491028 0.8497089743614197
vt 0.02963400073349476 0.8502629995346069
vt 0.03618500009179115 0.8483129739761353
vt 0.03361999988555908 0.8490750193595886
vt 0.05699099972844124 0.9822739958763123
vt 0.06098899990320206 0.9695469737052917
vt 0.024973999708890915 0.8516290187835693
vt 0.027962999418377876 0.8507519960403442
vt 0.054896000772714615 0.9887070059776306
vt 0.06922599673271179 0.977869987487793
vt 0.07058099657297134 0.9645580053329468
vt 0.02508299984037876 0.8521900177001953
vt 0.023621000349521637 0.8523200154304504
vt 0.028192000463604927 0.8519089818000793
vt 0.02658900059759617 0.852055013179779
vt 0.02993199974298477 0.8517529964447021
vt 0.0340999998152256 0.8513669967651367
vt 0.06849899888038635 0.9845790266990662
vt 0.07002799957990646 0.9712700247764587
vt 0.03184499964118004 0.8515759706497192
vt 0.06785900145769119 0.9909369945526123
vt 0.07972799986600876 0.9779469966888428
vt 0.07784800231456757 0.9578179717063904
vt 0.07855100184679031 0.9644539952278137
vt 0.023618999868631363 0.8526039719581604
vt 0.02658800035715103 0.8529220223426819
vt 0.03185800090432167 0.8534740209579468
vt 0.029906999319791794 0.8532699942588806
vt 0.036657001823186874 0.8539609909057617
vt 0.03406599909067154 0.8537070155143738
vt 0.080376997590065 0.984483003616333
vt 0.07914599776268005 0.9710969924926758
vt 0.025074999779462814 0.85276198387146
vt 0.028189999982714653 0.8530920147895813
vt 0.08082299679517746 0.9909980297088623
vt 0.08816800266504288 0.9695379734039307
vt 0.09020700305700302 0.9759380221366882
vt 0.08635500073432922 0.9629799723625183
vt 0.024956999346613884 0.853318989276886
vt 0.023560000583529472 0.8528810143470764
vt 0.027946000918745995 0.8542500138282776
vt 0.026406999677419662 0.8537729978561401
vt 0.029614999890327454 0.854761004447937
vt 0.036114998161792755 0.8567410111427307
vt 0.03359299898147583 0.8559920191764832
vt 0.09199699759483337 0.9821590185165405
vt 0.03148899972438812 0.8553479909896851
vt 0.09362500160932541 0.9885510206222534
vt 0.09669800102710724 0.9659299850463867
vt 0.09993000328540802 0.9718210101127625
vt 0.09020200371742249 0.9539030194282532
vt 0.09352699667215347 0.9598429799079895
vt 0.023448999971151352 0.8531429767608643
vt 0.02748199924826622 0.8553419709205627
vt 0.02606399916112423 0.8545690178871155
vt 0.029028000310063362 0.8561710119247437
vt 0.03505200147628784 0.8593950271606445
vt 0.03269999846816063 0.8581579923629761
vt 0.1030460000038147 0.9777140021324158
vt 0.02473600022494793 0.85384601354599
vt 0.030733000487089157 0.8571059703826904
vt 0.1058489978313446 0.9836909770965576
vt 0.10437700152397156 0.9607930183410645
vt 0.10853300243616104 0.9658570289611816
vt 0.09563799947500229 0.9501950144767761
vt 0.09989599883556366 0.9553499817848206
vt 0.02441300079226494 0.854315996170044
vt 0.023289000615477562 0.8533779978752136
vt 0.02558100037276745 0.8552899956703186
vt 0.028175000101327896 0.8574510216712952
vt 0.0334630012512207 0.8618350028991699
vt 0.03138300031423569 0.8601109981536865
vt 0.11284200102090836 0.9711290001869202
vt 0.026812000200152397 0.8563159704208374
vt 0.029649000614881516 0.8586729764938354
vt 0.11709800362586975 0.9764009714126587
vt 0.11600500345230103 0.9584389925003052
vt 0.10547900199890137 0.9499149918556213
vt 0.024007000029087067 0.854718029499054
vt 0.023086000233888626 0.8535760045051575
vt 0.025975000113248825 0.8571529984474182
vt 0.02495799958705902 0.85589599609375
vt 0.028310999274253845 0.860031008720398
vt 0.02707500010728836 0.8585259914398193
vt 0.0297240000218153 0.8617799878120422
vt 0.12114399671554565 0.9626539945602417
vt 0.11087500303983688 0.954122006893158
vt 0.12615899741649628 0.9666820168495178
vt 0.12191099673509598 0.9495900273323059
vt 0.10023800283670425 0.945497989654541
vt 0.10987599939107895 0.9433320164680481
vt 0.023528000339865685 0.8550300002098083
vt 0.02284800074994564 0.8537309765815735
vt 0.024235999211668968 0.8563759922981262
vt 0.02672100067138672 0.861100971698761
vt 0.02579299919307232 0.8593680262565613
vt 0.02900099940598011 0.8653820157051086
vt 0.027752000838518143 0.8630549907684326
vt 0.12767599523067474 0.9526259899139404
vt 0.11600299924612045 0.9463480114936829
vt 0.024984000250697136 0.857807993888855
vt 0.13343499600887299 0.9558690190315247
vt 0.12586000561714172 0.9397150278091431
vt 0.10631400346755981 0.9339510202407837
vt 0.11268600076436996 0.9359019994735718
vt 0.022585000842809677 0.8538389801979065
vt 0.023429999127984047 0.856706976890564
vt 0.02493700012564659 0.861810028553009
vt 0.024372000247240067 0.8599389791488647
vt 0.026350000873208046 0.8665189743041992
vt 0.025578999891877174 0.8639379739761353
vt 0.13217699527740479 0.9416790008544922
vt 0.11927200108766556 0.9377830028533936
vt 0.022998999804258347 0.8552470207214355
vt 0.0238840002566576 0.858256995677948
vt 0.13865700364112854 0.9436630010604858
vt 0.12112200260162354 0.9287340044975281
vt 0.12765300273895264 0.9293559789657593
vt 0.11432799696922302 0.9281229972839355
vt 0.022437000647187233 0.855355978012085
vt 0.022305000573396683 0.8538900017738342
vt 0.022575000301003456 0.8568729758262634
vt 0.023062000051140785 0.8621600270271301
vt 0.022871000692248344 0.8602210283279419
vt 0.023274999111890793 0.8644260168075562
vt 0.13441899418830872 0.9300349950790405
vt 0.022717999294400215 0.8584820032119751
vt 0.1408350020647049 0.9305850267410278
vt 0.12773899734020233 0.9187800288200378
vt 0.10761400312185287 0.9208170175552368
vt 0.11425700038671494 0.9201380014419556
vt 0.02202099934220314 0.853888988494873
vt 0.021702000871300697 0.8568710088729858
vt 0.02114900015294552 0.86217200756073
vt 0.02135000005364418 0.8602020144462585
vt 0.020666999742388725 0.8670070171356201
vt 0.020917000249028206 0.8643969893455505
vt 0.13427799940109253 0.9180669784545898
vt 0.12090300023555756 0.9194790124893188
vt 0.021863000467419624 0.8553490042686462
vt 0.021530000492930412 0.8584790229797363
vt 0.1408350020647049 0.9175559878349304
vt 0.11930900067090988 0.9103400111198425
vt 0.1256989985704422 0.9082260131835938
vt 0.11277399957180023 0.9122200012207031
vt 0.021302999928593636 0.8552299737930298
vt 0.02174299955368042 0.8538299798965454
vt 0.020364999771118164 0.8582339882850647
vt 0.02084599994122982 0.8566880226135254
vt 0.019850999116897583 0.8599119782447815
vt 0.017861999571323395 0.8664669990539551
vt 0.01861399970948696 0.8639230132102966
vt 0.1319359987974167 0.906378984451294
vt 0.019260000437498093 0.861801028251648
vt 0.13833600282669067 0.9047070145606995
vt 0.11564499884843826 0.9017239809036255
vt 0.12151999771595001 0.8984299898147583
vt 0.10363399982452393 0.9083240032196045
vt 0.10957600176334381 0.9049360156059265
vt 0.021480999886989594 0.8537189960479736
vt 0.019267000257968903 0.8577659726142883
vt 0.020045999437570572 0.8563410043716431
vt 0.018432000651955605 0.8593209981918335
vt 0.015182999894022942 0.8654000163078308
vt 0.01642799936234951 0.8630239963531494
vt 0.1274310052394867 0.8952860236167908
vt 0.020774999633431435 0.8550080060958862
vt 0.017488999292254448 0.8610389828681946
vt 0.13343200087547302 0.8924369812011719
vt 0.1104620024561882 0.8939650058746338
vt 0.11552199721336365 0.8897650241851807
vt 0.09987399727106094 0.902849018573761
vt 0.10502199828624725 0.8985229730606079
vt 0.020302999764680862 0.854682981967926
vt 0.02124599926173687 0.8535580039024353
vt 0.019322000443935394 0.8558539748191833
vt 0.01714400015771389 0.8584610223770142
vt 0.012715999968349934 0.8637999892234802
vt 0.014456000179052353 0.8616960048675537
vt 0.12080699950456619 0.8854190111160278
vt 0.01828799955546856 0.8570899963378906
vt 0.015908999368548393 0.8599449992179871
vt 0.1260939985513687 0.8811349868774414
vt 0.10807199776172638 0.8822519779205322
vt 0.09955500066280365 0.8928390145301819
vt 0.021046999841928482 0.8533549904823303
vt 0.017448000609874725 0.8562459945678711
vt 0.01871499978005886 0.855226993560791
vt 0.014539999887347221 0.8585929870605469
vt 0.01606299914419651 0.8573499917984009
vt 0.012769999913871288 0.8600190281867981
vt 0.11228200048208237 0.8770840167999268
vt 0.10375700145959854 0.8873969912528992
vt 0.019899999722838402 0.8542749881744385
vt 0.11631499975919724 0.8720139861106873
vt 0.09915699809789658 0.8762440085411072
vt 0.09519899636507034 0.8981119990348816
vt 0.09295299649238586 0.8883559703826904
vt 0.019588999450206757 0.8537930250167847
vt 0.020891999825835228 0.853115975856781
vt 0.01823199912905693 0.8544989824295044
vt 0.013465000316500664 0.8569830060005188
vt 0.015220999717712402 0.8560550212860107
vt 0.009116999804973602 0.8592870235443115
vt 0.01148299966007471 0.858020007610321
vt 0.10217300057411194 0.8704419732093811
vt 0.09594599902629852 0.8821859955787659
vt 0.01679299958050251 0.8552470207214355
vt 0.1054069995880127 0.8646609783172607
vt 0.08915500342845917 0.8722569942474365
vt 0.08367700129747391 0.8920930027961731
vt 0.08548899739980698 0.885487973690033
vt 0.020785000175237656 0.8528519868850708
vt 0.017900999635457993 0.8536880016326904
vt 0.012759000062942505 0.8551759719848633
vt 0.014657000079751015 0.8546199798583984
vt 0.007956000044941902 0.8565880060195923
vt 0.010595999658107758 0.8558120131492615
vt 0.09108500182628632 0.8658940196037292
vt 0.08731400221586227 0.8788909912109375
vt 0.019372999668121338 0.8532620072364807
vt 0.016349000856280327 0.8541399836540222
vt 0.09303899854421616 0.8593609929084778
vt 0.07824300229549408 0.8772040009498596
vt 0.07873299717903137 0.8705319762229919
vt 0.07715299725532532 0.8909140229225159
vt 0.07772000133991241 0.8839730024337769
vt 0.019266000017523766 0.852698028087616
vt 0.020733999088406563 0.8525720238685608
vt 0.01612599939107895 0.8529660105705261
vt 0.0177449993789196 0.8528259992599487
vt 0.012419000267982483 0.8532729744911194
vt 0.014395000413060188 0.8531100153923035
vt 0.010119999758899212 0.8534610271453857
vt 0.07926300168037415 0.8636260032653809
vt 0.07972600311040878 0.8571500182151794
vt 0.06820700317621231 0.8705030083656311
vt 0.07053399831056595 0.8908910155296326
vt 0.06976199895143509 0.8842340111732483
vt 0.020736999809741974 0.8522869944572449
vt 0.016148999333381653 0.8517720103263855
vt 0.017760999500751495 0.8519520163536072
vt 0.014403999783098698 0.8515769839286804
vt 0.007480999920517206 0.8507260084152222
vt 0.010208000428974628 0.8510649800300598
vt 0.06724700331687927 0.8639230132102966
vt 0.06901299953460693 0.8773810267448425
vt 0.019277000799775124 0.8521239757537842
vt 0.012443000450730324 0.8513410091400146
vt 0.06624700129032135 0.8571900129318237
vt 0.05998799949884415 0.8791620135307312
vt 0.057725999504327774 0.8727759718894958
vt 0.06193999946117401 0.8857300281524658
vt 0.019399000331759453 0.8515650033950806
vt 0.020795999094843864 0.8520100116729736
vt 0.01640399917960167 0.8506060242652893
vt 0.017947999760508537 0.8510990142822266
vt 0.014724000357091427 0.8500720262527466
vt 0.010724999941885471 0.8487460017204285
vt 0.05560600012540817 0.8665949702262878
vt 0.01284400001168251 0.8494459986686707
vt 0.05322299897670746 0.8604239821434021
vt 0.05146700143814087 0.8829410076141357
vt 0.04800499975681305 0.8771809935569763
vt 0.05816100165247917 0.8949609994888306
vt 0.05476899817585945 0.8889899849891663
vt 0.020907999947667122 0.851747989654541
vt 0.016882000491023064 0.8495150208473206
vt 0.018299000337719917 0.8503040075302124
vt 0.015339000150561333 0.8486599922180176
vt 0.008191999979317188 0.8478789925575256
vt 0.011669999919831753 0.846572995185852
vt 0.044624000787734985 0.8714519739151001
vt 0.01962300017476082 0.8510389924049377
vt 0.01363999955356121 0.8476870059967041
vt 0.04133300110697746 0.865900993347168
vt 0.04382599890232086 0.888251006603241
vt 0.039455000311136246 0.8833450078964233
vt 0.05276700109243393 0.8987280130386353
vt 0.048441000282764435 0.8936070203781128
vt 0.019950000569224358 0.850570023059845
vt 0.02106899954378605 0.8515139818191528
vt 0.018789000809192657 0.849586009979248
vt 0.016217000782489777 0.8473910093307495
vt 0.011013000272214413 0.8428699970245361
vt 0.013055999763309956 0.8446549773216248
vt 0.03488900139927864 0.8782860040664673
vt 0.017566999420523643 0.848546028137207
vt 0.014763999730348587 0.8461359739303589
vt 0.03029800020158291 0.8732759952545166
vt 0.03218900039792061 0.8908299803733826
vt 0.04291800037026405 0.8990960121154785
vt 0.021273000165820122 0.851315975189209
vt 0.018414000049233437 0.8477200269699097
vt 0.01941699907183647 0.8489869832992554
vt 0.01613299921154976 0.8448070287704468
vt 0.017336999997496605 0.8463339805603027
vt 0.01477499958127737 0.8430370092391968
vt 0.026830000802874565 0.8868380188941956
vt 0.03747300058603287 0.8949710130691528
vt 0.020357999950647354 0.8501700162887573
vt 0.021321000531315804 0.8831549882888794
vt 0.02655000053346157 0.899707019329071
vt 0.04813800007104874 0.9034240245819092
vt 0.03861600160598755 0.9057040214538574
vt 0.020837999880313873 0.8498610258102417
vt 0.021510999649763107 0.851161003112793
vt 0.020142000168561935 0.8485130071640015
vt 0.01773899979889393 0.8437740206718445
vt 0.01862799935042858 0.84552001953125
vt 0.013181000016629696 0.8409119844436646
vt 0.016766000539064407 0.8418089747428894
vt 0.02067600004374981 0.8969359993934631
vt 0.032515998929739 0.9027649760246277
vt 0.0194109994918108 0.8470789790153503
vt 0.014599000103771687 0.8943420052528381
vt 0.02286200039088726 0.9096130132675171
vt 0.04221399873495102 0.9150239825248718
vt 0.035854000598192215 0.9131640195846558
vt 0.02177399955689907 0.8510550260543823
vt 0.02094700001180172 0.8481910228729248
vt 0.019519999623298645 0.8430989980697632
vt 0.020044999197125435 0.8449829816818237
vt 0.015633000060915947 0.839451014995575
vt 0.018929999321699142 0.8409780263900757
vt 0.016529999673366547 0.9078800082206726
vt 0.0294599998742342 0.911391019821167
vt 0.02136700041592121 0.8496479988098145
vt 0.02050900086760521 0.8466449975967407
vt 0.01015899982303381 0.9064159989356995
vt 0.027739999815821648 0.9203289747238159
vt 0.02115499973297119 0.9199079871177673
vt 0.0343950018286705 0.9209929704666138
vt 0.021927999332547188 0.8495420217514038
vt 0.022052999585866928 0.8510040044784546
vt 0.02179899998009205 0.8480309844017029
vt 0.021525999531149864 0.8447110056877136
vt 0.018275000154972076 0.8384929895401001
vt 0.021205000579357147 0.8405619859695435
vt 0.014498000033199787 0.919393002986908
vt 0.021669000387191772 0.8464270234107971
vt 0.02138100005686283 0.8427900075912476
vt 0.008135000243782997 0.9189620018005371
vt 0.02780199982225895 0.9295369982719421
vt 0.021184999495744705 0.9303140044212341
vt 0.04112499952316284 0.9281579852104187
vt 0.034556999802589417 0.9288939833641052
vt 0.02233700081706047 0.8510069847106934
vt 0.02266700007021427 0.848039984703064
vt 0.023034000769257545 0.844726026058197
vt 0.023778000846505165 0.8380820155143738
vt 0.023509999737143517 0.840624988079071
vt 0.014675999991595745 0.931069016456604
vt 0.022499000653624535 0.8495519757270813
vt 0.02284800074994564 0.8464490175247192
vt 0.023259000852704048 0.8428080081939697
vt 0.008162000216543674 0.9316350221633911
vt 0.02953300066292286 0.9385330080986023
vt 0.023194000124931335 0.9406129717826843
vt 0.03601200133562088 0.9366779923439026
vt 0.023056000471115112 0.8496720194816589
vt 0.022614000365138054 0.851065993309021
vt 0.02399899996817112 0.8466960191726685
vt 0.023514999076724052 0.8482249975204468
vt 0.024515999481081963 0.8450350165367126
vt 0.0265089999884367 0.8386250138282776
vt 0.025760000571608543 0.8411080241203308
vt 0.01699100062251091 0.9424920082092285
vt 0.025110999122262 0.8431850075721741
vt 0.010608999989926815 0.9441819787025452
vt 0.03311700001358986 0.9470049738883972
vt 0.027274999767541885 0.9502549767494202
vt 0.04502499848604202 0.9404969811439514
vt 0.03914799913764 0.9438430070877075
vt 0.022874999791383743 0.8511769771575928
vt 0.02508299984037876 0.8471620082855225
vt 0.02430799975991249 0.8485710024833679
vt 0.02591400034725666 0.845628023147583
vt 0.029124999418854713 0.8396790027618408
vt 0.027898000553250313 0.8419989943504333
vt 0.021386999636888504 0.953361988067627
vt 0.023579999804496765 0.8498939871788025
vt 0.026847999542951584 0.8439429998397827
vt 0.015406000427901745 0.9562029838562012
vt 0.022179000079631805 0.852446973323822
vt 0.04258299991488457 0.9344890117645264
vt 0.044732000678777695 0.9089810252189636
vt 0.06415300071239471 0.8924270272254944
vt 0.08969199657440186 0.8946319818496704
vt 0.10614600032567978 0.9144030213356018
vt 0.10374099761247635 0.9399899840354919
vt 0.08420299738645554 0.9563300013542175
vt 0.05883299931883812 0.9540449976921082
vt 0.9863280057907104 0.33398398756980896
vt 0.4835369884967804 0.40955498814582825
vt 0.9863280057907104 0.00976600032299757
vt 0.10742200165987015 0.00976600032299757
vt 0.9287880063056946 0.9589570164680481
vt 0.9793069958686829 0.8390330076217651
vt 0.9871450066566467 0.8422409892082214
vt 0.9590880274772644 0.9228540062904358
vt 0.9924389719963074 0.8548910021781921
vt 0.9892809987068176 0.8626790046691895
vt 0.9230909943580627 0.892611026763916
vt 0.9768149852752686 0.8679730296134949
vt 0.9651939868927002 0.8607630133628845
vt 0.9632560014724731 0.8523780107498169
vt 0.9665030241012573 0.8443629741668701
vt 0.033486999571323395 0.84334397315979
vt 0.07127100229263306 0.9576359987258911
vt 0.036657001823186874 0.8511409759521484
vt 0.031348999589681625 0.8638020157814026
vt 0.10737600177526474 0.9274340271949768
vt 0.023507000878453255 0.8670009970664978
vt 0.010723999701440334 0.8616669774055481
vt 0.007470000069588423 0.8536760210990906
vt 0.009394999593496323 0.8452799916267395
vt 0.04123999923467636 0.9215750098228455
vt 0.021014999598264694 0.8380640149116516

f 4/1 2/2 1/3
f 8/4 6/5 5/6
f 13/7 15/8 14/9
f 17/10 19/11 18/12
f 32/13 30/14 29/15
f 36/16 34/17 33/18
f 37/19 39/20 38/21
f 21/22 23/23 20/24
f 25/25 27/26 24/27
f 41/28 43/29 42/30
f 48/31 46/32 45/33
f 52/34 50/35 49/36
f 53/37 55/38 54/39
f 60/40 58/41 57/42
f 29/15 62/43 61/44
f 66/45 64/46 63/47
f 67/48 6/5 68/49
f 72/50 70/51 69/52
f 76/53 74/54 73/55
f 77/56 79/57 78/58
f 81/59 83/60 82/61
f 59/62 86/63 85/64
f 88/65 90/66 89/67
f 96/68 94/69 93/70
f 100/71 98/72 97/73
f 101/74 103/75 102/76
f 106/77 34/17 87/78
f 108/79 115/80 107/81
f 117/82 36/16 118/83
f 124/84 126/85 125/86
f 131/87 129/88 128/89
f 132/90 134/91 133/92
f 142/93 140/94 139/95
f 148/96 60/40 147/97
f 144/98 127/99 124/84
f 149/100 151/101 150/102
f 156/103 154/104 153/105
f 159/106 158/107 157/108
f 116/109 164/110 105/111
f 171/112 169/113 168/114
f 174/115 173/116 172/117
f 179/118 181/119 180/120
f 186/121 188/122 187/123
f 194/124 196/125 195/126
f 199/127 139/95 198/128
f 206/129 208/130 207/131
f 213/132 211/133 210/134
f 202/135 214/136 201/137
f 96/68 216/138 54/39
f 92/139 43/29 44/140
f 97/73 246/141 100/71
f 250/142 229/143 228/144
f 252/145 58/41 253/146
f 258/147 256/148 255/149
f 260/150 229/143 259/151
f 110/152 112/153 113/154
f 114/155 263/156 109/157
f 265/158 267/159 266/160
f 56/161 270/162 269/163
f 274/164 249/165 250/142
f 185/166 63/47 64/46
f 280/167 278/168 276/169
f 285/170 283/171 157/108
f 288/172 211/133 212/173
f 141/174 92/139 46/32
f 289/175 175/176 176/177
f 148/96 105/111 106/77
f 312/178 170/179 171/112
f 238/180 42/30 43/29
f 318/181 160/182 317/183
f 310/184 308/185 307/186
f 241/187 325/188 324/189
f 160/182 240/190 317/183
f 47/191 307/186 308/185
f 108/79 315/192 164/110
f 345/193 86/63 119/194
f 348/195 350/196 349/197
f 356/198 358/199 357/200
f 355/201 353/202 352/203
f 363/204 32/13 362/205
f 149/100 150/102 176/177
f 364/206 253/146 365/207
f 366/208 368/209 367/210
f 183/211 371/212 63/47
f 163/213 161/214 160/182
f 209/215 101/74 208/130
f 378/216 165/217 166/218
f 379/219 381/220 380/221
f 383/222 3/223 4/1
f 284/224 386/225 385/226
f 387/227 389/228 388/229
f 391/230 229/143 249/165
f 73/55 397/231 396/232
f 405/233 407/234 406/235
f 203/236 411/237 410/238
f 414/239 413/240 412/241
f 1/3 357/200 4/1
f 277/242 131/87 275/243
f 254/244 57/42 58/41
f 358/199 415/245 351/246
f 417/247 386/225 408/248
f 401/249 192/250 420/251
f 419/252 127/99 143/253
f 421/254 182/255 422/256
f 103/75 302/257 409/258
f 428/259 368/209 174/115
f 380/221 359/260 356/198
f 62/43 266/160 323/261
f 140/94 431/262 430/263
f 357/200 351/246 348/195
f 356/198 379/219 380/221
f 415/245 403/264 434/265
f 437/266 436/267 435/268
f 438/269 440/270 439/271
f 188/122 450/272 449/273
f 452/274 454/275 453/276
f 265/158 181/119 421/254
f 224/277 64/46 225/278
f 237/279 213/132 427/280
f 275/243 128/89 458/281
f 281/282 460/283 459/284
f 50/35 79/57 461/285
f 73/55 282/286 281/282
f 468/287 466/288 465/289
f 390/290 352/203 359/260
f 482/291 484/292 483/293
f 489/294 487/295 486/296
f 493/297 495/298 494/299
f 472/300 470/301 469/302
f 502/303 500/304 499/305
f 220/306 222/307 223/308
f 512/309 143/253 66/45
f 518/310 511/311 80/312
f 513/313 230/314 286/315
f 205/316 31/317 244/318
f 189/319 451/320 188/122
f 163/213 532/321 8/4
f 533/322 225/278 251/323
f 446/324 447/325 412/241
f 335/326 540/327 334/328
f 544/329 546/330 545/331
f 329/332 291/333 292/334
f 199/127 262/335 238/180
f 385/226 416/336 550/337
f 532/321 191/338 247/339
f 363/204 118/83 243/340
f 236/341 237/279 250/142
f 578/342 580/343 579/344
f 573/345 571/346 570/347
f 561/348 562/349 272/350
f 241/187 259/151 240/190
f 590/351 592/352 591/353
f 545/331 595/354 594/355
f 503/356 155/357 504/358
f 606/359 624/360 623/361
f 478/362 480/363 479/364
f 646/365 648/366 647/367
f 590/351 689/368 684/369
f 564/370 651/371 650/372
f 728/373 184/374 727/375
f 714/376 716/377 715/378
f 692/379 575/380 693/381
f 541/382 581/383 578/342
f 346/384 248/385 400/386
f 161/214 230/314 160/182
f 128/89 94/69 95/387
f 698/388 704/389 703/390
f 574/391 576/392 575/380
f 290/393 401/249 328/394
f 630/395 725/396 726/397
f 733/398 735/399 734/400
f 755/401 496/402 493/297
f 759/403 481/404 760/405
f 757/406 762/407 761/408
f 764/409 466/288 467/410
f 768/411 3839/412 3840/413
f 759/403 488/414 489/294
f 492/415 475/416 771/417
f 474/418 769/419 473/420
f 773/421 465/289 772/422
f 771/417 486/296 483/293
f 484/292 775/423 491/424
f 774/425 489/294 486/296
f 495/298 764/409 756/426
f 495/298 761/408 494/299
f 137/427 784/428 136/429
f 325/188 797/430 547/431
f 165/217 51/432 52/34
f 369/433 29/15 370/434
f 730/435 568/436 569/437
f 90/66 301/438 89/67
f 243/340 516/439 242/440
f 800/441 806/442 805/443
f 817/444 808/445 816/446
f 816/446 823/447 822/448
f 306/449 447/325 807/450
f 815/451 809/452 808/445
f 829/453 828/454 825/455
f 726/397 501/456 502/303
f 274/164 424/457 423/458
f 879/459 881/460 880/461
f 884/462 879/459 885/463
f 219/464 217/465 211/133
f 906/466 904/467 897/468
f 455/469 205/316 542/470
f 898/471 830/472 829/453
f 903/473 880/461 881/460
f 906/466 897/468 898/471
f 377/474 519/475 165/217
f 923/476 948/477 946/478
f 946/478 951/479 950/480
f 3531/481 739/482 3528/483
f 900/484 886/485 880/461
f 225/278 65/486 144/98
f 182/255 442/487 422/256
f 809/452 947/488 824/489
f 954/490 962/491 961/492
f 927/493 965/494 966/495
f 885/463 880/461 886/485
f 925/496 966/495 967/497
f 343/498 341/499 340/500
f 965/494 971/501 968/502
f 968/502 970/503 969/504
f 972/505 969/504 973/506
f 963/507 981/508 978/509
f 336/510 338/511 339/512
f 992/513 827/514 828/454
f 810/515 996/516 959/517
f 1007/518 1002/519 1008/520
f 1012/521 827/514 1009/522
f 1011/523 1007/518 1008/520
f 294/524 292/334 291/333
f 907/525 920/526 919/527
f 1017/528 1019/529 1018/530
f 1020/531 1022/532 1021/533
f 1035/534 1020/531 1044/535
f 1061/536 1047/537 1046/538
f 1063/539 1046/538 1062/540
f 1044/535 1021/533 1045/541
f 1102/542 1097/543 1109/544
f 1116/545 1118/546 1117/547
f 1016/548 1014/549 1013/550
f 881/460 904/467 903/473
f 816/446 1127/551 817/444
f 1094/552 949/553 1097/543
f 514/554 167/555 515/556
f 146/557 81/59 82/61
f 1133/558 1130/559 1129/560
f 1102/542 1126/561 822/448
f 822/448 1116/545 816/446
f 1145/562 1148/563 1136/564
f 1076/565 1151/566 1069/567
f 1148/563 1086/568 1087/569
f 1109/544 1114/570 1136/564
f 1154/571 1156/572 1155/573
f 1153/574 967/497 1156/572
f 3473/575 463/576 3744/577
f 1144/578 1152/579 1151/566
f 1156/572 1163/580 1162/581
f 1164/582 1169/583 1165/584
f 1145/562 1176/585 1147/586
f 1114/570 1154/571 1171/587
f 1183/588 1164/582 1177/589
f 1184/590 1177/589 1185/591
f 1069/567 1062/540 1064/592
f 1023/593 1194/594 1022/532
f 1162/581 1170/595 1169/583
f 1195/596 1185/591 1191/597
f 1183/588 1176/585 1155/573
f 1201/598 1152/579 1196/599
f 1061/536 1201/598 1202/600
f 3856/601 843/602 3867/603
f 1203/604 1195/596 1034/605
f 1202/600 1184/590 1195/596
f 1218/606 1203/604 1217/607
f 1060/608 1202/600 1203/604
f 1225/609 1217/607 1219/610
f 671/611 694/612 670/613
f 1219/610 1024/614 1035/534
f 1217/607 1034/605 1024/614
f 1226/615 1015/616 1227/617
f 1243/618 1234/619 1233/620
f 1231/621 1229/622 1228/623
f 847/624 1233/620 843/602
f 843/602 1244/625 878/626
f 1233/620 1245/627 1244/625
f 1923/628 233/629 216/138
f 2101/630 499/305 500/304
f 3945/631 2136/632 3931/633
f 61/44 323/261 505/634
f 210/134 217/465 457/635
f 1299/636 1309/637 1300/638
f 3894/639 1231/621 3893/640
f 1066/641 1321/642 1322/643
f 1322/643 1228/623 1229/622
f 1060/608 1321/642 1047/537
f 1325/644 1323/645 1310/646
f 1244/625 1332/647 1330/648
f 1290/649 1242/650 1288/651
f 1337/652 1339/653 1338/654
f 1330/648 1340/655 1339/653
f 1341/656 1245/627 1294/657
f 1342/658 1332/647 1341/656
f 1343/659 1341/656 1344/660
f 1344/660 1294/657 1293/661
f 3888/662 1345/663 1346/664
f 1347/665 1342/658 1343/659
f 3887/666 1295/667 1345/663
f 1349/668 1348/669 1347/665
f 3892/670 1347/665 3884/671
f 3884/671 1343/659 3888/662
f 906/466 829/453 1353/672
f 905/673 1353/672 1354/674
f 865/675 1355/676 1357/677
f 1355/676 829/453 825/455
f 1357/677 825/455 826/678
f 1356/679 1353/672 1355/676
f 3865/680 1338/654 3864/681
f 866/682 1356/679 865/675
f 1358/683 1354/674 1356/679
f 3859/684 1337/652 3865/680
f 838/685 1012/521 841/686
f 1363/687 1338/654 1339/653
f 1368/688 1339/653 1340/655
f 1348/669 1340/655 1342/658
f 1371/689 3855/690 3860/691
f 524/692 526/693 523/694
f 528/695 530/696 527/697
f 1372/698 1369/699 1371/689
f 535/700 537/701 538/702
f 1367/703 1348/669 1350/704
f 1370/705 1359/706 1369/699
f 1369/699 3864/681 3855/690
f 1373/707 903/473 904/467
f 555/708 557/709 558/710
f 1374/711 910/712 1373/707
f 1373/707 905/673 1375/713
f 1374/711 1375/713 1376/714
f 1375/713 1354/674 1370/705
f 1378/715 908/716 1377/717
f 376/718 651/371 1387/719
f 1388/720 973/506 969/504
f 586/721 588/722 585/723
f 1390/724 1388/720 1391/725
f 1391/725 969/504 970/503
f 597/726 599/727 596/728
f 600/729 602/730 603/731
f 1392/732 970/503 979/733
f 608/734 610/735 607/736
f 612/737 523/694 611/738
f 614/739 616/740 613/741
f 617/742 25/25 24/27
f 620/743 622/744 619/745
f 1397/746 1391/725 1392/732
f 1398/747 1392/732 1399/748
f 1400/749 920/526 1378/715
f 1402/750 1165/584 1169/583
f 636/751 638/752 635/753
f 930/754 1402/750 929/755
f 641/756 643/757 644/758
f 929/755 1169/583 1170/595
f 1404/759 1403/760 1402/750
f 1411/761 1365/762 1406/763
f 1412/764 1415/765 1414/766
f 652/767 654/768 655/769
f 609/770 657/771 658/772
f 659/773 661/774 662/775
f 558/710 586/721 585/723
f 665/776 667/777 664/778
f 1413/779 1406/763 1412/764
f 1418/780 3841/781 3844/782
f 1417/783 1371/689 1416/784
f 1416/784 3860/691 3841/781
f 1419/785 1416/784 1418/780
f 1386/786 1374/711 1420/787
f 677/788 679/789 676/790
f 1385/791 1420/787 1421/792
f 1420/787 1376/714 1422/793
f 685/794 687/795 688/796
f 1421/792 1422/793 1423/797
f 528/695 691/798 658/772
f 1422/793 1372/698 1417/783
f 1018/530 747/799 1425/800
f 699/801 701/802 702/803
f 1424/804 579/344 1017/528
f 3693/805 1767/806 3690/807
f 700/808 711/809 712/810
f 1093/811 3784/812 1571/813
f 717/814 530/696 719/815
f 721/816 723/817 720/818
f 704/389 3563/819 3575/820
f 19/11 1426/821 1430/822
f 1429/823 1427/824 1426/821
f 1658/825 3562/826 3564/827
f 1439/828 1434/829 1438/830
f 1437/831 1435/832 1434/829
f 1426/821 1433/833 1432/834
f 1442/835 1432/834 1440/836
f 742/837 744/838 745/839
f 1432/834 1441/840 1440/836
f 751/841 753/842 750/843
f 1438/830 1403/760 1405/844
f 1446/845 1444/846 1443/847
f 1447/848 1446/845 1443/847
f 3891/849 1443/847 3879/850
f 1415/765 1445/851 1446/845
f 1414/766 1446/845 1448/852
f 2175/853 469/302 470/301
f 777/854 779/855 686/856
f 780/857 782/858 783/859
f 1676/860 1806/861 1675/862
f 3890/863 1349/668 3892/670
f 789/864 791/865 788/866
f 745/839 793/867 742/837
f 652/767 795/868 653/869
f 1455/870 1457/871 1456/872
f 1454/873 1350/704 1452/874
f 610/735 802/875 801/876
f 3862/877 698/388 703/390
f 1352/878 1045/541 1351/879
f 1015/616 1459/880 1460/881
f 811/882 813/883 814/884
f 2119/885 3848/886 2118/887
f 819/888 821/889 818/890
f 1466/891 1194/594 1190/892
f 1467/893 1465/894 1466/891
f 1182/895 1468/896 1467/893
f 832/897 833/898 831/899
f 835/900 837/901 834/902
f 1467/893 1190/892 1182/895
f 1469/903 1444/846 1445/851
f 840/904 712/810 690/905
f 1453/906 1469/903 1454/873
f 599/727 845/907 846/908
f 1226/615 3880/909 3886/910
f 851/911 853/912 850/913
f 855/914 856/915 854/916
f 858/917 860/918 857/919
f 861/920 863/921 864/922
f 1014/549 3886/910 3889/923
f 867/924 868/925 869/926
f 870/927 872/928 873/929
f 874/930 876/931 877/932
f 1310/646 1471/933 1309/637
f 1476/934 1427/824 1475/935
f 1461/936 1475/935 1460/881
f 887/937 889/938 890/939
f 788/866 892/940 891/941
f 894/942 896/943 893/944
f 1460/881 1227/617 1015/616
f 901/945 524/692 612/737
f 1465/894 1477/946 1464/947
f 1865/948 3510/949 1864/950
f 911/951 913/952 914/953
f 916/954 918/955 915/956
f 1850/957 3517/958 1851/959
f 921/960 895/961 894/942
f 1479/962 1436/963 1478/964
f 926/965 667/777 601/966
f 1481/967 563/968 1480/969
f 269/163 84/970 1482/971
f 931/972 933/973 916/954
f 934/974 614/739 869/926
f 936/975 688/796 937/976
f 938/977 662/775 939/978
f 1484/979 122/980 123/981
f 941/982 835/900 834/902
f 320/983 509/984 510/985
f 1849/986 3515/987 1850/957
f 84/970 1484/979 83/60
f 1487/988 1488/989 539/990
f 1757/991 3512/992 3519/993
f 365/207 1491/994 364/206
f 461/285 80/312 511/311
f 117/82 362/205 1496/995
f 1494/996 541/382 1495/997
f 926/965 957/998 958/999
f 1477/946 1433/833 1476/934
f 1709/1000 1585/1001 1700/1002
f 119/194 1496/995 345/193
f 271/1003 504/358 156/103
f 511/311 189/319 186/121
f 345/193 1492/1004 365/207
f 255/149 344/1005 254/244
f 57/42 299/1006 132/90
f 1501/1007 268/1008 1500/1009
f 267/159 1499/1010 145/1011
f 974/1012 976/1013 977/1014
f 1678/1015 1693/1016 1676/860
f 3877/1017 1807/1018 3871/1019
f 557/709 663/1020 558/710
f 983/1021 984/1022 985/1023
f 1443/847 3880/909 3879/850
f 421/254 268/1008 265/158
f 989/1024 991/1025 988/1026
f 1490/1027 418/1028 1504/1029
f 279/1030 309/1031 310/184
f 997/1032 676/790 679/789
f 998/1033 999/1034 875/1035
f 1504/1029 38/21 1505/1036
f 1506/1037 1507/1038 1486/1039
f 360/1040 1508/1041 1506/1037
f 1506/1037 207/131 360/1040
f 939/978 1006/1042 938/977
f 270/162 1483/1043 269/163
f 66/45 546/330 512/309
f 1010/1044 793/867 935/1045
f 367/210 437/266 1509/1046
f 244/318 363/204 243/340
f 1670/1047 3551/1048 1669/1049
f 209/215 1510/1050 226/1051
f 235/1052 1512/1053 1511/1054
f 1511/1054 234/1055 235/1052
f 388/229 426/1056 425/1057
f 427/280 250/142 237/279
f 161/214 521/1058 231/1059
f 100/71 45/33 44/140
f 1025/1060 608/734 1027/1061
f 1029/1062 1031/1063 1028/1064
f 939/978 1033/1065 1032/1066
f 41/28 594/355 99/1067
f 1036/1068 783/859 1037/1069
f 702/803 1038/1070 1039/1071
f 1040/1072 1042/1073 1043/1074
f 362/205 369/433 1493/1075
f 187/123 477/1076 186/121
f 70/51 539/990 198/128
f 1511/1054 1521/1077 234/1055
f 1049/1078 603/731 1048/1079
f 613/741 869/926 614/739
f 860/918 1051/1080 857/919
f 1005/1081 1053/1082 1006/1042
f 753/842 1056/1083 1054/1084
f 1057/1085 1059/1086 1055/1087
f 293/1088 1522/1089 292/334
f 288/172 1521/1077 1522/1089
f 292/334 1523/1090 329/332
f 331/1091 1508/1041 1524/1092
f 306/449 453/276 305/1093
f 100/71 41/28 99/1067
f 462/1094 78/58 79/57
f 330/1095 1524/1092 462/1094
f 635/753 1068/1096 636/751
f 1485/1097 1526/1098 1528/1099
f 206/129 1528/1099 1510/1050
f 1070/1100 1072/1101 831/899
f 942/1102 1073/1103 1074/1104
f 916/954 1075/1105 917/1106
f 440/270 1530/1107 439/271
f 157/108 1514/1108 285/170
f 1529/1109 5/6 1530/1107
f 371/212 546/330 63/47
f 790/1110 663/1020 791/865
f 1077/1111 857/919 1078/1112
f 1403/760 1435/832 1165/584
f 1080/1113 1082/1114 1079/1115
f 531/1116 1529/1109 440/270
f 21/22 1084/1117 1085/1118
f 272/350 1531/1119 561/348
f 137/427 396/232 397/231
f 690/905 802/875 691/798
f 335/326 3592/1120 581/383
f 1090/1121 1029/1062 1091/1122
f 1092/1123 794/1124 1042/1073
f 1533/1125 137/427 138/1126
f 661/774 1095/1127 1096/1128
f 69/52 445/1129 72/50
f 1099/1130 1101/1131 1098/1132
f 38/21 1536/1133 1505/1036
f 1104/1134 1106/1135 1103/1136
f 852/1137 1108/1138 853/912
f 1377/717 909/1139 1386/786
f 291/333 411/237 294/524
f 316/1140 516/439 33/18
f 539/990 1533/1125 534/1141
f 1505/1036 316/1140 313/1142
f 1110/1143 1112/1144 1113/1145
f 1539/1146 460/283 264/1147
f 522/1148 1537/1149 1539/1146
f 834/902 1120/1150 1119/1151
f 1122/1152 1124/1153 1121/1154
f 612/737 1041/1155 901/945
f 935/1045 615/1156 614/739
f 276/169 130/1157 131/87
f 1686/1158 3534/1159 1685/1160
f 193/1161 1541/1162 273/1163
f 231/1059 1540/1164 287/1165
f 556/1166 982/1167 557/709
f 365/207 85/64 345/193
f 190/1168 318/181 1541/1162
f 1810/1169 3603/1170 3543/1171
f 3955/1172 3523/1173 3822/1174
f 1132/1175 985/1023 1131/1176
f 208/130 102/76 132/90
f 1134/1177 662/775 661/774
f 1491/994 80/312 77/56
f 429/1178 1542/1179 147/97
f 1137/1180 915/956 918/955
f 172/117 428/259 174/115
f 1139/1181 1141/1182 1142/1183
f 549/1184 54/39 55/38
f 1517/1185 1518/1186 296/1187
f 976/1013 1146/1188 938/977
f 834/902 984/1022 941/982
f 1543/1189 286/315 115/80
f 1544/1190 239/1191 513/313
f 133/92 1544/1190 1542/1179
f 506/1192 257/1193 258/147
f 420/251 328/394 401/249
f 1158/1194 1160/1195 1157/1196
f 587/1197 1103/1136 588/722
f 1513/1198 1514/1108 151/101
f 607/736 1027/1061 608/734
f 304/1199 1545/1200 303/1201
f 364/206 77/56 506/1192
f 69/52 198/128 139/95
f 1006/1042 976/1013 938/977
f 700/808 1112/1144 701/802
f 3908/1202 3539/1203 3818/1204
f 1166/1205 657/771 656/1206
f 1167/1207 858/917 1077/1111
f 1300/638 3538/1208 1299/636
f 1172/1209 1174/1210 1175/1211
f 218/1212 200/1213 217/465
f 1179/1214 1181/1215 1178/1216
f 372/1217 97/73 98/72
f 89/67 227/1218 88/65
f 1186/1219 1188/1220 1189/1221
f 172/117 1517/1185 1549/1222
f 1482/971 81/59 1498/1223
f 1090/1121 1193/1224 1030/1225
f 394/1226 353/202 1551/1227
f 526/693 1198/1228 1197/1229
f 811/882 858/917 812/1230
f 1199/1231 1026/1232 1025/1060
f 606/359 697/1233 696/1234
f 1204/1235 1206/1236 743/1237
f 1207/1238 523/694 526/693
f 1209/1239 867/924 613/741
f 914/953 685/794 936/975
f 1478/964 1441/840 1477/946
f 1029/1062 1161/1240 1091/1122
f 1211/1241 1213/1242 1214/1243
f 3889/923 1451/1244 3890/863
f 844/1245 1216/1246 845/907
f 423/458 273/1163 274/164
f 1220/1247 1222/1248 1083/1249
f 22/1250 1224/1251 23/23
f 882/1252 897/468 881/460
f 1519/1253 173/116 387/227
f 1189/1221 1232/1254 1178/1216
f 349/197 550/337 416/336
f 1071/1255 1236/1256 1072/1101
f 1237/1257 1239/1258 745/839
f 1221/1259 1189/1221 1240/1260
f 1510/1050 1512/1053 333/1261
f 939/978 1241/1262 1005/1081
f 1556/1263 5/6 67/48
f 1553/1264 394/1226 1551/1227
f 404/1265 67/48 347/1266
f 1247/1267 1249/1268 1246/1269
f 142/93 238/180 92/139
f 1251/1270 635/753 1250/1271
f 850/913 1253/1272 851/911
f 1254/1273 1077/1111 1255/1274
f 57/42 133/92 429/1178
f 443/1275 552/1276 551/1277
f 1187/1278 1175/1211 1188/1220
f 1256/1279 831/899 833/898
f 432/1280 382/1281 383/222
f 741/1282 747/799 746/1283
f 434/265 351/246 415/245
f 349/197 383/222 348/195
f 251/323 1481/967 1480/969
f 395/1284 352/203 353/202
f 1518/1186 1550/1285 1551/1227
f 1558/1286 378/216 340/500
f 109/157 314/1287 315/192
f 285/170 1513/1198 407/234
f 395/1284 393/1288 392/1289
f 202/135 410/238 1558/1286
f 417/247 405/233 432/1280
f 1246/1269 1258/1290 1247/1267
f 3/223 297/1291 2/2
f 1259/1292 1261/1293 1262/1294
f 403/264 347/1266 284/224
f 955/1295 953/1296 952/1297
f 462/1094 51/432 330/1095
f 1096/1128 687/795 1263/1298
f 429/1178 60/40 57/42
f 896/943 1265/1299 932/1300
f 1267/1301 1268/1302 1266/1303
f 423/458 327/1304 420/251
f 37/19 180/120 40/1305
f 20/24 1187/1278 1186/1219
f 1256/1279 1071/1255 1070/1100
f 155/357 156/103 504/358
f 1188/1220 1269/1306 1232/1254
f 1236/1256 1271/1307 1262/1294
f 1272/1308 535/700 621/1309
f 565/1310 463/576 464/1311
f 1273/1312 745/839 1239/1258
f 876/931 1255/1274 1274/1313
f 316/1140 164/110 315/192
f 437/266 503/356 1509/1046
f 194/124 1495/997 197/1314
f 1275/1315 864/922 863/921
f 624/360 631/1316 630/395
f 1277/1317 1137/1180 1278/1318
f 569/437 567/1319 566/1320
f 1481/967 125/86 366/208
f 324/189 547/431 326/1321
f 1279/1322 1107/1323 1280/1324
f 1525/1325 329/332 1523/1090
f 1281/1326 1137/1180 918/955
f 171/112 1553/1264 1552/1327
f 1488/989 396/232 1533/1125
f 1557/1328 1562/1329 1559/1330
f 1282/1331 1206/1236 1205/1332
f 1053/1082 1278/1318 1281/1326
f 778/1333 607/736 1283/1334
f 713/1335 3591/1336 3596/1337
f 251/323 144/98 124/84
f 4/1 348/195 383/222
f 709/1338 707/1339 706/1340
f 728/373 45/33 246/141
f 261/1341 1563/1342 544/329
f 789/864 1287/1343 790/1110
f 74/54 263/156 282/286
f 403/264 385/226 434/265
f 1178/1216 1240/1260 1189/1221
f 1223/1344 1289/1345 1224/1251
f 158/107 150/102 151/101
f 1220/1247 1186/1219 1221/1259
f 296/1187 354/1346 433/1347
f 784/428 1538/1348 1566/1349
f 1181/1215 1291/1350 1222/1248
f 1269/1306 1257/1351 1246/1269
f 1566/1349 438/269 399/1352
f 136/429 1566/1349 1564/1353
f 1563/1342 169/113 1565/1354
f 107/81 109/157 108/79
f 1297/1355 1298/1356 1296/1357
f 1464/947 1476/934 1461/936
f 1520/1358 507/1359 508/1360
f 1301/1361 1303/1362 1304/1363
f 1306/1364 1308/1365 1305/1366
f 175/176 1532/1367 272/350
f 1532/1367 200/1213 201/137
f 1311/1368 1312/1369 1313/1370
f 872/928 1315/1371 1316/1372
f 1317/1373 1318/1374 1319/1375
f 3867/603 878/626 3859/684
f 1305/1366 864/922 1276/1376
f 1040/1072 863/921 1320/1377
f 1564/1353 399/1352 169/113
f 592/352 1575/1378 591/353
f 591/353 1088/1379 689/368
f 1581/1380 1583/1381 1582/1382
f 1196/599 1147/586 1176/585
f 710/1383 583/1384 713/1335
f 285/170 408/248 386/225
f 953/1296 961/492 963/507
f 1594/1385 1589/1386 1593/1387
f 1585/1001 1587/1388 1586/1389
f 1592/1390 1590/1391 1589/1386
f 3916/1392 944/1393 3930/1394
f 1600/1395 1598/1396 1597/1397
f 1604/1398 1602/1399 1601/1400
f 1399/748 979/733 980/1401
f 1589/1386 1596/1402 1595/1403
f 1610/1404 1608/1405 1607/1406
f 298/1407 361/1408 360/1040
f 551/1277 276/169 277/242
f 1627/1409 3845/1410 3850/1411
f 859/1412 818/890 860/918
f 1078/1112 1328/1413 1329/1414
f 1555/1415 1530/1107 1556/1263
f 572/1416 680/1417 681/1418
f 772/422 776/1419 774/425
f 977/1014 918/955 917/1106
f 404/1265 392/1289 393/1288
f 1054/1084 750/843 753/842
f 1644/1420 1643/1421 1642/1422
f 932/1300 1082/1114 933/973
f 1067/1423 1334/1424 1068/1096
f 1540/1164 264/1147 114/155
f 597/726 643/757 1336/1425
f 471/1426 762/407 470/301
f 1642/1422 3862/877 3873/1427
f 1644/1420 3873/1427 3874/1428
f 923/476 950/480 927/493
f 96/68 548/1429 95/387
f 520/1430 522/1148 521/1058
f 445/1129 443/1275 442/487
f 849/1431 848/1432 842/1433
f 480/363 755/401 493/297
f 1646/1434 481/404 1639/1435
f 311/1436 1567/1437 170/179
f 464/1311 3506/1438 3504/1439
f 3506/1438 1361/1440 3504/1439
f 234/1055 236/341 235/1052
f 190/1168 192/250 191/338
f 153/105 152/1441 149/100
f 231/1059 286/315 230/314
f 1552/1327 1551/1227 1550/1285
f 760/405 1648/1442 488/414
f 3863/1443 1649/1444 3861/1445
f 828/454 826/678 825/455
f 52/34 166/218 165/217
f 1663/1446 1661/1447 1660/1448
f 287/1165 115/80 286/315
f 668/1449 670/613 669/1450
f 634/1451 640/1452 639/1453
f 553/1454 559/1455 554/1456
f 118/83 33/18 516/439
f 492/415 491/424 490/1457
f 3573/1458 1651/1459 3574/1460
f 582/1461 584/1462 583/1384
f 384/1463 392/1289 415/245
f 1381/1464 1383/1465 1380/1466
f 1562/1329 435/268 436/267
f 952/1297 951/479 947/488
f 3544/1467 583/1384 584/1462
f 1660/1448 1667/1468 1666/1469
f 1394/1470 1396/1471 1393/1472
f 1660/1448 1664/1473 1663/1446
f 1671/1474 1669/1049 1668/1475
f 1624/1476 1673/1477 1672/1478
f 1407/1479 1409/1480 1410/1481
f 1677/1482 1675/862 1674/1483
f 1613/1484 1677/1482 1625/1485
f 1679/1486 1676/860 1677/1482
f 1626/1487 3842/1488 3845/1410
f 534/1141 198/128 539/990
f 176/177 150/102 159/106
f 803/1489 734/400 800/441
f 400/386 191/338 192/250
f 65/486 143/253 144/98
f 3540/1490 1656/1491 3559/1492
f 402/1493 157/108 283/171
f 629/1494 627/1495 626/1496
f 461/285 49/36 50/35
f 758/1497 495/298 756/426
f 796/1498 786/1499 785/1500
f 406/235 1513/1198 1560/1501
f 342/1502 166/218 167/555
f 1694/1503 1658/825 1695/1504
f 1692/1505 1694/1503 1696/1506
f 3578/1507 1652/1508 3573/1458
f 3952/1509 1703/1510 3954/1511
f 326/1321 302/257 90/66
f 3947/1512 1702/1513 1706/1514
f 3950/1515 1698/1516 1701/1517
f 1699/1518 3958/1519 3949/1520
f 1557/1328 1560/1501 1561/1521
f 1127/551 1117/547 1128/1522
f 400/386 289/175 346/384
f 1706/1514 1707/1523 1708/1524
f 1707/1523 1599/1525 1600/1395
f 1709/1000 1708/1524 1588/1526
f 1714/1527 1711/1528 1713/1529
f 3950/1515 1709/1000 1700/1002
f 1704/1530 1577/1531 1703/1510
f 1716/1532 1713/1529 1715/1533
f 1559/1330 1549/1222 297/1291
f 1722/1534 1720/1535 1719/1536
f 1335/1537 596/728 1489/1538
f 410/238 377/474 378/216
f 973/506 1163/580 972/505
f 168/114 399/1352 398/1539
f 1571/813 1089/1540 1093/811
f 1572/1541 682/1542 1571/813
f 749/1543 647/367 754/1544
f 1730/1545 1723/1546 1729/1547
f 1594/1385 1729/1547 1592/1390
f 1729/1547 1591/1548 1592/1390
f 1731/1549 1730/1545 1583/1381
f 1384/1550 1377/717 1379/1551
f 1732/1552 1712/1553 1714/1527
f 1724/1554 1731/1549 1732/1552
f 1712/1553 1731/1549 1580/1555
f 1722/1534 1732/1552 1733/1556
f 1721/1557 1733/1556 1734/1558
f 1734/1558 1716/1532 1717/1559
f 1735/1560 1736/1561 1697/1562
f 1733/1556 1714/1527 1716/1532
f 1663/1446 1741/1563 1668/1475
f 1742/1564 1740/1565 1743/1566
f 1738/1567 1737/1568 1735/1560
f 1665/1569 1666/1469 1740/1565
f 1665/1569 1744/1570 1664/1473
f 1725/1571 1746/1572 1745/1573
f 1591/1548 1745/1573 1590/1391
f 1590/1391 1747/1574 1596/1402
f 1745/1573 1748/1575 1747/1574
f 1659/1576 3557/1577 3562/826
f 3295/1578 3565/1579 3289/1580
f 1185/591 1182/895 1190/892
f 1664/1473 1749/1581 1741/1563
f 1741/1563 1739/1582 1738/1567
f 1746/1572 1743/1566 1748/1575
f 1726/1583 1742/1564 1746/1572
f 1153/574 924/1584 925/496
f 1115/1585 1153/574 1154/571
f 1654/1586 3604/1587 1655/1588
f 1896/1589 3570/1590 1686/1158
f 1720/1535 1744/1570 1726/1583
f 1721/1557 1749/1581 1720/1535
f 1750/1591 1701/1517 1698/1516
f 1697/1562 1750/1591 1696/1506
f 1151/566 1063/539 1062/540
f 1751/1592 1670/1047 1671/1474
f 1695/1504 1752/1593 1751/1592
f 961/492 986/1594 981/508
f 1770/1595 1768/1596 1767/806
f 1766/1597 1593/1387 1765/1598
f 1731/1549 1579/1599 1580/1555
f 1579/1599 1774/1600 1578/1601
f 3959/1602 1771/1603 3960/1604
f 1764/1605 3959/1602 3948/1606
f 1777/1607 1775/1608 1774/1600
f 3792/1609 1699/1518 1700/1002
f 1004/1610 1128/1522 1003/1611
f 1774/1600 1771/1603 1772/1612
f 987/1613 1399/748 980/1401
f 1578/1601 1772/1612 1764/1605
f 1783/1614 1781/1615 1778/1616
f 1597/1397 1770/1595 1767/806
f 639/1453 3926/1617 3915/1618
f 3959/1602 1769/1619 1770/1595
f 1793/1620 1789/1621 1788/1622
f 3960/1604 1798/1623 1769/1619
f 3518/1624 3803/1625 1806/861
f 1802/1626 3955/1172 3953/1627
f 1788/1622 1794/1628 1793/1620
f 1793/1620 1795/1629 1776/1630
f 3803/1625 1675/862 1806/861
f 1584/1631 1783/1614 1789/1621
f 1771/1603 3951/1632 3960/1604
f 1801/1633 1798/1623 1800/1634
f 1768/1596 1798/1623 1799/1635
f 1775/1608 1797/1636 1771/1603
f 508/1360 515/556 1520/1358
f 1796/1637 1802/1626 1797/1636
f 1800/1634 3951/1632 3953/1627
f 1794/1628 1804/1638 1795/1629
f 3549/1639 1752/1593 3568/1640
f 485/1641 1807/1018 775/423
f 3840/413 1640/1642 768/411
f 3868/1643 1810/1169 1653/1644
f 485/1641 1640/1642 1808/1645
f 1690/1646 3800/1647 3802/1648
f 487/295 1648/1442 1811/1649
f 3870/1650 1816/1651 3853/1652
f 3869/1653 1648/1442 3861/1445
f 3870/1650 1811/1649 3869/1653
f 1812/1654 487/295 1811/1649
f 1641/1655 767/1656 768/411
f 465/289 755/401 776/1419
f 767/1656 3854/1657 3839/412
f 3853/1652 3857/1658 3878/1659
f 1809/1660 1815/1661 767/1656
f 3868/1643 1651/1459 3871/1019
f 675/1662 3561/1663 3505/1664
f 1814/1665 1822/1666 1821/1667
f 1821/1667 3852/1668 3851/1669
f 1824/1670 1649/1444 1825/1671
f 1827/1672 1850/957 1805/1673
f 1668/1475 1662/1674 1663/1446
f 1779/1675 1848/1676 1828/1677
f 1790/1678 1805/1673 1794/1628
f 1833/1679 1853/1680 1852/1681
f 3533/1682 693/381 575/380
f 1614/1683 1616/1684 1617/1685
f 1852/1681 3507/1686 3511/1687
f 1620/1688 1622/1689 1623/1690
f 1855/1691 1574/1692 1861/1693
f 1847/1694 3511/1687 3524/1695
f 1766/1597 1855/1691 1782/1696
f 1629/1697 1631/1698 1628/1699
f 1633/1700 1634/1701 1632/1702
f 1635/1703 1637/1704 1638/1705
f 1848/1676 1852/1681 1847/1694
f 1855/1691 1863/1706 1862/1707
f 1803/1708 1867/1709 1802/1626
f 1862/1707 1831/1710 1832/1711
f 1782/1696 1862/1707 1781/1615
f 3953/1627 1865/948 1800/1634
f 1873/1712 1870/1713 1869/1714
f 1874/1715 799/1716 804/1717
f 2046/1718 3928/1719 2045/1720
f 1219/610 1295/667 1225/609
f 1615/1721 1396/1471 1395/1722
f 3915/1618 1877/1723 1876/1724
f 645/1725 3816/1726 3581/1727
f 1345/663 1035/534 1346/664
f 634/1451 3915/1618 3911/1728
f 15/8 1327/1729 14/9
f 3941/1730 1878/1731 1893/1732
f 1894/1733 605/1734 1893/1732
f 3516/1735 627/1495 693/381
f 3584/1736 645/1725 3581/1727
f 340/500 454/275 1558/1286
f 1897/1737 195/126 1898/1738
f 1889/1739 1877/1723 1890/1740
f 1901/1741 129/88 1900/1742
f 196/125 754/1544 232/1743
f 1705/1744 3952/1509 3947/1512
f 340/500 166/218 343/498
f 1570/1745 563/968 561/348
f 1904/1746 194/124 1897/1737
f 1781/1615 1832/1711 1780/1747
f 1905/1748 55/38 1906/1749
f 1000/1750 995/1751 996/516
f 986/1594 920/526 987/1613
f 1191/597 1190/892 1194/594
f 2095/1752 2076/1753 2094/1754
f 1920/1755 1919/1756 1915/1757
f 453/276 1912/1758 1911/1759
f 1915/1757 1918/1760 1916/1761
f 3913/1762 2107/1763 3932/1764
f 1655/1588 3548/1765 1868/1766
f 1916/1761 1926/1767 1925/1768
f 704/389 3585/1769 703/390
f 278/168 1925/1768 1900/1742
f 3590/1770 1818/1771 1820/1772
f 1097/543 1115/1585 1114/570
f 1927/1773 727/375 1923/628
f 3608/1774 3684/1775 3788/1776
f 1920/1755 307/186 1929/1777
f 1929/1777 48/31 728/373
f 503/356 1497/1778 1509/1046
f 1902/1779 787/1780 796/1498
f 1816/1651 3851/1669 3857/1658
f 1925/1768 1923/628 1924/1781
f 1535/1782 1568/1783 1534/1784
f 254/244 258/147 255/149
f 1509/1046 366/208 367/210
f 119/194 35/1785 36/16
f 219/464 293/1088 294/524
f 141/174 47/191 431/262
f 542/470 244/318 245/1786
f 1940/1787 430/263 431/262
f 1779/1675 1827/1672 1790/1678
f 1701/1517 3946/1788 3950/1515
f 1661/1447 3526/1789 1667/1468
f 270/162 754/1544 647/367
f 197/1314 749/1543 196/125
f 1727/1790 1212/1791 1211/1241
f 53/37 232/1743 754/1544
f 1465/894 1479/962 1478/964
f 1284/1792 3885/1793 1293/661
f 1951/1794 412/241 413/240
f 168/114 1554/1795 1553/1264
f 1486/1039 206/129 207/131
f 506/1192 78/58 361/1408
f 994/1796 1007/518 993/1797
f 951/479 963/507 964/1798
f 1013/550 3892/670 1351/879
f 3857/1658 1820/1772 1818/1771
f 1498/1223 1954/1799 1482/971
f 299/1006 543/1800 132/90
f 1754/1801 1756/1802 1753/1803
f 1681/1804 1683/1805 1682/1806
f 1696/1506 1695/1504 1697/1562
f 13/7 738/1807 737/1808
f 473/420 475/416 474/418
f 482/291 768/411 1640/1642
f 204/1809 30/14 205/316
f 1761/1810 820/1811 819/888
f 611/738 1125/1812 612/737
f 1501/1007 1908/1813 1909/1814
f 1074/1104 711/809 699/801
f 1960/1815 82/61 83/60
f 120/1816 1960/1815 123/981
f 35/1785 87/78 34/17
f 1773/1817 1025/1060 1031/1063
f 1965/1818 1569/1819 1535/1782
f 494/299 471/1426 479/364
f 1966/1820 1969/1821 1968/1822
f 446/324 1971/1823 1967/1824
f 174/115 125/86 126/85
f 1580/1555 1578/1601 1577/1531
f 1785/1825 1787/1826 1784/1827
f 1972/1828 304/1199 305/1093
f 1254/1273 875/1035 999/1034
f 1973/1829 342/1502 514/554
f 321/1830 1973/1829 509/984
f 1910/1831 275/243 1907/1832
f 509/984 514/554 508/1360
f 1486/1039 1527/1833 1485/1097
f 1974/1834 804/1717 1975/1835
f 1977/1836 1974/1834 1978/1837
f 1980/1838 1966/1820 1981/1839
f 379/219 2/2 295/1840
f 1718/1841 1710/1842 1701/1517
f 884/462 992/513 883/1843
f 1680/1844 1678/1015 1679/1486
f 902/1845 525/1846 524/692
f 344/1005 256/148 299/1006
f 135/1847 137/427 136/429
f 236/341 228/144 333/1261
f 448/1848 1967/1824 1966/1820
f 589/1849 604/1850 584/1462
f 910/712 908/716 907/525
f 1981/1839 1968/1822 1987/1851
f 1982/1852 1987/1851 1979/1853
f 1988/1854 1987/1851 1989/1855
f 1990/1856 1989/1855 1991/1857
f 1991/1857 1993/1858 1992/1859
f 322/1860 320/983 319/1861
f 992/513 830/472 883/1843
f 1144/578 1086/568 1143/1862
f 1995/1863 1978/1837 1994/1864
f 1133/558 1118/546 1126/561
f 1997/1865 1994/1864 1996/1866
f 870/927 1335/1537 1489/1538
f 805/443 1982/1852 1998/1867
f 727/375 2000/1868 1999/1869
f 1996/1866 1988/1854 1990/1856
f 1994/1864 1979/1853 1988/1854
f 1829/1870 792/1871 1273/1312
f 1830/1872 941/982 983/1021
f 798/1873 800/441 799/1716
f 729/1874 731/1875 730/435
f 2011/1876 2023/1877 2022/1878
f 1834/1879 846/908 1159/1880
f 402/1493 284/224 347/1266
f 2022/1878 2024/1881 2025/1882
f 1838/1883 989/1024 988/1026
f 810/515 952/1297 809/452
f 1823/1884 1840/1885 644/758
f 1430/822 1432/834 1431/1886
f 1215/1887 1841/1888 1079/1115
f 149/100 176/177 177/1889
f 1316/1372 873/929 872/928
f 2113/1890 1384/1550 2107/1763
f 1842/1891 1844/1892 1845/1893
f 1159/1880 845/907 1160/1195
f 837/901 1846/1894 1120/1150
f 1971/1823 2030/1895 2027/1896
f 517/1897 370/434 189/319
f 858/917 833/898 812/1230
f 1471/933 2027/1896 1888/1898
f 3572/1899 626/1496 627/1495
f 2176/1900 770/1901 490/1457
f 935/1045 1854/1902 1010/1044
f 1613/1484 1611/1903 1618/1904
f 1231/621 1225/609 1295/667
f 1856/1905 891/941 892/940
f 1300/638 748/1906 741/1282
f 1150/1907 1858/1908 1859/1909
f 1643/1421 696/1234 1642/1422
f 1215/1887 1264/1910 1216/1246
f 1320/1377 902/1845 901/945
f 1956/1911 1944/1912 1960/1815
f 2031/1913 669/1450 1474/1914
f 2034/1915 1310/646 1299/636
f 1879/1916 1656/1491 1657/1917
f 40/1305 242/440 39/20
f 1992/1859 2040/1918 1456/872
f 888/1919 957/998 889/938
f 1882/1920 1996/1866 1990/1856
f 1078/1112 1255/1274 1077/1111
f 1871/1921 1192/1922 1090/1121
f 294/524 218/1212 219/464
f 1323/645 2026/1923 1471/933
f 123/981 83/60 1484/979
f 1324/1924 2042/1925 1323/645
f 384/1463 359/260 352/203
f 1324/1924 2039/1926 2036/1927
f 1883/1928 1885/1929 1829/1870
f 287/1165 114/155 107/81
f 1096/1128 1134/1177 661/774
f 915/956 931/972 916/954
f 806/442 1981/1839 1982/1852
f 3550/1930 584/1462 604/1850
f 1425/800 2043/1931 1018/530
f 1018/530 1948/1932 1017/528
f 3586/1933 740/1934 3531/481
f 1948/1932 649/1935 646/365
f 1881/1936 1990/1856 1991/1857
f 1900/1742 130/1157 278/168
f 992/513 994/1796 993/1797
f 923/476 925/496 924/1584
f 3909/1937 2048/1938 3907/1939
f 1643/1421 625/1940 606/359
f 2051/1941 2052/1942 2050/1943
f 2046/1718 1404/759 2048/1938
f 3907/1939 945/1944 3916/1392
f 1139/1181 1079/1115 1841/1888
f 1037/1069 892/940 982/1167
f 2056/1945 2058/1946 2057/1947
f 1198/1228 718/1948 717/814
f 1619/1949 1612/1950 1611/1903
f 2059/1951 1606/1952 2060/1953
f 2060/1953 1607/1406 2059/1951
f 2059/1951 1624/1476 1605/1954
f 71/1955 179/118 37/19
f 405/233 1557/1328 382/1281
f 976/1013 1006/1042 977/1014
f 322/1860 1972/1828 1911/1759
f 2062/1956 2064/1957 2063/1958
f 2067/1959 2068/1960 1825/1671
f 2053/1961 2065/1962 2052/1942
f 1609/1963 2067/1959 1647/1964
f 1515/1965 152/1441 1516/1966
f 1009/522 993/1797 1007/518
f 1644/1420 3846/1967 2119/885
f 279/1030 1916/1761 278/168
f 1285/1968 3893/640 1284/1792
f 1647/1964 1825/1671 1649/1444
f 2057/1947 2068/1960 2066/1969
f 319/1861 1953/1970 1952/1971
f 667/777 1913/1972 1914/1973
f 2071/1974 625/1940 2049/1975
f 2053/1961 2056/1945 2064/1957
f 2039/1926 1655/1588 1458/1976
f 1606/1952 2074/1977 2073/1978
f 1235/1979 1270/1980 1236/1256
f 2073/1978 2076/1753 2075/1981
f 2060/1953 2073/1978 2063/1958
f 2075/1981 2078/1982 2077/1983
f 1601/1400 2079/1984 2074/1977
f 2050/1943 1643/1421 1645/1985
f 1000/1750 1001/1986 994/1796
f 1089/1540 684/369 689/368
f 1931/1987 1306/1364 1930/1988
f 1462/1989 1021/533 1022/532
f 1932/1990 1934/1991 1935/1992
f 875/1035 1846/1894 998/1033
f 1936/1993 1937/1994 1938/1995
f 44/140 46/32 92/139
f 1534/1784 1956/1911 120/1816
f 1541/1162 317/183 391/230
f 2082/1996 2085/1997 2084/1998
f 146/557 1959/1999 300/2000
f 1360/2001 1942/2002 1361/1440
f 985/1023 1032/1066 1033/1065
f 1995/1863 1892/2003 2044/2004
f 2080/2005 2083/2006 2082/1996
f 2096/2007 2077/1983 2078/1982
f 2082/1996 2079/1984 2080/2005
f 2056/1945 2055/2008 2054/2009
f 501/456 2096/2007 500/304
f 2098/2010 2100/2011 2099/2012
f 2099/2012 2095/1752 2084/1998
f 2141/2013 3924/2014 3897/2015
f 2142/2016 3925/2017 3924/2014
f 2052/1942 2049/1975 2050/1943
f 592/352 2102/2018 1576/2019
f 2072/2020 2077/1983 2097/2021
f 2103/2022 2099/2012 2102/2018
f 593/2023 2103/2022 592/352
f 1019/529 746/1283 747/799
f 1950/2024 12/2025 1327/1729
f 725/396 2097/2021 501/456
f 1385/791 2105/2026 1379/1551
f 1379/1551 2107/1763 1384/1550
f 2108/2027 2101/630 2098/2010
f 3939/2028 502/303 3927/2029
f 3927/2029 499/305 3932/1764
f 940/2030 2110/2031 944/1393
f 928/2032 1170/595 973/506
f 3899/2033 684/369 3930/1394
f 1962/2034 1964/2035 1961/2036
f 3909/1937 573/345 3928/1719
f 2040/1918 1968/1822 1969/1821
f 1389/2037 2111/2038 2110/2031
f 1398/747 2114/2039 1397/746
f 3787/2040 3783/2041 3773/2042
f 3942/2043 2108/2027 2104/2044
f 949/553 924/1584 1115/1585
f 260/150 324/189 326/1321
f 1390/724 2114/2039 2111/2038
f 2071/1974 2065/1962 2072/2020
f 3898/2045 2104/2044 593/2023
f 2106/2046 1421/792 2115/2047
f 2115/2047 1423/797 2116/2048
f 3923/2049 2116/2048 3934/2050
f 3939/2028 2115/2047 3923/2049
f 554/1456 1902/1779 553/1454
f 972/505 967/497 966/495
f 1765/1598 1573/2051 1574/1692
f 1984/2052 1986/2053 1983/2054
f 2054/2009 2070/2055 2058/1946
f 3602/2056 724/2057 714/376
f 1625/1485 1674/1483 1673/1477
f 3912/2058 2120/2059 2123/2060
f 3934/2050 2124/2061 3935/2062
f 56/161 1906/1749 55/38
f 626/1496 3910/2063 629/1494
f 2001/2064 2003/2065 2004/2066
f 3943/2067 2128/2068 3938/2069
f 2006/2070 2008/2071 2009/2072
f 2128/2068 1412/764 2129/2073
f 2014/2074 2016/2075 2017/2076
f 2018/2077 2020/2078 2021/2079
f 1495/997 1947/2080 197/1314
f 1379/1551 1386/786 1385/791
f 3845/1410 1680/1844 1618/1904
f 2029/2081 1884/2082 2028/2083
f 3933/2084 2121/2085 3918/2086
f 629/1494 3945/631 3903/2087
f 682/1542 943/2088 1089/1540
f 724/2057 2122/2089 716/377
f 1757/991 3852/1668 3876/2090
f 765/2091 3875/2092 3840/413
f 3882/2093 715/378 3883/2094
f 706/1340 3901/2095 3903/2087
f 981/508 987/1613 980/1401
f 1457/871 1656/1491 1880/2096
f 2017/2076 2032/2097 2033/2098
f 1458/1976 1868/1766 1457/871
f 1776/1630 1792/2099 1793/1620
f 1959/1999 1946/2100 1958/2101
f 3693/805 3755/2102 3691/2103
f 3944/2104 2123/2060 3881/2105
f 1093/811 689/368 1088/1379
f 966/495 968/502 972/505
f 3883/2094 3912/2058 3944/2104
f 2174/2106 2172/2107 2173/2108
f 670/613 2138/2109 669/1450
f 3791/2110 1903/2111 233/629
f 1429/823 28/2112 1449/2113
f 964/1798 978/509 971/501
f 3872/2114 1413/779 2128/2068
f 1473/2115 669/1450 2138/2109
f 3865/680 1359/706 1358/683
f 2139/2116 1870/1713 2138/2109
f 1872/2117 2138/2109 1870/1713
f 715/378 3919/2118 3912/2058
f 1881/1936 1992/1859 1880/2096
f 3874/1428 739/482 740/1934
f 1837/2119 3524/1695 3525/2120
f 253/146 59/62 85/64
f 1808/1645 3871/1019 1807/1018
f 1647/1964 3849/2121 1609/1963
f 3896/2122 671/611 668/1449
f 2113/1890 3914/2123 2112/2124
f 1405/844 2045/1720 1438/830
f 3860/691 1364/2125 1366/2126
f 273/1163 391/230 249/165
f 576/392 3532/2127 3576/2128
f 3906/2129 668/1449 2031/1913
f 1430/822 2141/2013 2140/2130
f 2137/2131 3891/849 28/2112
f 1430/822 18/12 19/11
f 3924/2014 570/347 695/2132
f 1442/835 2047/2133 2142/2016
f 1431/1886 2142/2016 2141/2013
f 3900/2134 3881/2105 2137/2131
f 3839/412 1817/2135 766/2136
f 3897/2015 695/2132 671/611
f 2143/2137 798/1873 2139/2116
f 571/346 2143/2137 694/612
f 3850/1411 1618/1904 1611/1903
f 2144/2138 2025/1882 2143/2137
f 694/612 2139/2116 670/613
f 681/1418 2145/2139 572/1416
f 2145/2139 2022/1878 2144/2138
f 328/394 457/635 290/393
f 1572/1541 2011/1876 2145/2139
f 630/395 3934/2050 624/360
f 2086/2140 2088/2141 2089/2142
f 2091/2143 2093/2144 2090/2145
f 572/1416 2144/2138 571/346
f 1875/2146 2155/2147 2150/2148
f 1873/1712 2150/2148 2156/2149
f 2104/2044 2098/2010 2103/2022
f 2159/2150 2157/2151 2158/2152
f 2129/2073 1414/766 2121/2085
f 3905/2153 589/1849 582/1461
f 3903/2087 628/2154 629/1494
f 2150/2148 2160/2155 2161/2156
f 2161/2156 3936/2157 3921/2158
f 698/388 3933/2084 705/2159
f 3854/1657 3858/2160 1817/2135
f 2160/2155 3905/2153 3936/2157
f 1438/830 2047/2133 1439/828
f 2035/2161 2162/2162 2163/2163
f 2163/2163 3920/2164 3917/2165
f 3902/2166 605/1734 589/1849
f 3904/2167 18/12 3906/2129
f 370/434 61/44 451/320
f 649/1935 413/240 648/366
f 2155/2147 2158/2152 2160/2155
f 1428/2168 1449/2113 1450/2169
f 1490/1027 73/55 1488/989
f 3921/2158 710/1383 633/2170
f 2157/2151 3922/2171 3902/2166
f 1456/872 1880/2096 1992/1859
f 2126/2172 2088/2141 2125/2173
f 2162/2162 3921/2158 3920/2164
f 300/2000 505/634 323/261
f 1064/592 1046/538 1065/2174
f 2044/2004 1891/2175 2157/2151
f 2130/2176 2004/2066 2003/2065
f 2132/2177 2134/2178 2135/2179
f 3879/850 1450/2169 1449/2113
f 1998/1867 804/1717 805/443
f 3910/2063 3895/2180 3945/631
f 474/418 490/1457 770/1901
f 1164/582 1182/895 1177/589
f 707/1339 3940/2181 3901/2095
f 708/2182 2164/2183 707/1339
f 2164/2183 3917/2165 3940/2181
f 548/1429 1905/1748 458/281
f 1145/562 1114/570 1171/587
f 705/2159 1650/2184 704/389
f 2044/2004 1977/1836 1995/1863
f 737/1808 554/1456 559/1455
f 1034/605 1191/597 1023/593
f 458/281 1907/1832 275/243
f 195/126 232/1743 233/629
f 2041/2185 1969/1821 1970/2186
f 2146/2187 2148/2188 2149/2189
f 2055/2008 2050/1943 1645/1985
f 3863/1443 1639/1435 3849/2121
f 9/2190 11/2191 10/2192
f 252/145 506/1192 258/147
f 472/300 479/364 471/1426
f 1865/948 3822/1174 3513/2193
f 900/484 910/712 907/525
f 1941/2194 2152/2195 1942/2002
f 1921/2196 1927/1773 1919/1756
f 2165/2197 1898/1738 2117/2198
f 271/1003 153/105 178/2199
f 1904/1746 12/2025 9/2190
f 282/286 264/1147 460/283
f 1872/2117 2156/2149 2035/2161
f 1326/2200 1897/1737 2165/2197
f 628/2154 693/381 627/1495
f 1724/1554 1719/1536 1723/1546
f 1549/1222 436/267 172/117
f 1582/1382 1730/1545 1729/1547
f 1921/2196 1929/1777 1928/2201
f 3587/2202 10/2192 11/2191
f 2154/2203 1950/2024 1949/2204
f 475/416 774/425 771/417
f 769/419 2173/2108 473/420
f 2173/2108 476/2205 473/420
f 476/2205 772/422 475/416
f 1791/2206 464/1311 1760/2207
f 2168/2208 2170/2209 2171/2210
f 595/354 372/1217 98/72
f 483/293 1641/1655 482/291
f 762/407 2175/853 470/301
f 771/417 484/292 492/415
f 486/296 1809/1660 483/293
f 297/1291 1517/1185 296/1187
f 763/2211 2176/1900 762/407
f 776/1419 759/403 489/294
f 184/374 2178/2212 2000/1868
f 412/241 303/1201 414/239
f 2005/2213 185/166 224/277
f 3842/1488 1682/1806 3877/1017
f 2166/2214 756/426 764/409
f 1472/2215 2163/2163 2164/2183
f 950/480 964/1798 965/494
f 2179/2216 2181/2217 2182/2218
f 227/1218 1510/1050 333/1261
f 764/409 467/410 2166/2214
f 2184/2219 2186/2220 2183/2221
f 2188/2222 2018/2077 2187/2223
f 1985/2224 2183/2221 1986/2053
f 214/136 729/1874 1531/1119
f 1545/1200 1546/2225 1569/1819
f 865/675 842/1433 866/682
f 849/1431 1357/677 1362/2226
f 452/274 1558/1286 454/275
f 559/1455 3190/2227 737/1808
f 16/2228 737/1808 3190/2227
f 560/2229 498/2230 374/2231
f 3195/2232 3197/2233 3196/2234
f 3202/2235 3200/2236 3201/2237
f 3213/2238 3215/2239 3214/2240
f 3217/2241 3219/2242 3218/2243
f 2189/2244 2002/2245 2001/2064
f 2171/2210 2191/2246 2192/2247
f 2194/2248 2086/2140 2193/2249
f 2195/2250 2197/2251 2198/2252
f 2200/2253 2202/2254 2199/2255
f 1998/1867 1979/1853 1975/1835
f 3694/2256 3698/2257 3701/2258
f 2117/2198 1903/2111 1902/1779
f 1859/1909 2009/2072 1150/1907
f 3935/2062 2127/2259 3937/2260
f 1135/2261 1087/569 1130/559
f 2203/2262 2015/2263 2014/2074
f 1149/2264 110/152 1858/1908
f 3223/2265 3220/2266 3217/2241
f 2205/2267 2207/2268 2208/2269
f 579/344 1895/2270 1019/529
f 1755/2271 2210/2272 1756/1802
f 3922/2171 1893/1732 605/1734
f 1211/1241 2151/2273 1727/1790
f 868/925 2212/2274 2211/2275
f 944/1393 930/754 940/2030
f 2131/2276 2204/2277 2203/2262
f 233/629 1898/1738 195/126
f 665/776 750/843 666/2278
f 1167/1207 999/1034 618/2279
f 2213/2280 2215/2281 2216/2282
f 2217/2283 2219/2284 2220/2285
f 3898/2045 590/351 3899/2033
f 2222/2286 220/306 2221/2287
f 823/447 948/477 1094/552
f 3229/2288 3231/2289 3230/2290
f 266/160 455/469 265/158
f 3913/1762 2108/2027 3914/2123
f 2223/2291 3531/481 3528/483
f 2225/2292 2227/2293 2228/2294
f 2209/2295 2125/2173 2210/2272
f 673/2296 3900/2134 3895/2180
f 817/444 996/516 815/451
f 2229/2297 2147/2298 2146/2187
f 1947/2080 646/365 749/1543
f 3931/633 17/10 3904/2167
f 2231/2299 1638/1705 1381/1464
f 1679/1486 1618/1904 1680/1844
f 1637/1704 2234/2300 2232/2301
f 2235/2302 1617/1685 1616/1684
f 2233/2303 2238/2304 2239/2305
f 1381/1464 2240/2306 1382/2307
f 3616/2308 2244/2309 3617/2310
f 1630/2311 2235/2302 1631/1698
f 1681/1804 472/300 469/302
f 1408/2312 2245/2313 2246/2314
f 3240/2315 3242/2316 3241/2317
f 3236/2318 3244/2319 3239/2320
f 1637/1704 2240/2306 1638/1705
f 3241/2317 3237/2321 3238/2322
f 1409/1480 1634/1701 2247/2323
f 1380/1466 2249/2324 2248/2325
f 1628/1699 2247/2323 1621/2326
f 2251/2327 1622/1689 1633/1700
f 1632/1702 1408/2312 2246/2314
f 2250/2328 1631/1698 2252/2329
f 2237/2330 1637/1704 1636/2331
f 3249/2332 3201/2237 3200/2236
f 631/1316 2072/2020 725/396
f 515/556 52/34 49/36
f 782/858 2253/2333 1251/1270
f 2255/2334 2257/2335 2254/2336
f 397/231 459/284 784/428
f 1456/872 2041/2185 1455/870
f 2041/2185 2036/1927 1455/870
f 1401/2337 2112/2124 1398/747
f 2042/1925 1970/2186 2026/1923
f 1535/1782 414/239 1965/1818
f 1586/1389 2081/2338 2080/2005
f 2258/2339 1132/1175 1886/2340
f 1700/1002 3949/1520 3950/1515
f 3846/1967 1686/1158 3848/886
f 1263/1298 1886/2340 1096/1128
f 598/2341 844/1245 599/727
f 2259/2342 2261/2343 2262/2344
f 2260/2345 2264/2346 2261/2343
f 2261/2343 2265/2347 2218/2348
f 2262/2344 2218/2348 2217/2283
f 1967/1824 1970/2186 1969/1821
f 2214/2349 1963/2350 2215/2281
f 922/2351 2220/2285 2219/2284
f 1312/1369 1101/1131 2266/2352
f 1307/2353 1286/2354 789/864
f 1548/2355 1546/2225 1972/1828
f 2268/2356 2270/2357 2267/2358
f 2267/2358 2272/2359 2271/2360
f 2274/2361 2271/2360 2273/2362
f 2275/2363 2267/2358 2274/2361
f 2277/2364 2279/2365 2276/2366
f 2280/2367 2279/2365 2281/2368
f 2286/2369 3647/2370 3669/2371
f 2289/2372 2288/2373 2283/2374
f 2290/2375 2285/2376 2289/2372
f 2292/2377 3669/2371 3650/2378
f 2293/2379 2295/2380 2296/2381
f 2297/2382 2296/2381 2281/2368
f 2298/2383 2293/2379 2297/2382
f 2299/2384 2294/2385 2293/2379
f 2296/2381 2301/2386 2302/2387
f 2281/2368 2302/2387 2280/2367
f 2300/2388 2304/2389 2294/2385
f 2294/2385 2305/2390 2295/2380
f 2295/2380 2306/2391 2301/2386
f 2306/2391 2308/2392 2301/2386
f 2308/2392 2302/2387 2301/2386
f 2310/2393 2312/2394 2309/2395
f 2304/2389 2312/2394 2305/2390
f 2303/2396 2309/2395 2304/2389
f 2314/2397 2309/2395 2313/2398
f 2315/2399 2317/2400 2318/2401
f 2320/2402 2322/2403 2319/2404
f 3778/2405 2324/2406 2325/2407
f 2326/2408 2275/2363 2328/2409
f 2315/2399 2328/2409 2329/2410
f 2330/2411 2315/2399 2318/2401
f 2331/2412 2326/2408 2330/2411
f 2333/2413 2335/2414 2332/2415
f 2332/2415 2269/2416 2268/2356
f 2327/2417 2268/2356 2275/2363
f 2331/2412 2332/2415 2327/2417
f 2335/2414 2337/2418 2269/2416
f 2338/2419 2335/2414 2334/2420
f 2340/2421 2334/2420 2339/2422
f 2333/2413 2339/2422 2334/2420
f 2331/2412 2341/2423 2333/2413
f 2330/2411 2342/2424 2331/2412
f 2318/2401 2343/2425 2330/2411
f 2344/2426 2317/2400 2345/2427
f 2346/2428 2348/2429 2349/2430
f 2343/2425 2349/2430 2342/2424
f 2344/2426 2346/2428 2343/2425
f 2350/2431 2347/2432 2346/2428
f 2352/2433 2354/2434 2355/2435
f 2341/2423 2355/2435 2339/2422
f 2342/2424 2352/2433 2341/2423
f 2349/2430 2353/2436 2352/2433
f 2339/2422 2356/2437 2340/2421
f 2355/2435 2357/2438 2356/2437
f 2358/2439 2278/2440 2359/2441
f 2358/2439 2360/2442 2361/2443
f 2358/2439 2298/2383 2297/2382
f 2281/2368 2358/2439 2297/2382
f 2362/2444 2272/2359 2270/2357
f 2269/2416 2362/2444 2270/2357
f 2364/2445 2366/2446 2367/2447
f 2364/2445 2363/2448 2360/2442
f 2368/2449 2360/2442 2359/2441
f 2368/2449 2365/2450 2364/2445
f 2359/2441 2370/2451 2368/2449
f 2368/2449 2371/2452 2369/2453
f 2278/2440 2372/2454 2370/2451
f 2370/2451 2284/2455 2371/2452
f 2374/2456 2376/2457 2373/2458
f 2377/2459 2379/2460 2007/2461
f 2380/2462 2382/2463 2383/2464
f 2384/2465 2383/2464 2385/2466
f 2386/2467 2380/2462 2384/2465
f 2387/2468 2381/2469 2380/2462
f 2390/2470 2392/2471 2389/2472
f 2389/2472 2394/2473 2393/2474
f 2395/2475 2389/2472 2393/2474
f 2396/2476 2390/2470 2389/2472
f 2188/2222 2404/2477 2402/2478
f 2405/2479 2329/2410 2328/2409
f 2274/2361 2328/2409 2275/2363
f 2273/2362 2405/2479 2274/2361
f 2407/2480 2406/2481 2405/2479
f 2406/2481 2410/2482 2329/2410
f 2411/2483 2413/2484 2414/2485
f 2411/2483 2273/2362 2271/2360
f 2415/2486 2271/2360 2272/2359
f 2415/2486 2412/2487 2411/2483
f 2419/2488 2418/2489 2420/2490
f 2419/2488 2408/2491 2407/2480
f 2414/2485 2407/2480 2273/2362
f 2413/2484 2419/2488 2414/2485
f 2408/2491 2409/2492 2406/2481
f 3596/1337 632/2493 713/1335
f 2422/2494 2399/2495 2423/2496
f 2422/2494 2425/2497 2424/2498
f 2426/2499 2424/2498 2421/2500
f 2426/2499 2400/2501 2422/2494
f 2427/2502 2394/2473 2428/2503
f 2423/2496 2428/2503 2425/2497
f 2399/2495 2427/2502 2423/2496
f 2398/2504 2393/2474 2427/2502
f 2429/2505 2317/2400 2316/2506
f 2429/2505 2410/2482 2430/2507
f 2432/2508 2430/2507 2431/2509
f 2345/2427 2429/2505 2432/2508
f 2434/2510 2432/2508 2433/2511
f 2433/2511 2431/2509 2435/2512
f 2437/2513 2435/2512 2436/2514
f 2438/2515 2433/2511 2437/2513
f 2430/2507 2409/2492 2439/2516
f 2424/2498 2409/2492 2421/2500
f 2440/2517 2424/2498 2425/2497
f 2431/2509 2439/2516 2440/2517
f 2442/2518 2435/2512 2441/2519
f 2443/2520 2435/2512 2431/2509
f 2444/2521 2441/2519 2443/2520
f 2445/2522 2442/2518 2441/2519
f 2447/2523 2446/2524 2445/2522
f 2449/2525 2445/2522 2444/2521
f 2385/2466 2447/2523 2449/2525
f 2383/2464 2448/2526 2447/2523
f 2450/2527 2425/2497 2428/2503
f 2451/2528 2428/2503 2394/2473
f 2443/2520 2451/2528 2444/2521
f 2443/2520 2440/2517 2450/2527
f 2451/2528 2392/2471 2452/2529
f 2452/2529 2391/2530 2453/2531
f 2449/2525 2453/2531 2385/2466
f 2444/2521 2452/2529 2449/2525
f 2453/2531 2455/2532 2454/2533
f 2454/2533 2457/2534 2456/2535
f 2384/2465 2456/2535 2386/2467
f 2385/2466 2454/2533 2384/2465
f 2458/2536 2375/2537 2374/2456
f 2461/2538 2463/2539 2460/2540
f 2465/2541 2467/2542 2464/2543
f 2464/2543 2287/2544 2286/2369
f 2468/2545 2286/2369 2292/2377
f 2469/2546 2464/2543 2468/2545
f 2463/2539 3733/2547 3731/2548
f 2470/2549 2472/2550 2473/2551
f 2474/2552 2473/2551 2475/2553
f 2476/2554 3731/2548 3718/2555
f 2477/2556 2479/2557 2480/2558
f 2460/2540 2455/2532 2481/2559
f 2481/2559 2391/2530 2390/2470
f 2397/2560 2481/2559 2390/2470
f 2482/2561 2460/2540 2481/2559
f 2483/2562 2485/2563 2480/2558
f 2486/2564 2487/2565 221/2566
f 2473/2551 2466/2567 2465/2541
f 2475/2553 2465/2541 2469/2546
f 2489/2568 2468/2545 2488/2569
f 2488/2569 2292/2377 2490/2570
f 2492/2571 2490/2570 2491/2572
f 2493/2573 2488/2569 2492/2571
f 2494/2574 2469/2546 2489/2568
f 2495/2575 2489/2568 2493/2573
f 2496/2576 2494/2574 2495/2575
f 2497/2577 2475/2553 2494/2574
f 3720/2578 2476/2554 3718/2555
f 3721/2579 2498/2580 3720/2578
f 2500/2581 2495/2575 2501/2582
f 2502/2583 2501/2582 2503/2584
f 3730/2585 2500/2581 2502/2583
f 3717/2586 2496/2576 2500/2581
f 2308/2392 2280/2367 2302/2387
f 2307/2587 2506/2588 2308/2392
f 2506/2588 2509/2589 2508/2590
f 2508/2590 2290/2375 2510/2591
f 2276/2366 2510/2591 2277/2364
f 2280/2367 2508/2590 2276/2366
f 3663/2592 2491/2572 2490/2570
f 3650/2378 2490/2570 2292/2377
f 2509/2589 2291/2593 2290/2375
f 2507/2594 2511/2595 2509/2589
f 2510/2591 2289/2372 2513/2596
f 2513/2596 2283/2374 2282/2597
f 2372/2454 2282/2597 2284/2455
f 2277/2364 2513/2596 2372/2454
f 2514/2598 2491/2572 2515/2599
f 2516/2600 2515/2599 2517/2601
f 2519/2602 2516/2600 2518/2603
f 2519/2602 2492/2571 2514/2598
f 2501/2582 2493/2573 2519/2602
f 2501/2582 2518/2603 2503/2584
f 2512/2604 2521/2605 2520/2606
f 2520/2606 2523/2607 2522/2608
f 3646/2609 2522/2608 3651/2610
f 3662/2611 2520/2606 3646/2609
f 2524/2612 2305/2390 2312/2394
f 2525/2613 2312/2394 2311/2614
f 2307/2587 2524/2612 2526/2615
f 2526/2615 2525/2613 2527/2616
f 2521/2605 2527/2616 2523/2607
f 2507/2594 2526/2615 2521/2605
f 2310/2393 2529/2617 2528/2618
f 2528/2618 2531/2619 2530/2620
f 2533/2621 2530/2620 2532/2622
f 2311/2614 2528/2618 2533/2621
f 1214/1243 2152/2195 1211/1241
f 2421/2500 2420/2490 2426/2499
f 2535/2623 2351/2624 2319/2404
f 2536/2625 2319/2404 2322/2403
f 2537/2626 2535/2623 2536/2625
f 2538/2627 2347/2432 2535/2623
f 2539/2628 2348/2429 2538/2627
f 2540/2629 2538/2627 2537/2626
f 2541/2630 2539/2628 2540/2629
f 2542/2631 2353/2436 2539/2628
f 2314/2397 2543/2632 2529/2617
f 2529/2617 2544/2633 2531/2619
f 2545/2634 2436/2514 2546/2635
f 2547/2636 2546/2635 2548/2637
f 2321/2638 2545/2634 2547/2636
f 2320/2402 2437/2513 2545/2634
f 2516/2600 2550/2639 2549/2640
f 2549/2640 2552/2641 2551/2642
f 2554/2643 2551/2642 2553/2644
f 2554/2643 2516/2600 2549/2640
f 2522/2608 2556/2645 2555/2646
f 2555/2646 2558/2647 2557/2648
f 3620/2649 2557/2648 3623/2650
f 3651/2610 2555/2646 3620/2649
f 2525/2613 2533/2621 2559/2651
f 2559/2651 2532/2622 2560/2652
f 2527/2616 2559/2651 2561/2653
f 2561/2653 2560/2652 2562/2654
f 2556/2645 2562/2654 2558/2647
f 2523/2607 2561/2653 2556/2645
f 2563/2655 2007/2461 2006/2070
f 2378/2656 2227/2293 2379/2460
f 2566/2657 2568/2658 2565/2659
f 2565/2659 338/511 2569/2660
f 2571/2661 2569/2660 2570/2662
f 2572/2663 2565/2659 2571/2661
f 2574/2664 2576/2665 2573/2666
f 2573/2666 2578/2667 2577/2668
f 2546/2635 2577/2668 2548/2637
f 2546/2635 2574/2664 2573/2666
f 2580/2669 2571/2661 2579/2670
f 2581/2671 2571/2661 2570/2662
f 2576/2665 2581/2671 2578/2667
f 2575/2672 2579/2670 2576/2665
f 2583/2673 2585/2674 2582/2675
f 2586/2676 2585/2674 2587/2677
f 3727/2678 2582/2675 2586/2676
f 3706/2679 2582/2675 3705/2680
f 2584/2681 2554/2643 2585/2674
f 2585/2674 2553/2644 2587/2677
f 2502/2583 2591/2682 2590/2683
f 2592/2684 2591/2682 2593/2685
f 3723/2686 2590/2683 2592/2684
f 3725/2687 2502/2583 2590/2683
f 2503/2584 2593/2685 2591/2682
f 2594/2688 2596/2689 2597/2690
f 2388/2691 2505/2692 2504/2693
f 2598/2694 2388/2691 2376/2457
f 2598/2694 2375/2537 2599/2695
f 2601/2696 2599/2695 2600/2697
f 2601/2696 2381/2469 2598/2694
f 2602/2698 2382/2463 2601/2696
f 2602/2698 2600/2697 2603/2699
f 2605/2700 2603/2699 2604/2701
f 2605/2700 2448/2526 2602/2698
f 2606/2702 2604/2701 2607/2703
f 2442/2518 2607/2703 2436/2514
f 2446/2524 2606/2702 2442/2518
f 2608/2704 2583/2673 2609/2705
f 2608/2704 2592/2684 2593/2685
f 2593/2685 2584/2681 2608/2704
f 3706/2679 2458/2536 3719/2706
f 3719/2706 2374/2456 3723/2686
f 2480/2558 2610/2707 2483/2562
f 2611/2708 2613/2709 2201/2710
f 2566/2657 2615/2711 2614/2712
f 2614/2712 2600/2697 2599/2695
f 2459/2713 2599/2695 2375/2537
f 2567/2714 2614/2712 2459/2713
f 2616/2715 2572/2663 2580/2669
f 2617/2716 2580/2669 2575/2672
f 2604/2701 2616/2715 2617/2716
f 2603/2699 2615/2711 2616/2715
f 2574/2664 2607/2703 2618/2717
f 2618/2717 2604/2701 2617/2716
f 2575/2672 2618/2717 2617/2716
f 1459/880 1045/541 1021/533
f 1265/1299 1079/1115 1082/1114
f 1612/1950 1609/1963 1611/1903
f 2068/1960 2070/2055 2069/2718
f 1135/2261 1136/564 1148/563
f 1938/1995 2620/2719 2619/2720
f 95/387 458/281 128/89
f 2059/1951 1608/1405 1612/1950
f 1454/873 1445/851 1367/703
f 655/769 1048/1079 2621/2721
f 722/2722 2623/2723 723/817
f 1131/1176 1033/1065 1134/1177
f 562/349 366/208 1497/1778
f 1723/1546 1725/1571 1591/1548
f 1786/2724 1122/1152 1787/1826
f 267/159 323/261 266/160
f 1325/644 1654/1586 2039/1926
f 1468/896 1435/832 1479/962
f 658/772 529/2725 528/695
f 8/4 247/339 7/2726
f 382/1281 1559/1330 3/223
f 788/866 1307/2353 789/864
f 940/2030 929/755 928/2032
f 911/951 2625/2727 912/2728
f 2623/2723 655/769 654/768
f 2626/2729 2627/2730 2628/2731
f 998/1033 27/26 26/2732
f 635/753 2628/2731 2627/2730
f 2629/2733 644/758 1840/1885
f 2630/2734 1840/1885 2631/2735
f 1200/2736 2629/2733 2630/2734
f 1199/1231 641/756 2629/2733
f 1520/1358 49/36 477/1076
f 1452/874 1349/668 1451/1244
f 2632/2737 1859/1909 1858/1908
f 644/758 1335/1537 1823/1884
f 1197/1229 717/814 2634/2738
f 2634/2738 719/815 1166/1205
f 2630/2734 1166/1205 1200/2736
f 2631/2735 2634/2738 2630/2734
f 1762/2739 1050/2740 821/889
f 1823/1884 873/929 1839/2741
f 2636/2742 794/1124 652/767
f 1028/1064 1027/1061 1161/1240
f 1042/1073 2637/2743 1043/1074
f 93/70 1901/1741 1924/1781
f 2036/1927 1458/1976 1455/870
f 1527/1833 1525/1325 1526/1098
f 877/932 1274/1313 1277/1317
f 134/91 797/430 1544/1190
f 1328/1413 931/972 1329/1414
f 607/736 1091/1122 1161/1240
f 1043/1074 2639/2744 2638/2745
f 2638/2745 2641/2746 2640/2747
f 1275/1315 2640/2747 1276/1376
f 1275/1315 1043/1074 2638/2745
f 1272/1308 2628/2731 2642/2748
f 2642/2748 638/752 637/2749
f 1110/1143 2642/2748 637/2749
f 536/2750 2642/2748 2643/2751
f 1472/2215 1474/1914 1473/2115
f 2043/1931 1951/1794 649/1935
f 1058/2752 1105/2753 1059/1086
f 2644/2754 2645/2755 2646/2756
f 1192/1922 2646/2756 1193/1224
f 912/2728 2644/2754 1192/1922
f 3929/2757 3540/1490 3816/1726
f 1049/1078 2622/2758 2623/2723
f 616/740 1885/1929 613/741
f 1331/2759 666/2278 750/843
f 990/2760 1198/1228 525/1846
f 1911/1759 321/1830 322/1860
f 1298/1356 1205/1332 2647/2761
f 76/53 1504/1029 75/2762
f 1502/2763 421/254 422/256
f 610/735 658/772 691/798
f 1146/1188 659/773 938/977
f 2648/2764 914/953 936/975
f 1280/1324 1238/2765 1279/1322
f 975/2766 2649/2767 2650/2768
f 2649/2767 975/2766 974/1012
f 1453/906 1452/874 1451/1244
f 1514/1108 158/107 151/101
f 835/900 1843/2769 1842/1891
f 1271/1307 1173/2770 1289/1345
f 2651/2771 813/883 2652/2772
f 1893/1732 1826/2773 1894/1733
f 1050/2740 1937/1994 1051/1080
f 2653/2774 814/884 813/883
f 1006/1042 1281/1326 977/1014
f 2655/2775 2656/2776 2657/2777
f 1001/1986 1003/1611 1002/519
f 585/723 679/789 558/710
f 2626/2729 621/1309 620/743
f 555/708 2028/2083 556/1166
f 1207/1238 1197/1229 2631/2735
f 1626/1487 478/362 472/300
f 426/1056 419/252 1567/1437
f 1030/1225 1773/1817 1031/1063
f 3929/2757 634/1451 3911/1728
f 534/1141 138/1126 262/335
f 1125/1812 1042/1073 1041/1155
f 333/1261 88/65 227/1218
f 569/437 561/348 730/435
f 1489/1538 871/2778 870/927
f 1857/2779 620/743 891/941
f 1673/1477 3800/1647 3793/2780
f 622/744 864/922 1308/1365
f 2649/2767 974/1012 2659/2781
f 619/745 891/941 620/743
f 261/1341 545/331 262/335
f 393/1288 1556/1263 404/1265
f 2660/2782 2649/2767 2659/2781
f 1075/1105 2659/2781 917/1106
f 1081/2783 2660/2782 1075/1105
f 1080/1113 2661/2784 2660/2782
f 2646/2756 1141/1182 2662/2785
f 2662/2785 1140/2786 1336/1425
f 642/2787 1336/1425 643/757
f 1193/1224 2662/2785 642/2787
f 679/789 555/708 558/710
f 1503/2788 1500/1009 1502/2763
f 1318/1374 1101/1131 1100/2789
f 2663/2790 1139/1181 1142/1183
f 2663/2790 2665/2791 2664/2792
f 2664/2792 2661/2784 2663/2790
f 2664/2792 2624/2793 2666/2794
f 2666/2794 911/951 2648/2764
f 2650/2768 2648/2764 1146/1188
f 2650/2768 2664/2792 2666/2794
f 2084/1998 2094/1754 2082/1996
f 1442/835 1437/831 1439/828
f 519/475 330/1095 51/432
f 1885/1929 1209/1239 613/741
f 799/1716 805/443 804/1717
f 1946/2100 1952/1971 1953/1970
f 1302/2795 1253/1272 1252/2796
f 566/1320 224/277 533/322
f 1389/2037 928/2032 1388/720
f 683/2797 681/1418 680/1417
f 836/2798 1842/1891 2667/2799
f 2667/2799 1845/1893 1303/1362
f 2668/2800 1303/1362 1302/2795
f 24/27 2667/2799 2668/2800
f 831/899 2652/2772 832/897
f 1845/1893 1304/1363 1303/1362
f 2010/2801 2012/2802 2011/1876
f 1051/1080 2669/2803 2670/2804
f 1522/1089 1511/1054 1523/1090
f 531/1116 441/2805 522/1148
f 782/858 1251/1270 1250/1271
f 1250/1271 2627/2730 2671/2806
f 2671/2806 1857/2779 1856/1905
f 783/859 1856/1905 1037/1069
f 782/858 2671/2806 783/859
f 720/818 2673/2807 721/816
f 1055/1087 1930/1988 1056/1083
f 1333/2808 1251/1270 2253/2333
f 619/745 1308/1365 1307/2353
f 652/767 2621/2721 2636/2742
f 521/1058 1539/1146 1540/1164
f 1838/1883 537/701 2674/2809
f 2674/2809 536/2750 2643/2751
f 1113/1145 2643/2751 1110/1143
f 1113/1145 1838/1883 2674/2809
f 1016/548 1351/879 1045/541
f 3928/1719 570/347 3925/2017
f 226/1051 104/2810 101/74
f 3589/2811 3858/2160 1818/1771
f 1036/1068 1884/2082 1883/1928
f 2676/2812 1304/1363 2675/2813
f 2675/2813 1844/1892 2677/2814
f 1334/1424 2677/2814 1039/1071
f 1333/2808 2675/2813 1334/1424
f 2678/2815 1039/1071 2677/2814
f 1843/2769 2677/2814 1844/1892
f 942/1102 2678/2815 1843/2769
f 1074/1104 702/803 2678/2815
f 811/882 859/1412 858/917
f 752/2816 1055/1087 753/842
f 1200/2736 656/1206 1026/1232
f 1120/1150 874/930 2679/2817
f 2679/2817 877/932 1052/2818
f 1241/1262 1052/2818 1005/1081
f 1119/1151 2679/2817 1241/1262
f 1560/1501 151/101 1515/1965
f 1208/2819 611/738 523/694
f 215/2820 736/2821 214/136
f 1460/881 1462/1989 1461/936
f 1208/2819 1839/2741 873/929
f 854/916 1282/1331 1297/1355
f 72/50 182/255 179/118
f 544/329 1565/1354 512/309
f 217/465 456/2822 457/635
f 2048/1938 930/754 945/1944
f 1204/1235 1937/1994 2635/2823
f 913/952 686/856 685/794
f 840/904 1113/1145 1112/1144
f 1531/1119 730/435 561/348
f 2680/2824 1283/1334 801/876
f 601/966 1914/1973 602/730
f 1537/1149 459/284 460/283
f 1819/2825 3519/993 3542/2826
f 991/1025 862/2827 538/702
f 2681/2828 1073/1103 1830/1872
f 2682/2829 983/1021 2258/2339
f 779/855 2258/2339 1263/1298
f 778/1333 2682/2829 779/855
f 2680/2824 1830/1872 2682/2829
f 180/120 245/1786 40/1305
f 1886/2340 1131/1176 1134/1177
f 1138/2830 1274/1313 1255/1274
f 1841/1888 1140/2786 1139/1181
f 75/2762 314/1287 74/54
f 193/1161 420/251 192/250
f 2683/2831 1099/1130 1098/1132
f 170/179 1565/1354 169/113
f 349/197 417/247 432/1280
f 1121/1154 2686/2832 2685/2833
f 547/431 409/258 302/257
f 123/981 121/2834 120/1816
f 2645/2755 1142/1183 1141/1182
f 1542/1179 513/313 1543/1189
f 899/2835 907/525 919/527
f 1210/2836 676/790 867/924
f 791/865 982/1167 892/940
f 24/27 837/901 836/2798
f 893/944 932/1300 931/972
f 1860/2837 863/921 862/2827
f 535/700 862/2827 861/920
f 832/897 813/883 812/1230
f 2652/2772 813/883 832/897
f 1569/1819 1547/2838 1568/1783
f 181/119 542/470 180/120
f 660/2839 937/976 688/796
f 2013/2840 568/436 2012/2802
f 887/937 2633/2841 2632/2737
f 1524/1092 361/1408 78/58
f 520/1430 162/2842 1529/1109
f 2655/2775 854/916 2687/2843
f 1238/2765 2657/2777 2688/2844
f 718/1948 527/697 530/696
f 1492/1004 518/310 1491/994
f 792/1871 615/1156 793/867
f 599/727 1835/2845 596/728
f 290/393 456/2822 175/176
f 312/178 1552/1327 425/1057
f 1248/2846 1179/1214 1249/1268
f 153/105 177/1889 178/2199
f 1240/1260 1222/1248 1221/1259
f 1257/1351 1235/1979 1071/1255
f 1291/1350 1083/1249 1222/1248
f 1052/2818 1277/1317 1053/1082
f 743/1237 2620/2719 1204/1235
f 444/2847 430/263 443/1275
f 23/23 1172/1209 1187/1278
f 2689/2848 1180/2849 1179/1214
f 102/76 409/258 134/91
f 1283/1334 610/735 801/876
f 373/2850 650/372 651/371
f 1180/2849 1084/1117 1291/1350
f 855/914 2657/2777 1237/1257
f 1173/2770 1917/2851 1174/1210
f 2691/2852 853/912 2690/2853
f 2690/2853 1108/1138 1279/1322
f 2688/2844 1279/1322 1238/2765
f 2689/2848 2690/2853 2688/2844
f 2693/2854 1252/2796 2692/2855
f 2692/2855 850/913 2691/2852
f 1248/2846 2691/2852 2689/2848
f 1248/2846 2693/2854 2692/2855
f 2694/2856 24/27 2668/2800
f 2693/2854 2668/2800 1302/2795
f 1247/1267 2694/2856 2693/2854
f 1258/1290 617/742 2694/2856
f 394/1226 1555/1415 393/1288
f 2695/2857 1259/1292 1223/1344
f 1072/1101 1262/1294 1261/1293
f 1257/1351 1168/2858 1258/1290
f 398/1539 1555/1415 1554/1795
f 871/2778 1314/2859 872/928
f 1178/1216 1249/1268 1179/1214
f 1224/1251 1173/2770 1172/1209
f 1010/1044 2620/2719 742/837
f 1175/1211 1292/2860 1269/1306
f 2656/2776 2688/2844 2657/2777
f 2696/2861 1216/1246 1264/1910
f 71/1955 1487/988 70/51
f 701/802 1111/2862 1038/1070
f 1072/1101 2651/2771 2652/2772
f 1085/1118 22/1250 21/22
f 895/961 1264/1910 896/943
f 1601/1400 1605/1954 1604/1398
f 1259/1292 1271/1307 1289/1345
f 21/22 1220/1247 1083/1249
f 988/1026 538/702 537/701
f 598/2341 1336/1425 1140/2786
f 820/1811 1762/2739 821/889
f 1050/2740 818/890 821/889
f 1298/1356 1761/1810 2654/2863
f 1168/2858 618/2279 617/742
f 858/917 1256/1279 833/898
f 39/20 516/439 1536/1133
f 2654/2863 819/888 814/884
f 313/1142 315/192 314/1287
f 2026/1923 1971/1823 2027/1896
f 2658/2864 596/728 1835/2845
f 814/884 818/890 811/882
f 2698/2865 813/883 2651/2771
f 1260/2866 2651/2771 1261/1293
f 2695/2857 2698/2865 1260/2866
f 2699/2867 2653/2774 2698/2865
f 381/220 390/290 380/221
f 3849/2121 1611/1903 1609/1963
f 1475/935 1428/2168 1227/617
f 1292/2860 1917/2851 1235/1979
f 1551/1227 354/1346 1518/1186
f 1526/1098 1523/1090 1511/1054
f 1593/1387 1595/1403 1573/2051
f 1232/1254 1246/1269 1249/1268
f 2697/2868 1223/1344 22/1250
f 2700/2869 1296/1357 2699/2867
f 2700/2869 2695/2857 2697/2868
f 2687/2843 2697/2868 1085/1118
f 2687/2843 1297/1355 2700/2869
f 562/349 271/1003 272/350
f 2654/2863 1296/1357 1298/1356
f 1365/762 1364/2125 1363/687
f 1958/2101 1953/1970 1957/2870
f 585/723 2212/2274 997/1032
f 1561/1521 1515/1965 435/268
f 975/2766 1146/1188 976/1013
f 347/1266 68/49 346/384
f 1038/1070 636/751 1068/1096
f 2702/2871 780/857 2701/2872
f 2701/2872 1036/1068 1883/1928
f 2703/2873 1883/1928 1829/1870
f 851/911 2701/2872 2703/2873
f 2676/2812 2253/2333 2704/2874
f 2704/2874 781/2875 2702/2871
f 1253/1272 2702/2871 851/911
f 1301/1361 2704/2874 1253/1272
f 1519/1253 388/229 1550/1285
f 1273/1312 1280/1324 2705/2876
f 2705/2876 1107/1323 852/1137
f 2703/2873 852/1137 851/911
f 1829/1870 2705/2876 2703/2873
f 91/2877 326/1321 90/66
f 1784/1827 2658/2864 1785/1825
f 2685/2833 2707/2878 2706/2879
f 604/1850 3509/2880 3550/1930
f 1669/1049 3569/2881 1662/1674
f 2063/1958 2061/2882 2060/1953
f 621/1309 861/920 622/744
f 2023/1877 732/2883 2024/1881
f 686/856 1263/1298 687/795
f 857/919 2670/2804 1328/1413
f 883/1843 882/1252 879/459
f 637/2749 1111/2862 1110/1143
f 2670/2804 893/944 1328/1413
f 2669/2803 894/942 2670/2804
f 1039/1071 1068/1096 1334/1424
f 313/1142 1504/1029 1505/1036
f 1911/1759 305/1093 453/276
f 1936/1993 1964/2035 2214/2349
f 2709/2884 2403/2885 2185/2886
f 2710/2887 2185/2886 2184/2219
f 738/1807 2117/2198 554/1456
f 2351/2624 2434/2510 2438/2515
f 2713/2888 2020/2078 2019/2889
f 2402/2478 2019/2889 2188/2222
f 2716/2890 2718/2891 2715/2892
f 2719/2893 2721/2894 2722/2895
f 2723/2896 2725/2897 2726/2898
f 2728/2899 2730/2900 2727/2901
f 2727/2901 2732/2902 2731/2903
f 2733/2904 2731/2903 2711/2905
f 2734/2906 2727/2901 2733/2904
f 2736/2907 2738/2908 2735/2909
f 2740/2910 2742/2911 2739/2912
f 2739/2912 2743/2913 2744/2914
f 2746/2915 2748/2916 2745/2917
f 2747/2918 2750/2919 2749/2920
f 2751/2921 2749/2920 2753/2922
f 2755/2923 2753/2922 2754/2924
f 2252/2329 2248/2325 2250/2328
f 2756/2925 1614/1683 2757/2926
f 3628/2927 2757/2926 3639/2928
f 3638/2929 2749/2920 3639/2928
f 1617/1685 2757/2926 1614/1683
f 2244/2309 1620/1688 2759/2930
f 2193/2249 2762/2931 2761/2932
f 2763/2933 2762/2931 2764/2934
f 3678/2935 2763/2933 3679/2936
f 3653/2937 2761/2932 3678/2935
f 3211/2938 3225/2939 3227/2940
f 1395/1722 2238/2304 2237/2330
f 1395/1722 1636/2331 1615/1721
f 1616/1684 2231/2299 2235/2302
f 1617/1685 2765/2941 2758/2942
f 2758/2942 3658/2943 3638/2929
f 2767/2944 2236/2945 1630/2311
f 2768/2946 3658/2943 3652/2947
f 3204/2948 3250/2949 3251/2950
f 1516/1966 435/268 1515/1965
f 2770/2951 3573/1458 3574/1460
f 1495/997 578/342 1424/804
f 2136/632 28/2112 17/10
f 3541/2952 2775/2953 2776/2954
f 1690/1646 3957/2955 3956/2956
f 2780/2957 2782/2958 2779/2959
f 2779/2959 2783/2960 2784/2961
f 2786/2962 2779/2959 2785/2963
f 3576/2128 575/380 576/392
f 1494/996 9/2190 540/327
f 3544/1467 2015/2263 3591/1336
f 451/320 505/634 450/272
f 2788/2964 2790/2965 2787/2966
f 2781/2967 2787/2966 2782/2958
f 2791/2968 2743/2913 2742/2911
f 2792/2969 2754/2924 2791/2968
f 2794/2970 2796/2971 2793/2972
f 2795/2973 2798/2974 2796/2971
f 2798/2974 2752/2975 2751/2921
f 2796/2971 2751/2921 2755/2923
f 2800/2976 1396/1471 2756/2925
f 3621/2977 2756/2925 3628/2927
f 2800/2976 2802/2978 1393/1472
f 3621/2977 2801/2979 2800/2976
f 2799/2980 2797/2981 2803/2982
f 2793/2972 2755/2923 2792/2969
f 216/138 232/1743 54/39
f 3835/2983 2809/2984 3834/2985
f 3836/2986 2806/2987 3834/2985
f 2771/2988 3578/1507 3573/1458
f 183/211 184/374 97/73
f 2813/2989 2777/2990 2778/2991
f 2806/2987 2778/2991 2807/2992
f 2811/2993 2813/2989 2806/2987
f 2814/2994 2815/2995 2816/2996
f 3836/2986 2818/2997 3826/2998
f 3827/2999 2817/3000 3826/2998
f 3829/3001 2822/3002 2823/3003
f 3824/3004 2821/3005 3829/3001
f 2826/3006 2737/3007 2821/3005
f 2825/3008 2826/3006 2821/3005
f 2827/3009 2828/3010 2726/2898
f 3824/3004 2829/3011 3823/3012
f 3827/2999 2828/3010 3823/3012
f 2715/2892 2831/3013 2830/3014
f 2830/3014 2833/3015 2832/3016
f 2824/3017 2830/3014 2832/3016
f 2823/3003 2715/2892 2830/3014
f 2834/3018 2824/3017 2832/3016
f 2835/3019 2832/3016 2833/3015
f 2836/3020 2834/3018 2835/3019
f 2837/3021 2829/3011 2834/3018
f 2839/3022 2841/3023 2838/3024
f 2838/3024 2843/3025 2842/3026
f 2844/3027 2842/3026 2729/3028
f 2845/3029 2838/3024 2844/3027
f 2842/3026 2847/3030 2846/3031
f 2720/3032 2847/3030 2721/2894
f 2732/2902 2846/3031 2720/3032
f 2729/3028 2846/3031 2730/2900
f 2848/3033 2721/2894 2847/3030
f 2848/3033 2843/3025 2849/3034
f 2831/3013 2849/3034 2833/3015
f 2831/3013 2718/2891 2848/3033
f 2849/3034 2841/3023 2850/3035
f 2850/3035 2840/3036 2851/3037
f 2835/3019 2851/3037 2836/3020
f 2833/3015 2850/3035 2835/3019
f 2852/3038 2853/3039 2854/3040
f 2855/3041 2854/3040 2856/3042
f 2785/2963 2784/2961 2857/3043
f 2787/2966 2855/3041 2858/3044
f 2782/2958 2858/3044 2783/2960
f 2859/3045 2857/3043 2784/2961
f 2861/3046 2784/2961 2783/2960
f 2863/3047 2844/3027 2862/3048
f 2862/3048 2729/3028 2728/2899
f 2864/3049 2728/2899 2734/2906
f 2865/3050 2862/3048 2864/3049
f 2863/3047 2860/3051 2859/3045
f 2845/3029 2859/3045 2861/3046
f 2858/3044 2856/3042 2866/3052
f 2783/2960 2866/3052 2861/3046
f 2839/3022 2861/3046 2866/3052
f 2840/3036 2866/3052 2856/3042
f 2854/3040 2836/3020 2851/3037
f 2856/3042 2851/3037 2840/3036
f 2867/3053 2820/3054 2837/3021
f 2853/3039 2837/3021 2836/3020
f 2815/2995 2817/3000 2867/3053
f 2816/2996 2867/3053 2853/3039
f 2868/3055 2816/2996 2852/3038
f 2790/2965 2852/3038 2855/3041
f 2868/3055 2789/3056 2869/3057
f 2814/2994 2869/3057 2777/2990
f 1892/2003 1890/1740 1891/2175
f 2722/2895 2848/3033 2872/3058
f 298/1407 256/148 257/1193
f 2874/3059 2715/2892 2822/3002
f 3825/3060 2737/3007 2736/2907
f 2731/2903 2876/3061 2875/3062
f 2848/3033 2717/3063 2872/3058
f 2878/3064 2880/3065 2877/3066
f 2735/2909 2880/3065 2736/2907
f 3837/3067 2881/3068 2882/3069
f 3837/3067 2874/3059 3825/3060
f 2884/3070 2886/3071 2883/3072
f 2883/3072 2717/3063 2716/2890
f 2882/3069 2716/2890 2874/3059
f 2881/3068 2883/3072 2882/3069
f 2887/3073 2889/3074 2890/3075
f 2890/3075 2892/3076 2887/3073
f 2887/3073 2894/3077 2893/3078
f 2895/3079 2887/3073 2893/3078
f 1942/2002 2534/3080 2896/3081
f 2897/3082 2722/2895 2872/3058
f 2886/3071 2872/3058 2717/3063
f 2885/3083 2897/3082 2886/3071
f 2898/3084 2894/3077 2897/3082
f 2891/3085 2719/2893 2892/3076
f 2892/3076 2722/2895 2894/3077
f 2899/3086 2893/3078 2898/3084
f 2900/3087 2898/3084 2885/3083
f 2901/3088 2885/3083 2884/3070
f 2902/3089 2884/3070 2881/3068
f 3828/3090 2881/3068 3838/3091
f 2878/3064 2903/3092 2879/3093
f 2903/3092 2906/3094 2905/3095
f 1785/1825 1835/2845 1834/1879
f 2907/3096 2901/3088 2902/3089
f 2909/3097 2899/3086 2900/3087
f 3828/3090 2905/3095 3830/3098
f 632/2493 577/3099 633/2170
f 3549/1639 2869/3057 2789/3056
f 434/265 550/337 350/196
f 2770/2951 3670/3100 3673/3101
f 2912/3102 1623/1690 2251/2327
f 2243/3103 2760/3104 2244/2309
f 3670/3100 2915/3105 3682/3106
f 1623/1690 2759/2930 1620/1688
f 3617/2310 2759/2930 3682/3106
f 2231/2299 1380/1466 2252/2329
f 2767/2944 1629/1697 2916/3107
f 2917/3108 1629/1697 2914/3109
f 3672/3110 2916/3107 2917/3108
f 3671/3111 2767/2944 2916/3107
f 2921/3112 3672/3110 3643/3113
f 2920/3114 2914/3109 2243/3103
f 3644/3115 2243/3103 3616/2308
f 3648/3116 3643/3113 3700/3117
f 3561/1663 2182/2218 3505/1664
f 3533/1682 2190/3118 3516/1735
f 3735/3119 714/376 3882/2093
f 2927/3120 2919/3121 2926/3122
f 2926/3122 2918/3123 2921/3112
f 3640/3124 2921/3112 3648/3116
f 3641/3125 2926/3122 3640/3124
f 2928/3126 2768/2946 2927/3120
f 3688/3127 2927/3120 3641/3125
f 1715/1533 1705/1744 1710/1842
f 785/1500 498/2230 796/1498
f 1387/719 565/1310 1791/2206
f 374/2231 1899/3128 560/2229
f 3602/2056 2208/2269 3577/3129
f 2931/3130 2888/3131 2895/3079
f 2934/3132 2936/3133 2933/3134
f 1905/1748 1908/1813 1907/1832
f 2932/3135 2938/3136 2939/3137
f 2940/3138 2932/3135 2931/3130
f 1493/1075 517/1897 518/310
f 1603/3139 1586/1389 1602/1399
f 2941/3140 2931/3130 2910/3141
f 2942/3142 2910/3141 2909/3097
f 3695/3143 1600/1395 3691/2103
f 2888/3131 2939/3137 2889/3074
f 2908/3144 2900/3087 2901/3088
f 2910/3141 2895/3079 2899/3086
f 2944/3145 2935/3146 2943/3147
f 2943/3147 2939/3137 2938/3136
f 3511/1687 2938/3136 3524/1695
f 3507/1686 2943/3147 3511/1687
f 2945/3148 2712/3149 2875/3062
f 2945/3148 2876/3061 2891/3085
f 2947/3150 2891/3085 2890/3075
f 2948/3151 2945/3148 2947/3150
f 2934/3132 2890/3075 2889/3074
f 2933/3134 2947/3150 2934/3132
f 727/375 1929/1777 728/373
f 2905/3095 2949/3152 2950/3153
f 545/331 42/30 262/335
f 1480/969 533/322 251/323
f 2909/3097 2951/3154 2942/3142
f 2908/3144 2952/3155 2951/3154
f 1558/1286 215/2820 202/135
f 3830/3098 2950/3153 3832/3156
f 2055/2008 1644/1420 2119/885
f 3735/3119 2205/2267 3602/2056
f 1828/1677 1849/986 1827/1672
f 2955/3157 2957/3158 2954/3159
f 2954/3159 2959/3160 2958/3161
f 2958/3161 2260/2345 2954/3159
f 2955/3157 2260/2345 2259/2342
f 2456/2535 2476/2554 2498/2580
f 3777/3162 2961/3163 3796/3164
f 3777/3162 2132/2177 3767/3165
f 2963/3166 2965/3167 2960/3168
f 2960/3168 2966/3169 2961/3163
f 222/307 2487/2565 2967/3170
f 2479/2557 2968/3171 2610/2707
f 2633/2841 2006/2070 1859/1909
f 2386/2467 2498/2580 2499/3172
f 2969/3173 2961/3163 2966/3169
f 2970/3174 2972/3175 2971/3176
f 3789/3177 2973/3178 3814/3179
f 3814/3179 2962/3180 3796/3164
f 2974/3181 2033/2098 2032/2097
f 2007/2461 2975/3182 2008/2071
f 3583/3183 2135/2179 2134/2178
f 1836/3184 1832/1711 1831/1710
f 3516/1735 2091/2143 3572/1899
f 955/1295 959/517 956/3185
f 672/3186 674/3187 673/2296
f 633/2170 713/1335 632/2493
f 2024/1881 733/398 803/1489
f 2025/1882 803/1489 798/1873
f 425/1057 1550/1285 388/229
f 2977/3188 888/1919 887/937
f 1319/1375 1157/1196 2696/2861
f 1212/1791 2979/3189 1213/1242
f 889/938 2230/3190 2229/2297
f 1978/1837 1975/1835 1979/1853
f 1138/2830 1329/1414 915/956
f 751/841 2981/3191 2980/3192
f 1619/1949 1625/1485 1624/1476
f 2254/2336 1728/3193 1727/1790
f 1157/1196 845/907 1216/1246
f 2708/3194 1938/1995 2619/2720
f 2982/3195 2256/3196 2983/3197
f 2984/3198 887/937 2632/2737
f 802/875 711/809 2681/2828
f 678/3199 2029/2081 2028/2083
f 527/697 690/905 528/695
f 1839/2741 2631/2735 1840/1885
f 2985/3200 602/730 1914/1973
f 2985/3200 1913/1972 1331/2759
f 2987/3201 1331/2759 1054/1084
f 2988/3202 2985/3200 2987/3201
f 2989/3203 2637/2743 2636/2742
f 2987/3201 2641/2746 2988/3202
f 2992/3204 1318/1374 2991/3205
f 2993/3206 2995/3207 2996/3208
f 2997/3209 2996/3208 2998/3210
f 1106/1135 2993/3206 2997/3209
f 1058/2752 2994/3211 2993/3206
f 1415/765 1365/762 1367/703
f 1317/1373 2219/2284 2999/3212
f 1932/1990 2257/2335 2982/3195
f 926/965 3001/3213 664/778
f 3003/3214 2994/3211 3002/3215
f 3002/3215 1057/1085 2980/3192
f 3001/3213 2980/3192 2981/3191
f 3000/3216 3002/3215 3001/3213
f 3004/3217 2211/2275 3005/3218
f 3004/3217 2998/3210 2996/3208
f 2995/3207 3004/3217 2996/3208
f 3003/3214 3000/3216 3004/3217
f 1103/1136 2997/3209 3006/3219
f 3006/3219 2998/3210 3005/3218
f 2211/2275 3006/3219 3005/3218
f 588/722 3006/3219 2212/2274
f 295/1840 433/1347 381/220
f 2640/2747 2990/3220 3007/3221
f 3007/3221 1056/1083 1930/1988
f 1305/1366 1930/1988 1306/1364
f 1276/1376 3007/3221 1305/1366
f 1987/1851 1993/1858 1989/1855
f 2635/2823 1761/1810 2647/2761
f 1423/797 1417/783 1419/785
f 3585/1769 739/482 703/390
f 2673/2807 2706/2879 2707/2878
f 1473/2115 2035/2161 1472/2215
f 922/2351 2696/2861 895/961
f 1401/2337 1378/715 1384/1550
f 556/1166 1884/2082 1037/1069
f 842/1433 3856/601 3867/603
f 1854/1902 2619/2720 1010/1044
f 933/973 1081/2783 1075/1105
f 1440/836 1436/963 1437/831
f 529/2725 719/815 530/696
f 1031/1063 1027/1061 1028/1064
f 777/854 912/2728 1871/1921
f 2647/2761 1204/1235 2635/2823
f 441/2805 1538/1348 1537/1149
f 790/1110 587/1197 586/721
f 2066/1969 1610/1404 1607/1406
f 1860/2837 990/2760 902/1845
f 60/40 87/78 59/62
f 1424/804 1948/1932 1947/2080
f 332/3222 1507/1038 331/1091
f 261/1341 138/1126 135/1847
f 187/123 449/273 507/1359
f 1719/1536 1726/1583 1725/1571
f 1931/1987 1059/1086 3008/3223
f 3008/3223 1105/2753 1104/1134
f 1287/1343 1104/1134 587/1197
f 1286/2354 3008/3223 1287/1343
f 3009/3224 3011/3225 3012/3226
f 3011/3225 653/869 795/868
f 618/2279 26/2732 25/25
f 2029/2081 1210/2836 1209/1239
f 957/998 600/729 2230/3190
f 1049/1078 2230/3190 600/729
f 2633/2841 3013/3227 2563/2655
f 890/939 2229/2297 3013/3227
f 3013/3227 2146/2187 3014/3228
f 2563/2655 3014/3228 2377/2459
f 1026/1232 609/770 608/734
f 2708/3194 1961/2036 1964/2035
f 3015/3229 2487/2565 3016/3230
f 2149/2189 1267/1301 3017/3231
f 3017/3231 1266/1303 1311/1368
f 2999/3212 1101/1131 1317/1373
f 642/2787 1773/1817 1193/1224
f 186/121 461/285 511/311
f 1041/1155 1320/1377 901/945
f 1121/1154 3019/3232 1122/1152
f 2986/3233 2989/3203 3020/3234
f 3020/3234 2636/2742 2621/2721
f 1048/1079 3020/3234 2621/2721
f 603/731 2986/3233 3020/3234
f 2681/2828 801/876 802/875
f 2063/1958 2075/1981 2062/1956
f 2062/1956 2077/1983 2065/1962
f 414/239 1545/1200 1965/1818
f 3018/3235 2685/2833 3021/3236
f 3021/3236 2706/2879 2672/3237
f 3022/3238 2672/3237 720/818
f 3009/3224 3021/3236 3022/3238
f 1871/1921 1091/1122 777/854
f 3023/3239 1122/1152 3019/3232
f 3024/3240 3019/3232 3012/3226
f 1314/2859 3024/3240 1315/1371
f 1784/1827 3023/3239 1314/2859
f 1316/1372 1763/3241 611/738
f 3025/3242 3012/3226 3011/3225
f 3025/3242 795/868 1092/1123
f 1763/3241 1092/1123 1125/1812
f 1315/1371 3025/3242 1763/3241
f 3018/3235 3012/3226 3019/3232
f 752/2816 2980/3192 1057/1085
f 2988/3202 2639/2744 2989/3203
f 3026/3243 653/869 3010/3244
f 3022/3238 3010/3244 3009/3224
f 720/818 3026/3243 3022/3238
f 723/817 654/768 3026/3243
f 2683/2831 1268/1302 3027/3245
f 2673/2807 1268/1302 721/816
f 2707/2878 3027/3245 2673/2807
f 1313/1370 3029/3246 1311/1368
f 3028/3247 3031/3248 3029/3246
f 3029/3246 3032/3249 3033/3250
f 1311/1368 3033/3250 3017/3231
f 2012/2802 731/1875 2023/1877
f 917/1106 974/1012 977/1014
f 743/1237 856/915 744/838
f 1888/1898 2030/1895 1425/800
f 2684/3251 2686/2832 3034/3252
f 3034/3252 1124/1153 2991/3205
f 1100/2789 2991/3205 1318/1374
f 1099/1130 3034/3252 1100/2789
f 1123/3253 2991/3205 1124/1153
f 3035/3254 1159/1880 1158/1194
f 2992/3204 1158/1194 1319/1375
f 1123/3253 3035/3254 2992/3204
f 1786/2724 1834/1879 3035/3254
f 1054/1084 2990/3220 2987/3201
f 2981/3191 664/778 3001/3213
f 2625/2727 2665/2791 2645/2755
f 1095/1127 688/796 687/795
f 3036/3255 2263/3256 2958/3161
f 3038/3257 2958/3161 2959/3160
f 3039/3258 3036/3255 3038/3257
f 3040/3259 3037/3260 3036/3255
f 3042/3261 3028/3247 1313/1370
f 2265/2347 3043/3262 3042/3261
f 3044/3263 3045/3264 3043/3262
f 3043/3262 3030/3265 3028/3247
f 3046/3266 3045/3264 3041/3267
f 3048/3268 3047/3269 3046/3266
f 3049/3270 3051/3271 3047/3269
f 3045/3264 3051/3271 3030/3265
f 3040/3259 3053/3272 3052/3273
f 3052/3273 3055/3274 3054/3275
f 3054/3275 3046/3266 3052/3273
f 3041/3267 3052/3273 3046/3266
f 3056/3276 3041/3267 3044/3263
f 3044/3263 2264/2346 3056/3276
f 2263/3256 3056/3276 2264/2346
f 2218/2348 2999/3212 2219/2284
f 2214/2349 2669/2803 1936/1993
f 3058/3277 2211/2275 3057/3278
f 934/974 1961/2036 1854/1902
f 2013/2840 3787/2040 567/1319
f 3060/3279 3062/3280 3063/3281
f 3061/3282 3065/3283 3062/3280
f 3062/3280 2215/2281 1963/2350
f 3063/3281 1963/2350 1962/2034
f 3065/3283 2216/2282 2215/2281
f 3064/3284 3066/3285 3065/3283
f 3067/3286 2262/2344 3066/3285
f 3066/3285 2217/2283 2216/2282
f 3068/3287 3033/3250 3032/3249
f 2610/2707 3069/3288 3068/3287
f 2968/3171 3070/3289 3069/3288
f 3033/3250 3070/3289 3017/3231
f 2457/2534 2463/2539 2476/2554
f 2478/3290 2228/2294 2479/2557
f 3572/1899 2090/2145 3539/1203
f 3541/2952 3799/3291 3817/3292
f 433/1347 355/201 381/220
f 2116/2048 1419/785 2124/2061
f 3519/993 2924/3293 3542/2826
f 3799/3291 2132/2177 2135/2179
f 3071/3294 2169/3295 2168/2208
f 2973/3178 2930/3296 2962/3180
f 2963/3166 2775/2953 2964/3297
f 3072/3298 2480/2558 2485/2563
f 2612/3299 3073/3300 2956/3301
f 2504/2693 2376/2457 2388/2691
f 3074/3302 2597/2690 3075/3303
f 2966/3169 3054/3275 2969/3173
f 3050/3304 3076/3305 3051/3271
f 2595/3306 3077/3307 3076/3305
f 3077/3307 3031/3248 3076/3305
f 3076/3305 3030/3265 3051/3271
f 3074/3302 3077/3307 2594/2688
f 3078/3308 2484/3309 2483/2562
f 2483/2562 3068/3287 3078/3308
f 3078/3308 3032/3249 3077/3307
f 2969/3173 3055/3274 2972/3175
f 2484/3309 3075/3303 2485/2563
f 479/364 493/297 494/299
f 706/1340 3904/2167 709/1338
f 3585/1769 2223/2291 3528/483
f 2013/2840 3784/812 3785/3310
f 3550/1930 2016/2075 3544/1467
f 3586/1933 2224/3311 2976/3312
f 1171/587 1155/573 1176/585
f 2588/3313 2567/2714 2589/3314
f 2984/3198 113/154 2486/2564
f 2564/3315 3079/3316 3070/3289
f 2378/2656 3014/3228 3079/3316
f 3014/3228 2149/2189 3079/3316
f 3079/3316 3017/3231 3070/3289
f 2965/3167 3048/3268 2966/3169
f 3053/3272 2972/3175 3055/3274
f 1683/1805 491/424 775/423
f 3881/2105 1447/848 3891/849
f 1986/2053 3764/3317 3798/3318
f 3081/3319 2548/2637 2577/2668
f 3083/3320 2577/2668 2578/2667
f 1983/2054 3798/3318 3795/3321
f 3084/3322 2321/2638 2547/2636
f 3082/3323 2547/2636 2548/2637
f 3764/3317 3084/3322 3082/3323
f 3762/3324 2325/2407 3084/3322
f 1309/637 1888/1898 748/1906
f 3075/3303 2774/3325 2773/3326
f 2762/2931 3086/3327 2764/2934
f 2762/2931 2089/2142 3085/3328
f 3087/3329 3088/3330 3089/3331
f 3091/3332 3092/3333 3090/3334
f 3091/3332 3086/3327 3087/3329
f 3094/3335 3092/3333 3093/3336
f 3095/3337 2746/2915 2745/2917
f 2753/2922 2750/2919 3095/3337
f 3095/3337 2754/2924 2753/2922
f 2744/2914 3095/3337 3096/3338
f 3096/3338 2745/2917 3097/3339
f 3098/3340 3100/3341 3089/3331
f 3101/3342 3089/3331 3088/3330
f 3099/3343 3097/3339 3100/3341
f 3102/3344 2748/2916 3103/3345
f 3103/3345 3104/3346 3102/3344
f 2766/3347 2929/3348 3103/3345
f 2747/2918 3103/3345 2748/2916
f 3104/3346 3093/3336 3102/3344
f 3102/3344 3097/3339 2745/2917
f 2871/3349 3622/3350 3664/3351
f 3104/3346 3106/3352 3094/3335
f 3688/3127 2871/3349 3664/3351
f 2929/3348 3105/3353 3104/3346
f 3100/3341 3093/3336 3092/3333
f 3089/3331 3092/3333 3087/3329
f 2089/2142 3107/3354 3085/3328
f 3085/3328 3088/3330 3086/3327
f 2485/2563 2773/3326 3072/3298
f 2403/2885 2187/2223 2323/3355
f 3101/3342 3107/3354 3108/3356
f 2126/2172 3108/3356 3107/3354
f 3110/3357 2744/2914 3109/3358
f 3109/3358 3096/3338 3099/3343
f 3112/3359 3109/3358 3111/3360
f 3111/3360 3099/3343 3098/3340
f 3113/3361 3098/3340 3101/3342
f 3114/3362 3111/3360 3113/3361
f 3115/3363 2739/2912 3110/3357
f 3117/3364 2724/3365 3116/3366
f 3119/3367 3116/3366 3118/3368
f 3121/3369 3118/3368 3120/3370
f 3120/3370 3122/3371 3123/3372
f 3118/3368 3115/3363 3122/3371
f 3124/3373 3113/3361 3125/3374
f 3124/3373 1755/2271 1754/1801
f 3126/3375 3128/3376 3129/3377
f 3127/3378 3123/3372 3128/3376
f 3130/3379 3120/3370 3127/3378
f 3131/3380 3127/3378 3126/3375
f 2020/2078 3130/3379 3131/3380
f 3884/671 1346/664 1352/878
f 1065/2174 1047/537 1066/641
f 1814/1665 3861/1445 1649/1444
f 2021/2079 3131/3380 3132/3381
f 3113/3361 3108/3356 3125/3374
f 3125/3374 2209/2295 1755/2271
f 2379/2460 2226/3382 2975/3182
f 3016/3230 113/154 112/153
f 1756/1802 3812/3383 3797/3384
f 3133/3385 2532/2622 2530/2620
f 3135/3386 2530/2620 2531/2619
f 1753/1803 3797/3384 3805/3387
f 3136/3388 3129/3377 3137/3389
f 2329/2410 2316/2506 2315/2399
f 2438/2515 2319/2404 2351/2624
f 2018/2077 3741/3390 3742/3391
f 2536/2625 3139/3392 2537/2626
f 2322/2403 3138/3393 2536/2625
f 2187/2223 3742/3391 3801/3394
f 3140/3395 2544/2633 2541/2630
f 3136/3388 3774/3396 3775/3397
f 3815/3398 3136/3388 3775/3397
f 3142/3399 2541/2630 2540/2629
f 2537/2626 3142/3399 2540/2629
f 3741/3390 3132/3381 3815/3398
f 2560/2652 3134/3400 3143/3401
f 3812/3383 3143/3401 3134/3400
f 2562/2654 3143/3401 3144/3402
f 3790/3403 3144/3402 3143/3401
f 958/999 2978/3404 2983/3197
f 1933/3405 2982/3195 3145/3406
f 2401/3407 2420/2490 2418/2489
f 2350/2431 2345/2427 2434/2510
f 2324/2406 2321/2638 2325/2407
f 2720/3032 2876/3061 2732/2902
f 2711/2905 2875/3062 2712/3149
f 2896/3081 1361/1440 1942/2002
f 346/384 176/177 347/1266
f 1876/1724 1882/1920 1881/1936
f 2804/3408 3637/3409 3622/3350
f 3106/3352 3090/3334 3094/3335
f 2976/3312 3679/2936 3633/3410
f 3091/3332 2763/2933 2764/2934
f 3090/3334 3147/3411 3091/3332
f 2805/3412 3633/3410 3637/3409
f 3901/2095 692/379 628/2154
f 2124/2061 1418/780 2127/2259
f 1365/762 1368/688 1367/703
f 1581/1380 1782/1696 1783/1614
f 3596/1337 2130/2176 3532/2127
f 3576/2128 2002/2245 3533/1682
f 3148/3413 2553/2644 3149/3414
f 3781/3415 3149/3414 3780/3416
f 3772/3417 3148/3413 3781/3415
f 3151/3418 2587/2677 3148/3413
f 3198/3419 3199/3420 3197/2233
f 3634/3421 2193/2249 3653/2937
f 3144/3402 2558/2647 2562/2654
f 3807/3422 3152/3423 3144/3402
f 3676/3424 2552/2641 3623/2650
f 3152/3423 2557/2648 2558/2647
f 3808/3425 3153/3426 3152/3423
f 3819/3427 3154/3428 3676/3424
f 3155/3429 2553/2644 2551/2642
f 3154/3428 2551/2642 2552/2641
f 3811/3430 3155/3429 3154/3428
f 3806/3431 3149/3414 3155/3429
f 3150/3432 2208/2269 2207/2268
f 2185/2886 2323/3355 2186/2220
f 2133/3433 2930/3296 2134/2178
f 3714/3434 2206/3435 2205/2267
f 3749/3436 2199/2255 3751/3437
f 2596/2689 2775/2953 2953/3438
f 2597/2690 2953/3438 2774/3325
f 1870/1713 799/1716 1869/1714
f 3743/3439 2180/3440 3736/3441
f 3736/3441 3766/3442 3821/3443
f 336/510 3804/3444 3752/3445
f 339/512 3156/3446 336/510
f 3820/3447 3151/3418 3772/3417
f 3713/3448 2586/2676 3151/3418
f 2965/3167 3050/3304 3049/3270
f 3752/3445 337/3449 336/510
f 339/512 2568/2658 2588/3313
f 3158/3450 2170/2209 2169/3295
f 2612/3299 2169/3295 2613/2709
f 2956/3301 3158/3450 2612/3299
f 3159/3451 2955/3157 2259/2342
f 3737/3452 2171/2210 3739/3453
f 2569/2660 3161/3454 2570/2662
f 337/3449 2569/2660 338/511
f 3760/3455 2168/2208 3737/3452
f 3794/3456 1983/2054 3795/3321
f 2581/2671 3083/3320 2578/2667
f 2570/2662 3162/3457 2581/2671
f 3739/3453 2192/2247 3794/3456
f 3067/3286 3164/3458 3163/3459
f 3163/3459 1984/2052 2191/2246
f 3159/3451 2191/2246 2170/2209
f 2259/2342 3163/3459 3159/3451
f 734/400 1922/3460 806/442
f 3061/3282 2710/2887 3165/3461
f 3165/3461 2184/2219 1985/2224
f 3164/3458 1985/2224 1984/2052
f 3064/3284 3165/3461 3164/3458
f 3205/3462 3207/3463 3206/3464
f 2123/2060 1448/852 1447/848
f 3848/886 1685/1160 3843/3465
f 139/95 444/2847 69/52
f 1570/1745 566/1320 533/322
f 2959/3160 3167/3466 3038/3257
f 2957/3158 3166/3467 2959/3160
f 1912/1758 341/499 1973/1829
f 3132/3381 3126/3375 3136/3388
f 1548/2355 319/1861 1547/2838
f 1949/2204 1327/1729 1887/3468
f 2971/3176 3080/3469 3169/3470
f 3169/3470 3171/3471 3170/3472
f 3754/3473 2017/2076 3750/3474
f 3750/3474 2033/2098 3789/3177
f 3170/3472 3167/3466 3172/3475
f 3172/3475 3166/3467 3173/3476
f 3809/3477 3173/3476 3786/3478
f 3754/3473 3172/3475 3809/3477
f 3173/3476 3168/3479 3174/3480
f 3174/3480 3073/3300 3175/3481
f 3782/3482 3175/3481 3779/3483
f 3786/3478 3174/3480 3782/3482
f 3171/3471 3038/3257 3167/3466
f 2595/3306 2964/3297 2596/2689
f 3175/3481 2611/2708 3176/3484
f 3176/3484 2201/2710 2200/2253
f 3813/3485 2200/2253 3749/3436
f 3779/3483 3176/3484 3813/3485
f 2192/2247 1984/2052 1983/2054
f 2198/2252 2769/3486 3150/3432
f 2120/2059 1414/766 1448/852
f 1464/947 1466/891 1465/894
f 2201/2710 3071/3294 2202/2254
f 2459/2713 2589/3314 2567/2714
f 2228/2294 2564/3315 2968/3171
f 481/404 1627/1409 1639/1435
f 333/1261 235/1052 236/341
f 3080/3469 3039/3258 3171/3471
f 3042/3261 2999/3212 2265/2347
f 2221/2287 1933/3405 2222/2286
f 2387/2468 2499/3172 2505/2692
f 221/2566 3177/3487 2486/2564
f 2222/2286 3145/3406 3177/3487
f 3177/3487 2978/3404 2977/3188
f 2486/2564 2977/3188 2984/3198
f 2956/3301 3168/3479 2957/3158
f 2632/2737 110/152 2984/3198
f 1547/2838 1952/1971 1955/3488
f 2092/3489 2190/3118 2189/2244
f 3763/3490 2180/3440 2179/2216
f 1918/1760 1927/1773 1926/1767
f 3588/3491 111/3492 3522/3493
f 955/1295 960/3494 954/490
f 2037/3495 112/153 3588/3491
f 3145/3406 2983/3197 2978/3404
f 2220/2285 2216/2282 2217/2283
f 672/3186 3818/1204 3561/1663
f 2153/3496 3016/3230 2037/3495
f 1147/586 1143/1862 1145/562
f 2250/2328 1409/1480 2247/2323
f 1615/1721 1635/1703 1616/1684
f 1410/1481 2248/2325 2249/2324
f 3245/3497 3246/3498 3244/2319
f 3179/3499 1383/1465 1382/2307
f 2240/2306 3178/3500 1382/2307
f 3178/3500 2232/2301 3180/3501
f 1410/1481 3181/3502 1407/1479
f 3181/3502 2245/2313 1407/1479
f 1633/1700 2802/2978 2251/2327
f 1621/2326 2760/3104 2914/3109
f 1622/1689 2247/2323 1634/1701
f 2238/2304 3183/3503 3184/3504
f 2239/2305 3184/3504 3185/3505
f 2252/2329 2235/2302 2231/2299
f 2914/3109 1628/1699 1621/2326
f 135/1847 1564/1353 1563/1342
f 1567/1437 512/309 1565/1354
f 1085/1118 2655/2775 2687/2843
f 3186/3506 868/925 3058/3277
f 869/926 3059/3507 934/974
f 1266/1303 1098/1132 1312/1369
f 1267/1301 722/2722 721/816
f 937/976 2648/2764 936/975
f 2147/2298 722/2722 2148/2188
f 2213/2280 921/960 2669/2803
f 1957/2870 507/1359 449/273
f 1313/1370 2266/2352 3042/3261
f 1496/995 1493/1075 1492/1004
f 2683/2831 2707/2878 2684/3251
f 2889/3074 2935/3146 2934/3132
f 1687/3508 1659/1576 1694/1503
f 145/1011 1498/1223 81/59
f 1317/1373 1319/1375 2696/2861
f 37/19 418/1028 71/1955
f 1935/1992 3187/3509 2979/3189
f 104/2810 301/438 103/75
f 2102/2018 2084/1998 2085/1997
f 543/1800 360/1040 207/131
f 1934/1991 3188/3510 3187/3509
f 234/1055 212/173 237/279
f 3876/2090 1822/1666 1824/1670
f 1976/3511 1874/1715 1974/1834
f 223/308 2221/2287 220/306
f 3685/3512 3635/3513 3642/3514
f 468/287 773/421 2167/3515
f 1935/1992 1728/3193 1932/1990
f 3244/2319 3230/2290 3239/2320
f 3267/3516 3255/3517 3266/3518
f 3217/2241 3248/3519 3270/3520
f 3271/3521 3217/2241 3270/3520
f 3273/3522 3200/2236 3198/3419
f 3207/3463 3275/3523 3261/3524
f 3216/3525 3271/3521 3276/3526
f 3277/3527 3216/3525 3194/3528
f 3257/3529 3243/3530 3240/2315
f 3224/3531 3272/3532 3278/3533
f 3236/2318 3238/2322 3237/2321
f 3218/2243 3247/3534 3248/3519
f 3198/3419 3274/3535 3273/3522
f 3248/3519 3260/3536 3261/3524
f 3242/2316 3251/2950 3250/2949
f 3270/3520 3261/3524 3275/3523
f 3259/3537 3218/2243 3219/2242
f 3213/2238 3223/2265 3271/3521
f 3263/3538 3220/2266 3262/3539
f 3264/3540 3278/3533 3265/3541
f 3280/3542 3287/3543 3279/3544
f 3232/3545 3268/3546 3269/3547
f 3281/3548 3288/3549 3287/3543
f 3230/2290 3279/3544 3287/3543
f 3240/2315 3266/3518 3257/3529
f 3288/3549 3240/2315 3241/2317
f 3295/1578 3194/3528 3191/3550
f 3239/2320 3287/3543 3238/2322
f 3238/2322 3288/3549 3241/2317
f 3296/3551 3265/3541 3278/3533
f 3266/3518 3283/3552 3257/3529
f 3297/3553 3285/3554 3292/3555
f 3212/3556 3227/2940 3290/3557
f 3201/2237 3203/3558 3202/2235
f 3232/3545 3234/3559 3233/3560
f 3298/3561 3293/3562 3294/3563
f 3289/1580 3277/3527 3295/1578
f 3266/3518 3268/3546 3267/3516
f 3247/3534 3274/3535 3260/3536
f 3273/3522 3245/3497 3236/2318
f 3196/2234 3210/3564 3195/2232
f 3193/3565 3275/3523 3208/3566
f 3276/3526 3194/3528 3216/3525
f 3281/3548 3234/3559 3235/3567
f 3270/3520 3276/3526 3271/3521
f 3258/3568 3283/3552 3300/3569
f 3252/3570 3300/3569 3225/2939
f 3215/2239 3286/3571 3284/3572
f 3278/3533 3297/3553 3296/3551
f 3284/3572 3214/2240 3215/2239
f 3232/3545 3288/3549 3235/3567
f 3222/3573 3259/3537 3221/3574
f 3221/3574 3219/2242 3263/3538
f 3262/3539 3224/3531 3264/3540
f 3251/2950 3258/3568 3252/3570
f 3249/2332 3236/2318 3237/2321
f 3272/3532 3214/2240 3297/3553
f 3210/3564 3261/3524 3260/3536
f 3296/3551 3292/3555 3293/3562
f 3206/3464 3210/3564 3209/3575
f 560/2229 3189/3576 559/1455
f 3211/2938 3203/3558 3204/2948
f 3191/3550 3193/3565 3192/3577
f 448/1848 807/450 447/325
f 647/367 122/980 270/162
f 1833/1679 1780/1747 1832/1711
f 510/985 508/1360 507/1359
f 3212/3556 1887/3468 3203/3558
f 1887/3468 3202/2235 3203/3558
f 15/8 3199/3420 3202/2235
f 16/2228 3197/2233 3199/3420
f 3197/2233 3189/3576 3196/2234
f 3196/2234 1899/3128 3209/3575
f 3209/3575 375/3578 3206/3464
f 387/227 126/85 127/99
f 3191/3550 1760/2207 3295/1578
f 3607/3579 757/406 758/1497
f 763/2211 2174/2106 2177/3580
f 3613/3581 3610/3582 3611/3583
f 3611/3583 3609/3584 3608/1774
f 3624/3585 3626/3586 3625/3587
f 3409/3588 3632/3589 3410/3590
f 3656/3591 3655/3592 3657/3593
f 3661/3594 3629/3595 3631/3596
f 3666/3597 3625/3587 3626/3586
f 3677/3598 3618/3599 3675/3600
f 3680/3601 3614/3602 3677/3598
f 3683/3603 3610/3582 3681/3604
f 3683/3603 3684/1775 3609/3584
f 1801/1633 3686/3605 3685/3512
f 3681/3604 3612/3606 3680/3601
f 3674/3607 3625/3587 3667/3608
f 1767/806 3689/3609 3690/807
f 1597/1397 3691/2103 1600/1395
f 1708/1524 3695/3143 3694/2256
f 3701/2258 3697/3610 3696/3611
f 3696/3611 3703/3612 3702/3613
f 1588/1526 3694/2256 1587/1388
f 2081/2338 3696/3611 2083/2006
f 2083/2006 3702/3613 2085/1997
f 3704/3614 3665/3615 3661/3594
f 3707/3616 3666/3597 3665/3615
f 3712/3617 3675/3600 3711/3618
f 3722/3619 3680/3601 3716/3620
f 3711/3618 3674/3607 3710/3621
f 786/1499 3722/3619 785/1500
f 3724/3622 3681/3604 3722/3619
f 785/1500 3716/3620 497/3623
f 497/3623 3712/3617 650/372
f 650/372 3711/3618 564/370
f 3726/3624 3711/3618 3710/3621
f 3414/3625 3635/3513 3411/3626
f 3732/3627 3708/3628 3707/3616
f 3729/3629 3709/3630 3708/3628
f 3675/3600 3668/3631 3674/3607
f 1799/1635 3689/3609 1768/1596
f 3738/3632 3467/3633 3469/3634
f 3471/3635 3738/3632 3469/3634
f 3744/577 564/370 3726/3624
f 3645/3636 3632/3589 3630/3637
f 3740/3638 3726/3624 3728/3639
f 3665/3615 3626/3586 3629/3595
f 3659/3640 3657/3593 3660/3641
f 3627/3642 3629/3595 3626/3586
f 3660/3641 3745/3643 3659/3640
f 3657/3593 3627/3642 3624/3585
f 3747/3644 3753/3645 3748/3646
f 3745/3643 3690/807 3659/3640
f 3746/3647 3755/2102 3745/3643
f 3698/2257 3691/2103 3755/2102
f 3698/2257 3747/3644 3697/3610
f 3697/3610 3748/3646 3703/3612
f 3757/3648 3703/3612 3748/3646
f 3758/3649 3702/3613 3703/3612
f 3756/3650 3748/3646 3753/3645
f 1576/2019 2085/1997 3702/3613
f 3757/3648 3761/3651 3759/3652
f 3205/3462 1387/719 3192/3577
f 3192/3577 1791/2206 3191/3550
f 3290/3557 1949/2204 3212/3556
f 317/183 259/151 391/230
f 2000/1868 3683/3603 3724/3622
f 3631/3596 3630/3637 3632/3589
f 3619/3653 3614/3602 3615/3654
f 3607/3579 756/426 2172/2107
f 3615/3654 3612/3606 3613/3581
f 3708/3628 3667/3608 3666/3597
f 3206/3464 376/718 3205/3462
f 1801/1633 3687/3655 1799/1635
f 3759/3652 3758/3649 3757/3648
f 1575/1378 3768/3656 1088/1379
f 3765/3657 1576/2019 3758/3649
f 1776/1630 1796/1637 1775/1608
f 1293/661 1290/649 1284/1792
f 1326/2200 1327/1729 12/2025
f 1294/657 1234/619 1290/649
f 878/626 1330/648 1337/652
f 497/3623 374/2231 498/2230
f 122/980 413/240 121/2834
f 3729/3629 3734/3658 3738/3632
f 3636/3659 3410/3590 3632/3589
f 3738/3632 3728/3639 3729/3629
f 3473/575 3740/3638 3471/3635
f 3734/3658 3452/3660 3467/3633
f 439/271 399/1352 438/269
f 1512/1053 1526/1098 1511/1054
f 1668/1475 1738/1567 1671/1474
f 839/3661 1362/2226 838/685
f 1362/2226 826/678 1012/521
f 3874/1428 1896/1589 3846/1967
f 2054/2009 2119/885 2118/887
f 3919/2118 2121/2085 2120/2059
f 696/1234 3847/3662 3862/877
f 1826/2773 639/1453 640/1452
f 3770/3663 3759/3652 3761/3651
f 956/3185 886/485 960/3494
f 1980/1838 1922/3460 807/450
f 33/18 105/111 164/110
f 1343/659 3887/666 3888/662
f 3938/2069 2129/2073 3933/2084
f 1766/1597 1582/1382 1594/1385
f 14/9 2165/2197 738/1807
f 595/354 99/1067 594/355
f 3237/2321 3250/2949 3249/2332
f 1346/664 1044/535 1352/878
f 748/1906 1425/800 747/799
f 3195/2232 3260/3536 3274/3535
f 3192/3577 3208/3566 3205/3462
f 3642/3514 3636/3659 3645/3636
f 3654/3664 3645/3636 3655/3592
f 3661/3594 3452/3660 3704/3614
f 3709/3630 3674/3607 3667/3608
f 3716/3620 3677/3598 3712/3617
f 3732/3627 3704/3614 3734/3658
f 3655/3592 3630/3637 3627/3642
f 3631/3596 3424/3665 3661/3594
f 3769/3666 3765/3657 3759/3652
f 3660/3641 3624/3585 3771/3667
f 3771/3667 3746/3647 3660/3641
f 1284/1792 1288/651 1285/1968
f 3728/3639 3710/3621 3709/3630
f 1778/1616 1780/1747 1779/1675
f 1792/2099 1584/1631 1789/1621
f 695/2132 571/346 694/612
f 3668/3631 3624/3585 3625/3587
f 3771/3667 3618/3599 3619/3653
f 3251/2950 3211/2938 3204/2948
f 3301/3668 3303/3669 3304/3670
f 3305/3671 3307/3672 3308/3673
f 3308/3673 3309/3674 3310/3675
f 3311/3676 3313/3677 3314/3678
f 3315/3679 3317/3680 3318/3681
f 3316/3682 3320/3683 3317/3680
f 3312/3684 3310/3675 3309/3674
f 3321/3685 3313/3677 3322/3686
f 3323/3687 3325/3688 3326/3689
f 3327/3690 3329/3691 3330/3692
f 3333/3693 3330/3692 3334/3694
f 3335/3695 3337/3696 3332/3697
f 3338/3698 3340/3699 3341/3700
f 3342/3701 3344/3702 3345/3703
f 3346/3704 3348/3705 3349/3706
f 3342/3701 3350/3707 3351/3708
f 3351/3708 3352/3709 3353/3710
f 3328/3711 3353/3710 3352/3709
f 3347/3712 3343/3713 3348/3705
f 3355/3714 3311/3676 3356/3715
f 3314/3678 3356/3715 3311/3676
f 3321/3685 3226/3716 3358/3717
f 3359/3718 3349/3706 3360/3719
f 3321/3685 3357/3720 3314/3678
f 3361/3721 3350/3707 3335/3695
f 3320/3683 3363/3722 3317/3680
f 3350/3707 3336/3723 3335/3695
f 3368/3724 3370/3725 3371/3726
f 3369/3727 3256/3728 3254/3729
f 3327/3690 3354/3730 3328/3711
f 3373/3731 3327/3690 3333/3693
f 3323/3687 3333/3693 3374/3732
f 3375/3733 3310/3675 3355/3714
f 3308/3673 3376/3734 3305/3671
f 3317/3680 3377/3735 3318/3681
f 3378/3736 3304/3670 3303/3669
f 3326/3689 3373/3731 3323/3687
f 3379/3737 3326/3689 3325/3688
f 3334/3694 3374/3732 3333/3693
f 3361/3721 3328/3711 3352/3709
f 3305/3671 3362/3738 3320/3683
f 3306/3739 3320/3683 3319/3740
f 3372/3741 3363/3722 3354/3730
f 3354/3730 3362/3738 3353/3710
f 3353/3710 3376/3734 3351/3708
f 3375/3733 3351/3708 3376/3734
f 3356/3715 3343/3713 3355/3714
f 3348/3705 3357/3720 3349/3706
f 3357/3720 3360/3719 3349/3706
f 3372/3741 3378/3736 3377/3735
f 3303/3669 3377/3735 3378/3736
f 3302/3742 3318/3681 3303/3669
f 3340/3699 3383/3743 3341/3700
f 3355/3714 3342/3701 3375/3733
f 3332/3697 3361/3721 3335/3695
f 3365/3744 3330/3692 3329/3691
f 3364/3745 3334/3694 3330/3692
f 3366/3746 3380/3747 3334/3694
f 3331/3748 3329/3691 3361/3721
f 3370/3725 3338/3698 3371/3726
f 3382/3749 3384/3750 3383/3743
f 3383/3743 3385/3751 3341/3700
f 3338/3698 3385/3751 3371/3726
f 3336/3723 3381/3752 3337/3696
f 3345/3703 3384/3750 3336/3723
f 3344/3702 3385/3751 3384/3750
f 3385/3751 3346/3704 3371/3726
f 3346/3704 3368/3724 3371/3726
f 3368/3724 3282/3753 3256/3728
f 3386/3754 3304/3670 3379/3737
f 3284/3572 3324/3755 3285/3554
f 3380/3747 3388/3756 3374/3732
f 3387/3757 3367/3758 3389/3759
f 3374/3732 3324/3755 3323/3687
f 3325/3688 3286/3571 3379/3737
f 3289/1580 3379/3737 3286/3571
f 3322/3686 3228/3760 3321/3685
f 3387/3757 3292/3555 3388/3756
f 3389/3759 3293/3562 3387/3757
f 3388/3756 3285/3554 3324/3755
f 3282/3753 3360/3719 3299/3761
f 3299/3761 3358/3717 3226/3716
f 3322/3686 2967/3170 3015/3229
f 2967/3170 3312/3684 222/307
f 222/307 3309/3674 223/308
f 223/308 3307/3672 3188/3510
f 3307/3672 3187/3509 3188/3510
f 3306/3739 2979/3189 3187/3509
f 3319/3740 1213/1242 2979/3189
f 3316/3682 1214/1243 1213/1242
f 2534/3080 3315/3679 3302/3742
f 2896/3081 3302/3742 3301/3668
f 2873/3762 3301/3668 3386/3754
f 3259/3537 3244/2319 3246/3498
f 3291/3763 3015/3229 2153/3496
f 1997/1865 1889/1739 1892/2003
f 1237/1257 744/838 855/914
f 1535/1782 120/1816 121/2834
f 1531/1119 201/137 214/136
f 1119/1151 1032/1066 984/1022
f 946/478 824/489 947/488
f 163/213 5/6 162/2842
f 3619/3653 3753/3645 3771/3667
f 1155/573 1162/581 1164/582
f 427/280 327/1304 424/457
f 553/1454 796/1498 498/2230
f 3390/3764 2233/2303 2239/2305
f 3390/3764 2232/2301 2234/2300
f 2239/2305 3182/3765 3390/3764
f 3392/3766 3394/3767 3391/3768
f 3393/3769 3396/3770 3394/3767
f 3395/3771 3398/3772 3396/3770
f 3397/3773 3400/3774 3398/3772
f 3401/3775 3403/3776 3404/3777
f 3404/3777 3405/3778 3406/3779
f 3407/3780 3406/3779 3405/3778
f 3409/3588 3408/3781 3407/3780
f 3412/3782 3414/3625 3411/3626
f 3415/3783 3413/3784 3412/3782
f 3417/3785 3416/3786 3415/3783
f 3419/3787 3418/3788 3417/3785
f 3421/3789 3420/3790 3419/3787
f 3424/3665 3407/3780 3423/3791
f 3423/3791 3405/3778 3425/3792
f 3425/3792 3403/3776 3426/3793
f 3426/3793 3402/3794 3427/3795
f 3402/3794 3429/3796 3427/3795
f 3428/3797 3430/3798 3429/3796
f 3399/3799 3431/3800 3430/3798
f 3397/3773 3432/3801 3431/3800
f 3395/3771 3433/3802 3432/3801
f 3393/3769 3434/3803 3433/3802
f 3434/3803 3435/3804 3186/3506
f 2906/3094 3437/3805 2949/3152
f 3438/3806 2906/3094 2904/3807
f 3439/3808 2904/3807 2878/3064
f 2877/3066 3439/3808 2878/3064
f 3441/3809 2735/2909 2738/2908
f 2827/3009 3444/3810 2826/3006
f 3446/3811 3448/3812 3445/3813
f 3450/3814 3445/3813 3449/3815
f 2726/2898 3443/3816 2827/3009
f 3445/3813 3117/3364 3119/3367
f 3449/3815 3119/3367 3121/3369
f 3452/3660 3423/3791 3451/3817
f 3451/3817 3425/3792 3453/3818
f 3453/3818 3426/3793 3454/3819
f 3454/3819 3427/3795 3455/3820
f 3455/3820 3429/3796 3456/3821
f 3429/3796 3457/3822 3456/3821
f 3430/3798 3458/3823 3457/3822
f 3431/3800 3459/3824 3458/3823
f 3432/3801 3460/3825 3459/3824
f 3433/3802 3461/3826 3460/3825
f 3434/3803 3058/3277 3461/3826
f 3460/3825 2255/2334 2254/2336
f 3459/3824 2254/2336 1727/1790
f 3458/3823 1727/1790 2151/2273
f 3457/3822 2151/2273 1941/2194
f 3462/3827 3457/3822 1941/2194
f 3463/3828 3456/3821 3462/3827
f 3464/3829 3455/3820 3463/3828
f 3465/3830 3454/3819 3464/3829
f 3451/3817 3465/3830 3466/3831
f 3452/3660 3466/3831 3467/3633
f 3468/3832 3467/3633 3466/3831
f 3466/3831 3464/3829 3468/3832
f 3468/3832 3463/3828 3470/3833
f 3471/3635 3468/3832 3470/3833
f 3470/3833 3462/3827 3472/3834
f 3473/575 3470/3833 3472/3834
f 3472/3834 1941/2194 1360/2001
f 3413/3784 3410/3590 3414/3625
f 3416/3786 3408/3781 3413/3784
f 3418/3788 3406/3779 3416/3786
f 3420/3790 3404/3777 3418/3788
f 3474/3835 3422/3836 3421/3789
f 3476/3837 3478/3838 3475/3839
f 3474/3835 3440/3840 3442/3841
f 3479/3842 3475/3839 3474/3835
f 3447/3843 3441/3809 3444/3810
f 3476/3837 3447/3843 3446/3811
f 3477/3844 3446/3811 3450/3814
f 3480/3845 3477/3844 3481/3846
f 3481/3846 3450/3814 3482/3847
f 3482/3847 3449/3815 2714/3848
f 2714/3848 3121/3369 3130/3379
f 3484/3849 3481/3846 3483/3850
f 3483/3850 3482/3847 3485/3851
f 3485/3851 2714/3848 2713/2888
f 3486/3852 2713/2888 2402/2478
f 3487/3853 3485/3851 3486/3852
f 3488/3854 3483/3850 3487/3853
f 3401/3775 3422/3836 3489/3855
f 3475/3839 3489/3855 3422/3836
f 3428/3797 3401/3775 3489/3855
f 3399/3799 3489/3855 3400/3774
f 3478/3838 3400/3774 3489/3855
f 3398/3772 3480/3845 3484/3849
f 3396/3770 3484/3849 3488/3854
f 3394/3767 3488/3854 3490/3856
f 3491/3857 2402/2478 2404/2477
f 3492/3858 3486/3852 3491/3857
f 3490/3856 3487/3853 3492/3858
f 3493/3859 2404/2477 2709/2884
f 3060/3279 2709/2884 2710/2887
f 3063/3281 3493/3859 3060/3279
f 3494/3860 3491/3857 3493/3859
f 3391/3768 3490/3856 3495/3861
f 3495/3861 3492/3858 3494/3860
f 3435/3804 3391/3768 3496/3862
f 3496/3862 3495/3861 1962/2034
f 3495/3861 3063/3281 1962/2034
f 1961/2036 3496/3862 1962/2034
f 3059/3507 3435/3804 3496/3862
f 3437/3805 3411/3626 3497/3863
f 3436/3864 3412/3782 3437/3805
f 3438/3806 3415/3783 3436/3864
f 3439/3808 3417/3785 3438/3806
f 3440/3840 3419/3787 3439/3808
f 3479/3842 3442/3841 3441/3809
f 3443/3816 3447/3843 3444/3810
f 2725/2897 3448/3812 3443/3816
f 2877/3066 3442/3841 3440/3840
f 2738/2908 3444/3810 3441/3809
f 2949/3152 3497/3863 3510/949
f 3473/575 1360/2001 3506/1438
f 1900/1742 1924/1781 1901/1741
f 1736/1561 1718/1841 1750/1591
f 1955/3488 1943/3865 1956/1911
f 1671/1474 1735/1560 1751/1592
f 1696/1506 1698/1516 1692/1505
f 1800/1634 1864/950 1801/1633
f 2064/1957 2057/1947 2061/2882
f 1737/1568 1717/1559 1736/1561
f 1751/1592 1697/1562 1695/1504
f 943/2088 3930/1394 684/369
f 3686/3605 3411/3626 3635/3513
f 1577/1531 1764/1605 1703/1510
f 3948/1606 1599/1525 3954/1511
f 1945/3866 82/61 1944/1912
f 68/49 7/2726 248/385
f 147/97 1543/1189 148/96
f 1109/544 1133/558 1102/542
f 1503/2788 1907/1832 1908/1813
f 1499/1010 1909/1814 1498/1223
f 452/274 735/399 215/2820
f 1824/1670 3866/3867 3876/2090
f 1825/1671 2069/2718 1824/1670
f 1463/3868 1022/532 1194/594
f 841/686 1009/522 1011/523
f 1568/1783 1955/3488 1534/1784
f 1926/1767 1927/1773 1923/628
f 1910/1831 1502/2763 1939/3869
f 1939/3869 422/256 442/487
f 309/1031 1940/1787 308/185
f 1804/1638 1866/3870 1803/1708
f 269/163 1954/1799 56/161
f 2066/1969 2061/2882 2057/1947
f 3843/3465 1758/3871 3866/3867
f 280/167 552/1276 1940/1787
f 1875/2146 1869/1714 1874/1715
f 1739/1582 1734/1558 1737/1568
f 1778/1616 1790/1678 1788/1622
f 310/184 1915/1757 279/1030
f 1909/1814 1906/1749 1954/1799
f 1789/1621 1778/1616 1788/1622
f 978/509 980/1401 979/733
f 1584/1631 1731/1549 1583/1381
f 425/1057 311/1436 312/178
f 148/96 115/80 116/109
f 2045/1720 3925/2017 2047/2133
f 277/242 1939/3869 551/1277
f 1943/3865 1945/3866 1944/1912
f 1461/936 1463/3868 1464/947
f 2255/2334 3058/3277 3057/3278
f 2983/3197 3498/3872 958/999
f 2211/2275 3498/3872 3057/3278
f 2256/3196 3057/3278 3498/3872
f 3000/3216 958/999 3498/3872
f 2828/3010 2723/2896 2726/2898
f 3499/3873 2723/2896 2819/3874
f 2818/2997 3499/3873 2819/3874
f 2336/3875 2298/2383 2337/2418
f 2300/2388 2336/3875 2338/2419
f 2303/2396 2338/2419 2340/2421
f 2313/2398 2340/2421 2356/2437
f 2314/2397 2356/2437 2357/2438
f 2361/2443 2363/2448 2362/2444
f 2337/2418 2361/2443 2362/2444
f 2416/3876 2367/2447 2366/2446
f 2415/2486 2363/2448 2367/2447
f 2357/2438 2542/2631 2543/2632
f 2543/2632 2541/2630 2544/2633
f 2724/3365 2741/3877 2740/2910
f 3116/3366 2740/2910 3115/3363
f 3112/3359 3123/3372 3122/3371
f 3110/3357 3122/3371 3115/3363
f 3124/3373 3129/3377 3128/3376
f 3114/3362 3128/3376 3123/3372
f 3129/3377 1753/1803 3137/3389
f 3141/3878 2531/2619 2544/2633
f 3774/3396 3135/3386 3141/3878
f 3499/3873 2742/2911 2741/3877
f 3500/3879 2791/2968 3499/3873
f 228/144 91/2877 88/65
f 245/1786 243/340 242/440
f 248/385 247/339 191/338
f 2/2 296/1187 295/1840
f 145/1011 300/2000 267/159
f 327/1304 210/134 328/394
f 329/332 331/1091 330/1095
f 250/142 228/144 236/341
f 239/1191 240/190 230/314
f 373/2850 375/3578 374/2231
f 178/2199 176/177 175/176
f 1218/606 1228/623 1321/642
f 3893/640 1295/667 3885/1793
f 808/445 824/489 823/447
f 3889/923 1013/550 1014/549
f 3844/782 1411/761 1413/779
f 2156/2149 2161/2156 2162/2162
f 3876/2090 1758/3871 1757/991
f 306/449 1922/3460 452/274
f 2159/2150 1976/3511 1977/1836
f 708/2182 2031/1913 1474/1914
f 1450/2169 1227/617 1428/2168
f 1672/1478 1605/1954 1624/1476
f 1813/3880 1821/1667 1816/1651
f 1717/1559 1715/1533 1718/1841
f 176/177 402/1493 347/1266
f 1710/1842 3947/1512 3946/1788
f 1712/1553 1577/1531 1711/1528
f 1705/1744 1711/1528 1704/1530
f 971/501 979/733 970/503
f 822/448 1094/552 1102/542
f 2911/3881 2795/2973 2794/2970
f 2812/3882 2797/2981 2795/2973
f 2801/2979 2251/2327 2802/2978
f 3692/3883 2912/3102 2801/2979
f 2771/2988 2803/2982 2797/2981
f 3179/3499 3180/3501 3181/3502
f 3180/3501 3182/3765 3181/3502
f 3183/3503 1393/1472 2802/2978
f 3183/3503 1632/1702 3184/3504
f 3184/3504 2246/2314 3185/3505
f 3185/3505 2245/2313 3182/3765
f 3501/3884 2792/2969 3500/3879
f 2810/3885 3500/3879 2818/2997
f 2241/3886 3601/3887 2242/3888
f 1149/2264 3600/3889 3597/3890
f 1150/1907 3593/3891 3600/3889
f 2204/2277 3591/1336 2015/2263
f 2923/3892 3590/1770 2925/3893
f 3594/3894 2134/2178 2930/3296
f 1777/1607 1759/3895 1792/2099
f 1201/598 1183/588 1184/590
f 3585/1769 2197/2251 2196/3896
f 3574/1460 2772/3897 2770/2951
f 3958/1519 1687/3508 1692/1505
f 1516/1966 154/104 503/356
f 3570/1590 2976/3312 2805/3412
f 3571/3898 2781/2967 2780/2957
f 2773/3326 3605/3899 3566/3900
f 3072/3298 3566/3900 3580/3901
f 3568/1640 2777/2990 2869/3057
f 1376/714 1370/705 1372/698
f 2769/3486 3577/3129 2208/2269
f 2197/2251 3563/819 2769/3486
f 2777/2990 3562/826 2778/2991
f 3386/3754 3565/1579 2873/3762
f 3835/2983 3558/3902 2808/3903
f 2778/2991 3557/1577 2807/2992
f 2242/3888 3552/3904 2922/3905
f 2922/3905 3699/3906 3649/3907
f 3569/2881 2788/2964 2781/2967
f 1805/1673 1851/959 1804/1638
f 3551/1048 2789/3056 2788/2964
f 2953/3438 3560/3908 3547/3909
f 2774/3325 3547/3909 3605/3899
f 2975/3182 3545/3910 3554/3911
f 2226/3382 3556/3912 3545/3910
f 1957/2870 320/983 510/985
f 306/449 304/1199 303/1201
f 2772/3897 3543/1171 2915/3105
f 2915/3105 3603/1170 2241/3886
f 2925/3893 3542/2826 2924/3293
f 308/185 431/262 47/191
f 207/131 132/90 543/1800
f 1879/1916 1881/1936 1880/2096
f 3763/3490 3539/1203 2090/2145
f 2477/2556 3580/3901 3537/3913
f 2478/3290 3537/3913 3535/3914
f 2225/2292 3535/3914 3556/3912
f 3534/1159 2805/3412 2804/3408
f 2038/3915 11/2191 1950/2024
f 1959/1999 450/272 505/634
f 2003/2065 3532/2127 2130/2176
f 9/2190 334/328 540/327
f 2009/2072 3529/3916 3593/3891
f 2008/2071 3554/3911 3529/3916
f 3908/1202 673/2296 3910/2063
f 3526/1789 2780/2957 2786/2962
f 2937/3917 3524/1695 2938/3136
f 111/3492 3597/3890 3522/3493
f 3520/3918 2937/3917 2940/3138
f 683/2797 3916/1392 943/2088
f 3518/1624 2812/3882 2911/3881
f 736/2821 732/2883 729/1874
f 1795/1629 1803/1708 1796/1637
f 3515/987 2940/3138 2941/3140
f 3517/958 2941/3140 2942/3142
f 2952/3155 3514/3919 2951/3154
f 2942/3142 3514/3919 3517/958
f 3832/3156 3523/1173 2952/3155
f 2870/3920 3512/992 2871/3349
f 2871/3349 3534/1159 2804/3408
f 1024/614 1023/593 1020/531
f 3510/949 2950/3153 2949/3152
f 551/1277 442/487 443/1275
f 2974/3181 3594/3894 2930/3296
f 2032/2097 3508/3921 2974/3181
f 216/138 1924/1781 1923/628
f 203/236 201/137 200/1213
f 1828/1677 1847/1694 1837/2119
f 1958/2101 449/273 450/272
f 272/350 178/2199 175/176
f 2873/3762 3504/1439 1361/1440
f 3649/3907 3589/2811 2923/3892
f 2803/2982 3673/3101 3692/3883
f 2005/2213 3684/1775 2178/2212
f 960/3494 899/2835 962/491
f 3687/3655 3642/3514 3654/3664
f 3810/3922 3676/3424 3153/3426
f 3153/3426 3623/2650 2557/2648
f 2195/2250 3653/2937 2196/3896
f 3637/3409 3147/3411 3146/3923
f 3633/3410 2763/2933 3147/3411
f 3622/3350 3146/3923 3106/3352
f 2928/3126 3664/3351 3105/3353
f 3664/3351 3106/3352 3105/3353
f 3785/3310 3776/3924 3783/2041
f 566/1320 3788/1776 2005/2213
f 3497/3863 1864/950 3510/949
f 1602/1399 2080/2005 2079/1984
f 2870/3920 3641/3125 2924/3293
f 2924/3293 3640/3124 2925/3893
f 2925/3893 3648/3116 2923/3892
f 3700/3117 2920/3114 3644/3115
f 3649/3907 3644/3115 2922/3905
f 2923/3892 3700/3117 3649/3907
f 2922/3905 3616/2308 2242/3888
f 3643/3113 2917/3108 2920/3114
f 2919/3121 3652/2947 3671/3111
f 2918/3123 3671/3111 3672/3110
f 2241/3886 3682/3106 2915/3105
f 2913/3925 3682/3106 2759/2930
f 3673/3101 2913/3925 2912/3102
f 2799/2980 3692/3883 3621/2977
f 2799/2980 3628/2927 2752/2975
f 3652/2947 2765/2941 2767/2944
f 3638/2929 2766/3347 2747/2918
f 2196/3896 3678/2935 2223/2291
f 2223/2291 3679/2936 2224/3311
f 2758/2942 3639/2928 2757/2926
f 2752/2975 3639/2928 2749/2920
f 3699/3906 1817/2135 3858/2160
f 3793/2780 1691/3926 1699/1518
f 2517/2601 3620/2649 2550/2639
f 2550/2639 3623/2650 2552/2641
f 2515/2599 3662/2611 3646/2609
f 2515/2599 3651/2610 2517/2601
f 2511/2595 3650/2378 2291/2593
f 2512/2604 3663/2592 2511/2595
f 2291/2593 3669/2371 2285/2376
f 2285/2376 3647/2370 2288/2373
f 2242/3888 3617/2310 2241/3886
f 3689/3609 3654/3664 3656/3591
f 716/377 3918/2086 3919/2118
f 727/375 3791/2110 1923/628
f 2167/3515 2172/2107 2166/2214
f 3690/807 3656/3591 3659/3640
f 3773/2042 3608/1774 3787/2040
f 2177/3580 769/419 770/1901
f 2101/630 2096/2007 2100/2011
f 3788/1776 3787/2040 3608/1774
f 640/1452 3595/3927 1826/2773
f 1653/1644 3574/1460 1651/1459
f 1895/2270 3546/3928 746/1283
f 746/1283 3555/3929 741/1282
f 1653/1644 3543/1171 3606/3930
f 3792/1609 1604/1398 1672/1478
f 2094/1754 2074/1977 2079/1984
f 959/517 995/1751 884/462
f 962/491 919/527 986/1594
f 1400/749 1398/747 1399/748
f 1000/1750 1127/551 1004/1610
f 956/3185 884/462 885/463
f 1662/1674 3571/3898 1661/1447
f 2034/1915 3567/3931 1654/1586
f 3957/2955 3558/3902 3833/3932
f 3552/3904 766/2136 1817/2135
f 3601/3887 765/2091 766/2136
f 334/328 3599/3933 335/326
f 1868/1766 3559/1492 1656/1491
f 1684/3934 1652/1508 1678/1015
f 1682/1806 775/423 1807/1018
f 1585/1001 3792/1609 1700/1002
f 3793/2780 1672/1478 1673/1477
f 2175/853 490/1457 491/424
f 1658/825 3568/1640 1752/1593
f 3577/3129 1650/2184 724/2057
f 1571/813 2010/2801 1572/1541
f 1587/1388 3701/2258 2081/2338
f 2100/2011 2078/1982 2095/1752
f 787/1780 1999/1869 786/1499
f 2000/1868 786/1499 1999/1869
f 3157/3935 3727/2678 3713/3448
f 3743/3439 3713/3448 3820/3447
f 2182/2218 3715/3936 3714/3434
f 3505/1664 3714/3434 3735/3119
f 1684/3934 3871/1019 1651/1459
f 1760/2207 3504/1439 3565/1579
f 2609/2705 3723/2686 2592/2684
f 2583/2673 3719/2706 2609/2705
f 2373/2458 3730/2585 3725/2687
f 2373/2458 3723/2686 2374/2456
f 2589/3314 3705/2680 2588/3313
f 2588/3313 3727/2678 339/512
f 2499/3172 3717/2586 2505/2692
f 2504/2693 3717/2586 3730/2585
f 2496/2576 3720/2578 2497/2577
f 3720/2578 2474/2552 2497/2577
f 3718/2555 2470/2549 2474/2552
f 3731/2548 2471/3937 2470/2549
f 726/397 3923/2049 630/395
f 581/383 3530/3938 580/343
f 10/2192 3598/3939 334/328
f 1837/2119 3520/3918 1849/986
f 741/1282 3536/3940 1300/638
f 1299/636 3579/3941 2034/1915
f 1851/959 3514/3919 1866/3870
f 3542/2826 1820/1772 1819/2825
f 580/343 3553/3942 1895/2270
f 1758/3871 3534/1159 3512/992
f 1693/1016 3518/1624 1806/861
f 3514/3919 1867/1709 1866/3870
f 1894/1733 3595/3927 3509/2880
f 2127/2259 3844/782 3872/2114
f 3937/2260 3872/2114 3943/2067
f 2114/2039 3898/2045 2111/2038
f 2181/2217 3820/3447 3715/3936
f 624/360 3935/2062 623/361
f 2194/2248 3819/3427 3810/3922
f 2179/2216 3818/1204 3763/3490
f 1364/2125 3864/681 1338/654
f 3889/923 1470/3943 1453/906
f 3137/3389 3805/3387 3774/3396
f 2070/2055 3866/3867 2069/2718
f 1351/879 3884/671 1352/878
f 2109/3944 3932/1764 499/305
f 2090/2145 3766/3442 3763/3490
f 3859/684 1358/683 866/682
f 2001/2064 3813/3485 2189/2244
f 2189/2244 3749/3436 2092/3489
f 2131/2276 3782/3482 2004/2066
f 2004/2066 3779/3483 2001/2064
f 2014/2074 3809/3477 2203/2262
f 2203/2262 3786/3478 2131/2276
f 3169/3470 3789/3177 2971/3176
f 3170/3472 3750/3474 3169/3470
f 3161/3454 3794/3456 3162/3457
f 3162/3457 3795/3321 3083/3320
f 3760/3455 3160/3945 337/3449
f 3160/3945 3739/3453 3161/3454
f 2202/2254 3760/3455 3752/3445
f 3715/3936 3772/3417 2206/3435
f 3752/3445 2199/2255 2202/2254
f 3821/3443 2093/2144 3751/3437
f 3804/3444 3751/3437 2199/2255
f 3156/3446 3821/3443 3804/3444
f 3157/3935 3736/3441 3156/3446
f 2092/3489 3751/3437 2093/2144
f 2198/2252 3780/3416 3806/3431
f 2195/2250 3806/3431 3811/3430
f 3634/3421 3811/3430 3819/3427
f 2087/3946 3810/3922 3808/3425
f 2088/2141 3808/3425 3807/3422
f 2206/3435 3781/3415 2207/2268
f 2207/2268 3780/3416 3150/3432
f 3940/2181 574/391 692/379
f 2125/2173 3807/3422 3790/3403
f 2210/2272 3790/3403 3812/3383
f 3741/3390 3142/3399 3139/3392
f 3815/3398 3140/3395 3142/3399
f 3775/3397 3141/3878 3140/3395
f 3801/3394 3138/3393 2324/2406
f 3742/3391 3139/3392 3138/3393
f 3805/3387 3133/3385 3135/3386
f 3797/3384 3134/3400 3133/3385
f 1813/3880 3869/1653 1814/1665
f 1293/661 3887/666 1344/660
f 2186/2220 3778/2405 3762/3324
f 2183/2221 3762/3324 3764/3317
f 3795/3321 3081/3319 3083/3320
f 3798/3318 3082/3323 3081/3319
f 709/1338 3906/2129 2031/1913
f 2776/2954 3767/3165 3799/3291
f 3817/3292 2135/2179 3582/3947
f 3840/413 766/2136 765/2091
f 2970/3174 3796/3164 2961/3163
f 2971/3176 3814/3179 2970/3174
f 2960/3168 3767/3165 2963/3166
f 2133/3433 3796/3164 2962/3180
f 2323/3355 3801/3394 3778/2405
f 3891/849 1449/2113 28/2112
f 3936/2157 582/1461 710/1383
f 3917/2165 577/3099 574/391
f 3878/1659 1818/1771 3858/2160
f 705/2159 3918/2086 2122/2089
f 3847/3662 3938/2069 698/388
f 2112/2124 3942/2043 2114/2039
f 3841/781 1366/2126 1411/761
f 1812/1654 3853/1652 1815/1661
f 675/1662 3883/2094 674/3187
f 3505/1664 3882/2093 675/1662
f 2111/2038 3899/2033 2110/2031
f 2105/2026 3932/1764 2107/1763
f 2110/2031 3930/1394 944/1393
f 3873/1427 703/390 739/482
f 1680/1844 3877/1017 1684/3934
f 1639/1435 3850/1411 3849/2121
f 623/361 3937/2260 697/1233
f 2140/2130 3897/2015 3896/2122
f 1808/1645 3875/2092 3868/1643
f 3851/1669 1819/2825 1820/1772
f 3903/2087 3931/633 706/1340
f 1646/1434 3861/1445 1648/1442
f 3920/2164 633/2170 577/3099
f 2140/2130 3906/2129 18/12
f 2158/2152 3902/2166 3905/2153
f 674/3187 3944/2104 3900/2134
f 2118/887 3843/3465 2070/2055
f 1815/1661 3878/1659 3854/1657
f 3886/910 1444/846 1470/3943
f 697/1233 3943/2067 3847/3662
f 866/682 3867/603 3859/684
f 3895/2180 2137/2131 2136/632
f 3615/3654 3756/3650 3619/3653
f 3613/3581 3761/3651 3615/3654
f 3783/2041 3768/3656 3769/3666
f 3770/3663 3611/3583 3773/2042
f 1088/1379 3776/3924 1093/811
f 3769/3666 3773/2042 3783/2041
f 2793/2972 3502/3948 2794/2970
f 3501/3884 2809/2984 3502/3948
f 2794/2970 3503/3949 2911/3881
f 3502/3948 2808/3903 3503/3949
f 3518/1624 3503/3949 3527/3950
f 3527/3950 2808/3903 3558/3902
f 2950/3153 3822/1174 3832/3156
f 2106/2046 3927/2029 2105/2026
f 3557/1577 3835/2983 2807/2992
f 680/1417 3907/1939 683/2797
f 1891/2175 3941/1730 3922/2171
f 2907/3096 3832/3156 2952/3155
f 2902/3089 3830/3098 2907/3096
f 2903/3092 3838/3091 2879/3093
f 2736/2907 3837/3067 3825/3060
f 2879/3093 3837/3067 2880/3065
f 2822/3002 3825/3060 2874/3059
f 2820/3054 3823/3012 2829/3011
f 2825/3008 3823/3012 2828/3010
f 2824/3017 3829/3001 2823/3003
f 2821/3005 3831/3951 3829/3001
f 2819/3874 3826/2998 2818/2997
f 2811/2993 3826/2998 2817/3000
f 2810/3885 3834/2985 2809/2984
f 2807/2992 3834/2985 2806/2987
f 1702/1513 3954/1511 1599/1525
f 3953/1627 1797/1636 1802/1626
f 3946/1788 1706/1514 1709/1000
f 3949/1520 1692/1505 1698/1516
f 1657/1917 3911/1728 1879/1916
f 1890/1740 3926/1617 3941/1730
f 3802/1648 1674/1483 1675/862
f 1689/3952 3802/1648 3803/1625
f 3957/2955 3557/1577 1688/3953
f 3527/3950 1689/3952 3803/1625
f 3948/1606 1703/1510 1764/1605
f 1598/1396 3959/1602 1770/1595
f 3911/1728 1876/1724 1879/1916
f 1691/3926 3956/2956 3958/1519
f 3956/2956 1688/3953 1687/3508
f 1117/547 1118/546 3961/3954
f 1066/641 1322/643 3961/3954
f 1243/618 847/624 3961/3954
f 3856/601 848/1432 3961/3954
f 1128/1522 1117/547 3961/3954
f 1129/560 1130/559 3961/3954
f 841/686 1011/523 3961/3954
f 1230/3955 3894/639 3961/3954
f 1242/650 1243/618 3961/3954
f 1322/643 1229/622 3961/3954
f 1064/592 1065/2174 3961/3954
f 1003/1611 1128/1522 3961/3954
f 1229/622 1230/3955 3961/3954
f 3894/639 1285/1968 3961/3954
f 1285/1968 1288/651 3961/3954
f 848/1432 839/3661 3961/3954
f 847/624 3856/601 3961/3954
f 1118/546 1129/560 3961/3954
f 1065/2174 1066/641 3961/3954
f 1087/569 1086/568 3961/3954
f 1008/520 1002/519 3961/3954
f 1011/523 1008/520 3961/3954
f 1002/519 1003/1611 3961/3954
f 1076/565 1069/567 3961/3954
f 838/685 841/686 3961/3954
f 839/3661 838/685 3961/3954
f 1288/651 1242/650 3961/3954
f 1130/559 1087/569 3961/3954
f 1086/568 1076/565 3961/3954
f 1069/567 1064/592 3961/3954
f 2412/2487 2416/3876 3962/3956
f 2413/2484 2412/2487 3962/3956
f 3647/2370 2287/2544 3962/3956
f 2396/2476 2395/2475 3962/3956
f 2395/2475 2398/2504 3962/3956
f 2283/2374 2288/2373 3962/3956
f 2284/2455 2282/2597 3962/3956
f 2400/2501 2401/3407 3962/3956
f 2467/2542 2466/2567 3962/3956
f 2398/2504 2399/2495 3962/3956
f 2472/2550 2471/3937 3962/3956
f 2401/3407 2418/2489 3962/3956
f 2482/2561 2397/2560 3962/3956
f 2461/2538 2482/2561 3962/3956
f 2371/2452 2284/2455 3962/3956
f 2462/3957 2461/2538 3962/3956
f 2417/3958 2413/2484 3962/3956
f 2418/2489 2417/3958 3962/3956
f 2366/2446 2365/2450 3962/3956
f 2288/2373 3647/2370 3962/3956
f 2466/2567 2472/2550 3962/3956
f 2471/3937 3733/2547 3962/3956
f 2287/2544 2467/2542 3962/3956
f 2416/3876 2366/2446 3962/3956
f 2397/2560 2396/2476 3962/3956
f 2365/2450 2369/2453 3962/3956
f 2399/2495 2400/2501 3962/3956
f 2282/2597 2283/2374 3962/3956
f 3733/2547 2462/3957 3962/3956
f 2369/2453 2371/2452 3962/3956
f 3965/3959 3968/3960 3969/3961
f 3965/3959 3970/3962 3966/3963
f 3963/3964 3968/3960 3964/3965
f 3969/3961 3974/3966 3970/3962
f 3968/3960 3971/3967 3972/3968
f 3968/3960 3973/3969 3969/3961
f 3973/3969 3978/3970 3974/3966
f 3972/3968 3975/3971 3976/3972
f 3973/3969 3976/3972 3977/3973
f 3978/3970 3981/3974 3982/3975
f 3975/3971 3980/3976 3976/3972
f 3976/3972 3981/3974 3977/3973
f 3981/3974 3986/3977 3982/3975
f 3980/3976 3983/3978 3984/3979
f 3981/3974 3984/3979 3985/3980
f 3986/3977 3989/3981 3990/3982
f 3984/3979 3987/3983 3988/3984
f 3984/3979 3989/3981 3985/3980
f 3990/3982 3993/3985 3994/3986
f 3988/3984 3991/3987 3992/3988
f 3989/3981 3992/3988 3993/3985
f 3993/3985 3998/3989 3994/3986
f 3991/3987 3996/3990 3992/3988
f 3992/3988 3997/3991 3993/3985
f 3997/3991 4002/3992 3998/3989
f 3996/3990 3999/3993 4000/3994
f 3997/3991 4000/3994 4001/3995
f 4001/3995 4006/3996 4002/3992
f 3999/3993 4004/3997 4000/3994
f 4000/3994 4005/3998 4001/3995
f 4005/3998 4010/3999 4006/3996
f 4004/3997 4007/4000 4008/4001
f 4005/3998 4008/4001 4009/4002
f 4010/3999 4013/4003 4014/4004
f 4007/4000 4012/4005 4008/4001
f 4008/4001 4013/4003 4009/4002
f 4013/4003 4018/4006 4014/4004
f 4012/4005 4015/4007 4016/4008
f 4013/4003 4016/4008 4017/4009
f 4018/4006 4021/4010 4022/4011
f 4015/4007 4020/4012 4016/4008
f 4016/4008 4021/4010 4017/4009
f 4022/4011 4025/4013 4026/4014
f 4020/4012 4023/4015 4024/4016
f 4021/4010 4024/4016 4025/4013
f 4026/4014 4029/4017 4030/4018
f 4023/4015 4028/4019 4024/4016
f 4024/4016 4029/4017 4025/4013
f 4029/4017 4034/4020 4030/4018
f 4028/4019 4031/4021 4032/4022
f 4029/4017 4032/4022 4033/4023
f 4033/4023 4038/4024 4034/4020
f 4031/4021 4036/4025 4032/4022
f 4032/4022 4037/4026 4033/4023
f 4037/4026 4042/4027 4038/4024
f 4036/4025 4039/4028 4040/4029
f 4037/4026 4040/4029 4041/4030
f 4042/4027 4045/4031 4046/4032
f 4039/4028 4044/4033 4040/4029
f 4040/4029 4045/4031 4041/4030
f 4045/4031 4050/4034 4046/4032
f 4044/4033 4047/4035 4048/4036
f 4045/4031 4048/4036 4049/4037
f 4050/4034 4053/4038 4054/4039
f 4047/4035 4052/4040 4048/4036
f 4048/4036 4053/4038 4049/4037
f 4054/4039 4057/4041 4058/4042
f 4052/4040 4055/4043 4056/4044
f 4053/4038 4056/4044 4057/4041
f 4058/4042 4061/4045 4062/4046
f 4055/4043 4060/4047 4056/4044
f 4056/4044 4061/4045 4057/4041
f 4062/4046 4065/4048 4066/4049
f 4060/4047 4063/4050 4064/4051
f 4061/4045 4064/4051 4065/4048
f 4065/4048 4070/4052 4066/4049
f 4063/4050 4068/4053 4064/4051
f 4064/4051 4069/4054 4065/4048
f 4069/4054 4074/4055 4070/4052
f 4068/4053 4071/4056 4072/4057
f 4069/4054 4072/4057 4073/4058
f 4074/4055 4077/4059 4078/4060
f 4071/4056 4076/4061 4072/4057
f 4072/4057 4077/4059 4073/4058
f 4077/4059 4082/4062 4078/4060
f 4076/4061 4079/4063 4080/4064
f 4077/4059 4080/4064 4081/4065
f 4082/4062 4086/4066 4087/4067
f 4079/4063 4085/4068 4080/4064
f 4080/4064 4086/4066 4081/4065
f 4087/4067 4090/4069 4091/4070
f 4084/4071 4089/4072 4085/4068
f 4086/4066 4089/4072 4090/4069
f 3963/3964 4083/4073 3967/4074
f 3967/4074 4083/4073 3971/3967
f 3971/3967 4083/4073 3975/3971
f 3975/3971 4083/4073 3979/4075
f 3979/4075 4083/4073 3983/3978
f 3983/3978 4083/4073 3987/3983
f 3987/3983 4083/4073 3991/3987
f 3991/3987 4083/4073 3995/4076
f 3995/4076 4083/4073 3999/3993
f 3999/3993 4083/4073 4003/4077
f 4003/4077 4083/4073 4007/4000
f 4007/4000 4083/4073 4011/4078
f 4011/4078 4083/4073 4015/4007
f 4015/4007 4083/4073 4019/4079
f 4019/4079 4083/4073 4023/4015
f 4023/4015 4083/4073 4027/4080
f 4027/4080 4083/4073 4031/4021
f 4031/4021 4083/4073 4035/4081
f 4035/4081 4083/4073 4039/4028
f 4039/4028 4083/4073 4043/4082
f 4043/4082 4083/4073 4047/4035
f 4047/4035 4083/4073 4051/4083
f 4051/4083 4083/4073 4055/4043
f 4055/4043 4083/4073 4059/4084
f 4059/4084 4083/4073 4063/4050
f 4063/4050 4083/4073 4067/4085
f 4067/4085 4083/4073 4071/4056
f 4071/4056 4083/4073 4075/4086
f 4075/4086 4083/4073 4079/4063
f 4079/4063 4083/4073 4084/4071
f 4084/4071 4083/4073 4088/4087
f 4091/4070 3965/3959 3966/3963
f 4089/4072 3963/3964 3964/3965
f 4089/4072 3965/3959 4090/4069
f 4088/4087 4083/4073 3963/3964
f 4101/4088 4114/4089 4115/4090
f 4098/4091 4113/4092 4099/4093
f 4096/4094 4109/4095 4110/4096
f 4094/4097 4107/4098 4108/4099
f 4103/4100 4118/4101 4104/4102
f 4101/4088 4116/4103 4102/4104
f 4099/4093 4114/4089 4100/4105
f 4097/4106 4110/4096 4112/4107
f 4094/4097 4109/4095 4095/4108
f 4092/4109 4107/4098 4093/4110
f 4104/4102 4119/4111 4105/4112
f 4103/4100 4116/4103 4117/4113
f 4108/4099 4123/4114 4109/4095
f 4106/4115 4121/4116 4107/4098
f 4119/4111 4132/4117 4133/4118
f 4116/4103 4131/4119 4117/4113
f 4115/4090 4128/4120 4129/4121
f 4111/4122 4127/4123 4113/4092
f 4110/4096 4123/4114 4124/4124
f 4108/4099 4121/4116 4122/4125
f 4118/4101 4131/4119 4132/4117
f 4115/4090 4130/4126 4116/4103
f 4113/4092 4128/4120 4114/4089
f 4112/4107 4124/4124 4125/4127
f 4122/4125 4137/4128 4123/4114
f 4121/4116 4134/4129 4135/4130
f 4132/4117 4147/4131 4133/4118
f 4130/4126 4145/4132 4131/4119
f 4129/4121 4142/4133 4143/4134
f 4126/4135 4141/4136 4127/4123
f 4123/4114 4138/4137 4124/4124
f 4122/4125 4135/4130 4136/4138
f 4131/4119 4146/4139 4132/4117
f 4129/4121 4144/4140 4130/4126
f 4128/4120 4141/4136 4142/4133
f 4125/4127 4138/4137 4139/4141
f 4137/4128 4150/4142 4151/4143
f 4134/4129 4149/4144 4135/4130
f 4147/4131 4160/4145 4161/4146
f 4145/4132 4158/4147 4159/4148
f 4142/4133 4157/4149 4143/4134
f 4140/4150 4155/4151 4141/4136
f 4137/4128 4152/4152 4138/4137
f 4135/4130 4150/4142 4136/4138
f 4145/4132 4160/4145 4146/4139
f 4144/4140 4157/4149 4158/4147
f 4142/4133 4155/4151 4156/4153
f 4139/4141 4152/4152 4153/4154
f 4150/4142 4165/4155 4151/4143
f 4149/4144 4162/4156 4163/4157
f 4160/4145 4175/4158 4161/4146
f 4159/4148 4172/4159 4173/4160
f 4156/4153 4171/4161 4157/4149
f 4155/4151 4168/4162 4169/4163
f 4152/4152 4165/4155 4166/4164
f 4149/4144 4164/4165 4150/4142
f 4160/4145 4173/4160 4174/4166
f 4158/4147 4171/4161 4172/4159
f 4155/4151 4170/4167 4156/4153
f 4152/4152 4167/4168 4153/4154
f 4165/4155 4178/4169 4179/4170
f 4162/4156 4177/4171 4163/4157
f 4175/4158 4188/4172 4189/4173
f 4173/4160 4186/4174 4187/4175
f 4170/4167 4185/4176 4171/4161
f 4168/4162 4183/4177 4169/4163
f 4166/4164 4179/4170 4180/4178
f 4163/4157 4178/4169 4164/4165
f 4174/4166 4187/4175 4188/4172
f 4172/4159 4185/4176 4186/4174
f 4169/4163 4184/4179 4170/4167
f 4167/4168 4180/4178 4181/4180
f 4179/4170 4192/4181 4193/4182
f 4177/4171 4190/4183 4191/4184
f 4188/4172 4203/4185 4189/4173
f 4187/4175 4200/4186 4201/4187
f 4184/4179 4199/4188 4185/4176
f 4182/4189 4197/4190 4183/4177
f 4179/4170 4194/4191 4180/4178
f 4177/4171 4192/4181 4178/4169
f 4187/4175 4202/4192 4188/4172
f 4186/4174 4199/4188 4200/4186
f 4184/4179 4197/4190 4198/4193
f 4181/4180 4194/4191 4196/4194
f 4193/4182 4206/4195 4207/4196
f 4191/4184 4204/4197 4205/4198
f 4202/4192 4217/4199 4203/4185
f 4200/4186 4215/4200 4201/4187
f 4198/4193 4213/4201 4199/4188
f 4197/4190 4210/4202 4211/4203
f 4193/4182 4208/4204 4194/4191
f 4191/4184 4206/4195 4192/4181
f 4202/4192 4215/4200 4216/4205
f 4200/4186 4213/4201 4214/4206
f 4198/4193 4211/4203 4212/4207
f 4194/4191 4209/4208 4196/4194
f 4206/4195 4221/4209 4207/4196
f 4204/4197 4219/4210 4205/4198
f 4216/4205 4231/4211 4217/4199
f 4215/4200 4228/4212 4229/4213
f 4213/4201 4226/4214 4227/4215
f 4210/4202 4225/4216 4211/4203
f 4208/4204 4221/4209 4222/4217
f 4206/4195 4219/4210 4220/4218
f 4215/4200 4230/4219 4216/4205
f 4213/4201 4228/4212 4214/4206
f 4211/4203 4226/4214 4212/4207
f 4209/4208 4222/4217 4223/4220
f 4220/4218 4235/4221 4221/4209
f 4218/4222 4233/4223 4219/4210
f 4231/4211 4244/4224 4245/4225
f 4228/4212 4243/4226 4229/4213
f 4227/4215 4240/4227 4241/4228
f 4224/4229 4239/4230 4225/4216
f 4222/4217 4235/4221 4236/4231
f 4220/4218 4233/4223 4234/4232
f 4230/4219 4243/4226 4244/4224
f 4227/4215 4242/4233 4228/4212
f 4225/4216 4240/4227 4226/4214
f 4223/4220 4236/4231 4238/4234
f 4234/4232 4249/4235 4235/4221
f 4233/4223 4246/4236 4247/4237
f 4244/4224 4259/4238 4245/4225
f 4242/4233 4257/4239 4243/4226
f 4241/4228 4254/4240 4255/4241
f 4237/4242 4253/4243 4239/4230
f 4235/4221 4250/4244 4236/4231
f 4234/4232 4247/4237 4248/4245
f 4243/4226 4258/4246 4244/4224
f 4241/4228 4256/4247 4242/4233
f 4240/4227 4253/4243 4254/4240
f 4238/4234 4250/4244 4252/4248
f 4249/4235 4262/4249 4263/4250
f 4246/4236 4261/4251 4247/4237
f 4259/4238 4272/4252 4273/4253
f 4256/4247 4271/4254 4257/4239
f 4254/4240 4269/4255 4255/4241
f 4251/4256 4267/4257 4253/4243
f 4249/4235 4264/4258 4250/4244
f 4247/4237 4262/4249 4248/4245
f 4257/4239 4272/4252 4258/4246
f 4256/4247 4269/4255 4270/4259
f 4254/4240 4267/4257 4268/4260
f 4252/4248 4264/4258 4266/4261
f 4262/4249 4277/4262 4263/4250
f 4261/4251 4274/4263 4275/4264
f 4272/4252 4287/4265 4273/4253
f 4270/4259 4285/4266 4271/4254
f 4269/4255 4282/4267 4283/4268
f 4267/4257 4280/4269 4281/4270
f 4264/4258 4277/4262 4278/4271
f 4261/4251 4276/4272 4262/4249
f 4272/4252 4285/4266 4286/4273
f 4270/4259 4283/4268 4284/4274
f 4267/4257 4282/4267 4268/4260
f 4264/4258 4279/4275 4266/4261
f 4277/4262 4290/4276 4291/4277
f 4274/4263 4289/4278 4275/4264
f 4287/4265 4300/4279 4301/4280
f 4285/4266 4298/4281 4299/4282
f 4282/4267 4297/4283 4283/4268
f 4280/4269 4295/4284 4281/4270
f 4278/4271 4291/4277 4292/4285
f 4275/4264 4290/4276 4276/4272
f 4286/4273 4299/4282 4300/4279
f 4284/4274 4297/4283 4298/4281
f 4281/4270 4296/4286 4282/4267
f 4279/4275 4292/4285 4294/4287
f 4291/4277 4304/4288 4305/4289
f 4289/4278 4302/4290 4303/4291
f 4300/4279 4315/4292 4301/4280
f 4299/4282 4312/4293 4313/4294
f 4296/4286 4311/4295 4297/4283
f 4293/4296 4309/4297 4295/4284
f 4291/4277 4306/4298 4292/4285
f 4289/4278 4304/4288 4290/4276
f 4299/4282 4314/4299 4300/4279
f 4298/4281 4311/4295 4312/4293
f 4296/4286 4309/4297 4310/4300
f 4294/4287 4306/4298 4307/4301
f 4305/4289 4318/4302 4319/4303
f 4303/4291 4316/4304 4317/4305
f 4314/4299 4329/4306 4315/4292
f 4312/4293 4327/4307 4313/4294
f 4310/4300 4325/4308 4311/4295
f 4309/4297 4322/4309 4323/4310
f 4305/4289 4320/4311 4306/4298
f 4303/4291 4318/4302 4304/4288
f 4313/4294 4328/4312 4314/4299
f 4312/4293 4325/4308 4326/4313
f 4310/4300 4323/4310 4324/4314
f 4306/4298 4321/4315 4307/4301
f 4318/4302 4333/4316 4319/4303
f 4316/4304 4331/4317 4317/4305
f 4329/4306 4342/4318 4343/4319
f 4327/4307 4340/4320 4341/4321
f 4325/4308 4338/4322 4339/4323
f 4322/4309 4337/4324 4323/4310
f 4320/4311 4333/4316 4334/4325
f 4318/4302 4331/4317 4332/4326
f 4328/4312 4341/4321 4342/4318
f 4325/4308 4340/4320 4326/4313
f 4323/4310 4338/4322 4324/4314
f 4321/4315 4334/4325 4336/4327
f 4332/4326 4347/4328 4333/4316
f 4330/4329 4345/4330 4331/4317
f 4343/4319 4356/4331 4357/4332
f 4340/4320 4355/4333 4341/4321
f 4339/4323 4352/4334 4353/4335
f 4335/4336 4351/4337 4337/4324
f 4334/4325 4347/4328 4348/4338
f 4332/4326 4345/4330 4346/4339
f 4342/4318 4355/4333 4356/4331
f 4339/4323 4354/4340 4340/4320
f 4337/4324 4352/4334 4338/4322
f 4336/4327 4348/4338 4349/4341
f 4346/4339 4361/4342 4347/4328
f 4345/4330 4358/4343 4359/4344
f 4356/4331 4371/4345 4357/4332
f 4354/4340 4369/4346 4355/4333
f 4353/4335 4366/4347 4367/4348
f 4350/4349 4365/4350 4351/4337
f 4347/4328 4362/4351 4348/4338
f 4346/4339 4359/4344 4360/4352
f 4355/4333 4370/4353 4356/4331
f 4354/4340 4367/4348 4368/4354
f 4352/4334 4365/4350 4366/4347
f 4349/4341 4362/4351 4364/4355
f 4360/4352 4375/4356 4361/4342
f 4358/4343 4373/4357 4359/4344
f 4371/4345 4384/4358 4385/4359
f 4369/4346 4382/4360 4383/4361
f 4367/4348 4380/4362 4381/4363
f 4363/4364 4379/4365 4365/4350
f 4361/4342 4376/4366 4362/4351
f 4360/4352 4373/4357 4374/4367
f 4369/4346 4384/4358 4370/4353
f 4367/4348 4382/4360 4368/4354
f 4366/4347 4379/4365 4380/4362
f 4362/4351 4378/4368 4364/4355
f 4374/4367 4389/4369 4375/4356
f 4373/4357 4386/4370 4387/4371
f 4384/4358 4399/4372 4385/4359
f 4382/4360 4397/4373 4383/4361
f 4381/4363 4394/4374 4395/4375
f 4379/4365 4392/4376 4393/4377
f 4376/4366 4389/4369 4390/4378
f 4373/4357 4388/4379 4374/4367
f 4384/4358 4397/4373 4398/4380
f 4382/4360 4395/4375 4396/4381
f 4379/4365 4394/4374 4380/4362
f 4376/4366 4391/4382 4378/4368
f 4389/4369 4403/4383 4404/4384
f 4386/4370 4402/4385 4387/4371
f 4399/4372 4413/4386 4414/4387
f 4397/4373 4411/4388 4412/4389
f 4394/4374 4410/4390 4395/4375
f 4393/4377 4407/4391 4408/4392
f 4390/4378 4404/4384 4405/4393
f 4387/4371 4403/4383 4388/4379
f 4398/4380 4412/4389 4413/4386
f 4396/4381 4410/4390 4411/4388
f 4393/4377 4409/4394 4394/4374
f 4390/4378 4406/4395 4391/4382
f 4404/4384 4417/4396 4418/4397
f 4402/4385 4415/4398 4416/4399
f 4413/4386 4428/4400 4414/4387
f 4412/4389 4425/4401 4426/4402
f 4409/4394 4424/4403 4410/4390
f 4408/4392 4420/4404 4422/4405
f 4404/4384 4419/4406 4405/4393
f 4402/4385 4417/4396 4403/4383
f 4412/4389 4427/4407 4413/4386
f 4411/4388 4424/4403 4425/4401
f 4409/4394 4422/4405 4423/4408
f 4405/4393 4421/4409 4406/4395
f 4418/4397 4431/4410 4432/4411
f 4416/4399 4429/4412 4430/4413
f 4428/4400 4441/4414 4442/4415
f 4425/4401 4440/4416 4426/4402
f 4423/4408 4438/4417 4424/4403
f 4422/4405 4434/4418 4436/4419
f 4418/4397 4433/4420 4419/4406
f 4416/4399 4431/4410 4417/4396
f 4427/4407 4440/4416 4441/4414
f 4425/4401 4438/4417 4439/4421
f 4423/4408 4436/4419 4437/4422
f 4419/4406 4435/4423 4421/4409
f 4431/4410 4446/4424 4432/4411
f 4429/4412 4444/4425 4430/4413
f 4441/4414 4456/4426 4442/4415
f 4440/4416 4453/4427 4454/4428
f 4438/4417 4451/4429 4452/4430
f 4434/4418 4450/4431 4436/4419
f 4433/4420 4446/4424 4447/4432
f 4431/4410 4444/4425 4445/4433
f 4440/4416 4455/4434 4441/4414
f 4438/4417 4453/4427 4439/4421
f 4436/4419 4451/4429 4437/4422
f 4435/4423 4447/4432 4448/4435
f 4445/4433 4460/4436 4446/4424
f 4443/4437 4458/4438 4444/4425
f 4456/4426 4469/4439 4470/4440
f 4453/4427 4468/4441 4454/4428
f 4452/4430 4465/4442 4466/4443
f 4450/4431 4463/4444 4464/4445
f 4447/4432 4460/4436 4461/4446
f 4445/4433 4458/4438 4459/4447
f 4455/4434 4468/4441 4469/4439
f 4452/4430 4467/4448 4453/4427
f 4450/4431 4465/4442 4451/4429
f 4447/4432 4462/4449 4448/4435
f 4459/4447 4474/4450 4460/4436
f 4458/4438 4471/4451 4472/4452
f 4469/4439 4484/4453 4470/4440
f 4467/4448 4482/4454 4468/4441
f 4466/4443 4479/4455 4480/4456
f 4464/4445 4476/4457 4478/4458
f 4460/4436 4475/4459 4461/4446
f 4459/4447 4472/4452 4473/4460
f 4468/4441 4483/4461 4469/4439
f 4466/4443 4481/4462 4467/4448
f 4465/4442 4478/4458 4479/4455
f 4461/4446 4477/4463 4462/4449
f 4474/4450 4487/4464 4488/4465
f 4471/4451 4486/4466 4472/4452
f 4484/4453 4497/4467 4498/4468
f 4482/4454 4495/4469 4496/4470
f 4480/4456 4493/4471 4494/4472
f 4476/4457 4492/4473 4478/4458
f 4474/4450 4489/4474 4475/4459
f 4473/4460 4486/4466 4487/4464
f 4482/4454 4497/4467 4483/4461
f 4480/4456 4495/4469 4481/4462
f 4479/4455 4492/4473 4493/4471
f 4477/4463 4489/4474 4490/4475
f 4487/4464 4502/4476 4488/4465
f 4485/4477 4500/4478 4486/4466
f 4497/4467 4512/4479 4498/4468
f 4495/4469 4510/4480 4496/4470
f 4494/4472 4507/4481 4508/4482
f 4492/4473 4505/4483 4506/4484
f 4489/4474 4502/4476 4503/4485
f 4486/4466 4501/4486 4487/4464
f 4497/4467 4510/4480 4511/4487
f 4495/4469 4508/4482 4509/4488
f 4492/4473 4507/4481 4493/4471
f 4489/4474 4504/4489 4490/4475
f 4502/4476 4515/4490 4516/4491
f 4499/4492 4514/4493 4500/4478
f 4512/4479 4525/4494 4526/4495
f 4510/4480 4523/4496 4524/4497
f 4507/4481 4522/4498 4508/4482
f 4505/4483 4520/4499 4506/4484
f 4503/4485 4516/4491 4517/4500
f 4500/4478 4515/4490 4501/4486
f 4511/4487 4524/4497 4525/4494
f 4508/4482 4523/4496 4509/4488
f 4506/4484 4521/4501 4507/4481
f 4504/4489 4517/4500 4519/4502
f 4516/4491 4529/4503 4530/4504
f 4514/4493 4527/4505 4528/4506
f 4525/4494 4540/4507 4526/4495
f 4524/4497 4537/4508 4538/4509
f 4521/4501 4536/4510 4522/4498
f 4518/4511 4534/4512 4520/4499
f 4516/4491 4531/4513 4517/4500
f 4514/4493 4529/4503 4515/4490
f 4524/4497 4539/4514 4525/4494
f 4523/4496 4536/4510 4537/4508
f 4521/4501 4534/4512 4535/4515
f 4519/4502 4531/4513 4533/4516
f 4400/4517 4105/4112 4119/4111
f 4400/4517 4119/4111 4133/4118
f 4400/4517 4133/4118 4147/4131
f 4400/4517 4147/4131 4161/4146
f 4400/4517 4161/4146 4175/4158
f 4400/4517 4175/4158 4189/4173
f 4400/4517 4189/4173 4203/4185
f 4400/4517 4203/4185 4217/4199
f 4400/4517 4217/4199 4231/4211
f 4400/4517 4231/4211 4245/4225
f 4400/4517 4245/4225 4259/4238
f 4400/4517 4259/4238 4273/4253
f 4400/4517 4273/4253 4287/4265
f 4400/4517 4287/4265 4301/4280
f 4400/4517 4301/4280 4315/4292
f 4400/4517 4315/4292 4329/4306
f 4400/4517 4329/4306 4343/4319
f 4400/4517 4343/4319 4357/4332
f 4400/4517 4357/4332 4371/4345
f 4400/4517 4371/4345 4385/4359
f 4400/4517 4385/4359 4399/4372
f 4400/4517 4399/4372 4414/4387
f 4400/4517 4414/4387 4428/4400
f 4400/4517 4428/4400 4442/4415
f 4400/4517 4442/4415 4456/4426
f 4400/4517 4456/4426 4470/4440
f 4400/4517 4470/4440 4484/4453
f 4400/4517 4484/4453 4498/4468
f 4400/4517 4498/4468 4512/4479
f 4400/4517 4512/4479 4526/4495
f 4400/4517 4526/4495 4540/4507
f 4530/4504 4094/4097 4095/4108
f 4528/4506 4092/4109 4093/4110
f 4540/4507 4104/4102 4105/4112
f 4537/4508 4103/4100 4538/4509
f 4535/4515 4101/4088 4536/4510
f 4534/4512 4098/4091 4099/4093
f 4530/4504 4096/4094 4531/4513
f 4528/4506 4094/4097 4529/4503
f 4400/4517 4540/4507 4105/4112
f 4539/4514 4103/4100 4104/4102
f 4537/4508 4101/4088 4102/4104
f 4535/4515 4099/4093 4100/4105
f 4531/4513 4097/4106 4533/4516
f 3966/3963 4527/4505 4091/4070
f 4527/4505 4087/4067 4091/4070
f 4513/4518 4082/4062 4087/4067
f 4499/4492 4078/4060 4082/4062
f 4078/4060 4471/4451 4074/4055
f 4074/4055 4457/4519 4070/4052
f 4070/4052 4443/4437 4066/4049
f 4443/4437 4062/4046 4066/4049
f 4062/4046 4415/4398 4058/4042
f 4415/4398 4054/4039 4058/4042
f 4401/4520 4050/4034 4054/4039
f 4386/4370 4046/4032 4050/4034
f 4046/4032 4358/4343 4042/4027
f 4042/4027 4344/4521 4038/4024
f 4038/4024 4330/4329 4034/4020
f 4330/4329 4030/4018 4034/4020
f 4030/4018 4302/4290 4026/4014
f 4302/4290 4022/4011 4026/4014
f 4288/4522 4018/4006 4022/4011
f 4274/4263 4014/4004 4018/4006
f 4014/4004 4246/4236 4010/3999
f 4010/3999 4232/4523 4006/3996
f 4006/3996 4218/4222 4002/3992
f 4218/4222 3998/3989 4002/3992
f 3998/3989 4190/4183 3994/3986
f 4190/4183 3990/3982 3994/3986
f 4176/4524 3986/3977 3990/3982
f 4162/4156 3982/3975 3986/3977
f 3982/3975 4134/4129 3978/3970
f 3978/3970 4120/4525 3974/3966
f 3974/3966 4106/4115 3970/3962
f 4106/4115 3966/3963 3970/3962
f 4543/4526 4546/4527 4547/4528
f 4543/4526 4548/4529 4544/4530
f 4542/4531 4545/4532 4546/4527
f 4547/4528 4552/4533 4548/4529
f 4545/4532 4550/4534 4546/4527
f 4546/4527 4551/4535 4547/4528
f 4551/4535 4556/4536 4552/4533
f 4550/4534 4553/4537 4554/4538
f 4551/4535 4554/4538 4555/4539
f 4556/4536 4559/4540 4560/4541
f 4553/4537 4558/4542 4554/4538
f 4554/4538 4559/4540 4555/4539
f 4559/4540 4564/4543 4560/4541
f 4558/4542 4561/4544 4562/4545
f 4559/4540 4562/4545 4563/4546
f 4564/4543 4567/4547 4568/4548
f 4561/4544 4566/4549 4562/4545
f 4562/4545 4567/4547 4563/4546
f 4568/4548 4571/4550 4572/4551
f 4566/4549 4569/4552 4570/4553
f 4567/4547 4570/4553 4571/4550
f 4572/4551 4575/4554 4576/4555
f 4569/4552 4574/4556 4570/4553
f 4570/4553 4575/4554 4571/4550
f 4576/4555 4579/4557 4580/4558
f 4574/4556 4577/4559 4578/4560
f 4575/4554 4578/4560 4579/4557
f 4579/4557 4584/4561 4580/4558
f 4577/4559 4582/4562 4578/4560
f 4578/4560 4583/4563 4579/4557
f 4583/4563 4588/4564 4584/4561
f 4581/4565 4586/4566 4582/4562
f 4583/4563 4586/4566 4587/4567
f 4588/4564 4591/4568 4592/4569
f 4585/4570 4590/4571 4586/4566
f 4586/4566 4591/4568 4587/4567
f 4591/4568 4596/4572 4592/4569
f 4590/4571 4593/4573 4594/4574
f 4591/4568 4594/4574 4595/4575
f 4596/4572 4599/4576 4600/4577
f 4593/4573 4598/4578 4594/4574
f 4594/4574 4599/4576 4595/4575
f 4600/4577 4603/4579 4604/4580
f 4597/4581 4602/4582 4598/4578
f 4599/4576 4602/4582 4603/4579
f 4604/4580 4607/4583 4608/4584
f 4602/4582 4605/4585 4606/4586
f 4602/4582 4607/4583 4603/4579
f 4607/4583 4612/4587 4608/4584
f 4605/4585 4610/4588 4606/4586
f 4607/4583 4610/4588 4611/4589
f 4611/4589 4616/4590 4612/4587
f 4610/4588 4613/4591 4614/4592
f 4610/4588 4615/4593 4611/4589
f 4615/4593 4620/4594 4616/4590
f 4614/4592 4617/4595 4618/4596
f 4615/4593 4618/4596 4619/4597
f 4620/4594 4623/4598 4624/4599
f 4617/4595 4622/4600 4618/4596
f 4618/4596 4623/4598 4619/4597
f 4623/4598 4628/4601 4624/4599
f 4622/4600 4625/4602 4626/4603
f 4623/4598 4626/4603 4627/4604
f 4628/4601 4631/4605 4632/4606
f 4625/4602 4630/4607 4626/4603
f 4626/4603 4631/4605 4627/4604
f 4632/4606 4635/4608 4636/4609
f 4630/4607 4633/4610 4634/4611
f 4631/4605 4634/4611 4635/4608
f 4635/4608 4640/4612 4636/4609
f 4633/4610 4638/4613 4634/4611
f 4634/4611 4639/4614 4635/4608
f 4639/4614 4644/4615 4640/4612
f 4638/4613 4641/4616 4642/4617
f 4639/4614 4642/4617 4643/4618
f 4643/4618 4648/4619 4644/4615
f 4641/4616 4646/4620 4642/4617
f 4642/4617 4647/4621 4643/4618
f 4647/4621 4652/4622 4648/4619
f 4646/4620 4649/4623 4650/4624
f 4647/4621 4650/4624 4651/4625
f 4652/4622 4655/4626 4656/4627
f 4649/4623 4654/4628 4650/4624
f 4650/4624 4655/4626 4651/4625
f 4655/4626 4660/4629 4656/4627
f 4654/4628 4657/4630 4658/4631
f 4655/4626 4658/4631 4659/4632
f 4660/4629 4664/4633 4665/4634
f 4657/4630 4663/4635 4658/4631
f 4658/4631 4664/4633 4659/4632
f 4665/4634 4668/4636 4669/4637
f 4663/4635 4666/4638 4667/4639
f 4664/4633 4667/4639 4668/4636
f 4541/4640 4661/4641 4545/4532
f 4545/4532 4661/4641 4549/4642
f 4549/4642 4661/4641 4553/4537
f 4553/4537 4661/4641 4557/4643
f 4557/4643 4661/4641 4561/4544
f 4561/4544 4661/4641 4565/4644
f 4565/4644 4661/4641 4569/4552
f 4569/4552 4661/4641 4573/4645
f 4573/4645 4661/4641 4577/4559
f 4577/4559 4661/4641 4581/4565
f 4581/4565 4661/4641 4585/4570
f 4585/4570 4661/4641 4589/4646
f 4589/4646 4661/4641 4593/4573
f 4593/4573 4661/4641 4597/4581
f 4597/4581 4661/4641 4601/4647
f 4601/4647 4661/4641 4605/4585
f 4605/4585 4661/4641 4609/4648
f 4609/4648 4661/4641 4613/4591
f 4613/4591 4661/4641 4617/4595
f 4617/4595 4661/4641 4621/4649
f 4621/4649 4661/4641 4625/4602
f 4625/4602 4661/4641 4629/4650
f 4629/4650 4661/4641 4633/4610
f 4633/4610 4661/4641 4637/4651
f 4637/4651 4661/4641 4641/4616
f 4641/4616 4661/4641 4645/4652
f 4645/4652 4661/4641 4649/4623
f 4649/4623 4661/4641 4653/4653
f 4653/4653 4661/4641 4657/4630
f 4657/4630 4661/4641 4662/4654
f 4662/4654 4661/4641 4666/4638
f 4669/4637 4543/4526 4544/4530
f 4666/4638 4542/4531 4667/4639
f 4667/4639 4543/4526 4668/4636
f 4666/4638 4661/4641 4541/4640
f 4679/4655 4692/4656 4693/4657
f 4675/4658 4691/4659 4677/4660
f 4674/4661 4687/4662 4688/4663
f 4672/4664 4685/4665 4686/4666
f 4682/4667 4695/4668 4696/4669
f 4679/4655 4694/4670 4680/4671
f 4677/4660 4692/4656 4678/4672
f 4676/4673 4688/4663 4690/4674
f 4672/4664 4687/4662 4673/4675
f 4670/4676 4685/4665 4671/4677
f 4683/4678 4696/4669 4697/4679
f 4681/4680 4694/4670 4695/4668
f 4686/4666 4701/4681 4687/4662
f 4684/4682 4699/4683 4685/4665
f 4697/4679 4710/4684 4711/4685
f 4694/4670 4709/4686 4695/4668
f 4693/4657 4706/4687 4707/4688
f 4691/4659 4703/4689 4705/4690
f 4688/4663 4701/4681 4702/4691
f 4686/4666 4699/4683 4700/4692
f 4696/4669 4709/4686 4710/4684
f 4693/4657 4708/4693 4694/4670
f 4691/4659 4706/4687 4692/4656
f 4688/4663 4704/4694 4690/4674
f 4700/4692 4715/4695 4701/4681
f 4699/4683 4712/4696 4713/4697
f 4710/4684 4725/4698 4711/4685
f 4708/4693 4723/4699 4709/4686
f 4707/4688 4720/4700 4721/4701
f 4705/4690 4718/4702 4719/4703
f 4701/4681 4716/4704 4702/4691
f 4700/4692 4713/4697 4714/4705
f 4709/4686 4724/4706 4710/4684
f 4708/4693 4721/4701 4722/4707
f 4706/4687 4719/4703 4720/4700
f 4702/4691 4717/4708 4704/4694
f 4714/4705 4729/4709 4715/4695
f 4712/4696 4727/4710 4713/4697
f 4725/4698 4738/4711 4739/4712
f 4723/4699 4736/4713 4737/4714
f 4720/4700 4735/4715 4721/4701
f 4718/4702 4733/4716 4719/4703
f 4715/4695 4730/4717 4716/4704
f 4714/4705 4727/4710 4728/4718
f 4723/4699 4738/4711 4724/4706
f 4721/4701 4736/4713 4722/4707
f 4720/4700 4733/4716 4734/4719
f 4717/4708 4730/4717 4731/4720
f 4728/4718 4743/4721 4729/4709
f 4727/4710 4740/4722 4741/4723
f 4738/4711 4753/4724 4739/4712
f 4736/4713 4751/4725 4737/4714
f 4735/4715 4748/4726 4749/4727
f 4733/4716 4745/4728 4747/4729
f 4730/4717 4743/4721 4744/4730
f 4728/4718 4741/4723 4742/4731
f 4738/4711 4751/4725 4752/4732
f 4735/4715 4750/4733 4736/4713
f 4733/4716 4748/4726 4734/4719
f 4730/4717 4746/4734 4731/4720
f 4743/4721 4756/4735 4757/4736
f 4740/4722 4755/4737 4741/4723
f 4753/4724 4766/4738 4767/4739
f 4751/4725 4764/4740 4765/4741
f 4748/4726 4763/4742 4749/4727
f 4747/4729 4759/4743 4761/4744
f 4744/4730 4757/4736 4758/4745
f 4741/4723 4756/4735 4742/4731
f 4752/4732 4765/4741 4766/4738
f 4750/4733 4763/4742 4764/4740
f 4747/4729 4762/4746 4748/4726
f 4744/4730 4760/4747 4746/4734
f 4757/4736 4770/4748 4771/4749
f 4755/4737 4768/4750 4769/4751
f 4766/4738 4781/4752 4767/4739
f 4765/4741 4778/4753 4779/4754
f 4762/4746 4777/4755 4763/4742
f 4761/4744 4774/4756 4775/4757
f 4757/4736 4772/4758 4758/4745
f 4755/4737 4770/4748 4756/4735
f 4765/4741 4780/4759 4766/4738
f 4764/4740 4777/4755 4778/4753
f 4762/4746 4775/4757 4776/4760
f 4758/4745 4773/4761 4760/4747
f 4771/4749 4784/4762 4785/4763
f 4769/4751 4782/4764 4783/4765
f 4781/4752 4794/4766 4795/4767
f 4778/4753 4793/4768 4779/4754
f 4776/4760 4791/4769 4777/4755
f 4775/4757 4787/4770 4789/4771
f 4771/4749 4786/4772 4772/4758
f 4769/4751 4784/4762 4770/4748
f 4780/4759 4793/4768 4794/4766
f 4778/4753 4791/4769 4792/4773
f 4776/4760 4789/4771 4790/4774
f 4772/4758 4788/4775 4773/4761
f 4784/4762 4799/4776 4785/4763
f 4782/4764 4797/4777 4783/4765
f 4795/4767 4808/4778 4809/4779
f 4793/4768 4806/4780 4807/4781
f 4791/4769 4804/4782 4805/4783
f 4787/4770 4803/4784 4789/4771
f 4786/4772 4799/4776 4800/4785
f 4784/4762 4797/4777 4798/4786
f 4793/4768 4808/4778 4794/4766
f 4791/4769 4806/4780 4792/4773
f 4789/4771 4804/4782 4790/4774
f 4788/4775 4800/4785 4802/4787
f 4798/4786 4813/4788 4799/4776
f 4796/4789 4811/4790 4797/4777
f 4809/4779 4822/4791 4823/4792
f 4806/4780 4821/4793 4807/4781
f 4805/4783 4818/4794 4819/4795
f 4803/4784 4816/4796 4817/4797
f 4800/4785 4813/4788 4814/4798
f 4798/4786 4811/4790 4812/4799
f 4808/4778 4821/4793 4822/4791
f 4805/4783 4820/4800 4806/4780
f 4803/4784 4818/4794 4804/4782
f 4800/4785 4815/4801 4802/4787
f 4812/4799 4827/4802 4813/4788
f 4811/4790 4824/4803 4825/4804
f 4822/4791 4837/4805 4823/4792
f 4820/4800 4835/4806 4821/4793
f 4819/4795 4832/4807 4833/4808
f 4817/4797 4829/4809 4831/4810
f 4813/4788 4828/4811 4814/4798
f 4812/4799 4825/4804 4826/4812
f 4821/4793 4836/4813 4822/4791
f 4819/4795 4834/4814 4820/4800
f 4818/4794 4831/4810 4832/4807
f 4814/4798 4830/4815 4815/4801
f 4827/4802 4840/4816 4841/4817
f 4824/4803 4839/4818 4825/4804
f 4837/4805 4850/4819 4851/4820
f 4834/4814 4849/4821 4835/4806
f 4833/4808 4846/4822 4847/4823
f 4829/4809 4845/4824 4831/4810
f 4827/4802 4842/4825 4828/4811
f 4826/4812 4839/4818 4840/4816
f 4835/4806 4850/4819 4836/4813
f 4833/4808 4848/4826 4834/4814
f 4832/4807 4845/4824 4846/4822
f 4830/4815 4842/4825 4844/4827
f 4840/4816 4855/4828 4841/4817
f 4839/4818 4852/4829 4853/4830
f 4850/4819 4865/4831 4851/4820
f 4848/4826 4863/4832 4849/4821
f 4847/4823 4860/4833 4861/4834
f 4845/4824 4857/4835 4859/4836
f 4842/4825 4855/4828 4856/4837
f 4840/4816 4853/4830 4854/4838
f 4850/4819 4863/4832 4864/4839
f 4847/4823 4862/4840 4848/4826
f 4845/4824 4860/4833 4846/4822
f 4842/4825 4858/4841 4844/4827
f 4855/4828 4868/4842 4869/4843
f 4852/4829 4867/4844 4853/4830
f 4865/4831 4878/4845 4879/4846
f 4863/4832 4876/4847 4877/4848
f 4860/4833 4875/4849 4861/4834
f 4859/4836 4871/4850 4873/4851
f 4856/4837 4869/4843 4870/4852
f 4853/4830 4868/4842 4854/4838
f 4864/4839 4877/4848 4878/4845
f 4862/4840 4875/4849 4876/4847
f 4859/4836 4874/4853 4860/4833
f 4856/4837 4872/4854 4858/4841
f 4869/4843 4882/4855 4883/4856
f 4867/4844 4880/4857 4881/4858
f 4878/4845 4893/4859 4879/4846
f 4877/4848 4890/4860 4891/4861
f 4874/4853 4889/4862 4875/4849
f 4873/4851 4885/4863 4887/4864
f 4869/4843 4884/4865 4870/4852
f 4867/4844 4882/4855 4868/4842
f 4877/4848 4892/4866 4878/4845
f 4876/4847 4889/4862 4890/4860
f 4874/4853 4887/4864 4888/4867
f 4870/4852 4886/4868 4872/4854
f 4883/4856 4896/4869 4897/4870
f 4881/4858 4894/4871 4895/4872
f 4893/4859 4906/4873 4907/4874
f 4890/4860 4905/4875 4891/4861
f 4888/4867 4903/4876 4889/4862
f 4887/4864 4899/4877 4901/4878
f 4883/4856 4898/4879 4884/4865
f 4881/4858 4896/4869 4882/4855
f 4892/4866 4905/4875 4906/4873
f 4890/4860 4903/4876 4904/4880
f 4888/4867 4901/4878 4902/4881
f 4884/4865 4900/4882 4886/4868
f 4896/4869 4911/4883 4897/4870
f 4894/4871 4909/4884 4895/4872
f 4906/4873 4921/4885 4907/4874
f 4905/4875 4918/4886 4919/4887
f 4903/4876 4916/4888 4917/4889
f 4899/4877 4915/4890 4901/4878
f 4898/4879 4911/4883 4912/4891
f 4896/4869 4909/4884 4910/4892
f 4905/4875 4920/4893 4906/4873
f 4903/4876 4918/4886 4904/4880
f 4901/4878 4916/4888 4902/4881
f 4900/4882 4912/4891 4914/4894
f 4910/4892 4925/4895 4911/4883
f 4908/4896 4923/4897 4909/4884
f 4921/4885 4934/4898 4935/4899
f 4918/4886 4933/4900 4919/4887
f 4917/4889 4930/4901 4931/4902
f 4915/4890 4928/4903 4929/4904
f 4912/4891 4925/4895 4926/4905
f 4910/4892 4923/4897 4924/4906
f 4920/4893 4933/4900 4934/4898
f 4917/4889 4932/4907 4918/4886
f 4915/4890 4930/4901 4916/4888
f 4912/4891 4927/4908 4914/4894
f 4924/4906 4939/4909 4925/4895
f 4923/4897 4936/4910 4937/4911
f 4934/4898 4949/4912 4935/4899
f 4932/4907 4947/4913 4933/4900
f 4931/4902 4944/4914 4945/4915
f 4929/4904 4942/4916 4943/4917
f 4925/4895 4940/4918 4926/4905
f 4924/4906 4937/4911 4938/4919
f 4933/4900 4948/4920 4934/4898
f 4931/4902 4946/4921 4932/4907
f 4930/4901 4943/4917 4944/4914
f 4926/4905 4941/4922 4927/4908
f 4939/4909 4952/4923 4953/4924
f 4937/4911 4950/4925 4951/4926
f 4949/4912 4962/4927 4963/4928
f 4947/4913 4960/4929 4961/4930
f 4945/4915 4958/4931 4959/4932
f 4942/4916 4957/4933 4943/4917
f 4939/4909 4954/4934 4940/4918
f 4938/4919 4951/4926 4952/4923
f 4947/4913 4962/4927 4948/4920
f 4945/4915 4960/4929 4946/4921
f 4944/4914 4957/4933 4958/4931
f 4941/4922 4954/4934 4956/4935
f 4952/4923 4967/4936 4953/4924
f 4951/4926 4964/4937 4965/4938
f 4962/4927 4977/4939 4963/4928
f 4961/4930 4974/4940 4975/4941
f 4958/4931 4973/4942 4959/4932
f 4957/4933 4970/4943 4971/4944
f 4954/4934 4967/4936 4968/4945
f 4951/4926 4966/4946 4952/4923
f 4962/4927 4975/4941 4976/4947
f 4960/4929 4973/4942 4974/4940
f 4957/4933 4972/4948 4958/4931
f 4954/4934 4969/4949 4956/4935
f 4967/4936 4981/4950 4982/4951
f 4964/4937 4980/4952 4965/4938
f 4977/4939 4991/4953 4992/4954
f 4975/4941 4989/4955 4990/4956
f 4972/4948 4988/4957 4973/4942
f 4970/4943 4986/4958 4971/4944
f 4968/4945 4982/4951 4983/4959
f 4965/4938 4981/4950 4966/4946
f 4976/4947 4990/4956 4991/4953
f 4974/4940 4988/4957 4989/4955
f 4971/4944 4987/4960 4972/4948
f 4969/4949 4983/4959 4984/4961
f 4982/4951 4995/4962 4996/4963
f 4980/4952 4993/4964 4994/4965
f 4991/4953 5006/4966 4992/4954
f 4990/4956 5003/4967 5004/4968
f 4987/4960 5002/4969 4988/4957
f 4985/4970 5000/4971 4986/4958
f 4982/4951 4997/4972 4983/4959
f 4980/4952 4995/4962 4981/4950
f 4990/4956 5005/4973 4991/4953
f 4989/4955 5002/4969 5003/4967
f 4987/4960 5000/4971 5001/4974
f 4984/4961 4997/4972 4998/4975
f 4996/4963 5009/4976 5010/4977
f 4994/4965 5007/4978 5008/4979
f 5006/4966 5019/4980 5020/4981
f 5003/4967 5018/4982 5004/4968
f 5001/4974 5016/4983 5002/4969
f 5000/4971 5013/4984 5014/4985
f 4996/4963 5011/4986 4997/4972
f 4994/4965 5009/4976 4995/4962
f 5005/4973 5018/4982 5019/4980
f 5003/4967 5016/4983 5017/4987
f 5001/4974 5014/4985 5015/4988
f 4997/4972 5012/4989 4998/4975
f 5009/4976 5024/4990 5010/4977
f 5007/4978 5022/4991 5008/4979
f 5019/4980 5034/4992 5020/4981
f 5018/4982 5031/4993 5032/4994
f 5016/4983 5029/4995 5030/4996
f 5013/4984 5028/4997 5014/4985
f 5011/4986 5024/4990 5025/4998
f 5009/4976 5022/4991 5023/4999
f 5018/4982 5033/5000 5019/4980
f 5016/4983 5031/4993 5017/4987
f 5014/4985 5029/4995 5015/4988
f 5012/4989 5025/4998 5027/5001
f 5023/4999 5038/5002 5024/4990
f 5021/5003 5036/5004 5022/4991
f 5034/4992 5047/5005 5048/5006
f 5031/4993 5046/5007 5032/4994
f 5030/4996 5043/5008 5044/5009
f 5026/5010 5042/5011 5028/4997
f 5025/4998 5038/5002 5039/5012
f 5023/4999 5036/5004 5037/5013
f 5033/5000 5046/5007 5047/5005
f 5030/4996 5045/5014 5031/4993
f 5028/4997 5043/5008 5029/4995
f 5027/5001 5039/5012 5040/5015
f 5037/5013 5052/5016 5038/5002
f 5036/5004 5049/5017 5050/5018
f 5047/5005 5062/5019 5048/5006
f 5045/5014 5060/5020 5046/5007
f 5044/5009 5057/5021 5058/5022
f 5041/5023 5056/5024 5042/5011
f 5038/5002 5053/5025 5039/5012
f 5037/5013 5050/5018 5051/5026
f 5046/5007 5061/5027 5047/5005
f 5044/5009 5059/5028 5045/5014
f 5043/5008 5056/5024 5057/5021
f 5040/5015 5053/5025 5055/5029
f 5052/5016 5065/5030 5066/5031
f 5049/5017 5064/5032 5050/5018
f 5062/5019 5075/5033 5076/5034
f 5059/5028 5074/5035 5060/5020
f 5057/5021 5072/5036 5058/5022
f 5054/5037 5070/5038 5056/5024
f 5052/5016 5067/5039 5053/5025
f 5050/5018 5065/5030 5051/5026
f 5060/5020 5075/5033 5061/5027
f 5058/5022 5073/5040 5059/5028
f 5057/5021 5070/5038 5071/5041
f 5055/5029 5067/5039 5068/5042
f 5066/5031 5079/5043 5080/5044
f 5064/5032 5077/5045 5078/5046
f 5075/5033 5090/5047 5076/5034
f 5073/5040 5088/5048 5074/5035
f 5071/5041 5086/5049 5072/5036
f 5070/5038 5082/5050 5084/5051
f 5067/5039 5080/5044 5081/5052
f 5064/5032 5079/5043 5065/5030
f 5075/5033 5088/5048 5089/5053
f 5073/5040 5086/5049 5087/5054
f 5070/5038 5085/5055 5071/5041
f 5067/5039 5083/5056 5068/5042
f 5080/5044 5093/5057 5094/5058
f 5077/5045 5092/5059 5078/5046
f 5090/5047 5103/5060 5104/5061
f 5088/5048 5101/5062 5102/5063
f 5085/5055 5100/5064 5086/5049
f 5084/5051 5097/5065 5098/5066
f 5081/5052 5094/5058 5095/5067
f 5078/5046 5093/5057 5079/5043
f 5089/5053 5102/5063 5103/5060
f 5087/5054 5100/5064 5101/5062
f 5084/5051 5099/5068 5085/5055
f 5081/5052 5096/5069 5083/5056
f 5094/5058 5107/5070 5108/5071
f 5092/5059 5105/5072 5106/5073
f 5103/5060 5118/5074 5104/5061
f 5102/5063 5115/5075 5116/5076
f 5099/5068 5114/5077 5100/5064
f 5098/5066 5111/5078 5112/5079
f 5094/5058 5109/5080 5095/5067
f 5092/5059 5107/5070 5093/5057
f 5102/5063 5117/5081 5103/5060
f 5101/5062 5114/5077 5115/5075
f 5099/5068 5112/5079 5113/5082
f 5095/5067 5110/5083 5096/5069
f 4978/5084 4683/4678 4697/4679
f 4978/5084 4697/4679 4711/4685
f 4978/5084 4711/4685 4725/4698
f 4978/5084 4725/4698 4739/4712
f 4978/5084 4739/4712 4753/4724
f 4978/5084 4753/4724 4767/4739
f 4978/5084 4767/4739 4781/4752
f 4978/5084 4781/4752 4795/4767
f 4978/5084 4795/4767 4809/4779
f 4978/5084 4809/4779 4823/4792
f 4978/5084 4823/4792 4837/4805
f 4978/5084 4837/4805 4851/4820
f 4978/5084 4851/4820 4865/4831
f 4978/5084 4865/4831 4879/4846
f 4978/5084 4879/4846 4893/4859
f 4978/5084 4893/4859 4907/4874
f 4978/5084 4907/4874 4921/4885
f 4978/5084 4921/4885 4935/4899
f 4978/5084 4935/4899 4949/4912
f 4978/5084 4949/4912 4963/4928
f 4978/5084 4963/4928 4977/4939
f 4978/5084 4977/4939 4992/4954
f 4978/5084 4992/4954 5006/4966
f 4978/5084 5006/4966 5020/4981
f 4978/5084 5020/4981 5034/4992
f 4978/5084 5034/4992 5048/5006
f 4978/5084 5048/5006 5062/5019
f 4978/5084 5062/5019 5076/5034
f 4978/5084 5076/5034 5090/5047
f 4978/5084 5090/5047 5104/5061
f 4978/5084 5104/5061 5118/5074
f 5108/5071 4672/4664 4673/4675
f 5106/5073 4670/4676 4671/4677
f 5117/5081 4683/4678 5118/5074
f 5115/5075 4681/4680 5116/5076
f 5113/5082 4679/4655 5114/5077
f 5112/5079 4675/4658 4677/4660
f 5108/5071 4674/4661 5109/5080
f 5106/5073 4672/4664 5107/5070
f 4978/5084 5118/5074 4683/4678
f 5116/5076 4682/4667 5117/5081
f 5115/5075 4679/4655 4680/4671
f 5113/5082 4677/4660 4678/4672
f 5109/5080 4676/4673 5110/5083
f 4544/4530 5105/5072 4669/4637
f 5105/5072 4665/4634 4669/4637
f 5091/5085 4660/4629 4665/4634
f 5077/5045 4656/4627 4660/4629
f 4656/4627 5049/5017 4652/4622
f 4652/4622 5035/5086 4648/4619
f 4648/4619 5021/5003 4644/4615
f 5021/5003 4640/4612 4644/4615
f 4640/4612 4993/4964 4636/4609
f 4993/4964 4632/4606 4636/4609
f 4979/5087 4628/4601 4632/4606
f 4964/4937 4624/4599 4628/4601
f 4624/4599 4936/4910 4620/4594
f 4620/4594 4922/5088 4616/4590
f 4616/4590 4908/4896 4612/4587
f 4908/4896 4608/4584 4612/4587
f 4608/4584 4880/4857 4604/4580
f 4880/4857 4600/4577 4604/4580
f 4866/5089 4596/4572 4600/4577
f 4852/4829 4592/4569 4596/4572
f 4592/4569 4824/4803 4588/4564
f 4588/4564 4810/5090 4584/4561
f 4584/4561 4796/4789 4580/4558
f 4796/4789 4576/4555 4580/4558
f 4576/4555 4768/4750 4572/4551
f 4768/4750 4568/4548 4572/4551
f 4754/5091 4564/4543 4568/4548
f 4740/4722 4560/4541 4564/4543
f 4560/4541 4712/4696 4556/4536
f 4556/4536 4698/5092 4552/4533
f 4552/4533 4684/4682 4548/4529
f 4684/4682 4544/4530 4548/4529
f 4/1 3/223 2/2
f 8/4 7/2726 6/5
f 13/7 16/2228 15/8
f 17/10 28/2112 19/11
f 32/13 31/317 30/14
f 36/16 35/1785 34/17
f 37/19 40/1305 39/20
f 21/22 22/1250 23/23
f 25/25 26/2732 27/26
f 41/28 44/140 43/29
f 48/31 47/191 46/32
f 52/34 51/432 50/35
f 53/37 56/161 55/38
f 60/40 59/62 58/41
f 29/15 30/14 62/43
f 66/45 65/486 64/46
f 67/48 5/6 6/5
f 72/50 71/1955 70/51
f 76/53 75/2762 74/54
f 77/56 80/312 79/57
f 81/59 84/970 83/60
f 59/62 87/78 86/63
f 88/65 91/2877 90/66
f 96/68 95/387 94/69
f 100/71 99/1067 98/72
f 101/74 104/2810 103/75
f 106/77 105/111 34/17
f 108/79 116/109 115/80
f 117/82 119/194 36/16
f 124/84 127/99 126/85
f 131/87 130/1157 129/88
f 132/90 102/76 134/91
f 142/93 141/174 140/94
f 148/96 106/77 60/40
f 144/98 143/253 127/99
f 149/100 152/1441 151/101
f 156/103 155/357 154/104
f 159/106 150/102 158/107
f 116/109 108/79 164/110
f 171/112 170/179 169/113
f 174/115 126/85 173/116
f 179/118 182/255 181/119
f 186/121 189/319 188/122
f 194/124 197/1314 196/125
f 199/127 142/93 139/95
f 206/129 209/215 208/130
f 213/132 212/173 211/133
f 202/135 215/2820 214/136
f 96/68 93/70 216/138
f 92/139 238/180 43/29
f 97/73 184/374 246/141
f 250/142 249/165 229/143
f 252/145 254/244 58/41
f 258/147 257/1193 256/148
f 260/150 91/2877 229/143
f 110/152 111/3492 112/153
f 114/155 264/1147 263/156
f 265/158 268/1008 267/159
f 56/161 53/37 270/162
f 274/164 273/1163 249/165
f 185/166 183/211 63/47
f 280/167 279/1030 278/168
f 285/170 284/224 283/171
f 288/172 219/464 211/133
f 141/174 142/93 92/139
f 289/175 290/393 175/176
f 148/96 116/109 105/111
f 312/178 311/1436 170/179
f 238/180 262/335 42/30
f 318/181 163/213 160/182
f 310/184 309/1031 308/185
f 241/187 239/1191 325/188
f 160/182 230/314 240/190
f 47/191 48/31 307/186
f 108/79 109/157 315/192
f 345/193 85/64 86/63
f 348/195 351/246 350/196
f 356/198 359/260 358/199
f 355/201 354/1346 353/202
f 363/204 31/317 32/13
f 364/206 252/145 253/146
f 366/208 125/86 368/209
f 183/211 372/1217 371/212
f 163/213 162/2842 161/214
f 209/215 226/1051 101/74
f 378/216 377/474 165/217
f 379/219 295/1840 381/220
f 383/222 382/1281 3/223
f 284/224 285/170 386/225
f 387/227 127/99 389/228
f 391/230 259/151 229/143
f 73/55 281/282 397/231
f 405/233 408/248 407/234
f 203/236 218/1212 411/237
f 414/239 121/2834 413/240
f 1/3 356/198 357/200
f 277/242 276/169 131/87
f 254/244 344/1005 57/42
f 358/199 384/1463 415/245
f 417/247 416/336 386/225
f 401/249 400/386 192/250
f 419/252 389/228 127/99
f 421/254 181/119 182/255
f 103/75 301/438 302/257
f 428/259 367/210 368/209
f 380/221 390/290 359/260
f 62/43 204/1809 266/160
f 140/94 141/174 431/262
f 357/200 358/199 351/246
f 356/198 1/3 379/219
f 415/245 392/1289 403/264
f 437/266 428/259 436/267
f 438/269 441/2805 440/270
f 188/122 451/320 450/272
f 265/158 455/469 181/119
f 224/277 185/166 64/46
f 237/279 212/173 213/132
f 275/243 131/87 128/89
f 281/282 282/286 460/283
f 50/35 462/1094 79/57
f 73/55 74/54 282/286
f 468/287 467/410 466/288
f 390/290 355/201 352/203
f 482/291 485/1641 484/292
f 489/294 488/414 487/295
f 493/297 496/402 495/298
f 472/300 471/1426 470/301
f 502/303 501/456 500/304
f 220/306 221/2566 222/307
f 512/309 419/252 143/253
f 518/310 517/1897 511/311
f 513/313 239/1191 230/314
f 205/316 30/14 31/317
f 189/319 370/434 451/320
f 163/213 318/181 532/321
f 533/322 224/277 225/278
f 446/324 448/1848 447/325
f 335/326 541/382 540/327
f 544/329 512/309 546/330
f 329/332 519/475 291/333
f 199/127 534/1141 262/335
f 385/226 386/225 416/336
f 532/321 190/1168 191/338
f 363/204 117/82 118/83
f 578/342 581/383 580/343
f 573/345 572/1416 571/346
f 561/348 563/968 562/349
f 241/187 260/150 259/151
f 590/351 593/2023 592/352
f 545/331 546/330 595/354
f 503/356 154/104 155/357
f 606/359 625/1940 624/360
f 478/362 481/404 480/363
f 646/365 649/1935 648/366
f 590/351 591/353 689/368
f 564/370 565/1310 651/371
f 728/373 246/141 184/374
f 714/376 724/2057 716/377
f 692/379 574/391 575/380
f 541/382 335/326 581/383
f 346/384 68/49 248/385
f 161/214 231/1059 230/314
f 128/89 129/88 94/69
f 698/388 705/2159 704/389
f 574/391 577/3099 576/392
f 290/393 289/175 401/249
f 630/395 631/1316 725/396
f 733/398 736/2821 735/399
f 755/401 466/288 496/402
f 759/403 480/363 481/404
f 757/406 763/2211 762/407
f 764/409 496/402 466/288
f 768/411 767/1656 3839/412
f 759/403 760/405 488/414
f 492/415 474/418 475/416
f 474/418 770/1901 769/419
f 773/421 468/287 465/289
f 771/417 774/425 486/296
f 484/292 485/1641 775/423
f 774/425 776/1419 489/294
f 495/298 496/402 764/409
f 495/298 757/406 761/408
f 137/427 397/231 784/428
f 325/188 239/1191 797/430
f 165/217 519/475 51/432
f 369/433 32/13 29/15
f 730/435 731/1875 568/436
f 90/66 302/257 301/438
f 243/340 118/83 516/439
f 800/441 734/400 806/442
f 817/444 815/451 808/445
f 816/446 808/445 823/447
f 306/449 303/1201 447/325
f 815/451 810/515 809/452
f 829/453 830/472 828/454
f 726/397 725/396 501/456
f 274/164 427/280 424/457
f 879/459 882/1252 881/460
f 884/462 883/1843 879/459
f 219/464 218/1212 217/465
f 906/466 905/673 904/467
f 455/469 204/1809 205/316
f 898/471 882/1252 830/472
f 903/473 900/484 880/461
f 377/474 291/333 519/475
f 923/476 949/553 948/477
f 946/478 947/488 951/479
f 3531/481 740/1934 739/482
f 900/484 899/2835 886/485
f 225/278 64/46 65/486
f 182/255 445/1129 442/487
f 809/452 952/1297 947/488
f 954/490 960/3494 962/491
f 927/493 950/480 965/494
f 885/463 879/459 880/461
f 925/496 927/493 966/495
f 343/498 342/1502 341/499
f 965/494 964/1798 971/501
f 968/502 971/501 970/503
f 972/505 968/502 969/504
f 963/507 961/492 981/508
f 336/510 337/3449 338/511
f 992/513 993/1797 827/514
f 810/515 815/451 996/516
f 1007/518 1001/1986 1002/519
f 1012/521 826/678 827/514
f 1011/523 1009/522 1007/518
f 294/524 293/1088 292/334
f 907/525 908/716 920/526
f 1017/528 579/344 1019/529
f 1020/531 1023/593 1022/532
f 1035/534 1024/614 1020/531
f 1061/536 1060/608 1047/537
f 1063/539 1061/536 1046/538
f 1044/535 1020/531 1021/533
f 1102/542 1094/552 1097/543
f 1116/545 1126/561 1118/546
f 1016/548 1015/616 1014/549
f 881/460 897/468 904/467
f 816/446 1116/545 1127/551
f 1094/552 948/477 949/553
f 514/554 342/1502 167/555
f 146/557 145/1011 81/59
f 1133/558 1135/2261 1130/559
f 1102/542 1133/558 1126/561
f 822/448 1126/561 1116/545
f 1145/562 1143/1862 1148/563
f 1076/565 1144/578 1151/566
f 1148/563 1143/1862 1086/568
f 1109/544 1097/543 1114/570
f 1154/571 1153/574 1156/572
f 1153/574 925/496 967/497
f 3473/575 3506/1438 463/576
f 1144/578 1147/586 1152/579
f 1156/572 967/497 1163/580
f 1164/582 1162/581 1169/583
f 1145/562 1171/587 1176/585
f 1114/570 1115/1585 1154/571
f 1183/588 1155/573 1164/582
f 1184/590 1183/588 1177/589
f 1069/567 1151/566 1062/540
f 1023/593 1191/597 1194/594
f 1162/581 1163/580 1170/595
f 1195/596 1184/590 1185/591
f 1183/588 1196/599 1176/585
f 1201/598 1063/539 1152/579
f 1061/536 1063/539 1201/598
f 3856/601 847/624 843/602
f 1203/604 1202/600 1195/596
f 1202/600 1201/598 1184/590
f 1218/606 1060/608 1203/604
f 1060/608 1061/536 1202/600
f 1225/609 1218/606 1217/607
f 671/611 695/2132 694/612
f 1219/610 1217/607 1024/614
f 1217/607 1203/604 1034/605
f 1226/615 1014/549 1015/616
f 1243/618 1242/650 1234/619
f 1231/621 1230/3955 1229/622
f 847/624 1243/618 1233/620
f 843/602 1233/620 1244/625
f 1233/620 1234/619 1245/627
f 1923/628 3791/2110 233/629
f 2101/630 2109/3944 499/305
f 3945/631 3895/2180 2136/632
f 61/44 62/43 323/261
f 210/134 211/133 217/465
f 1299/636 1310/646 1309/637
f 3894/639 1230/3955 1231/621
f 1066/641 1047/537 1321/642
f 1322/643 1321/642 1228/623
f 1060/608 1218/606 1321/642
f 1325/644 1324/1924 1323/645
f 1244/625 1245/627 1332/647
f 1290/649 1234/619 1242/650
f 1337/652 1330/648 1339/653
f 1330/648 1332/647 1340/655
f 1341/656 1332/647 1245/627
f 1342/658 1340/655 1332/647
f 1343/659 1342/658 1341/656
f 1344/660 1341/656 1294/657
f 3888/662 3887/666 1345/663
f 1347/665 1348/669 1342/658
f 3887/666 3885/1793 1295/667
f 1349/668 1350/704 1348/669
f 3892/670 1349/668 1347/665
f 3884/671 1347/665 1343/659
f 906/466 898/471 829/453
f 905/673 906/466 1353/672
f 865/675 1356/679 1355/676
f 1355/676 1353/672 829/453
f 1357/677 1355/676 825/455
f 1356/679 1354/674 1353/672
f 3865/680 1337/652 1338/654
f 866/682 1358/683 1356/679
f 1358/683 1359/706 1354/674
f 3859/684 878/626 1337/652
f 838/685 1362/2226 1012/521
f 1363/687 1364/2125 1338/654
f 1368/688 1363/687 1339/653
f 1348/669 1368/688 1340/655
f 1371/689 1369/699 3855/690
f 524/692 525/1846 526/693
f 528/695 529/2725 530/696
f 1372/698 1370/705 1369/699
f 535/700 536/2750 537/701
f 1367/703 1368/688 1348/669
f 1370/705 1354/674 1359/706
f 1369/699 1359/706 3864/681
f 1373/707 910/712 903/473
f 555/708 556/1166 557/709
f 1374/711 909/1139 910/712
f 1373/707 904/467 905/673
f 1374/711 1373/707 1375/713
f 1375/713 905/673 1354/674
f 1378/715 920/526 908/716
f 376/718 373/2850 651/371
f 1388/720 928/2032 973/506
f 586/721 587/1197 588/722
f 1390/724 1389/2037 1388/720
f 1391/725 1388/720 969/504
f 597/726 598/2341 599/727
f 600/729 601/966 602/730
f 1392/732 1391/725 970/503
f 608/734 609/770 610/735
f 612/737 524/692 523/694
f 614/739 615/1156 616/740
f 617/742 618/2279 25/25
f 620/743 621/1309 622/744
f 1397/746 1390/724 1391/725
f 1398/747 1397/746 1392/732
f 1400/749 987/1613 920/526
f 1402/750 1403/760 1165/584
f 636/751 637/2749 638/752
f 930/754 1404/759 1402/750
f 641/756 642/2787 643/757
f 929/755 1402/750 1169/583
f 1404/759 1405/844 1403/760
f 1411/761 1366/2126 1365/762
f 1412/764 1406/763 1415/765
f 652/767 653/869 654/768
f 609/770 656/1206 657/771
f 659/773 660/2839 661/774
f 558/710 663/1020 586/721
f 665/776 666/2278 667/777
f 1413/779 1411/761 1406/763
f 1418/780 1416/784 3841/781
f 1417/783 1372/698 1371/689
f 1416/784 1371/689 3860/691
f 1419/785 1417/783 1416/784
f 1386/786 909/1139 1374/711
f 677/788 678/3199 679/789
f 1385/791 1386/786 1420/787
f 1420/787 1374/711 1376/714
f 685/794 686/856 687/795
f 1421/792 1420/787 1422/793
f 528/695 690/905 691/798
f 1422/793 1376/714 1372/698
f 1018/530 1019/529 747/799
f 699/801 700/808 701/802
f 1424/804 578/342 579/344
f 3693/805 1597/1397 1767/806
f 700/808 699/801 711/809
f 1093/811 3776/3924 3784/812
f 717/814 718/1948 530/696
f 721/816 722/2722 723/817
f 704/389 1650/2184 3563/819
f 19/11 1429/823 1426/821
f 1429/823 1428/2168 1427/824
f 1658/825 1659/1576 3562/826
f 1439/828 1437/831 1434/829
f 1437/831 1436/963 1435/832
f 1426/821 1427/824 1433/833
f 1442/835 1431/1886 1432/834
f 742/837 743/1237 744/838
f 1432/834 1433/833 1441/840
f 751/841 752/2816 753/842
f 1438/830 1434/829 1403/760
f 1446/845 1445/851 1444/846
f 1447/848 1448/852 1446/845
f 3891/849 1447/848 1443/847
f 1415/765 1367/703 1445/851
f 1414/766 1415/765 1446/845
f 2175/853 1683/1805 469/302
f 777/854 778/1333 779/855
f 780/857 781/2875 782/858
f 1676/860 1693/1016 1806/861
f 3890/863 1451/1244 1349/668
f 789/864 790/1110 791/865
f 745/839 792/1871 793/867
f 652/767 794/1124 795/868
f 1455/870 1458/1976 1457/871
f 1454/873 1367/703 1350/704
f 610/735 691/798 802/875
f 3862/877 3847/3662 698/388
f 1352/878 1044/535 1045/541
f 1015/616 1016/548 1459/880
f 811/882 812/1230 813/883
f 2119/885 3846/1967 3848/886
f 819/888 820/1811 821/889
f 1466/891 1463/3868 1194/594
f 1467/893 1468/896 1465/894
f 1182/895 1165/584 1468/896
f 832/897 812/1230 833/898
f 835/900 836/2798 837/901
f 1467/893 1466/891 1190/892
f 1469/903 1470/3943 1444/846
f 840/904 700/808 712/810
f 1453/906 1470/3943 1469/903
f 599/727 844/1245 845/907
f 1226/615 1450/2169 3880/909
f 851/911 852/1137 853/912
f 855/914 744/838 856/915
f 858/917 859/1412 860/918
f 861/920 862/2827 863/921
f 1014/549 1226/615 3886/910
f 867/924 676/790 868/925
f 870/927 871/2778 872/928
f 874/930 875/1035 876/931
f 1310/646 1323/645 1471/933
f 1476/934 1433/833 1427/824
f 1461/936 1476/934 1475/935
f 887/937 888/1919 889/938
f 788/866 791/865 892/940
f 894/942 895/961 896/943
f 1460/881 1475/935 1227/617
f 901/945 902/1845 524/692
f 1465/894 1478/964 1477/946
f 1865/948 3513/2193 3510/949
f 911/951 912/2728 913/952
f 916/954 917/1106 918/955
f 1850/957 3515/987 3517/958
f 921/960 922/2351 895/961
f 1479/962 1435/832 1436/963
f 926/965 664/778 667/777
f 1481/967 562/349 563/968
f 269/163 1483/1043 84/970
f 931/972 932/1300 933/973
f 934/974 935/1045 614/739
f 936/975 685/794 688/796
f 938/977 659/773 662/775
f 1484/979 270/162 122/980
f 941/982 942/1102 835/900
f 320/983 321/1830 509/984
f 1849/986 3520/3918 3515/987
f 84/970 1483/1043 1484/979
f 1487/988 1490/1027 1488/989
f 1757/991 1758/3871 3512/992
f 365/207 1492/1004 1491/994
f 461/285 79/57 80/312
f 117/82 363/204 362/205
f 1494/996 540/327 541/382
f 926/965 601/966 957/998
f 1477/946 1441/840 1433/833
f 1709/1000 1588/1526 1585/1001
f 119/194 117/82 1496/995
f 271/1003 1497/1778 504/358
f 511/311 517/1897 189/319
f 345/193 1496/995 1492/1004
f 57/42 344/1005 299/1006
f 1501/1007 1499/1010 268/1008
f 267/159 268/1008 1499/1010
f 974/1012 975/2766 976/1013
f 1678/1015 1652/1508 1693/1016
f 3877/1017 1682/1806 1807/1018
f 557/709 982/1167 663/1020
f 983/1021 941/982 984/1022
f 1443/847 1444/846 3880/909
f 421/254 1500/1009 268/1008
f 989/1024 990/2760 991/1025
f 1490/1027 1487/988 418/1028
f 279/1030 280/167 309/1031
f 997/1032 868/925 676/790
f 998/1033 26/2732 999/1034
f 1504/1029 418/1028 38/21
f 1506/1037 1508/1041 1507/1038
f 360/1040 361/1408 1508/1041
f 1506/1037 1486/1039 207/131
f 939/978 1005/1081 1006/1042
f 270/162 1484/979 1483/1043
f 66/45 63/47 546/330
f 1010/1044 742/837 793/867
f 367/210 428/259 437/266
f 244/318 31/317 363/204
f 1670/1047 3549/1639 3551/1048
f 209/215 206/129 1510/1050
f 388/229 389/228 426/1056
f 427/280 274/164 250/142
f 161/214 520/1430 521/1058
f 100/71 246/141 45/33
f 1025/1060 1026/1232 608/734
f 1029/1062 1030/1225 1031/1063
f 939/978 662/775 1033/1065
f 41/28 42/30 594/355
f 1036/1068 780/857 783/859
f 702/803 701/802 1038/1070
f 1040/1072 1041/1155 1042/1073
f 362/205 32/13 369/433
f 187/123 1520/1358 477/1076
f 70/51 1487/988 539/990
f 1049/1078 600/729 603/731
f 613/741 867/924 869/926
f 860/918 1050/2740 1051/1080
f 1005/1081 1052/2818 1053/1082
f 753/842 1055/1087 1056/1083
f 1057/1085 1058/2752 1059/1086
f 293/1088 288/172 1522/1089
f 288/172 212/173 1521/1077
f 292/334 1522/1089 1523/1090
f 331/1091 1507/1038 1508/1041
f 306/449 452/274 453/276
f 100/71 44/140 41/28
f 462/1094 1524/1092 78/58
f 330/1095 331/1091 1524/1092
f 635/753 1067/1423 1068/1096
f 1485/1097 1527/1833 1526/1098
f 206/129 1485/1097 1528/1099
f 1070/1100 1071/1255 1072/1101
f 942/1102 941/982 1073/1103
f 916/954 933/973 1075/1105
f 440/270 1529/1109 1530/1107
f 157/108 158/107 1514/1108
f 1529/1109 162/2842 5/6
f 371/212 595/354 546/330
f 790/1110 586/721 663/1020
f 1077/1111 858/917 857/919
f 1403/760 1434/829 1435/832
f 1080/1113 1081/2783 1082/1114
f 531/1116 520/1430 1529/1109
f 21/22 1083/1249 1084/1117
f 272/350 1532/1367 1531/1119
f 690/905 712/810 802/875
f 335/326 3599/3933 3592/1120
f 1090/1121 1030/1225 1029/1062
f 1092/1123 795/868 794/1124
f 1533/1125 396/232 137/427
f 661/774 660/2839 1095/1127
f 69/52 444/2847 445/1129
f 1099/1130 1100/2789 1101/1131
f 38/21 39/20 1536/1133
f 1104/1134 1105/2753 1106/1135
f 852/1137 1107/1323 1108/1138
f 1377/717 908/716 909/1139
f 291/333 377/474 411/237
f 316/1140 1536/1133 516/439
f 539/990 1488/989 1533/1125
f 1505/1036 1536/1133 316/1140
f 1110/1143 1111/2862 1112/1144
f 1539/1146 1537/1149 460/283
f 522/1148 441/2805 1537/1149
f 834/902 837/901 1120/1150
f 1122/1152 1123/3253 1124/1153
f 612/737 1125/1812 1041/1155
f 935/1045 793/867 615/1156
f 276/169 278/168 130/1157
f 1686/1158 3570/1590 3534/1159
f 193/1161 190/1168 1541/1162
f 231/1059 521/1058 1540/1164
f 556/1166 1037/1069 982/1167
f 365/207 253/146 85/64
f 190/1168 532/321 318/181
f 1810/1169 765/2091 3603/1170
f 3955/1172 1867/1709 3523/1173
f 1132/1175 983/1021 985/1023
f 208/130 101/74 102/76
f 1134/1177 1033/1065 662/775
f 1491/994 518/310 80/312
f 429/1178 133/92 1542/1179
f 1137/1180 1138/2830 915/956
f 172/117 436/267 428/259
f 1139/1181 1140/2786 1141/1182
f 549/1184 96/68 54/39
f 1517/1185 1519/1253 1518/1186
f 834/902 1119/1151 984/1022
f 1543/1189 513/313 286/315
f 1544/1190 797/430 239/1191
f 133/92 134/91 1544/1190
f 506/1192 361/1408 257/1193
f 420/251 327/1304 328/394
f 1158/1194 1159/1880 1160/1195
f 587/1197 1104/1134 1103/1136
f 607/736 1161/1240 1027/1061
f 304/1199 1546/2225 1545/1200
f 364/206 1491/994 77/56
f 69/52 70/51 198/128
f 700/808 840/904 1112/1144
f 3908/1202 626/1496 3539/1203
f 1166/1205 719/815 657/771
f 1167/1207 1168/2858 858/917
f 1300/638 3536/3940 3538/1208
f 1172/1209 1173/2770 1174/1210
f 218/1212 203/236 200/1213
f 1179/1214 1180/2849 1181/1215
f 372/1217 183/211 97/73
f 89/67 104/2810 227/1218
f 1186/1219 1187/1278 1188/1220
f 172/117 173/116 1517/1185
f 1482/971 84/970 81/59
f 1090/1121 1192/1922 1193/1224
f 394/1226 395/1284 353/202
f 526/693 525/1846 1198/1228
f 1199/1231 1200/2736 1026/1232
f 606/359 623/361 697/1233
f 1204/1235 1205/1332 1206/1236
f 1207/1238 1208/2819 523/694
f 1209/1239 1210/2836 867/924
f 914/953 913/952 685/794
f 1478/964 1436/963 1441/840
f 1029/1062 1028/1064 1161/1240
f 1211/1241 1212/1791 1213/1242
f 3889/923 1453/906 1451/1244
f 844/1245 1215/1887 1216/1246
f 423/458 193/1161 273/1163
f 1220/1247 1221/1259 1222/1248
f 22/1250 1223/1344 1224/1251
f 882/1252 898/471 897/468
f 1519/1253 1517/1185 173/116
f 1189/1221 1188/1220 1232/1254
f 349/197 350/196 550/337
f 1071/1255 1235/1979 1236/1256
f 1237/1257 1238/2765 1239/1258
f 1221/1259 1186/1219 1189/1221
f 1510/1050 1528/1099 1512/1053
f 939/978 1032/1066 1241/1262
f 1556/1263 1530/1107 5/6
f 1553/1264 1554/1795 394/1226
f 404/1265 1556/1263 67/48
f 1247/1267 1248/2846 1249/1268
f 142/93 199/127 238/180
f 1251/1270 1067/1423 635/753
f 850/913 1252/2796 1253/1272
f 1254/1273 1167/1207 1077/1111
f 57/42 132/90 133/92
f 443/1275 430/263 552/1276
f 1187/1278 1172/1209 1175/1211
f 1256/1279 1070/1100 831/899
f 432/1280 405/233 382/1281
f 741/1282 748/1906 747/799
f 434/265 350/196 351/246
f 349/197 432/1280 383/222
f 251/323 124/84 1481/967
f 395/1284 384/1463 352/203
f 1518/1186 1519/1253 1550/1285
f 1558/1286 410/238 378/216
f 109/157 263/156 314/1287
f 285/170 1514/1108 1513/1198
f 395/1284 394/1226 393/1288
f 202/135 203/236 410/238
f 417/247 408/248 405/233
f 1246/1269 1257/1351 1258/1290
f 3/223 1559/1330 297/1291
f 1259/1292 1260/2866 1261/1293
f 403/264 404/1265 347/1266
f 955/1295 954/490 953/1296
f 462/1094 50/35 51/432
f 1096/1128 1095/1127 687/795
f 429/1178 147/97 60/40
f 896/943 1264/1910 1265/1299
f 1267/1301 721/816 1268/1302
f 423/458 424/457 327/1304
f 37/19 179/118 180/120
f 20/24 23/23 1187/1278
f 1256/1279 1168/2858 1071/1255
f 1188/1220 1175/1211 1269/1306
f 1236/1256 1270/1980 1271/1307
f 1272/1308 536/2750 535/700
f 565/1310 564/370 463/576
f 1273/1312 792/1871 745/839
f 876/931 1254/1273 1255/1274
f 316/1140 33/18 164/110
f 437/266 1516/1966 503/356
f 194/124 1494/996 1495/997
f 1275/1315 1276/1376 864/922
f 624/360 625/1940 631/1316
f 1277/1317 1274/1313 1137/1180
f 569/437 568/436 567/1319
f 1481/967 124/84 125/86
f 324/189 325/188 547/431
f 1279/1322 1108/1138 1107/1323
f 1525/1325 332/3222 329/332
f 1281/1326 1278/1318 1137/1180
f 171/112 168/114 1553/1264
f 1488/989 73/55 396/232
f 1557/1328 1561/1521 1562/1329
f 1282/1331 856/915 1206/1236
f 1053/1082 1277/1317 1278/1318
f 778/1333 777/854 607/736
f 713/1335 583/1384 3591/1336
f 251/323 225/278 144/98
f 4/1 357/200 348/195
f 709/1338 708/2182 707/1339
f 728/373 48/31 45/33
f 261/1341 135/1847 1563/1342
f 789/864 1286/2354 1287/1343
f 74/54 314/1287 263/156
f 403/264 284/224 385/226
f 1178/1216 1181/1215 1240/1260
f 1223/1344 1259/1292 1289/1345
f 1220/1247 20/24 1186/1219
f 296/1187 1518/1186 354/1346
f 784/428 459/284 1538/1348
f 1181/1215 1180/2849 1291/1350
f 1269/1306 1292/2860 1257/1351
f 1566/1349 1538/1348 438/269
f 136/429 784/428 1566/1349
f 1563/1342 1564/1353 169/113
f 107/81 114/155 109/157
f 1297/1355 1282/1331 1298/1356
f 1464/947 1477/946 1476/934
f 1520/1358 187/123 507/1359
f 1301/1361 1302/2795 1303/1362
f 1306/1364 1307/2353 1308/1365
f 175/176 456/2822 1532/1367
f 1532/1367 456/2822 200/1213
f 1311/1368 1266/1303 1312/1369
f 872/928 1314/2859 1315/1371
f 3867/603 843/602 878/626
f 1305/1366 1308/1365 864/922
f 1040/1072 1275/1315 863/921
f 1564/1353 1566/1349 399/1352
f 592/352 1576/2019 1575/1378
f 591/353 1575/1378 1088/1379
f 1581/1380 1584/1631 1583/1381
f 1196/599 1152/579 1147/586
f 710/1383 582/1461 583/1384
f 285/170 407/234 408/248
f 953/1296 954/490 961/492
f 1594/1385 1592/1390 1589/1386
f 1585/1001 1588/1526 1587/1388
f 1592/1390 1591/1548 1590/1391
f 3916/1392 945/1944 944/1393
f 1600/1395 1599/1525 1598/1396
f 1604/1398 1603/3139 1602/1399
f 1399/748 1392/732 979/733
f 1589/1386 1590/1391 1596/1402
f 1610/1404 1609/1963 1608/1405
f 298/1407 257/1193 361/1408
f 551/1277 552/1276 276/169
f 1627/1409 1626/1487 3845/1410
f 859/1412 811/882 818/890
f 1078/1112 857/919 1328/1413
f 1555/1415 439/271 1530/1107
f 572/1416 573/345 680/1417
f 772/422 465/289 776/1419
f 977/1014 1281/1326 918/955
f 404/1265 403/264 392/1289
f 1054/1084 1331/2759 750/843
f 1644/1420 1645/1985 1643/1421
f 932/1300 1265/1299 1082/1114
f 1067/1423 1333/2808 1334/1424
f 1540/1164 1539/1146 264/1147
f 597/726 1335/1537 643/757
f 471/1426 761/408 762/407
f 1642/1422 696/1234 3862/877
f 1644/1420 1642/1422 3873/1427
f 923/476 946/478 950/480
f 96/68 549/1184 548/1429
f 520/1430 531/1116 522/1148
f 445/1129 444/2847 443/1275
f 849/1431 839/3661 848/1432
f 480/363 759/403 755/401
f 1646/1434 760/405 481/404
f 311/1436 426/1056 1567/1437
f 464/1311 463/576 3506/1438
f 3506/1438 1360/2001 1361/1440
f 234/1055 237/279 236/341
f 190/1168 193/1161 192/250
f 153/105 154/104 152/1441
f 231/1059 287/1165 286/315
f 1552/1327 1553/1264 1551/1227
f 760/405 1646/1434 1648/1442
f 3863/1443 1647/1964 1649/1444
f 828/454 827/514 826/678
f 52/34 167/555 166/218
f 1663/1446 1662/1674 1661/1447
f 287/1165 107/81 115/80
f 668/1449 671/611 670/613
f 634/1451 645/1725 640/1452
f 553/1454 560/2229 559/1455
f 118/83 36/16 33/18
f 492/415 484/292 491/424
f 3573/1458 1652/1508 1651/1459
f 582/1461 589/1849 584/1462
f 384/1463 395/1284 392/1289
f 1381/1464 1382/2307 1383/1465
f 1562/1329 1561/1521 435/268
f 952/1297 953/1296 951/479
f 3544/1467 3591/1336 583/1384
f 1660/1448 1661/1447 1667/1468
f 1394/1470 1395/1722 1396/1471
f 1660/1448 1665/1569 1664/1473
f 1671/1474 1670/1047 1669/1049
f 1624/1476 1625/1485 1673/1477
f 1407/1479 1408/2312 1409/1480
f 1677/1482 1676/860 1675/862
f 1613/1484 1679/1486 1677/1482
f 1679/1486 1678/1015 1676/860
f 1626/1487 1681/1804 3842/1488
f 534/1141 199/127 198/128
f 803/1489 733/398 734/400
f 400/386 248/385 191/338
f 65/486 66/45 143/253
f 3540/1490 1657/1917 1656/1491
f 402/1493 159/106 157/108
f 629/1494 628/2154 627/1495
f 461/285 477/1076 49/36
f 758/1497 757/406 495/298
f 796/1498 787/1780 786/1499
f 406/235 407/234 1513/1198
f 342/1502 343/498 166/218
f 1694/1503 1659/1576 1658/825
f 1692/1505 1687/3508 1694/1503
f 3578/1507 1693/1016 1652/1508
f 3952/1509 1704/1530 1703/1510
f 326/1321 547/431 302/257
f 3947/1512 3952/1509 1702/1513
f 3950/1515 3949/1520 1698/1516
f 1699/1518 1691/3926 3958/1519
f 1557/1328 406/235 1560/1501
f 1127/551 1116/545 1117/547
f 400/386 401/249 289/175
f 1706/1514 1702/1513 1707/1523
f 1707/1523 1702/1513 1599/1525
f 1709/1000 1706/1514 1708/1524
f 1714/1527 1712/1553 1711/1528
f 3950/1515 3946/1788 1709/1000
f 1704/1530 1711/1528 1577/1531
f 1716/1532 1714/1527 1713/1529
f 1559/1330 1562/1329 1549/1222
f 1722/1534 1721/1557 1720/1535
f 1335/1537 597/726 596/728
f 410/238 411/237 377/474
f 973/506 1170/595 1163/580
f 168/114 169/113 399/1352
f 1571/813 682/1542 1089/1540
f 1572/1541 681/1418 682/1542
f 749/1543 646/365 647/367
f 1730/1545 1724/1554 1723/1546
f 1594/1385 1582/1382 1729/1547
f 1729/1547 1723/1546 1591/1548
f 1384/1550 1378/715 1377/717
f 1732/1552 1731/1549 1712/1553
f 1724/1554 1730/1545 1731/1549
f 1722/1534 1724/1554 1732/1552
f 1721/1557 1722/1534 1733/1556
f 1734/1558 1733/1556 1716/1532
f 1735/1560 1737/1568 1736/1561
f 1733/1556 1732/1552 1714/1527
f 1663/1446 1664/1473 1741/1563
f 1742/1564 1665/1569 1740/1565
f 1738/1567 1739/1582 1737/1568
f 1665/1569 1660/1448 1666/1469
f 1665/1569 1742/1564 1744/1570
f 1725/1571 1726/1583 1746/1572
f 1591/1548 1725/1571 1745/1573
f 1590/1391 1745/1573 1747/1574
f 1745/1573 1746/1572 1748/1575
f 1659/1576 1688/3953 3557/1577
f 3295/1578 1760/2207 3565/1579
f 1185/591 1177/589 1182/895
f 1664/1473 1744/1570 1749/1581
f 1741/1563 1749/1581 1739/1582
f 1746/1572 1742/1564 1743/1566
f 1726/1583 1744/1570 1742/1564
f 1115/1585 924/1584 1153/574
f 1654/1586 3567/3931 3604/1587
f 1896/1589 3586/1933 3570/1590
f 1720/1535 1749/1581 1744/1570
f 1721/1557 1739/1582 1749/1581
f 1750/1591 1718/1841 1701/1517
f 1697/1562 1736/1561 1750/1591
f 1151/566 1152/579 1063/539
f 1751/1592 1752/1593 1670/1047
f 1695/1504 1658/825 1752/1593
f 961/492 962/491 986/1594
f 1770/1595 1769/1619 1768/1596
f 1766/1597 1594/1385 1593/1387
f 1731/1549 1759/3895 1579/1599
f 1579/1599 1777/1607 1774/1600
f 3959/1602 1772/1612 1771/1603
f 1764/1605 1772/1612 3959/1602
f 1777/1607 1776/1630 1775/1608
f 3792/1609 3793/2780 1699/1518
f 1004/1610 1127/551 1128/1522
f 1774/1600 1775/1608 1771/1603
f 987/1613 1400/749 1399/748
f 1578/1601 1774/1600 1772/1612
f 1783/1614 1782/1696 1781/1615
f 1597/1397 1598/1396 1770/1595
f 639/1453 1878/1731 3926/1617
f 3959/1602 3960/1604 1769/1619
f 1793/1620 1792/2099 1789/1621
f 3960/1604 3951/1632 1798/1623
f 3518/1624 3527/3950 3803/1625
f 1802/1626 1867/1709 3955/1172
f 1788/1622 1790/1678 1794/1628
f 1793/1620 1794/1628 1795/1629
f 3803/1625 3802/1648 1675/862
f 1584/1631 1581/1380 1783/1614
f 1771/1603 1797/1636 3951/1632
f 1801/1633 1799/1635 1798/1623
f 1768/1596 1769/1619 1798/1623
f 1775/1608 1796/1637 1797/1636
f 508/1360 514/554 515/556
f 1796/1637 1803/1708 1802/1626
f 1800/1634 1798/1623 3951/1632
f 1794/1628 1805/1673 1804/1638
f 3549/1639 1670/1047 1752/1593
f 485/1641 1808/1645 1807/1018
f 3840/413 3875/2092 1640/1642
f 3868/1643 3875/2092 1810/1169
f 485/1641 482/291 1640/1642
f 1690/1646 1691/3926 3800/1647
f 487/295 488/414 1648/1442
f 3870/1650 1813/3880 1816/1651
f 3869/1653 1811/1649 1648/1442
f 3870/1650 1812/1654 1811/1649
f 1812/1654 1809/1660 487/295
f 1641/1655 1809/1660 767/1656
f 465/289 466/288 755/401
f 767/1656 1815/1661 3854/1657
f 3853/1652 1816/1651 3857/1658
f 1809/1660 1812/1654 1815/1661
f 3868/1643 1653/1644 1651/1459
f 675/1662 672/3186 3561/1663
f 1814/1665 1649/1444 1822/1666
f 1821/1667 1822/1666 3852/1668
f 1824/1670 1822/1666 1649/1444
f 1827/1672 1849/986 1850/957
f 1668/1475 1669/1049 1662/1674
f 1779/1675 1780/1747 1848/1676
f 1790/1678 1827/1672 1805/1673
f 1833/1679 1836/3184 1853/1680
f 3533/1682 3516/1735 693/381
f 1614/1683 1615/1721 1616/1684
f 1852/1681 1853/1680 3507/1686
f 1620/1688 1621/2326 1622/1689
f 1855/1691 1765/1598 1574/1692
f 1847/1694 1852/1681 3511/1687
f 1766/1597 1765/1598 1855/1691
f 1629/1697 1630/2311 1631/1698
f 1633/1700 1622/1689 1634/1701
f 1635/1703 1636/2331 1637/1704
f 1848/1676 1833/1679 1852/1681
f 1855/1691 1861/1693 1863/1706
f 1803/1708 1866/3870 1867/1709
f 1862/1707 1863/1706 1831/1710
f 1782/1696 1855/1691 1862/1707
f 3953/1627 3955/1172 1865/948
f 1873/1712 1872/2117 1870/1713
f 1874/1715 1869/1714 799/1716
f 2046/1718 3909/1937 3928/1719
f 1219/610 1345/663 1295/667
f 1615/1721 1614/1683 1396/1471
f 3915/1618 3926/1617 1877/1723
f 645/1725 3929/2757 3816/1726
f 1345/663 1219/610 1035/534
f 634/1451 639/1453 3915/1618
f 15/8 1887/3468 1327/1729
f 3941/1730 3926/1617 1878/1731
f 1894/1733 604/1850 605/1734
f 3516/1735 3572/1899 627/1495
f 3584/1736 640/1452 645/1725
f 340/500 341/499 454/275
f 1897/1737 194/124 195/126
f 1889/1739 1882/1920 1877/1723
f 1901/1741 94/69 129/88
f 196/125 749/1543 754/1544
f 1705/1744 1704/1530 3952/1509
f 340/500 378/216 166/218
f 1570/1745 1480/969 563/968
f 1904/1746 1494/996 194/124
f 1781/1615 1862/1707 1832/1711
f 1905/1748 549/1184 55/38
f 1000/1750 994/1796 995/1751
f 986/1594 919/527 920/526
f 1191/597 1185/591 1190/892
f 2095/1752 2078/1982 2076/1753
f 1920/1755 1921/2196 1919/1756
f 453/276 454/275 1912/1758
f 1915/1757 1919/1756 1918/1760
f 3913/1762 2113/1890 2107/1763
f 1655/1588 3604/1587 3548/1765
f 1916/1761 1918/1760 1926/1767
f 704/389 3575/820 3585/1769
f 278/168 1916/1761 1925/1768
f 3590/1770 3589/2811 1818/1771
f 1097/543 949/553 1115/1585
f 1927/1773 1928/2201 727/375
f 3608/1774 3609/3584 3684/1775
f 1920/1755 310/184 307/186
f 1929/1777 307/186 48/31
f 503/356 504/358 1497/1778
f 1902/1779 1903/2111 787/1780
f 1816/1651 1821/1667 3851/1669
f 1925/1768 1926/1767 1923/628
f 1535/1782 1569/1819 1568/1783
f 254/244 252/145 258/147
f 1509/1046 1497/1778 366/208
f 119/194 86/63 35/1785
f 219/464 288/172 293/1088
f 141/174 46/32 47/191
f 542/470 205/316 244/318
f 1940/1787 552/1276 430/263
f 1779/1675 1828/1677 1827/1672
f 1701/1517 1710/1842 3946/1788
f 1661/1447 3571/3898 3526/1789
f 270/162 53/37 754/1544
f 197/1314 1947/2080 749/1543
f 1727/1790 1728/3193 1212/1791
f 53/37 54/39 232/1743
f 1465/894 1468/896 1479/962
f 1284/1792 3893/640 3885/1793
f 1951/1794 446/324 412/241
f 168/114 398/1539 1554/1795
f 1486/1039 1485/1097 206/129
f 506/1192 77/56 78/58
f 994/1796 1001/1986 1007/518
f 951/479 953/1296 963/507
f 1013/550 3890/863 3892/670
f 3857/1658 3851/1669 1820/1772
f 1498/1223 1909/1814 1954/1799
f 299/1006 298/1407 543/1800
f 1754/1801 1755/2271 1756/1802
f 1681/1804 469/302 1683/1805
f 1696/1506 1694/1503 1695/1504
f 13/7 14/9 738/1807
f 473/420 476/2205 475/416
f 482/291 1641/1655 768/411
f 204/1809 62/43 30/14
f 1761/1810 1762/2739 820/1811
f 611/738 1763/3241 1125/1812
f 1501/1007 1503/2788 1908/1813
f 1074/1104 1073/1103 711/809
f 1960/1815 1944/1912 82/61
f 120/1816 1956/1911 1960/1815
f 35/1785 86/63 87/78
f 1773/1817 1199/1231 1025/1060
f 1965/1818 1545/1200 1569/1819
f 494/299 761/408 471/1426
f 1966/1820 1967/1824 1969/1821
f 446/324 1951/1794 1971/1823
f 174/115 368/209 125/86
f 1580/1555 1579/1599 1578/1601
f 1785/1825 1786/2724 1787/1826
f 1972/1828 1546/2225 304/1199
f 1254/1273 876/931 875/1035
f 1973/1829 341/499 342/1502
f 321/1830 1912/1758 1973/1829
f 1910/1831 277/242 275/243
f 509/984 1973/1829 514/554
f 1486/1039 1507/1038 1527/1833
f 1974/1834 1874/1715 804/1717
f 1977/1836 1976/3511 1974/1834
f 1980/1838 448/1848 1966/1820
f 379/219 1/3 2/2
f 1718/1841 1715/1533 1710/1842
f 884/462 995/1751 992/513
f 1680/1844 1684/3934 1678/1015
f 902/1845 990/2760 525/1846
f 344/1005 255/149 256/148
f 135/1847 138/1126 137/427
f 448/1848 446/324 1967/1824
f 589/1849 605/1734 604/1850
f 910/712 909/1139 908/716
f 1981/1839 1966/1820 1968/1822
f 1982/1852 1981/1839 1987/1851
f 1988/1854 1979/1853 1987/1851
f 1990/1856 1988/1854 1989/1855
f 1991/1857 1989/1855 1993/1858
f 322/1860 321/1830 320/983
f 992/513 828/454 830/472
f 1144/578 1076/565 1086/568
f 1995/1863 1977/1836 1978/1837
f 1133/558 1129/560 1118/546
f 1997/1865 1995/1863 1994/1864
f 870/927 1823/1884 1335/1537
f 805/443 806/442 1982/1852
f 727/375 184/374 2000/1868
f 1996/1866 1994/1864 1988/1854
f 1994/1864 1978/1837 1979/1853
f 1829/1870 616/740 792/1871
f 1830/1872 1073/1103 941/982
f 798/1873 803/1489 800/441
f 729/1874 732/2883 731/1875
f 2011/1876 2012/2802 2023/1877
f 1834/1879 1835/2845 846/908
f 402/1493 283/171 284/224
f 2022/1878 2023/1877 2024/1881
f 1838/1883 718/1948 989/1024
f 810/515 955/1295 952/1297
f 1823/1884 1839/2741 1840/1885
f 1430/822 1426/821 1432/834
f 1215/1887 844/1245 1841/1888
f 1316/1372 1208/2819 873/929
f 2113/1890 1401/2337 1384/1550
f 1842/1891 1843/2769 1844/1892
f 1159/1880 846/908 845/907
f 837/901 27/26 1846/1894
f 1971/1823 1951/1794 2030/1895
f 517/1897 369/433 370/434
f 1471/933 2026/1923 2027/1896
f 3572/1899 3539/1203 626/1496
f 2176/1900 2177/3580 770/1901
f 935/1045 934/974 1854/1902
f 1613/1484 1619/1949 1611/1903
f 1231/621 1228/623 1225/609
f 1856/1905 1857/2779 891/941
f 1300/638 1309/637 748/1906
f 1150/1907 1149/2264 1858/1908
f 1643/1421 606/359 696/1234
f 1215/1887 1265/1299 1264/1910
f 1320/1377 1860/2837 902/1845
f 1956/1911 1943/3865 1944/1912
f 2031/1913 668/1449 669/1450
f 2034/1915 1325/644 1310/646
f 1879/1916 1880/2096 1656/1491
f 40/1305 245/1786 242/440
f 1992/1859 1993/1858 2040/1918
f 888/1919 958/999 957/998
f 1882/1920 1889/1739 1996/1866
f 1078/1112 1138/2830 1255/1274
f 1871/1921 912/2728 1192/1922
f 294/524 411/237 218/1212
f 1323/645 2042/1925 2026/1923
f 123/981 1960/1815 83/60
f 1324/1924 2036/1927 2042/1925
f 384/1463 358/199 359/260
f 1324/1924 1325/644 2039/1926
f 1883/1928 1884/2082 1885/1929
f 287/1165 1540/1164 114/155
f 1096/1128 1886/2340 1134/1177
f 915/956 1329/1414 931/972
f 806/442 1980/1838 1981/1839
f 3550/1930 3544/1467 584/1462
f 1425/800 2030/1895 2043/1931
f 1018/530 2043/1931 1948/1932
f 3586/1933 1896/1589 740/1934
f 1948/1932 2043/1931 649/1935
f 1881/1936 1882/1920 1990/1856
f 1900/1742 129/88 130/1157
f 992/513 995/1751 994/1796
f 923/476 927/493 925/496
f 3909/1937 2046/1718 2048/1938
f 1643/1421 2049/1975 625/1940
f 2051/1941 2053/1961 2052/1942
f 2046/1718 1405/844 1404/759
f 3907/1939 2048/1938 945/1944
f 1139/1181 1080/1113 1079/1115
f 1037/1069 1856/1905 892/940
f 2056/1945 2054/2009 2058/1946
f 1198/1228 989/1024 718/1948
f 1619/1949 2059/1951 1612/1950
f 2059/1951 1605/1954 1606/1952
f 2060/1953 2061/2882 1607/1406
f 2059/1951 1619/1949 1624/1476
f 71/1955 72/50 179/118
f 405/233 406/235 1557/1328
f 322/1860 1548/2355 1972/1828
f 2062/1956 2053/1961 2064/1957
f 2067/1959 2066/1969 2068/1960
f 2053/1961 2062/1956 2065/1962
f 1609/1963 1610/1404 2067/1959
f 1515/1965 151/101 152/1441
f 1009/522 827/514 993/1797
f 1644/1420 3874/1428 3846/1967
f 279/1030 1915/1757 1916/1761
f 1285/1968 3894/639 3893/640
f 1647/1964 2067/1959 1825/1671
f 2057/1947 2058/1946 2068/1960
f 319/1861 320/983 1953/1970
f 667/777 666/2278 1913/1972
f 2071/1974 631/1316 625/1940
f 2053/1961 2051/1941 2056/1945
f 2039/1926 1654/1586 1655/1588
f 1606/1952 1601/1400 2074/1977
f 1235/1979 1917/2851 1270/1980
f 2073/1978 2074/1977 2076/1753
f 2060/1953 1606/1952 2073/1978
f 2075/1981 2076/1753 2078/1982
f 1601/1400 1602/1399 2079/1984
f 2050/1943 2049/1975 1643/1421
f 1000/1750 1004/1610 1001/1986
f 1089/1540 943/2088 684/369
f 1931/1987 1286/2354 1306/1364
f 1462/1989 1459/880 1021/533
f 1932/1990 1933/3405 1934/1991
f 875/1035 874/930 1846/1894
f 1936/1993 1051/1080 1937/1994
f 44/140 45/33 46/32
f 1534/1784 1955/3488 1956/1911
f 1541/1162 318/181 317/183
f 2082/1996 2083/2006 2085/1997
f 146/557 1945/3866 1959/1999
f 1360/2001 1941/2194 1942/2002
f 985/1023 984/1022 1032/1066
f 1995/1863 1997/1865 1892/2003
f 2080/2005 2081/2338 2083/2006
f 2096/2007 2097/2021 2077/1983
f 2082/1996 2094/1754 2079/1984
f 2056/1945 2051/1941 2055/2008
f 501/456 2097/2021 2096/2007
f 2098/2010 2101/630 2100/2011
f 2099/2012 2100/2011 2095/1752
f 2141/2013 2142/2016 3924/2014
f 2142/2016 2047/2133 3925/2017
f 2052/1942 2071/1974 2049/1975
f 592/352 2103/2022 2102/2018
f 2072/2020 2065/1962 2077/1983
f 2103/2022 2098/2010 2099/2012
f 593/2023 2104/2044 2103/2022
f 1019/529 1895/2270 746/1283
f 1950/2024 11/2191 12/2025
f 725/396 2072/2020 2097/2021
f 1385/791 2106/2046 2105/2026
f 1379/1551 2105/2026 2107/1763
f 2108/2027 2109/3944 2101/630
f 3939/2028 726/397 502/303
f 3927/2029 502/303 499/305
f 940/2030 1389/2037 2110/2031
f 928/2032 929/755 1170/595
f 3899/2033 590/351 684/369
f 1962/2034 1963/2350 1964/2035
f 3909/1937 680/1417 573/345
f 2040/1918 1993/1858 1968/1822
f 1389/2037 1390/724 2111/2038
f 1398/747 2112/2124 2114/2039
f 3787/2040 3785/3310 3783/2041
f 3942/2043 3914/2123 2108/2027
f 949/553 923/476 924/1584
f 260/150 241/187 324/189
f 1390/724 1397/746 2114/2039
f 2071/1974 2052/1942 2065/1962
f 3898/2045 3942/2043 2104/2044
f 2106/2046 1385/791 1421/792
f 2115/2047 1421/792 1423/797
f 3923/2049 2115/2047 2116/2048
f 3939/2028 2106/2046 2115/2047
f 554/1456 2117/2198 1902/1779
f 972/505 1163/580 967/497
f 1765/1598 1593/1387 1573/2051
f 1984/2052 1985/2224 1986/2053
f 2054/2009 2118/887 2070/2055
f 3602/2056 3577/3129 724/2057
f 1625/1485 1677/1482 1674/1483
f 3912/2058 3919/2118 2120/2059
f 3934/2050 2116/2048 2124/2061
f 56/161 1954/1799 1906/1749
f 626/1496 3908/1202 3910/2063
f 2001/2064 2002/2245 2003/2065
f 3943/2067 3872/2114 2128/2068
f 2006/2070 2007/2461 2008/2071
f 2128/2068 1413/779 1412/764
f 2014/2074 2015/2263 2016/2075
f 2018/2077 2019/2889 2020/2078
f 1495/997 1424/804 1947/2080
f 1379/1551 1377/717 1386/786
f 3845/1410 3842/1488 1680/1844
f 2029/2081 1885/1929 1884/2082
f 3933/2084 2129/2073 2121/2085
f 629/1494 3910/2063 3945/631
f 682/1542 683/2797 943/2088
f 724/2057 1650/2184 2122/2089
f 1757/991 1819/2825 3852/1668
f 765/2091 1810/1169 3875/2092
f 3882/2093 714/376 715/378
f 706/1340 707/1339 3901/2095
f 981/508 986/1594 987/1613
f 1457/871 1868/1766 1656/1491
f 2017/2076 2016/2075 2032/2097
f 1458/1976 1655/1588 1868/1766
f 1776/1630 1777/1607 1792/2099
f 1959/1999 1945/3866 1946/2100
f 3693/805 3745/3643 3755/2102
f 3944/2104 3912/2058 2123/2060
f 1093/811 1089/1540 689/368
f 966/495 965/494 968/502
f 3883/2094 715/378 3912/2058
f 2174/2106 3607/3579 2172/2107
f 670/613 2139/2116 2138/2109
f 3791/2110 787/1780 1903/2111
f 1429/823 19/11 28/2112
f 964/1798 963/507 978/509
f 3872/2114 3844/782 1413/779
f 1473/2115 1474/1914 669/1450
f 3865/680 3864/681 1359/706
f 2139/2116 798/1873 1870/1713
f 1872/2117 1473/2115 2138/2109
f 715/378 716/377 3919/2118
f 1881/1936 1991/1857 1992/1859
f 3874/1428 3873/1427 739/482
f 1837/2119 1847/1694 3524/1695
f 253/146 58/41 59/62
f 1808/1645 3868/1643 3871/1019
f 1647/1964 3863/1443 3849/2121
f 3896/2122 3897/2015 671/611
f 2113/1890 3913/1762 3914/2123
f 1405/844 2046/1718 2045/1720
f 3860/691 3855/690 1364/2125
f 273/1163 1541/1162 391/230
f 576/392 632/2493 3532/2127
f 3906/2129 3896/2122 668/1449
f 1430/822 1431/1886 2141/2013
f 2137/2131 3881/2105 3891/849
f 1430/822 2140/2130 18/12
f 3924/2014 3925/2017 570/347
f 1442/835 1439/828 2047/2133
f 1431/1886 1442/835 2142/2016
f 3900/2134 3944/2104 3881/2105
f 3839/412 3854/1657 1817/2135
f 3897/2015 3924/2014 695/2132
f 2143/2137 2025/1882 798/1873
f 571/346 2144/2138 2143/2137
f 3850/1411 3845/1410 1618/1904
f 2144/2138 2022/1878 2025/1882
f 694/612 2143/2137 2139/2116
f 681/1418 1572/1541 2145/2139
f 2145/2139 2011/1876 2022/1878
f 328/394 210/134 457/635
f 1572/1541 2010/2801 2011/1876
f 630/395 3923/2049 3934/2050
f 2086/2140 2087/3946 2088/2141
f 2091/2143 2092/3489 2093/2144
f 572/1416 2145/2139 2144/2138
f 1875/2146 1976/3511 2155/2147
f 1873/1712 1875/2146 2150/2148
f 2104/2044 2108/2027 2098/2010
f 2159/2150 2044/2004 2157/2151
f 2129/2073 1412/764 1414/766
f 3905/2153 3902/2166 589/1849
f 3903/2087 3901/2095 628/2154
f 2150/2148 2155/2147 2160/2155
f 2161/2156 2160/2155 3936/2157
f 698/388 3938/2069 3933/2084
f 3854/1657 3878/1659 3858/2160
f 2160/2155 2158/2152 3905/2153
f 1438/830 2045/1720 2047/2133
f 2035/2161 2156/2149 2162/2162
f 2163/2163 2162/2162 3920/2164
f 3902/2166 3922/2171 605/1734
f 3904/2167 17/10 18/12
f 370/434 29/15 61/44
f 649/1935 1951/1794 413/240
f 2155/2147 2159/2150 2158/2152
f 1428/2168 1429/823 1449/2113
f 1490/1027 76/53 73/55
f 3921/2158 3936/2157 710/1383
f 2157/2151 1891/2175 3922/2171
f 1456/872 1457/871 1880/2096
f 2126/2172 2089/2142 2088/2141
f 2162/2162 2161/2156 3921/2158
f 300/2000 1959/1999 505/634
f 1064/592 1062/540 1046/538
f 2044/2004 1892/2003 1891/2175
f 2130/2176 2131/2276 2004/2066
f 2132/2177 2133/3433 2134/2178
f 3879/850 3880/909 1450/2169
f 1998/1867 1975/1835 804/1717
f 3910/2063 673/2296 3895/2180
f 474/418 492/415 490/1457
f 1164/582 1165/584 1182/895
f 707/1339 2164/2183 3940/2181
f 708/2182 1472/2215 2164/2183
f 2164/2183 2163/2163 3917/2165
f 548/1429 549/1184 1905/1748
f 1145/562 1136/564 1114/570
f 705/2159 2122/2089 1650/2184
f 2044/2004 2159/2150 1977/1836
f 737/1808 738/1807 554/1456
f 1034/605 1195/596 1191/597
f 458/281 1905/1748 1907/1832
f 195/126 196/125 232/1743
f 2041/2185 2040/1918 1969/1821
f 2146/2187 2147/2298 2148/2188
f 2055/2008 2051/1941 2050/1943
f 3863/1443 1646/1434 1639/1435
f 9/2190 12/2025 11/2191
f 252/145 364/206 506/1192
f 472/300 478/362 479/364
f 1865/948 3955/1172 3822/1174
f 900/484 903/473 910/712
f 1941/2194 2151/2273 2152/2195
f 1921/2196 1928/2201 1927/1773
f 2165/2197 1897/1737 1898/1738
f 271/1003 156/103 153/105
f 1904/1746 1326/2200 12/2025
f 282/286 263/156 264/1147
f 1872/2117 1873/1712 2156/2149
f 1326/2200 1904/1746 1897/1737
f 628/2154 692/379 693/381
f 1724/1554 1722/1534 1719/1536
f 1549/1222 1562/1329 436/267
f 1582/1382 1583/1381 1730/1545
f 1921/2196 1920/1755 1929/1777
f 3587/2202 3521/5093 10/2192
f 2154/2203 2038/3915 1950/2024
f 475/416 772/422 774/425
f 769/419 2174/2106 2173/2108
f 2173/2108 2167/3515 476/2205
f 476/2205 773/421 772/422
f 1791/2206 565/1310 464/1311
f 2168/2208 2169/3295 2170/2209
f 595/354 371/212 372/1217
f 483/293 1809/1660 1641/1655
f 762/407 2176/1900 2175/853
f 771/417 483/293 484/292
f 486/296 487/295 1809/1660
f 297/1291 1549/1222 1517/1185
f 763/2211 2177/3580 2176/1900
f 776/1419 755/401 759/403
f 184/374 185/166 2178/2212
f 412/241 447/325 303/1201
f 2005/2213 2178/2212 185/166
f 3842/1488 1681/1804 1682/1806
f 2166/2214 2172/2107 756/426
f 1472/2215 2035/2161 2163/2163
f 950/480 951/479 964/1798
f 2179/2216 2180/3440 2181/2217
f 227/1218 226/1051 1510/1050
f 2184/2219 2185/2886 2186/2220
f 2188/2222 2019/2889 2018/2077
f 1985/2224 2184/2219 2183/2221
f 214/136 736/2821 729/1874
f 865/675 849/1431 842/1433
f 849/1431 865/675 1357/677
f 559/1455 3189/3576 3190/2227
f 16/2228 13/7 737/1808
f 560/2229 553/1454 498/2230
f 3195/2232 3198/3419 3197/2233
f 3202/2235 3199/3420 3200/2236
f 3213/2238 3216/3525 3215/2239
f 3217/2241 3220/2266 3219/2242
f 2189/2244 2190/3118 2002/2245
f 2171/2210 2170/2209 2191/2246
f 2194/2248 2087/3946 2086/2140
f 2195/2250 2196/3896 2197/2251
f 2200/2253 2201/2710 2202/2254
f 1998/1867 1982/1852 1979/1853
f 3694/2256 3695/3143 3698/2257
f 2117/2198 1898/1738 1903/2111
f 1859/1909 2006/2070 2009/2072
f 3935/2062 2124/2061 2127/2259
f 1135/2261 1148/563 1087/569
f 2203/2262 2204/2277 2015/2263
f 1149/2264 111/3492 110/152
f 3223/2265 3224/3531 3220/2266
f 2205/2267 2206/3435 2207/2268
f 579/344 580/343 1895/2270
f 1755/2271 2209/2295 2210/2272
f 3922/2171 3941/1730 1893/1732
f 1211/1241 2152/2195 2151/2273
f 868/925 997/1032 2212/2274
f 944/1393 945/1944 930/754
f 2131/2276 2130/2176 2204/2277
f 233/629 1903/2111 1898/1738
f 665/776 751/841 750/843
f 1167/1207 1254/1273 999/1034
f 2213/2280 2214/2349 2215/2281
f 2217/2283 2218/2348 2219/2284
f 3898/2045 593/2023 590/351
f 2222/2286 221/2566 220/306
f 823/447 824/489 948/477
f 3229/2288 3222/3573 3231/2289
f 266/160 204/1809 455/469
f 3913/1762 2109/3944 2108/2027
f 2223/2291 2224/3311 3531/481
f 2225/2292 2226/3382 2227/2293
f 2209/2295 2126/2172 2125/2173
f 673/2296 674/3187 3900/2134
f 817/444 1000/1750 996/516
f 2229/2297 2230/3190 2147/2298
f 1947/2080 1948/1932 646/365
f 3931/633 2136/632 17/10
f 2231/2299 1635/1703 1638/1705
f 1679/1486 1613/1484 1618/1904
f 1637/1704 2233/2303 2234/2300
f 2235/2302 2236/2945 1617/1685
f 2233/2303 2237/2330 2238/2304
f 1381/1464 1638/1705 2240/2306
f 3616/2308 2243/3103 2244/2309
f 1630/2311 2236/2945 2235/2302
f 1681/1804 1626/1487 472/300
f 1408/2312 1407/1479 2245/2313
f 3240/2315 3243/3530 3242/2316
f 3236/2318 3245/3497 3244/2319
f 1637/1704 2232/2301 2240/2306
f 3241/2317 3242/2316 3237/2321
f 1409/1480 1408/2312 1634/1701
f 1380/1466 1383/1465 2249/2324
f 1628/1699 2250/2328 2247/2323
f 2251/2327 1623/1690 1622/1689
f 1632/1702 1634/1701 1408/2312
f 2250/2328 1628/1699 1631/1698
f 2237/2330 2233/2303 1637/1704
f 3249/2332 3250/2949 3201/2237
f 631/1316 2071/1974 2072/2020
f 515/556 167/555 52/34
f 782/858 781/2875 2253/2333
f 2255/2334 2256/3196 2257/2335
f 397/231 281/282 459/284
f 1456/872 2040/1918 2041/2185
f 2041/2185 2042/1925 2036/1927
f 1401/2337 2113/1890 2112/2124
f 2042/1925 2041/2185 1970/2186
f 1535/1782 121/2834 414/239
f 1586/1389 1587/1388 2081/2338
f 2258/2339 983/1021 1132/1175
f 1700/1002 1699/1518 3949/1520
f 3846/1967 1896/1589 1686/1158
f 1263/1298 2258/2339 1886/2340
f 598/2341 1841/1888 844/1245
f 2259/2342 2260/2345 2261/2343
f 2260/2345 2263/3256 2264/2346
f 2261/2343 2264/2346 2265/2347
f 2262/2344 2261/2343 2218/2348
f 1967/1824 1971/1823 1970/2186
f 2214/2349 1964/2035 1963/2350
f 922/2351 921/960 2220/2285
f 1312/1369 1098/1132 1101/1131
f 1307/2353 1306/1364 1286/2354
f 1548/2355 1569/1819 1546/2225
f 2268/2356 2269/2416 2270/2357
f 2267/2358 2270/2357 2272/2359
f 2274/2361 2267/2358 2271/2360
f 2275/2363 2268/2356 2267/2358
f 2277/2364 2278/2440 2279/2365
f 2280/2367 2276/2366 2279/2365
f 2286/2369 2287/2544 3647/2370
f 2289/2372 2285/2376 2288/2373
f 2290/2375 2291/2593 2285/2376
f 2292/2377 2286/2369 3669/2371
f 2293/2379 2294/2385 2295/2380
f 2297/2382 2293/2379 2296/2381
f 2298/2383 2299/2384 2293/2379
f 2299/2384 2300/2388 2294/2385
f 2296/2381 2295/2380 2301/2386
f 2281/2368 2296/2381 2302/2387
f 2300/2388 2303/2396 2304/2389
f 2294/2385 2304/2389 2305/2390
f 2295/2380 2305/2390 2306/2391
f 2306/2391 2307/2587 2308/2392
f 2310/2393 2311/2614 2312/2394
f 2304/2389 2309/2395 2312/2394
f 2303/2396 2313/2398 2309/2395
f 2314/2397 2310/2393 2309/2395
f 2315/2399 2316/2506 2317/2400
f 2320/2402 2321/2638 2322/2403
f 3778/2405 3801/3394 2324/2406
f 2326/2408 2327/2417 2275/2363
f 2315/2399 2326/2408 2328/2409
f 2330/2411 2326/2408 2315/2399
f 2331/2412 2327/2417 2326/2408
f 2333/2413 2334/2420 2335/2414
f 2332/2415 2335/2414 2269/2416
f 2327/2417 2332/2415 2268/2356
f 2331/2412 2333/2413 2332/2415
f 2335/2414 2336/3875 2337/2418
f 2338/2419 2336/3875 2335/2414
f 2340/2421 2338/2419 2334/2420
f 2333/2413 2341/2423 2339/2422
f 2331/2412 2342/2424 2341/2423
f 2330/2411 2343/2425 2342/2424
f 2318/2401 2344/2426 2343/2425
f 2344/2426 2318/2401 2317/2400
f 2346/2428 2347/2432 2348/2429
f 2343/2425 2346/2428 2349/2430
f 2344/2426 2350/2431 2346/2428
f 2350/2431 2351/2624 2347/2432
f 2352/2433 2353/2436 2354/2434
f 2341/2423 2352/2433 2355/2435
f 2342/2424 2349/2430 2352/2433
f 2349/2430 2348/2429 2353/2436
f 2339/2422 2355/2435 2356/2437
f 2355/2435 2354/2434 2357/2438
f 2358/2439 2279/2365 2278/2440
f 2358/2439 2359/2441 2360/2442
f 2358/2439 2361/2443 2298/2383
f 2281/2368 2279/2365 2358/2439
f 2362/2444 2363/2448 2272/2359
f 2269/2416 2337/2418 2362/2444
f 2364/2445 2365/2450 2366/2446
f 2364/2445 2367/2447 2363/2448
f 2368/2449 2364/2445 2360/2442
f 2368/2449 2369/2453 2365/2450
f 2359/2441 2278/2440 2370/2451
f 2368/2449 2370/2451 2371/2452
f 2278/2440 2277/2364 2372/2454
f 2370/2451 2372/2454 2284/2455
f 2374/2456 2375/2537 2376/2457
f 2377/2459 2378/2656 2379/2460
f 2380/2462 2381/2469 2382/2463
f 2384/2465 2380/2462 2383/2464
f 2386/2467 2387/2468 2380/2462
f 2387/2468 2388/2691 2381/2469
f 2390/2470 2391/2530 2392/2471
f 2389/2472 2392/2471 2394/2473
f 2395/2475 2396/2476 2389/2472
f 2396/2476 2397/2560 2390/2470
f 2188/2222 2403/2885 2404/2477
f 2405/2479 2406/2481 2329/2410
f 2274/2361 2405/2479 2328/2409
f 2273/2362 2407/2480 2405/2479
f 2407/2480 2408/2491 2406/2481
f 2406/2481 2409/2492 2410/2482
f 2411/2483 2412/2487 2413/2484
f 2411/2483 2414/2485 2273/2362
f 2415/2486 2411/2483 2271/2360
f 2415/2486 2416/3876 2412/2487
f 2419/2488 2417/3958 2418/2489
f 2419/2488 2420/2490 2408/2491
f 2414/2485 2419/2488 2407/2480
f 2413/2484 2417/3958 2419/2488
f 2408/2491 2421/2500 2409/2492
f 3596/1337 3532/2127 632/2493
f 2422/2494 2400/2501 2399/2495
f 2422/2494 2423/2496 2425/2497
f 2426/2499 2422/2494 2424/2498
f 2426/2499 2401/3407 2400/2501
f 2427/2502 2393/2474 2394/2473
f 2423/2496 2427/2502 2428/2503
f 2399/2495 2398/2504 2427/2502
f 2398/2504 2395/2475 2393/2474
f 2429/2505 2316/2506 2410/2482
f 2432/2508 2429/2505 2430/2507
f 2345/2427 2317/2400 2429/2505
f 2434/2510 2345/2427 2432/2508
f 2433/2511 2432/2508 2431/2509
f 2437/2513 2433/2511 2435/2512
f 2438/2515 2434/2510 2433/2511
f 2430/2507 2410/2482 2409/2492
f 2424/2498 2439/2516 2409/2492
f 2440/2517 2439/2516 2424/2498
f 2431/2509 2430/2507 2439/2516
f 2442/2518 2436/2514 2435/2512
f 2443/2520 2441/2519 2435/2512
f 2444/2521 2445/2522 2441/2519
f 2445/2522 2446/2524 2442/2518
f 2447/2523 2448/2526 2446/2524
f 2449/2525 2447/2523 2445/2522
f 2385/2466 2383/2464 2447/2523
f 2383/2464 2382/2463 2448/2526
f 2450/2527 2440/2517 2425/2497
f 2451/2528 2450/2527 2428/2503
f 2443/2520 2450/2527 2451/2528
f 2443/2520 2431/2509 2440/2517
f 2451/2528 2394/2473 2392/2471
f 2452/2529 2392/2471 2391/2530
f 2449/2525 2452/2529 2453/2531
f 2444/2521 2451/2528 2452/2529
f 2453/2531 2391/2530 2455/2532
f 2454/2533 2455/2532 2457/2534
f 2384/2465 2454/2533 2456/2535
f 2385/2466 2453/2531 2454/2533
f 2458/2536 2459/2713 2375/2537
f 2461/2538 2462/3957 2463/2539
f 2465/2541 2466/2567 2467/2542
f 2464/2543 2467/2542 2287/2544
f 2468/2545 2464/2543 2286/2369
f 2469/2546 2465/2541 2464/2543
f 2463/2539 2462/3957 3733/2547
f 2470/2549 2471/3937 2472/2550
f 2474/2552 2470/2549 2473/2551
f 2476/2554 2463/2539 3731/2548
f 2477/2556 2478/3290 2479/2557
f 2460/2540 2457/2534 2455/2532
f 2481/2559 2455/2532 2391/2530
f 2397/2560 2482/2561 2481/2559
f 2482/2561 2461/2538 2460/2540
f 2483/2562 2484/3309 2485/2563
f 2486/2564 113/154 2487/2565
f 2473/2551 2472/2550 2466/2567
f 2475/2553 2473/2551 2465/2541
f 2489/2568 2469/2546 2468/2545
f 2488/2569 2468/2545 2292/2377
f 2492/2571 2488/2569 2490/2570
f 2493/2573 2489/2568 2488/2569
f 2494/2574 2475/2553 2469/2546
f 2495/2575 2494/2574 2489/2568
f 2496/2576 2497/2577 2494/2574
f 2497/2577 2474/2552 2475/2553
f 3720/2578 2498/2580 2476/2554
f 3721/2579 2499/3172 2498/2580
f 2500/2581 2496/2576 2495/2575
f 2502/2583 2500/2581 2501/2582
f 3730/2585 3717/2586 2500/2581
f 3717/2586 3721/2579 2496/2576
f 2308/2392 2506/2588 2280/2367
f 2307/2587 2507/2594 2506/2588
f 2506/2588 2507/2594 2509/2589
f 2508/2590 2509/2589 2290/2375
f 2276/2366 2508/2590 2510/2591
f 2280/2367 2506/2588 2508/2590
f 3663/2592 3662/2611 2491/2572
f 3650/2378 3663/2592 2490/2570
f 2509/2589 2511/2595 2291/2593
f 2507/2594 2512/2604 2511/2595
f 2510/2591 2290/2375 2289/2372
f 2513/2596 2289/2372 2283/2374
f 2372/2454 2513/2596 2282/2597
f 2277/2364 2510/2591 2513/2596
f 2514/2598 2492/2571 2491/2572
f 2516/2600 2514/2598 2515/2599
f 2519/2602 2514/2598 2516/2600
f 2519/2602 2493/2573 2492/2571
f 2501/2582 2495/2575 2493/2573
f 2501/2582 2519/2602 2518/2603
f 2512/2604 2507/2594 2521/2605
f 2520/2606 2521/2605 2523/2607
f 3646/2609 2520/2606 2522/2608
f 3662/2611 2512/2604 2520/2606
f 2524/2612 2306/2391 2305/2390
f 2525/2613 2524/2612 2312/2394
f 2307/2587 2306/2391 2524/2612
f 2526/2615 2524/2612 2525/2613
f 2521/2605 2526/2615 2527/2616
f 2507/2594 2307/2587 2526/2615
f 2310/2393 2314/2397 2529/2617
f 2528/2618 2529/2617 2531/2619
f 2533/2621 2528/2618 2530/2620
f 2311/2614 2310/2393 2528/2618
f 1214/1243 2534/3080 2152/2195
f 2421/2500 2408/2491 2420/2490
f 2535/2623 2347/2432 2351/2624
f 2536/2625 2535/2623 2319/2404
f 2537/2626 2538/2627 2535/2623
f 2538/2627 2348/2429 2347/2432
f 2539/2628 2353/2436 2348/2429
f 2540/2629 2539/2628 2538/2627
f 2541/2630 2542/2631 2539/2628
f 2542/2631 2354/2434 2353/2436
f 2314/2397 2357/2438 2543/2632
f 2529/2617 2543/2632 2544/2633
f 2545/2634 2437/2513 2436/2514
f 2547/2636 2545/2634 2546/2635
f 2321/2638 2320/2402 2545/2634
f 2320/2402 2438/2515 2437/2513
f 2516/2600 2517/2601 2550/2639
f 2549/2640 2550/2639 2552/2641
f 2554/2643 2549/2640 2551/2642
f 2554/2643 2518/2603 2516/2600
f 2522/2608 2523/2607 2556/2645
f 2555/2646 2556/2645 2558/2647
f 3620/2649 2555/2646 2557/2648
f 3651/2610 2522/2608 2555/2646
f 2525/2613 2311/2614 2533/2621
f 2559/2651 2533/2621 2532/2622
f 2527/2616 2525/2613 2559/2651
f 2561/2653 2559/2651 2560/2652
f 2556/2645 2561/2653 2562/2654
f 2523/2607 2527/2616 2561/2653
f 2563/2655 2377/2459 2007/2461
f 2378/2656 2564/3315 2227/2293
f 2566/2657 2567/2714 2568/2658
f 2565/2659 2568/2658 338/511
f 2571/2661 2565/2659 2569/2660
f 2572/2663 2566/2657 2565/2659
f 2574/2664 2575/2672 2576/2665
f 2573/2666 2576/2665 2578/2667
f 2546/2635 2573/2666 2577/2668
f 2546/2635 2436/2514 2574/2664
f 2580/2669 2572/2663 2571/2661
f 2581/2671 2579/2670 2571/2661
f 2576/2665 2579/2670 2581/2671
f 2575/2672 2580/2669 2579/2670
f 2583/2673 2584/2681 2585/2674
f 2586/2676 2582/2675 2585/2674
f 3727/2678 3705/2680 2582/2675
f 3706/2679 2583/2673 2582/2675
f 2584/2681 2518/2603 2554/2643
f 2585/2674 2554/2643 2553/2644
f 2502/2583 2503/2584 2591/2682
f 2592/2684 2590/2683 2591/2682
f 3723/2686 3725/2687 2590/2683
f 3725/2687 3730/2585 2502/2583
f 2503/2584 2518/2603 2593/2685
f 2594/2688 2595/3306 2596/2689
f 2388/2691 2387/2468 2505/2692
f 2598/2694 2381/2469 2388/2691
f 2598/2694 2376/2457 2375/2537
f 2601/2696 2598/2694 2599/2695
f 2601/2696 2382/2463 2381/2469
f 2602/2698 2448/2526 2382/2463
f 2602/2698 2601/2696 2600/2697
f 2605/2700 2602/2698 2603/2699
f 2605/2700 2446/2524 2448/2526
f 2606/2702 2605/2700 2604/2701
f 2442/2518 2606/2702 2607/2703
f 2446/2524 2605/2700 2606/2702
f 2608/2704 2584/2681 2583/2673
f 2608/2704 2609/2705 2592/2684
f 2593/2685 2518/2603 2584/2681
f 3706/2679 2589/3314 2458/2536
f 3719/2706 2458/2536 2374/2456
f 2480/2558 2479/2557 2610/2707
f 2611/2708 2612/3299 2613/2709
f 2566/2657 2572/2663 2615/2711
f 2614/2712 2615/2711 2600/2697
f 2459/2713 2614/2712 2599/2695
f 2567/2714 2566/2657 2614/2712
f 2616/2715 2615/2711 2572/2663
f 2617/2716 2616/2715 2580/2669
f 2604/2701 2603/2699 2616/2715
f 2603/2699 2600/2697 2615/2711
f 2574/2664 2436/2514 2607/2703
f 2618/2717 2607/2703 2604/2701
f 2575/2672 2574/2664 2618/2717
f 1459/880 1016/548 1045/541
f 1265/1299 1215/1887 1079/1115
f 1612/1950 1608/1405 1609/1963
f 2068/1960 2058/1946 2070/2055
f 1135/2261 1109/544 1136/564
f 1938/1995 1937/1994 2620/2719
f 95/387 548/1429 458/281
f 2059/1951 1607/1406 1608/1405
f 1454/873 1469/903 1445/851
f 655/769 2622/2758 1048/1079
f 722/2722 1049/1078 2623/2723
f 1131/1176 985/1023 1033/1065
f 562/349 1481/967 366/208
f 1723/1546 1719/1536 1725/1571
f 1786/2724 1123/3253 1122/1152
f 267/159 300/2000 323/261
f 1325/644 2034/1915 1654/1586
f 1468/896 1165/584 1435/832
f 658/772 657/771 529/2725
f 8/4 532/321 247/339
f 382/1281 1557/1328 1559/1330
f 788/866 619/745 1307/2353
f 940/2030 930/754 929/755
f 911/951 2624/2793 2625/2727
f 2623/2723 2622/2758 655/769
f 2626/2729 1857/2779 2627/2730
f 998/1033 1846/1894 27/26
f 635/753 638/752 2628/2731
f 2629/2733 641/756 644/758
f 2630/2734 2629/2733 1840/1885
f 1200/2736 1199/1231 2629/2733
f 1199/1231 1773/1817 641/756
f 1520/1358 515/556 49/36
f 1452/874 1350/704 1349/668
f 2632/2737 2633/2841 1859/1909
f 644/758 643/757 1335/1537
f 1197/1229 1198/1228 717/814
f 2634/2738 717/814 719/815
f 2630/2734 2634/2738 1166/1205
f 2631/2735 1197/1229 2634/2738
f 1762/2739 2635/2823 1050/2740
f 1823/1884 870/927 873/929
f 2636/2742 2637/2743 794/1124
f 1042/1073 794/1124 2637/2743
f 93/70 94/69 1901/1741
f 2036/1927 2039/1926 1458/1976
f 1527/1833 332/3222 1525/1325
f 877/932 876/931 1274/1313
f 134/91 409/258 797/430
f 1328/1413 893/944 931/972
f 607/736 777/854 1091/1122
f 1043/1074 2637/2743 2639/2744
f 2638/2745 2639/2744 2641/2746
f 1275/1315 2638/2745 2640/2747
f 1275/1315 1040/1072 1043/1074
f 1272/1308 2626/2729 2628/2731
f 2642/2748 2628/2731 638/752
f 1110/1143 2643/2751 2642/2748
f 536/2750 1272/1308 2642/2748
f 1472/2215 708/2182 1474/1914
f 2043/1931 2030/1895 1951/1794
f 1058/2752 1106/1135 1105/2753
f 2644/2754 2625/2727 2645/2755
f 1192/1922 2644/2754 2646/2756
f 912/2728 2625/2727 2644/2754
f 3929/2757 1657/1917 3540/1490
f 1049/1078 1048/1079 2622/2758
f 616/740 1829/1870 1885/1929
f 1331/2759 1913/1972 666/2278
f 990/2760 989/1024 1198/1228
f 1911/1759 1912/1758 321/1830
f 1298/1356 1282/1331 1205/1332
f 76/53 1490/1027 1504/1029
f 1502/2763 1500/1009 421/254
f 610/735 609/770 658/772
f 1146/1188 937/976 659/773
f 2648/2764 911/951 914/953
f 1280/1324 1239/1258 1238/2765
f 1453/906 1454/873 1452/874
f 835/900 942/1102 1843/2769
f 1271/1307 1270/1980 1173/2770
f 1893/1732 1878/1731 1826/2773
f 1050/2740 2635/2823 1937/1994
f 2653/2774 2654/2863 814/884
f 1006/1042 1053/1082 1281/1326
f 2655/2775 1084/1117 2656/2776
f 1001/1986 1004/1610 1003/1611
f 585/723 997/1032 679/789
f 2626/2729 1272/1308 621/1309
f 555/708 678/3199 2028/2083
f 1207/1238 526/693 1197/1229
f 1626/1487 1627/1409 478/362
f 426/1056 389/228 419/252
f 1030/1225 1193/1224 1773/1817
f 3929/2757 645/1725 634/1451
f 534/1141 1533/1125 138/1126
f 1125/1812 1092/1123 1042/1073
f 333/1261 228/144 88/65
f 569/437 1570/1745 561/348
f 1489/1538 2658/2864 871/2778
f 1857/2779 2626/2729 620/743
f 1673/1477 1674/1483 3800/1647
f 622/744 861/920 864/922
f 619/745 788/866 891/941
f 261/1341 544/329 545/331
f 393/1288 1555/1415 1556/1263
f 2660/2782 2661/2784 2649/2767
f 1075/1105 2660/2782 2659/2781
f 1081/2783 1080/1113 2660/2782
f 1080/1113 1139/1181 2661/2784
f 2646/2756 2645/2755 1141/1182
f 2662/2785 1141/1182 1140/2786
f 642/2787 2662/2785 1336/1425
f 1193/1224 2646/2756 2662/2785
f 679/789 678/3199 555/708
f 1503/2788 1501/1007 1500/1009
f 1318/1374 1317/1373 1101/1131
f 2663/2790 2661/2784 1139/1181
f 2663/2790 1142/1183 2665/2791
f 2664/2792 2649/2767 2661/2784
f 2664/2792 2665/2791 2624/2793
f 2666/2794 2624/2793 911/951
f 2650/2768 2666/2794 2648/2764
f 2650/2768 2649/2767 2664/2792
f 2084/1998 2095/1752 2094/1754
f 1442/835 1440/836 1437/831
f 519/475 329/332 330/1095
f 1885/1929 2029/2081 1209/1239
f 799/1716 800/441 805/443
f 1946/2100 1943/3865 1952/1971
f 1302/2795 1301/1361 1253/1272
f 566/1320 2005/2213 224/277
f 1389/2037 940/2030 928/2032
f 683/2797 682/1542 681/1418
f 836/2798 835/900 1842/1891
f 2667/2799 1842/1891 1845/1893
f 2668/2800 2667/2799 1303/1362
f 24/27 836/2798 2667/2799
f 831/899 1072/1101 2652/2772
f 1845/1893 1844/1892 1304/1363
f 2010/2801 2013/2840 2012/2802
f 1051/1080 1936/1993 2669/2803
f 1522/1089 1521/1077 1511/1054
f 531/1116 440/270 441/2805
f 1250/1271 635/753 2627/2730
f 2671/2806 2627/2730 1857/2779
f 783/859 2671/2806 1856/1905
f 782/858 1250/1271 2671/2806
f 720/818 2672/3237 2673/2807
f 1055/1087 1931/1987 1930/1988
f 1333/2808 1067/1423 1251/1270
f 619/745 622/744 1308/1365
f 652/767 655/769 2621/2721
f 521/1058 522/1148 1539/1146
f 1838/1883 988/1026 537/701
f 2674/2809 537/701 536/2750
f 1113/1145 2674/2809 2643/2751
f 1113/1145 527/697 1838/1883
f 1016/548 1013/550 1351/879
f 3928/1719 573/345 570/347
f 226/1051 227/1218 104/2810
f 3589/2811 3699/3906 3858/2160
f 1036/1068 1037/1069 1884/2082
f 2676/2812 1301/1361 1304/1363
f 2675/2813 1304/1363 1844/1892
f 1334/1424 2675/2813 2677/2814
f 1333/2808 2676/2812 2675/2813
f 2678/2815 702/803 1039/1071
f 1843/2769 2678/2815 2677/2814
f 942/1102 1074/1104 2678/2815
f 1074/1104 699/801 702/803
f 752/2816 1057/1085 1055/1087
f 1200/2736 1166/1205 656/1206
f 1120/1150 1846/1894 874/930
f 2679/2817 874/930 877/932
f 1241/1262 2679/2817 1052/2818
f 1119/1151 1120/1150 2679/2817
f 1560/1501 1513/1198 151/101
f 1208/2819 1316/1372 611/738
f 215/2820 735/399 736/2821
f 1460/881 1459/880 1462/1989
f 1208/2819 1207/1238 1839/2741
f 854/916 856/915 1282/1331
f 72/50 445/1129 182/255
f 544/329 1563/1342 1565/1354
f 217/465 200/1213 456/2822
f 2048/1938 1404/759 930/754
f 1204/1235 2620/2719 1937/1994
f 913/952 777/854 686/856
f 840/904 527/697 1113/1145
f 1531/1119 729/1874 730/435
f 2680/2824 778/1333 1283/1334
f 601/966 667/777 1914/1973
f 1537/1149 1538/1348 459/284
f 1819/2825 1757/991 3519/993
f 991/1025 1860/2837 862/2827
f 2681/2828 711/809 1073/1103
f 2682/2829 1830/1872 983/1021
f 779/855 2682/2829 2258/2339
f 778/1333 2680/2824 2682/2829
f 2680/2824 2681/2828 1830/1872
f 180/120 542/470 245/1786
f 1886/2340 1132/1175 1131/1176
f 1138/2830 1137/1180 1274/1313
f 1841/1888 598/2341 1140/2786
f 75/2762 313/1142 314/1287
f 193/1161 423/458 420/251
f 2683/2831 2684/3251 1099/1130
f 170/179 1567/1437 1565/1354
f 349/197 416/336 417/247
f 1121/1154 1124/1153 2686/2832
f 547/431 797/430 409/258
f 123/981 122/980 121/2834
f 2645/2755 2665/2791 1142/1183
f 1542/1179 1544/1190 513/313
f 899/2835 900/484 907/525
f 1210/2836 677/788 676/790
f 791/865 663/1020 982/1167
f 24/27 27/26 837/901
f 893/944 896/943 932/1300
f 1860/2837 1320/1377 863/921
f 535/700 538/702 862/2827
f 1569/1819 1548/2355 1547/2838
f 181/119 455/469 542/470
f 660/2839 659/773 937/976
f 2013/2840 567/1319 568/436
f 887/937 890/939 2633/2841
f 1524/1092 1508/1041 361/1408
f 520/1430 161/214 162/2842
f 2655/2775 855/914 854/916
f 1238/2765 1237/1257 2657/2777
f 718/1948 1838/1883 527/697
f 1492/1004 1493/1075 518/310
f 792/1871 616/740 615/1156
f 599/727 846/908 1835/2845
f 290/393 457/635 456/2822
f 312/178 171/112 1552/1327
f 1248/2846 2689/2848 1179/1214
f 153/105 149/100 177/1889
f 1240/1260 1181/1215 1222/1248
f 1257/1351 1292/2860 1235/1979
f 1291/1350 1084/1117 1083/1249
f 1052/2818 877/932 1277/1317
f 743/1237 742/837 2620/2719
f 444/2847 140/94 430/263
f 23/23 1224/1251 1172/1209
f 2689/2848 2656/2776 1180/2849
f 102/76 103/75 409/258
f 1283/1334 607/736 610/735
f 373/2850 497/3623 650/372
f 1180/2849 2656/2776 1084/1117
f 855/914 2655/2775 2657/2777
f 1173/2770 1270/1980 1917/2851
f 2691/2852 850/913 853/912
f 2690/2853 853/912 1108/1138
f 2688/2844 2690/2853 1279/1322
f 2689/2848 2691/2852 2690/2853
f 2693/2854 1302/2795 1252/2796
f 2692/2855 1252/2796 850/913
f 1248/2846 2692/2855 2691/2852
f 1248/2846 1247/1267 2693/2854
f 2694/2856 617/742 24/27
f 2693/2854 2694/2856 2668/2800
f 1247/1267 1258/1290 2694/2856
f 1258/1290 1168/2858 617/742
f 394/1226 1554/1795 1555/1415
f 2695/2857 1260/2866 1259/1292
f 1072/1101 1236/1256 1262/1294
f 1257/1351 1071/1255 1168/2858
f 398/1539 439/271 1555/1415
f 871/2778 1784/1827 1314/2859
f 1178/1216 1232/1254 1249/1268
f 1224/1251 1289/1345 1173/2770
f 1010/1044 2619/2720 2620/2719
f 1175/1211 1174/1210 1292/2860
f 2656/2776 2689/2848 2688/2844
f 2696/2861 1157/1196 1216/1246
f 71/1955 418/1028 1487/988
f 701/802 1112/1144 1111/2862
f 1072/1101 1261/1293 2651/2771
f 1085/1118 2697/2868 22/1250
f 895/961 2696/2861 1264/1910
f 1601/1400 1606/1952 1605/1954
f 1259/1292 1262/1294 1271/1307
f 21/22 20/24 1220/1247
f 988/1026 991/1025 538/702
f 598/2341 597/726 1336/1425
f 1050/2740 860/918 818/890
f 1298/1356 2647/2761 1761/1810
f 1168/2858 1167/1207 618/2279
f 858/917 1168/2858 1256/1279
f 39/20 242/440 516/439
f 2654/2863 1761/1810 819/888
f 313/1142 316/1140 315/192
f 2026/1923 1970/2186 1971/1823
f 2658/2864 1489/1538 596/728
f 814/884 819/888 818/890
f 2698/2865 2653/2774 813/883
f 1260/2866 2698/2865 2651/2771
f 2695/2857 2699/2867 2698/2865
f 2699/2867 1296/1357 2653/2774
f 381/220 355/201 390/290
f 3849/2121 3850/1411 1611/1903
f 1475/935 1427/824 1428/2168
f 1292/2860 1174/1210 1917/2851
f 1551/1227 353/202 354/1346
f 1526/1098 1525/1325 1523/1090
f 1593/1387 1589/1386 1595/1403
f 1232/1254 1269/1306 1246/1269
f 2697/2868 2695/2857 1223/1344
f 2700/2869 1297/1355 1296/1357
f 2700/2869 2699/2867 2695/2857
f 2687/2843 2700/2869 2697/2868
f 2687/2843 854/916 1297/1355
f 562/349 1497/1778 271/1003
f 2654/2863 2653/2774 1296/1357
f 1365/762 1366/2126 1364/2125
f 1958/2101 1946/2100 1953/1970
f 585/723 588/722 2212/2274
f 1561/1521 1560/1501 1515/1965
f 975/2766 2650/2768 1146/1188
f 347/1266 67/48 68/49
f 1038/1070 1111/2862 636/751
f 2702/2871 781/2875 780/857
f 2701/2872 780/857 1036/1068
f 2703/2873 2701/2872 1883/1928
f 851/911 2702/2871 2701/2872
f 2676/2812 1333/2808 2253/2333
f 2704/2874 2253/2333 781/2875
f 1253/1272 2704/2874 2702/2871
f 1301/1361 2676/2812 2704/2874
f 1519/1253 387/227 388/229
f 1273/1312 1239/1258 1280/1324
f 2705/2876 1280/1324 1107/1323
f 2703/2873 2705/2876 852/1137
f 1829/1870 1273/1312 2705/2876
f 91/2877 260/150 326/1321
f 1784/1827 871/2778 2658/2864
f 2685/2833 2686/2832 2707/2878
f 604/1850 1894/1733 3509/2880
f 1669/1049 3551/1048 3569/2881
f 2063/1958 2064/1957 2061/2882
f 621/1309 535/700 861/920
f 2023/1877 731/1875 732/2883
f 686/856 779/855 1263/1298
f 857/919 1051/1080 2670/2804
f 883/1843 830/472 882/1252
f 637/2749 636/751 1111/2862
f 2670/2804 894/942 893/944
f 2669/2803 921/960 894/942
f 1039/1071 1038/1070 1068/1096
f 313/1142 75/2762 1504/1029
f 1911/1759 1972/1828 305/1093
f 1936/1993 2708/3194 1964/2035
f 2709/2884 2404/2477 2403/2885
f 2710/2887 2709/2884 2185/2886
f 738/1807 2165/2197 2117/2198
f 2351/2624 2350/2431 2434/2510
f 2713/2888 2714/3848 2020/2078
f 2402/2478 2713/2888 2019/2889
f 2716/2890 2717/3063 2718/2891
f 2719/2893 2720/3032 2721/2894
f 2723/2896 2724/3365 2725/2897
f 2728/2899 2729/3028 2730/2900
f 2727/2901 2730/2900 2732/2902
f 2733/2904 2727/2901 2731/2903
f 2734/2906 2728/2899 2727/2901
f 2736/2907 2737/3007 2738/2908
f 2740/2910 2741/3877 2742/2911
f 2739/2912 2742/2911 2743/2913
f 2746/2915 2747/2918 2748/2916
f 2747/2918 2746/2915 2750/2919
f 2751/2921 2752/2975 2749/2920
f 2755/2923 2751/2921 2753/2922
f 2252/2329 1380/1466 2248/2325
f 2756/2925 1396/1471 1614/1683
f 3628/2927 2756/2925 2757/2926
f 3638/2929 2747/2918 2749/2920
f 1617/1685 2758/2942 2757/2926
f 2244/2309 2760/3104 1620/1688
f 2193/2249 2086/2140 2762/2931
f 2763/2933 2761/2932 2762/2931
f 3678/2935 2761/2932 2763/2933
f 3653/2937 2193/2249 2761/2932
f 3211/2938 3252/3570 3225/2939
f 1395/1722 1394/1470 2238/2304
f 1395/1722 2237/2330 1636/2331
f 1616/1684 1635/1703 2231/2299
f 1617/1685 2236/2945 2765/2941
f 2758/2942 2765/2941 3658/2943
f 2767/2944 2765/2941 2236/2945
f 2768/2946 2766/3347 3658/2943
f 3204/2948 3201/2237 3250/2949
f 1516/1966 437/266 435/268
f 2770/2951 2771/2988 3573/1458
f 1495/997 541/382 578/342
f 2136/632 2137/2131 28/2112
f 3541/2952 3560/3908 2775/2953
f 1690/1646 1689/3952 3957/2955
f 2780/2957 2781/2967 2782/2958
f 2779/2959 2782/2958 2783/2960
f 2786/2962 2780/2957 2779/2959
f 3576/2128 3533/1682 575/380
f 1494/996 1904/1746 9/2190
f 3544/1467 2016/2075 2015/2263
f 451/320 61/44 505/634
f 2788/2964 2789/3056 2790/2965
f 2781/2967 2788/2964 2787/2966
f 2791/2968 2754/2924 2743/2913
f 2792/2969 2755/2923 2754/2924
f 2794/2970 2795/2973 2796/2971
f 2795/2973 2797/2981 2798/2974
f 2798/2974 2799/2980 2752/2975
f 2796/2971 2798/2974 2751/2921
f 2800/2976 1393/1472 1396/1471
f 3621/2977 2800/2976 2756/2925
f 2800/2976 2801/2979 2802/2978
f 3621/2977 3692/3883 2801/2979
f 2799/2980 2798/2974 2797/2981
f 2793/2972 2796/2971 2755/2923
f 216/138 233/629 232/1743
f 3835/2983 2808/3903 2809/2984
f 3836/2986 2811/2993 2806/2987
f 2771/2988 2812/3882 3578/1507
f 183/211 185/166 184/374
f 2813/2989 2814/2994 2777/2990
f 2806/2987 2813/2989 2778/2991
f 2811/2993 2815/2995 2813/2989
f 2814/2994 2813/2989 2815/2995
f 3836/2986 2810/3885 2818/2997
f 3827/2999 2820/3054 2817/3000
f 3829/3001 3831/3951 2822/3002
f 3824/3004 2825/3008 2821/3005
f 2826/3006 2738/2908 2737/3007
f 2825/3008 2827/3009 2826/3006
f 2827/3009 2825/3008 2828/3010
f 3824/3004 2824/3017 2829/3011
f 3827/2999 2819/3874 2828/3010
f 2715/2892 2718/2891 2831/3013
f 2830/3014 2831/3013 2833/3015
f 2824/3017 2823/3003 2830/3014
f 2823/3003 2822/3002 2715/2892
f 2834/3018 2829/3011 2824/3017
f 2835/3019 2834/3018 2832/3016
f 2836/3020 2837/3021 2834/3018
f 2837/3021 2820/3054 2829/3011
f 2839/3022 2840/3036 2841/3023
f 2838/3024 2841/3023 2843/3025
f 2844/3027 2838/3024 2842/3026
f 2845/3029 2839/3022 2838/3024
f 2842/3026 2843/3025 2847/3030
f 2720/3032 2846/3031 2847/3030
f 2732/2902 2730/2900 2846/3031
f 2729/3028 2842/3026 2846/3031
f 2848/3033 2847/3030 2843/3025
f 2831/3013 2848/3033 2849/3034
f 2849/3034 2843/3025 2841/3023
f 2850/3035 2841/3023 2840/3036
f 2835/3019 2850/3035 2851/3037
f 2833/3015 2849/3034 2850/3035
f 2852/3038 2816/2996 2853/3039
f 2855/3041 2852/3038 2854/3040
f 2785/2963 2779/2959 2784/2961
f 2787/2966 2790/2965 2855/3041
f 2782/2958 2787/2966 2858/3044
f 2859/3045 2860/3051 2857/3043
f 2861/3046 2859/3045 2784/2961
f 2863/3047 2845/3029 2844/3027
f 2862/3048 2844/3027 2729/3028
f 2864/3049 2862/3048 2728/2899
f 2865/3050 2863/3047 2862/3048
f 2863/3047 2865/3050 2860/3051
f 2845/3029 2863/3047 2859/3045
f 2858/3044 2855/3041 2856/3042
f 2783/2960 2858/3044 2866/3052
f 2839/3022 2845/3029 2861/3046
f 2840/3036 2839/3022 2866/3052
f 2854/3040 2853/3039 2836/3020
f 2856/3042 2854/3040 2851/3037
f 2867/3053 2817/3000 2820/3054
f 2853/3039 2867/3053 2837/3021
f 2815/2995 2811/2993 2817/3000
f 2816/2996 2815/2995 2867/3053
f 2868/3055 2814/2994 2816/2996
f 2790/2965 2868/3055 2852/3038
f 2868/3055 2790/2965 2789/3056
f 2814/2994 2868/3055 2869/3057
f 1892/2003 1889/1739 1890/1740
f 2722/2895 2721/2894 2848/3033
f 298/1407 299/1006 256/148
f 2874/3059 2716/2890 2715/2892
f 3825/3060 3831/3951 2737/3007
f 2731/2903 2732/2902 2876/3061
f 2848/3033 2718/2891 2717/3063
f 2878/3064 2879/3093 2880/3065
f 2735/2909 2877/3066 2880/3065
f 3837/3067 3838/3091 2881/3068
f 3837/3067 2882/3069 2874/3059
f 2884/3070 2885/3083 2886/3071
f 2883/3072 2886/3071 2717/3063
f 2882/3069 2883/3072 2716/2890
f 2881/3068 2884/3070 2883/3072
f 2887/3073 2888/3131 2889/3074
f 2890/3075 2891/3085 2892/3076
f 2887/3073 2892/3076 2894/3077
f 2895/3079 2888/3131 2887/3073
f 1942/2002 2152/2195 2534/3080
f 2897/3082 2894/3077 2722/2895
f 2886/3071 2897/3082 2872/3058
f 2885/3083 2898/3084 2897/3082
f 2898/3084 2893/3078 2894/3077
f 2891/3085 2876/3061 2719/2893
f 2892/3076 2719/2893 2722/2895
f 2899/3086 2895/3079 2893/3078
f 2900/3087 2899/3086 2898/3084
f 2901/3088 2900/3087 2885/3083
f 2902/3089 2901/3088 2884/3070
f 3828/3090 2902/3089 2881/3068
f 2878/3064 2904/3807 2903/3092
f 2903/3092 2904/3807 2906/3094
f 1785/1825 2658/2864 1835/2845
f 2907/3096 2908/3144 2901/3088
f 2909/3097 2910/3141 2899/3086
f 3828/3090 2903/3092 2905/3095
f 632/2493 576/392 577/3099
f 3549/1639 3568/1640 2869/3057
f 434/265 385/226 550/337
f 2770/2951 2772/3897 3670/3100
f 2912/3102 2913/3925 1623/1690
f 2243/3103 2914/3109 2760/3104
f 3670/3100 2772/3897 2915/3105
f 1623/1690 2913/3925 2759/2930
f 3617/2310 2244/2309 2759/2930
f 2231/2299 1381/1464 1380/1466
f 2767/2944 1630/2311 1629/1697
f 2917/3108 2916/3107 1629/1697
f 3672/3110 3671/3111 2916/3107
f 3671/3111 3652/2947 2767/2944
f 2921/3112 2918/3123 3672/3110
f 2920/3114 2917/3108 2914/3109
f 3644/3115 2920/3114 2243/3103
f 3648/3116 2921/3112 3643/3113
f 3561/1663 2179/2216 2182/2218
f 3533/1682 2002/2245 2190/3118
f 3735/3119 3602/2056 714/376
f 2927/3120 2768/2946 2919/3121
f 2926/3122 2919/3121 2918/3123
f 3640/3124 2926/3122 2921/3112
f 3641/3125 2927/3120 2926/3122
f 2928/3126 2929/3348 2768/2946
f 3688/3127 2928/3126 2927/3120
f 1715/1533 1713/1529 1705/1744
f 785/1500 497/3623 498/2230
f 1387/719 651/371 565/1310
f 374/2231 375/3578 1899/3128
f 3602/2056 2205/2267 2208/2269
f 2931/3130 2932/3135 2888/3131
f 2934/3132 2935/3146 2936/3133
f 1905/1748 1906/1749 1908/1813
f 2932/3135 2937/3917 2938/3136
f 2940/3138 2937/3917 2932/3135
f 1493/1075 369/433 517/1897
f 1603/3139 1585/1001 1586/1389
f 2941/3140 2940/3138 2931/3130
f 2942/3142 2941/3140 2910/3141
f 3695/3143 1707/1523 1600/1395
f 2888/3131 2932/3135 2939/3137
f 2908/3144 2909/3097 2900/3087
f 2910/3141 2931/3130 2895/3079
f 2944/3145 2936/3133 2935/3146
f 2943/3147 2935/3146 2939/3137
f 3511/1687 2943/3147 2938/3136
f 3507/1686 2944/3145 2943/3147
f 2945/3148 2946/5094 2712/3149
f 2945/3148 2875/3062 2876/3061
f 2947/3150 2945/3148 2891/3085
f 2948/3151 2946/5094 2945/3148
f 2934/3132 2947/3150 2890/3075
f 2933/3134 2948/3151 2947/3150
f 727/375 1928/2201 1929/1777
f 2905/3095 2906/3094 2949/3152
f 545/331 594/355 42/30
f 1480/969 1570/1745 533/322
f 2909/3097 2908/3144 2951/3154
f 2908/3144 2907/3096 2952/3155
f 1558/1286 452/274 215/2820
f 3830/3098 2905/3095 2950/3153
f 2055/2008 1645/1985 1644/1420
f 3735/3119 3714/3434 2205/2267
f 1828/1677 1837/2119 1849/986
f 2955/3157 2956/3301 2957/3158
f 2954/3159 2957/3158 2959/3160
f 2958/3161 2263/3256 2260/2345
f 2955/3157 2954/3159 2260/2345
f 2456/2535 2457/2534 2476/2554
f 3777/3162 2960/3168 2961/3163
f 3777/3162 2133/3433 2132/2177
f 2963/3166 2964/3297 2965/3167
f 2960/3168 2965/3167 2966/3169
f 222/307 221/2566 2487/2565
f 2479/2557 2228/2294 2968/3171
f 2633/2841 2563/2655 2006/2070
f 2386/2467 2456/2535 2498/2580
f 2969/3173 2970/3174 2961/3163
f 2970/3174 2969/3173 2972/3175
f 3789/3177 2033/2098 2973/3178
f 3814/3179 2973/3178 2962/3180
f 2974/3181 2973/3178 2033/2098
f 2007/2461 2379/2460 2975/3182
f 3583/3183 3582/3947 2135/2179
f 1836/3184 1833/1679 1832/1711
f 3516/1735 2190/3118 2091/2143
f 955/1295 810/515 959/517
f 672/3186 675/1662 674/3187
f 633/2170 710/1383 713/1335
f 2024/1881 732/2883 733/398
f 2025/1882 2024/1881 803/1489
f 425/1057 1552/1327 1550/1285
f 2977/3188 2978/3404 888/1919
f 1319/1375 1158/1194 1157/1196
f 1212/1791 1935/1992 2979/3189
f 889/938 957/998 2230/3190
f 1978/1837 1974/1834 1975/1835
f 1138/2830 1078/1112 1329/1414
f 751/841 665/776 2981/3191
f 1619/1949 1613/1484 1625/1485
f 2254/2336 2257/2335 1728/3193
f 1157/1196 1160/1195 845/907
f 2708/3194 1936/1993 1938/1995
f 2982/3195 2257/2335 2256/3196
f 2984/3198 2977/3188 887/937
f 802/875 712/810 711/809
f 678/3199 677/788 2029/2081
f 527/697 840/904 690/905
f 1839/2741 1207/1238 2631/2735
f 2985/3200 2986/3233 602/730
f 2985/3200 1914/1973 1913/1972
f 2987/3201 2985/3200 1331/2759
f 2988/3202 2986/3233 2985/3200
f 2989/3203 2639/2744 2637/2743
f 2987/3201 2990/3220 2641/2746
f 2992/3204 1319/1375 1318/1374
f 2993/3206 2994/3211 2995/3207
f 2997/3209 2993/3206 2996/3208
f 1106/1135 1058/2752 2993/3206
f 1058/2752 1057/1085 2994/3211
f 1415/765 1406/763 1365/762
f 1317/1373 922/2351 2219/2284
f 1932/1990 1728/3193 2257/2335
f 926/965 3000/3216 3001/3213
f 3003/3214 2995/3207 2994/3211
f 3002/3215 2994/3211 1057/1085
f 3001/3213 3002/3215 2980/3192
f 3000/3216 3003/3214 3002/3215
f 3004/3217 3000/3216 2211/2275
f 3004/3217 3005/3218 2998/3210
f 2995/3207 3003/3214 3004/3217
f 1103/1136 1106/1135 2997/3209
f 3006/3219 2997/3209 2998/3210
f 2211/2275 2212/2274 3006/3219
f 588/722 1103/1136 3006/3219
f 295/1840 296/1187 433/1347
f 2640/2747 2641/2746 2990/3220
f 3007/3221 2990/3220 1056/1083
f 1305/1366 3007/3221 1930/1988
f 1276/1376 2640/2747 3007/3221
f 1987/1851 1968/1822 1993/1858
f 2635/2823 1762/2739 1761/1810
f 1423/797 1422/793 1417/783
f 3585/1769 3528/483 739/482
f 2673/2807 2672/3237 2706/2879
f 1473/2115 1872/2117 2035/2161
f 922/2351 1317/1373 2696/2861
f 1401/2337 1400/749 1378/715
f 556/1166 2028/2083 1884/2082
f 842/1433 848/1432 3856/601
f 1854/1902 2708/3194 2619/2720
f 933/973 1082/1114 1081/2783
f 1440/836 1441/840 1436/963
f 529/2725 657/771 719/815
f 1031/1063 1025/1060 1027/1061
f 777/854 913/952 912/2728
f 2647/2761 1205/1332 1204/1235
f 441/2805 438/269 1538/1348
f 790/1110 1287/1343 587/1197
f 2066/1969 2067/1959 1610/1404
f 1860/2837 991/1025 990/2760
f 60/40 106/77 87/78
f 1424/804 1017/528 1948/1932
f 332/3222 1527/1833 1507/1038
f 261/1341 262/335 138/1126
f 187/123 188/122 449/273
f 1719/1536 1720/1535 1726/1583
f 1931/1987 1055/1087 1059/1086
f 3008/3223 1059/1086 1105/2753
f 1287/1343 3008/3223 1104/1134
f 1286/2354 1931/1987 3008/3223
f 3009/3224 3010/3244 3011/3225
f 3011/3225 3010/3244 653/869
f 618/2279 999/1034 26/2732
f 2029/2081 677/788 1210/2836
f 957/998 601/966 600/729
f 1049/1078 2147/2298 2230/3190
f 2633/2841 890/939 3013/3227
f 890/939 889/938 2229/2297
f 3013/3227 2229/2297 2146/2187
f 2563/2655 3013/3227 3014/3228
f 1026/1232 656/1206 609/770
f 2708/3194 1854/1902 1961/2036
f 3015/3229 2967/3170 2487/2565
f 2149/2189 2148/2188 1267/1301
f 3017/3231 1267/1301 1266/1303
f 2999/3212 2266/2352 1101/1131
f 642/2787 641/756 1773/1817
f 186/121 477/1076 461/285
f 1041/1155 1040/1072 1320/1377
f 1121/1154 3018/3235 3019/3232
f 2986/3233 2988/3202 2989/3203
f 3020/3234 2989/3203 2636/2742
f 1048/1079 603/731 3020/3234
f 603/731 602/730 2986/3233
f 2681/2828 2680/2824 801/876
f 2063/1958 2073/1978 2075/1981
f 2062/1956 2075/1981 2077/1983
f 414/239 303/1201 1545/1200
f 3018/3235 1121/1154 2685/2833
f 3021/3236 2685/2833 2706/2879
f 3022/3238 3021/3236 2672/3237
f 3009/3224 3018/3235 3021/3236
f 1871/1921 1090/1121 1091/1122
f 3023/3239 1787/1826 1122/1152
f 3024/3240 3023/3239 3019/3232
f 1314/2859 3023/3239 3024/3240
f 1784/1827 1787/1826 3023/3239
f 1316/1372 1315/1371 1763/3241
f 3025/3242 3024/3240 3012/3226
f 3025/3242 3011/3225 795/868
f 1763/3241 3025/3242 1092/1123
f 1315/1371 3024/3240 3025/3242
f 3018/3235 3009/3224 3012/3226
f 752/2816 751/841 2980/3192
f 2988/3202 2641/2746 2639/2744
f 3026/3243 654/768 653/869
f 3022/3238 3026/3243 3010/3244
f 720/818 723/817 3026/3243
f 723/817 2623/2723 654/768
f 2683/2831 1098/1132 1268/1302
f 2673/2807 3027/3245 1268/1302
f 2707/2878 2683/2831 3027/3245
f 1313/1370 3028/3247 3029/3246
f 3028/3247 3030/3265 3031/3248
f 3029/3246 3031/3248 3032/3249
f 1311/1368 3029/3246 3033/3250
f 2012/2802 568/436 731/1875
f 917/1106 2659/2781 974/1012
f 743/1237 1206/1236 856/915
f 1888/1898 2027/1896 2030/1895
f 2684/3251 2707/2878 2686/2832
f 3034/3252 2686/2832 1124/1153
f 1100/2789 3034/3252 2991/3205
f 1099/1130 2684/3251 3034/3252
f 1123/3253 2992/3204 2991/3205
f 3035/3254 1834/1879 1159/1880
f 2992/3204 3035/3254 1158/1194
f 1123/3253 1786/2724 3035/3254
f 1786/2724 1785/1825 1834/1879
f 1054/1084 1056/1083 2990/3220
f 2981/3191 665/776 664/778
f 2625/2727 2624/2793 2665/2791
f 1095/1127 660/2839 688/796
f 3036/3255 3037/3260 2263/3256
f 3038/3257 3036/3255 2958/3161
f 3039/3258 3040/3259 3036/3255
f 3040/3259 3041/3267 3037/3260
f 3042/3261 3043/3262 3028/3247
f 2265/2347 3044/3263 3043/3262
f 3044/3263 3041/3267 3045/3264
f 3043/3262 3045/3264 3030/3265
f 3046/3266 3047/3269 3045/3264
f 3048/3268 3049/3270 3047/3269
f 3049/3270 3050/3304 3051/3271
f 3045/3264 3047/3269 3051/3271
f 3040/3259 3039/3258 3053/3272
f 3052/3273 3053/3272 3055/3274
f 3054/3275 3048/3268 3046/3266
f 3041/3267 3040/3259 3052/3273
f 3056/3276 3037/3260 3041/3267
f 3044/3263 2265/2347 2264/2346
f 2263/3256 3037/3260 3056/3276
f 2218/2348 2265/2347 2999/3212
f 2214/2349 2213/2280 2669/2803
f 3058/3277 868/925 2211/2275
f 934/974 3059/3507 1961/2036
f 2013/2840 3785/3310 3787/2040
f 3060/3279 3061/3282 3062/3280
f 3061/3282 3064/3284 3065/3283
f 3062/3280 3065/3283 2215/2281
f 3063/3281 3062/3280 1963/2350
f 3065/3283 3066/3285 2216/2282
f 3064/3284 3067/3286 3066/3285
f 3067/3286 2259/2342 2262/2344
f 3066/3285 2262/2344 2217/2283
f 3068/3287 3069/3288 3033/3250
f 2610/2707 2968/3171 3069/3288
f 2968/3171 2564/3315 3070/3289
f 3033/3250 3069/3288 3070/3289
f 2457/2534 2460/2540 2463/2539
f 2478/3290 2225/2292 2228/2294
f 3572/1899 2091/2143 2090/2145
f 3541/2952 2776/2954 3799/3291
f 433/1347 354/1346 355/201
f 2116/2048 1423/797 1419/785
f 3519/993 2870/3920 2924/3293
f 3799/3291 3767/3165 2132/2177
f 3071/3294 2613/2709 2169/3295
f 2973/3178 2974/3181 2930/3296
f 2963/3166 2776/2954 2775/2953
f 3072/3298 2477/2556 2480/2558
f 2612/3299 2611/2708 3073/3300
f 2504/2693 2373/2458 2376/2457
f 3074/3302 2594/2688 2597/2690
f 2966/3169 3048/3268 3054/3275
f 3050/3304 2595/3306 3076/3305
f 2595/3306 2594/2688 3077/3307
f 3077/3307 3032/3249 3031/3248
f 3076/3305 3031/3248 3030/3265
f 3074/3302 3078/3308 3077/3307
f 3078/3308 3074/3302 2484/3309
f 2483/2562 2610/2707 3068/3287
f 3078/3308 3068/3287 3032/3249
f 2969/3173 3054/3275 3055/3274
f 2484/3309 3074/3302 3075/3303
f 479/364 480/363 493/297
f 706/1340 3931/633 3904/2167
f 3585/1769 2196/3896 2223/2291
f 2013/2840 2010/2801 3784/812
f 3550/1930 2032/2097 2016/2075
f 3586/1933 3531/481 2224/3311
f 1171/587 1154/571 1155/573
f 2588/3313 2568/2658 2567/2714
f 2984/3198 110/152 113/154
f 2564/3315 2378/2656 3079/3316
f 2378/2656 2377/2459 3014/3228
f 3014/3228 2146/2187 2149/2189
f 3079/3316 2149/2189 3017/3231
f 2965/3167 3049/3270 3048/3268
f 3053/3272 3080/3469 2972/3175
f 1683/1805 2175/853 491/424
f 3881/2105 2123/2060 1447/848
f 1986/2053 2183/2221 3764/3317
f 3081/3319 3082/3323 2548/2637
f 3083/3320 3081/3319 2577/2668
f 1983/2054 1986/2053 3798/3318
f 3084/3322 2325/2407 2321/2638
f 3082/3323 3084/3322 2547/2636
f 3764/3317 3762/3324 3084/3322
f 3762/3324 3778/2405 2325/2407
f 1309/637 1471/933 1888/1898
f 3075/3303 2597/2690 2774/3325
f 2762/2931 3085/3328 3086/3327
f 2762/2931 2086/2140 2089/2142
f 3087/3329 3086/3327 3088/3330
f 3091/3332 3087/3329 3092/3333
f 3091/3332 2764/2934 3086/3327
f 3094/3335 3090/3334 3092/3333
f 3095/3337 2750/2919 2746/2915
f 2753/2922 2749/2920 2750/2919
f 3095/3337 2743/2913 2754/2924
f 2744/2914 2743/2913 3095/3337
f 3096/3338 3095/3337 2745/2917
f 3098/3340 3099/3343 3100/3341
f 3101/3342 3098/3340 3089/3331
f 3099/3343 3096/3338 3097/3339
f 3102/3344 2745/2917 2748/2916
f 3103/3345 2929/3348 3104/3346
f 2766/3347 2768/2946 2929/3348
f 2747/2918 2766/3347 3103/3345
f 3104/3346 3094/3335 3093/3336
f 3102/3344 3093/3336 3097/3339
f 2871/3349 2804/3408 3622/3350
f 3104/3346 3105/3353 3106/3352
f 3688/3127 2870/3920 2871/3349
f 2929/3348 2928/3126 3105/3353
f 3100/3341 3097/3339 3093/3336
f 3089/3331 3100/3341 3092/3333
f 2089/2142 2126/2172 3107/3354
f 3085/3328 3107/3354 3088/3330
f 2485/2563 3075/3303 2773/3326
f 2403/2885 2188/2222 2187/2223
f 3101/3342 3088/3330 3107/3354
f 2126/2172 2209/2295 3108/3356
f 3110/3357 2739/2912 2744/2914
f 3109/3358 2744/2914 3096/3338
f 3112/3359 3110/3357 3109/3358
f 3111/3360 3109/3358 3099/3343
f 3113/3361 3111/3360 3098/3340
f 3114/3362 3112/3359 3111/3360
f 3115/3363 2740/2910 2739/2912
f 3117/3364 2725/2897 2724/3365
f 3119/3367 3117/3364 3116/3366
f 3121/3369 3119/3367 3118/3368
f 3120/3370 3118/3368 3122/3371
f 3118/3368 3116/3366 3115/3363
f 3124/3373 3114/3362 3113/3361
f 3124/3373 3125/3374 1755/2271
f 3126/3375 3127/3378 3128/3376
f 3127/3378 3120/3370 3123/3372
f 3130/3379 3121/3369 3120/3370
f 3131/3380 3130/3379 3127/3378
f 2020/2078 2714/3848 3130/3379
f 3884/671 3888/662 1346/664
f 1065/2174 1046/538 1047/537
f 1814/1665 3869/1653 3861/1445
f 2021/2079 2020/2078 3131/3380
f 3113/3361 3101/3342 3108/3356
f 3125/3374 3108/3356 2209/2295
f 2379/2460 2227/2293 2226/3382
f 3016/3230 2487/2565 113/154
f 1756/1802 2210/2272 3812/3383
f 3133/3385 3134/3400 2532/2622
f 3135/3386 3133/3385 2530/2620
f 1753/1803 1756/1802 3797/3384
f 3136/3388 3126/3375 3129/3377
f 2329/2410 2410/2482 2316/2506
f 2438/2515 2320/2402 2319/2404
f 2018/2077 2021/2079 3741/3390
f 2536/2625 3138/3393 3139/3392
f 2322/2403 2324/2406 3138/3393
f 2187/2223 2018/2077 3742/3391
f 3140/3395 3141/3878 2544/2633
f 3136/3388 3137/3389 3774/3396
f 3815/3398 3132/3381 3136/3388
f 3142/3399 3140/3395 2541/2630
f 2537/2626 3139/3392 3142/3399
f 3741/3390 2021/2079 3132/3381
f 2560/2652 2532/2622 3134/3400
f 3812/3383 3790/3403 3143/3401
f 2562/2654 2560/2652 3143/3401
f 3790/3403 3807/3422 3144/3402
f 958/999 888/1919 2978/3404
f 1933/3405 1932/1990 2982/3195
f 2401/3407 2426/2499 2420/2490
f 2350/2431 2344/2426 2345/2427
f 2324/2406 2322/2403 2321/2638
f 2720/3032 2719/2893 2876/3061
f 2711/2905 2731/2903 2875/3062
f 2896/3081 2873/3762 1361/1440
f 346/384 289/175 176/177
f 1876/1724 1877/1723 1882/1920
f 2804/3408 2805/3412 3637/3409
f 3106/3352 3146/3923 3090/3334
f 2976/3312 2224/3311 3679/2936
f 3091/3332 3147/3411 2763/2933
f 3090/3334 3146/3923 3147/3411
f 2805/3412 2976/3312 3633/3410
f 3901/2095 3940/2181 692/379
f 2124/2061 1419/785 1418/780
f 1365/762 1363/687 1368/688
f 1581/1380 1766/1597 1782/1696
f 3596/1337 2204/2277 2130/2176
f 3576/2128 2003/2065 2002/2245
f 3148/3413 2587/2677 2553/2644
f 3781/3415 3148/3413 3149/3414
f 3772/3417 3151/3418 3148/3413
f 3151/3418 2586/2676 2587/2677
f 3198/3419 3200/2236 3199/3420
f 3634/3421 2194/2248 2193/2249
f 3144/3402 3152/3423 2558/2647
f 3807/3422 3808/3425 3152/3423
f 3676/3424 3154/3428 2552/2641
f 3152/3423 3153/3426 2557/2648
f 3808/3425 3810/3922 3153/3426
f 3819/3427 3811/3430 3154/3428
f 3155/3429 3149/3414 2553/2644
f 3154/3428 3155/3429 2551/2642
f 3811/3430 3806/3431 3155/3429
f 3806/3431 3780/3416 3149/3414
f 3150/3432 2769/3486 2208/2269
f 2185/2886 2403/2885 2323/3355
f 2133/3433 2962/3180 2930/3296
f 3714/3434 3715/3936 2206/3435
f 3749/3436 2200/2253 2199/2255
f 2596/2689 2964/3297 2775/2953
f 2597/2690 2596/2689 2953/3438
f 1870/1713 798/1873 799/1716
f 3743/3439 2181/2217 2180/3440
f 3736/3441 2180/3440 3766/3442
f 336/510 3156/3446 3804/3444
f 339/512 3157/3935 3156/3446
f 3820/3447 3713/3448 3151/3418
f 3713/3448 3727/2678 2586/2676
f 2965/3167 2964/3297 3050/3304
f 3752/3445 3760/3455 337/3449
f 339/512 338/511 2568/2658
f 3158/3450 3159/3451 2170/2209
f 2612/3299 3158/3450 2169/3295
f 2956/3301 2955/3157 3158/3450
f 3159/3451 3158/3450 2955/3157
f 3737/3452 2168/2208 2171/2210
f 2569/2660 3160/3945 3161/3454
f 337/3449 3160/3945 2569/2660
f 3760/3455 3071/3294 2168/2208
f 3794/3456 2192/2247 1983/2054
f 2581/2671 3162/3457 3083/3320
f 2570/2662 3161/3454 3162/3457
f 3739/3453 2171/2210 2192/2247
f 3067/3286 3064/3284 3164/3458
f 3163/3459 3164/3458 1984/2052
f 3159/3451 3163/3459 2191/2246
f 2259/2342 3067/3286 3163/3459
f 734/400 735/399 1922/3460
f 3061/3282 3060/3279 2710/2887
f 3165/3461 2710/2887 2184/2219
f 3164/3458 3165/3461 1985/2224
f 3064/3284 3061/3282 3165/3461
f 3205/3462 3208/3566 3207/3463
f 2123/2060 2120/2059 1448/852
f 3848/886 1686/1158 1685/1160
f 139/95 140/94 444/2847
f 1570/1745 569/437 566/1320
f 2959/3160 3166/3467 3167/3466
f 2957/3158 3168/3479 3166/3467
f 1912/1758 454/275 341/499
f 3132/3381 3131/3380 3126/3375
f 1548/2355 322/1860 319/1861
f 1949/2204 1950/2024 1327/1729
f 2971/3176 2972/3175 3080/3469
f 3169/3470 3080/3469 3171/3471
f 3754/3473 2014/2074 2017/2076
f 3750/3474 2017/2076 2033/2098
f 3170/3472 3171/3471 3167/3466
f 3172/3475 3167/3466 3166/3467
f 3809/3477 3172/3475 3173/3476
f 3754/3473 3170/3472 3172/3475
f 3173/3476 3166/3467 3168/3479
f 3174/3480 3168/3479 3073/3300
f 3782/3482 3174/3480 3175/3481
f 3786/3478 3173/3476 3174/3480
f 3171/3471 3039/3258 3038/3257
f 2595/3306 3050/3304 2964/3297
f 3175/3481 3073/3300 2611/2708
f 3176/3484 2611/2708 2201/2710
f 3813/3485 3176/3484 2200/2253
f 3779/3483 3175/3481 3176/3484
f 2192/2247 2191/2246 1984/2052
f 2198/2252 2197/2251 2769/3486
f 2120/2059 2121/2085 1414/766
f 1464/947 1463/3868 1466/891
f 2201/2710 2613/2709 3071/3294
f 2459/2713 2458/2536 2589/3314
f 2228/2294 2227/2293 2564/3315
f 481/404 478/362 1627/1409
f 333/1261 1512/1053 235/1052
f 3080/3469 3053/3272 3039/3258
f 3042/3261 2266/2352 2999/3212
f 2221/2287 1934/1991 1933/3405
f 2387/2468 2386/2467 2499/3172
f 221/2566 2222/2286 3177/3487
f 2222/2286 1933/3405 3145/3406
f 3177/3487 3145/3406 2978/3404
f 2486/2564 3177/3487 2977/3188
f 2956/3301 3073/3300 3168/3479
f 2632/2737 1858/1908 110/152
f 1547/2838 319/1861 1952/1971
f 2092/3489 2091/2143 2190/3118
f 3763/3490 3766/3442 2180/3440
f 1918/1760 1919/1756 1927/1773
f 3588/3491 112/153 111/3492
f 955/1295 956/3185 960/3494
f 2037/3495 3016/3230 112/153
f 3145/3406 2982/3195 2983/3197
f 2220/2285 2213/2280 2216/2282
f 672/3186 3908/1202 3818/1204
f 2153/3496 3015/3229 3016/3230
f 1147/586 1144/578 1143/1862
f 2250/2328 2248/2325 1409/1480
f 1615/1721 1636/2331 1635/1703
f 1410/1481 1409/1480 2248/2325
f 3245/3497 3247/3534 3246/3498
f 1382/2307 3178/3500 3179/3499
f 3179/3499 1410/1481 2249/2324
f 2249/2324 1383/1465 3179/3499
f 3178/3500 2240/2306 2232/2301
f 1410/1481 3179/3499 3181/3502
f 3181/3502 3182/3765 2245/2313
f 1633/1700 3183/3503 2802/2978
f 1621/2326 1620/1688 2760/3104
f 1622/1689 1621/2326 2247/2323
f 2238/2304 1394/1470 3183/3503
f 2239/2305 2238/2304 3184/3504
f 2252/2329 1631/1698 2235/2302
f 2914/3109 1629/1697 1628/1699
f 135/1847 136/429 1564/1353
f 1567/1437 419/252 512/309
f 1085/1118 1084/1117 2655/2775
f 3186/3506 869/926 868/925
f 869/926 3186/3506 3059/3507
f 1266/1303 1268/1302 1098/1132
f 1267/1301 2148/2188 722/2722
f 937/976 1146/1188 2648/2764
f 2147/2298 1049/1078 722/2722
f 2213/2280 2220/2285 921/960
f 1957/2870 510/985 507/1359
f 1313/1370 1312/1369 2266/2352
f 1496/995 362/205 1493/1075
f 2889/3074 2939/3137 2935/3146
f 1687/3508 1688/3953 1659/1576
f 145/1011 1499/1010 1498/1223
f 37/19 38/21 418/1028
f 1935/1992 1934/1991 3187/3509
f 104/2810 89/67 301/438
f 2102/2018 2099/2012 2084/1998
f 543/1800 298/1407 360/1040
f 1934/1991 2221/2287 3188/3510
f 234/1055 1521/1077 212/173
f 3876/2090 3852/1668 1822/1666
f 1976/3511 1875/2146 1874/1715
f 223/308 3188/3510 2221/2287
f 3685/3512 3686/3605 3635/3513
f 2167/3515 2166/2214 467/410
f 467/410 468/287 2167/3515
f 773/421 476/2205 2167/3515
f 1935/1992 1212/1791 1728/3193
f 3244/2319 3229/2288 3230/2290
f 3267/3516 3253/5095 3255/3517
f 3217/2241 3218/2243 3248/3519
f 3271/3521 3223/2265 3217/2241
f 3273/3522 3249/2332 3200/2236
f 3207/3463 3208/3566 3275/3523
f 3216/3525 3213/2238 3271/3521
f 3277/3527 3215/2239 3216/3525
f 3257/3529 3258/3568 3243/3530
f 3224/3531 3223/2265 3272/3532
f 3236/2318 3239/2320 3238/2322
f 3218/2243 3246/3498 3247/3534
f 3198/3419 3195/2232 3274/3535
f 3248/3519 3247/3534 3260/3536
f 3242/2316 3243/3530 3251/2950
f 3270/3520 3248/3519 3261/3524
f 3259/3537 3246/3498 3218/2243
f 3213/2238 3272/3532 3223/2265
f 3263/3538 3219/2242 3220/2266
f 3264/3540 3224/3531 3278/3533
f 3280/3542 3281/3548 3287/3543
f 3232/3545 3233/3560 3268/3546
f 3281/3548 3235/3567 3288/3549
f 3230/2290 3231/2289 3279/3544
f 3240/2315 3269/3547 3266/3518
f 3288/3549 3269/3547 3240/2315
f 3295/1578 3277/3527 3194/3528
f 3239/2320 3230/2290 3287/3543
f 3238/2322 3287/3543 3288/3549
f 3296/3551 3298/3561 3265/3541
f 3266/3518 3255/3517 3283/3552
f 3297/3553 3214/2240 3285/3554
f 3212/3556 3211/2938 3227/2940
f 3201/2237 3204/2948 3203/3558
f 3232/3545 3235/3567 3234/3559
f 3298/3561 3296/3551 3293/3562
f 3289/1580 3286/3571 3277/3527
f 3266/3518 3269/3547 3268/3546
f 3247/3534 3245/3497 3274/3535
f 3273/3522 3274/3535 3245/3497
f 3196/2234 3209/3575 3210/3564
f 3193/3565 3276/3526 3275/3523
f 3276/3526 3193/3565 3194/3528
f 3281/3548 3280/3542 3234/3559
f 3270/3520 3275/3523 3276/3526
f 3258/3568 3257/3529 3283/3552
f 3252/3570 3258/3568 3300/3569
f 3215/2239 3277/3527 3286/3571
f 3278/3533 3272/3532 3297/3553
f 3284/3572 3285/3554 3214/2240
f 3232/3545 3269/3547 3288/3549
f 3222/3573 3229/2288 3259/3537
f 3221/3574 3259/3537 3219/2242
f 3262/3539 3220/2266 3224/3531
f 3251/2950 3243/3530 3258/3568
f 3249/2332 3273/3522 3236/2318
f 3272/3532 3213/2238 3214/2240
f 3210/3564 3207/3463 3261/3524
f 3296/3551 3297/3553 3292/3555
f 3206/3464 3207/3463 3210/3564
f 560/2229 1899/3128 3189/3576
f 3211/2938 3212/3556 3203/3558
f 3191/3550 3194/3528 3193/3565
f 448/1848 1980/1838 807/450
f 647/367 648/366 122/980
f 1833/1679 1848/1676 1780/1747
f 510/985 509/984 508/1360
f 3212/3556 1949/2204 1887/3468
f 1887/3468 15/8 3202/2235
f 15/8 16/2228 3199/3420
f 16/2228 3190/2227 3197/2233
f 3197/2233 3190/2227 3189/3576
f 3196/2234 3189/3576 1899/3128
f 3209/3575 1899/3128 375/3578
f 387/227 173/116 126/85
f 3191/3550 1791/2206 1760/2207
f 3607/3579 763/2211 757/406
f 763/2211 3607/3579 2174/2106
f 3613/3581 3612/3606 3610/3582
f 3611/3583 3610/3582 3609/3584
f 3624/3585 3627/3642 3626/3586
f 3409/3588 3631/3596 3632/3589
f 3656/3591 3654/3664 3655/3592
f 3661/3594 3665/3615 3629/3595
f 3666/3597 3667/3608 3625/3587
f 3677/3598 3614/3602 3618/3599
f 3680/3601 3612/3606 3614/3602
f 3683/3603 3609/3584 3610/3582
f 3683/3603 2178/2212 3684/1775
f 1801/1633 1864/950 3686/3605
f 3681/3604 3610/3582 3612/3606
f 3674/3607 3668/3631 3625/3587
f 1767/806 1768/1596 3689/3609
f 1597/1397 3693/805 3691/2103
f 1708/1524 1707/1523 3695/3143
f 3701/2258 3698/2257 3697/3610
f 3696/3611 3697/3610 3703/3612
f 1588/1526 1708/1524 3694/2256
f 2081/2338 3701/2258 3696/3611
f 2083/2006 3696/3611 3702/3613
f 3704/3614 3707/3616 3665/3615
f 3707/3616 3708/3628 3666/3597
f 3712/3617 3677/3598 3675/3600
f 3722/3619 3681/3604 3680/3601
f 3711/3618 3675/3600 3674/3607
f 786/1499 3724/3622 3722/3619
f 3724/3622 3683/3603 3681/3604
f 785/1500 3722/3619 3716/3620
f 497/3623 3716/3620 3712/3617
f 650/372 3712/3617 3711/3618
f 3726/3624 564/370 3711/3618
f 3414/3625 3636/3659 3635/3513
f 3732/3627 3729/3629 3708/3628
f 3729/3629 3728/3639 3709/3630
f 3675/3600 3618/3599 3668/3631
f 1799/1635 3687/3655 3689/3609
f 3738/3632 3734/3658 3467/3633
f 3471/3635 3740/3638 3738/3632
f 3744/577 463/576 564/370
f 3645/3636 3636/3659 3632/3589
f 3740/3638 3744/577 3726/3624
f 3665/3615 3666/3597 3626/3586
f 3659/3640 3656/3591 3657/3593
f 3627/3642 3630/3637 3629/3595
f 3660/3641 3746/3647 3745/3643
f 3657/3593 3655/3592 3627/3642
f 3747/3644 3746/3647 3753/3645
f 3745/3643 3693/805 3690/807
f 3746/3647 3747/3644 3755/2102
f 3698/2257 3695/3143 3691/2103
f 3698/2257 3755/2102 3747/3644
f 3697/3610 3747/3644 3748/3646
f 3757/3648 3758/3649 3703/3612
f 3758/3649 1576/2019 3702/3613
f 3756/3650 3757/3648 3748/3646
f 1576/2019 2102/2018 2085/1997
f 3757/3648 3756/3650 3761/3651
f 3205/3462 376/718 1387/719
f 3192/3577 1387/719 1791/2206
f 3290/3557 2154/2203 1949/2204
f 317/183 240/190 259/151
f 2000/1868 2178/2212 3683/3603
f 3631/3596 3629/3595 3630/3637
f 3619/3653 3618/3599 3614/3602
f 3607/3579 758/1497 756/426
f 3615/3654 3614/3602 3612/3606
f 3708/3628 3709/3630 3667/3608
f 3206/3464 375/3578 376/718
f 1801/1633 3685/3512 3687/3655
f 3759/3652 3765/3657 3758/3649
f 1575/1378 3765/3657 3768/3656
f 3765/3657 1575/1378 1576/2019
f 1776/1630 1795/1629 1796/1637
f 1293/661 1294/657 1290/649
f 1326/2200 14/9 1327/1729
f 1294/657 1245/627 1234/619
f 878/626 1244/625 1330/648
f 497/3623 373/2850 374/2231
f 122/980 648/366 413/240
f 3729/3629 3732/3627 3734/3658
f 3636/3659 3414/3625 3410/3590
f 3738/3632 3740/3638 3728/3639
f 3473/575 3744/577 3740/3638
f 3734/3658 3704/3614 3452/3660
f 439/271 398/1539 399/1352
f 1512/1053 1528/1099 1526/1098
f 1668/1475 1741/1563 1738/1567
f 839/3661 849/1431 1362/2226
f 1362/2226 1357/677 826/678
f 3874/1428 740/1934 1896/1589
f 2054/2009 2055/2008 2119/885
f 3919/2118 3918/2086 2121/2085
f 696/1234 697/1233 3847/3662
f 1826/2773 1878/1731 639/1453
f 3770/3663 3769/3666 3759/3652
f 956/3185 885/463 886/485
f 1980/1838 806/442 1922/3460
f 33/18 34/17 105/111
f 1343/659 1344/660 3887/666
f 3938/2069 2128/2068 2129/2073
f 1766/1597 1581/1380 1582/1382
f 14/9 1326/2200 2165/2197
f 595/354 98/72 99/1067
f 3237/2321 3242/2316 3250/2949
f 1346/664 1035/534 1044/535
f 748/1906 1888/1898 1425/800
f 3195/2232 3210/3564 3260/3536
f 3192/3577 3193/3565 3208/3566
f 3642/3514 3635/3513 3636/3659
f 3654/3664 3642/3514 3645/3636
f 3661/3594 3424/3665 3452/3660
f 3709/3630 3710/3621 3674/3607
f 3716/3620 3680/3601 3677/3598
f 3732/3627 3707/3616 3704/3614
f 3655/3592 3645/3636 3630/3637
f 3631/3596 3409/3588 3424/3665
f 3769/3666 3768/3656 3765/3657
f 3660/3641 3657/3593 3624/3585
f 3771/3667 3753/3645 3746/3647
f 1284/1792 1290/649 1288/651
f 3728/3639 3726/3624 3710/3621
f 1778/1616 1781/1615 1780/1747
f 1792/2099 1759/3895 1584/1631
f 695/2132 570/347 571/346
f 3668/3631 3771/3667 3624/3585
f 3771/3667 3668/3631 3618/3599
f 3251/2950 3252/3570 3211/2938
f 3301/3668 3302/3742 3303/3669
f 3305/3671 3306/3739 3307/3672
f 3308/3673 3307/3672 3309/3674
f 3311/3676 3312/3684 3313/3677
f 3315/3679 3316/3682 3317/3680
f 3316/3682 3319/3740 3320/3683
f 3312/3684 3311/3676 3310/3675
f 3321/3685 3314/3678 3313/3677
f 3323/3687 3324/3755 3325/3688
f 3327/3690 3328/3711 3329/3691
f 3333/3693 3327/3690 3330/3692
f 3335/3695 3336/3723 3337/3696
f 3338/3698 3339/5096 3340/3699
f 3342/3701 3343/3713 3344/3702
f 3346/3704 3347/3712 3348/3705
f 3342/3701 3345/3703 3350/3707
f 3351/3708 3350/3707 3352/3709
f 3328/3711 3354/3730 3353/3710
f 3347/3712 3344/3702 3343/3713
f 3355/3714 3310/3675 3311/3676
f 3314/3678 3357/3720 3356/3715
f 3321/3685 3228/3760 3226/3716
f 3359/3718 3346/3704 3349/3706
f 3321/3685 3358/3717 3357/3720
f 3361/3721 3352/3709 3350/3707
f 3320/3683 3362/3738 3363/3722
f 3350/3707 3345/3703 3336/3723
f 3368/3724 3369/3727 3370/3725
f 3369/3727 3368/3724 3256/3728
f 3327/3690 3372/3741 3354/3730
f 3373/3731 3372/3741 3327/3690
f 3323/3687 3373/3731 3333/3693
f 3375/3733 3308/3673 3310/3675
f 3308/3673 3375/3733 3376/3734
f 3317/3680 3363/3722 3377/3735
f 3378/3736 3326/3689 3304/3670
f 3326/3689 3378/3736 3373/3731
f 3379/3737 3304/3670 3326/3689
f 3334/3694 3380/3747 3374/3732
f 3361/3721 3329/3691 3328/3711
f 3305/3671 3376/3734 3362/3738
f 3306/3739 3305/3671 3320/3683
f 3372/3741 3377/3735 3363/3722
f 3354/3730 3363/3722 3362/3738
f 3353/3710 3362/3738 3376/3734
f 3375/3733 3342/3701 3351/3708
f 3356/3715 3348/3705 3343/3713
f 3348/3705 3356/3715 3357/3720
f 3357/3720 3358/3717 3360/3719
f 3372/3741 3373/3731 3378/3736
f 3303/3669 3318/3681 3377/3735
f 3302/3742 3315/3679 3318/3681
f 3340/3699 3382/3749 3383/3743
f 3355/3714 3343/3713 3342/3701
f 3332/3697 3331/3748 3361/3721
f 3365/3744 3364/3745 3330/3692
f 3364/3745 3366/3746 3334/3694
f 3366/3746 3367/3758 3380/3747
f 3331/3748 3365/3744 3329/3691
f 3370/3725 3339/5096 3338/3698
f 3382/3749 3381/3752 3384/3750
f 3383/3743 3384/3750 3385/3751
f 3338/3698 3341/3700 3385/3751
f 3336/3723 3384/3750 3381/3752
f 3345/3703 3344/3702 3384/3750
f 3344/3702 3347/3712 3385/3751
f 3385/3751 3347/3712 3346/3704
f 3346/3704 3359/3718 3368/3724
f 3368/3724 3359/3718 3282/3753
f 3386/3754 3301/3668 3304/3670
f 3284/3572 3325/3688 3324/3755
f 3380/3747 3387/3757 3388/3756
f 3387/3757 3380/3747 3367/3758
f 3374/3732 3388/3756 3324/3755
f 3325/3688 3284/3572 3286/3571
f 3289/1580 3386/3754 3379/3737
f 3322/3686 3291/3763 3228/3760
f 3387/3757 3293/3562 3292/3555
f 3389/3759 3294/3563 3293/3562
f 3388/3756 3292/3555 3285/3554
f 3282/3753 3359/3718 3360/3719
f 3299/3761 3360/3719 3358/3717
f 3322/3686 3313/3677 2967/3170
f 2967/3170 3313/3677 3312/3684
f 222/307 3312/3684 3309/3674
f 223/308 3309/3674 3307/3672
f 3307/3672 3306/3739 3187/3509
f 3306/3739 3319/3740 2979/3189
f 3319/3740 3316/3682 1213/1242
f 3316/3682 3315/3679 1214/1243
f 2534/3080 1214/1243 3315/3679
f 2896/3081 2534/3080 3302/3742
f 2873/3762 2896/3081 3301/3668
f 3259/3537 3229/2288 3244/2319
f 3291/3763 3322/3686 3015/3229
f 1997/1865 1996/1866 1889/1739
f 1237/1257 745/839 744/838
f 1535/1782 1534/1784 120/1816
f 1531/1119 1532/1367 201/137
f 1119/1151 1241/1262 1032/1066
f 946/478 948/477 824/489
f 163/213 8/4 5/6
f 3619/3653 3756/3650 3753/3645
f 1155/573 1156/572 1162/581
f 427/280 213/132 327/1304
f 553/1454 1902/1779 796/1498
f 3390/3764 2234/2300 2233/2303
f 3390/3764 3180/3501 2232/2301
f 2239/2305 3185/3505 3182/3765
f 3392/3766 3393/3769 3394/3767
f 3393/3769 3395/3771 3396/3770
f 3395/3771 3397/3773 3398/3772
f 3397/3773 3399/3799 3400/3774
f 3401/3775 3402/3794 3403/3776
f 3404/3777 3403/3776 3405/3778
f 3407/3780 3408/3781 3406/3779
f 3409/3588 3410/3590 3408/3781
f 3412/3782 3413/3784 3414/3625
f 3415/3783 3416/3786 3413/3784
f 3417/3785 3418/3788 3416/3786
f 3419/3787 3420/3790 3418/3788
f 3421/3789 3422/3836 3420/3790
f 3424/3665 3409/3588 3407/3780
f 3423/3791 3407/3780 3405/3778
f 3425/3792 3405/3778 3403/3776
f 3426/3793 3403/3776 3402/3794
f 3402/3794 3428/3797 3429/3796
f 3428/3797 3399/3799 3430/3798
f 3399/3799 3397/3773 3431/3800
f 3397/3773 3395/3771 3432/3801
f 3395/3771 3393/3769 3433/3802
f 3393/3769 3392/3766 3434/3803
f 3434/3803 3392/3766 3435/3804
f 2906/3094 3436/3864 3437/3805
f 3438/3806 3436/3864 2906/3094
f 3439/3808 3438/3806 2904/3807
f 2877/3066 3440/3840 3439/3808
f 3441/3809 3442/3841 2735/2909
f 2827/3009 3443/3816 3444/3810
f 3446/3811 3447/3843 3448/3812
f 3450/3814 3446/3811 3445/3813
f 2726/2898 2725/2897 3443/3816
f 3445/3813 3448/3812 3117/3364
f 3449/3815 3445/3813 3119/3367
f 3452/3660 3424/3665 3423/3791
f 3451/3817 3423/3791 3425/3792
f 3453/3818 3425/3792 3426/3793
f 3454/3819 3426/3793 3427/3795
f 3455/3820 3427/3795 3429/3796
f 3429/3796 3430/3798 3457/3822
f 3430/3798 3431/3800 3458/3823
f 3431/3800 3432/3801 3459/3824
f 3432/3801 3433/3802 3460/3825
f 3433/3802 3434/3803 3461/3826
f 3434/3803 3186/3506 3058/3277
f 3460/3825 3461/3826 2255/2334
f 3459/3824 3460/3825 2254/2336
f 3458/3823 3459/3824 1727/1790
f 3457/3822 3458/3823 2151/2273
f 3462/3827 3456/3821 3457/3822
f 3463/3828 3455/3820 3456/3821
f 3464/3829 3454/3819 3455/3820
f 3465/3830 3453/3818 3454/3819
f 3451/3817 3453/3818 3465/3830
f 3452/3660 3451/3817 3466/3831
f 3468/3832 3469/3634 3467/3633
f 3466/3831 3465/3830 3464/3829
f 3468/3832 3464/3829 3463/3828
f 3471/3635 3469/3634 3468/3832
f 3470/3833 3463/3828 3462/3827
f 3473/575 3471/3635 3470/3833
f 3472/3834 3462/3827 1941/2194
f 3413/3784 3408/3781 3410/3590
f 3416/3786 3406/3779 3408/3781
f 3418/3788 3404/3777 3406/3779
f 3420/3790 3401/3775 3404/3777
f 3474/3835 3475/3839 3422/3836
f 3476/3837 3477/3844 3478/3838
f 3474/3835 3421/3789 3440/3840
f 3479/3842 3476/3837 3475/3839
f 3447/3843 3479/3842 3441/3809
f 3476/3837 3479/3842 3447/3843
f 3477/3844 3476/3837 3446/3811
f 3480/3845 3478/3838 3477/3844
f 3481/3846 3477/3844 3450/3814
f 3482/3847 3450/3814 3449/3815
f 2714/3848 3449/3815 3121/3369
f 3484/3849 3480/3845 3481/3846
f 3483/3850 3481/3846 3482/3847
f 3485/3851 3482/3847 2714/3848
f 3486/3852 3485/3851 2713/2888
f 3487/3853 3483/3850 3485/3851
f 3488/3854 3484/3849 3483/3850
f 3401/3775 3420/3790 3422/3836
f 3475/3839 3478/3838 3489/3855
f 3428/3797 3402/3794 3401/3775
f 3399/3799 3428/3797 3489/3855
f 3478/3838 3480/3845 3400/3774
f 3398/3772 3400/3774 3480/3845
f 3396/3770 3398/3772 3484/3849
f 3394/3767 3396/3770 3488/3854
f 3491/3857 3486/3852 2402/2478
f 3492/3858 3487/3853 3486/3852
f 3490/3856 3488/3854 3487/3853
f 3493/3859 3491/3857 2404/2477
f 3060/3279 3493/3859 2709/2884
f 3063/3281 3494/3860 3493/3859
f 3494/3860 3492/3858 3491/3857
f 3391/3768 3394/3767 3490/3856
f 3495/3861 3490/3856 3492/3858
f 3435/3804 3392/3766 3391/3768
f 3496/3862 3391/3768 3495/3861
f 3495/3861 3494/3860 3063/3281
f 1961/2036 3059/3507 3496/3862
f 3059/3507 3186/3506 3435/3804
f 3437/3805 3412/3782 3411/3626
f 3436/3864 3415/3783 3412/3782
f 3438/3806 3417/3785 3415/3783
f 3439/3808 3419/3787 3417/3785
f 3440/3840 3421/3789 3419/3787
f 3479/3842 3474/3835 3442/3841
f 3443/3816 3448/3812 3447/3843
f 2725/2897 3117/3364 3448/3812
f 2877/3066 2735/2909 3442/3841
f 2738/2908 2826/3006 3444/3810
f 2949/3152 3437/3805 3497/3863
f 3473/575 3472/3834 1360/2001
f 1900/1742 1925/1768 1924/1781
f 1736/1561 1717/1559 1718/1841
f 1955/3488 1952/1971 1943/3865
f 1671/1474 1738/1567 1735/1560
f 1696/1506 1750/1591 1698/1516
f 1800/1634 1865/948 1864/950
f 2064/1957 2056/1945 2057/1947
f 1737/1568 1734/1558 1717/1559
f 1751/1592 1735/1560 1697/1562
f 943/2088 3916/1392 3930/1394
f 3686/3605 3497/3863 3411/3626
f 1577/1531 1578/1601 1764/1605
f 3948/1606 1598/1396 1599/1525
f 1945/3866 146/557 82/61
f 68/49 6/5 7/2726
f 147/97 1542/1179 1543/1189
f 1109/544 1135/2261 1133/558
f 1503/2788 1910/1831 1907/1832
f 1499/1010 1501/1007 1909/1814
f 452/274 1922/3460 735/399
f 1824/1670 2069/2718 3866/3867
f 1825/1671 2068/1960 2069/2718
f 1463/3868 1462/1989 1022/532
f 841/686 1012/521 1009/522
f 1568/1783 1547/2838 1955/3488
f 1910/1831 1503/2788 1502/2763
f 1939/3869 1502/2763 422/256
f 309/1031 280/167 1940/1787
f 1804/1638 1851/959 1866/3870
f 269/163 1482/971 1954/1799
f 2066/1969 1607/1406 2061/2882
f 3843/3465 1685/1160 1758/3871
f 280/167 276/169 552/1276
f 1875/2146 1873/1712 1869/1714
f 1739/1582 1721/1557 1734/1558
f 1778/1616 1779/1675 1790/1678
f 310/184 1920/1755 1915/1757
f 1909/1814 1908/1813 1906/1749
f 1789/1621 1783/1614 1778/1616
f 978/509 981/508 980/1401
f 1584/1631 1759/3895 1731/1549
f 425/1057 426/1056 311/1436
f 148/96 1543/1189 115/80
f 2045/1720 3928/1719 3925/2017
f 277/242 1910/1831 1939/3869
f 1943/3865 1946/2100 1945/3866
f 1461/936 1462/1989 1463/3868
f 2255/2334 3461/3826 3058/3277
f 2983/3197 2256/3196 3498/3872
f 2211/2275 3000/3216 3498/3872
f 2256/3196 2255/2334 3057/3278
f 3000/3216 926/965 958/999
f 2828/3010 2819/3874 2723/2896
f 3499/3873 2741/3877 2723/2896
f 2818/2997 3500/3879 3499/3873
f 2336/3875 2299/2384 2298/2383
f 2300/2388 2299/2384 2336/3875
f 2303/2396 2300/2388 2338/2419
f 2313/2398 2303/2396 2340/2421
f 2314/2397 2313/2398 2356/2437
f 2361/2443 2360/2442 2363/2448
f 2337/2418 2298/2383 2361/2443
f 2416/3876 2415/2486 2367/2447
f 2415/2486 2272/2359 2363/2448
f 2357/2438 2354/2434 2542/2631
f 2543/2632 2542/2631 2541/2630
f 2724/3365 2723/2896 2741/3877
f 3116/3366 2724/3365 2740/2910
f 3112/3359 3114/3362 3123/3372
f 3110/3357 3112/3359 3122/3371
f 3124/3373 1754/1801 3129/3377
f 3114/3362 3124/3373 3128/3376
f 3129/3377 1754/1801 1753/1803
f 3141/3878 3135/3386 2531/2619
f 3774/3396 3805/3387 3135/3386
f 3499/3873 2791/2968 2742/2911
f 3500/3879 2792/2969 2791/2968
f 228/144 229/143 91/2877
f 245/1786 244/318 243/340
f 248/385 7/2726 247/339
f 2/2 297/1291 296/1187
f 145/1011 146/557 300/2000
f 327/1304 213/132 210/134
f 329/332 332/3222 331/1091
f 239/1191 241/187 240/190
f 373/2850 376/718 375/3578
f 178/2199 177/1889 176/177
f 1218/606 1225/609 1228/623
f 3893/640 1231/621 1295/667
f 808/445 809/452 824/489
f 3889/923 3890/863 1013/550
f 3844/782 3841/781 1411/761
f 2156/2149 2150/2148 2161/2156
f 3876/2090 3866/3867 1758/3871
f 306/449 807/450 1922/3460
f 2159/2150 2155/2147 1976/3511
f 708/2182 709/1338 2031/1913
f 1450/2169 1226/615 1227/617
f 1672/1478 1604/1398 1605/1954
f 1813/3880 1814/1665 1821/1667
f 1717/1559 1716/1532 1715/1533
f 176/177 159/106 402/1493
f 1710/1842 1705/1744 3947/1512
f 1712/1553 1580/1555 1577/1531
f 1705/1744 1713/1529 1711/1528
f 971/501 978/509 979/733
f 822/448 823/447 1094/552
f 2911/3881 2812/3882 2795/2973
f 2812/3882 2771/2988 2797/2981
f 2801/2979 2912/3102 2251/2327
f 3692/3883 3673/3101 2912/3102
f 2771/2988 2770/2951 2803/2982
f 3179/3499 3178/3500 3180/3501
f 3180/3501 3390/3764 3182/3765
f 3183/3503 1394/1470 1393/1472
f 3183/3503 1633/1700 1632/1702
f 3184/3504 1632/1702 2246/2314
f 3185/3505 2246/2314 2245/2313
f 3501/3884 2793/2972 2792/2969
f 2810/3885 3501/3884 3500/3879
f 2241/3886 3603/1170 3601/3887
f 1149/2264 1150/1907 3600/3889
f 1150/1907 2009/2072 3593/3891
f 2204/2277 3596/1337 3591/1336
f 2923/3892 3589/2811 3590/1770
f 3594/3894 3583/3183 2134/2178
f 1777/1607 1579/1599 1759/3895
f 1201/598 1196/599 1183/588
f 3585/1769 3575/820 2197/2251
f 3574/1460 3606/3930 2772/3897
f 3958/1519 3956/2956 1687/3508
f 1516/1966 152/1441 154/104
f 3570/1590 3586/1933 2976/3312
f 3571/3898 3569/2881 2781/2967
f 2773/3326 2774/3325 3605/3899
f 3072/3298 2773/3326 3566/3900
f 3568/1640 3564/827 2777/2990
f 1376/714 1375/713 1370/705
f 2769/3486 3563/819 3577/3129
f 2197/2251 3575/820 3563/819
f 2777/2990 3564/827 3562/826
f 3386/3754 3289/1580 3565/1579
f 3835/2983 3833/3932 3558/3902
f 2778/2991 3562/826 3557/1577
f 2242/3888 3601/3887 3552/3904
f 2922/3905 3552/3904 3699/3906
f 3569/2881 3551/1048 2788/2964
f 1805/1673 1850/957 1851/959
f 3551/1048 3549/1639 2789/3056
f 2953/3438 2775/2953 3560/3908
f 2774/3325 2953/3438 3547/3909
f 2975/3182 2226/3382 3545/3910
f 2226/3382 2225/2292 3556/3912
f 1957/2870 1953/1970 320/983
f 306/449 305/1093 304/1199
f 2772/3897 3606/3930 3543/1171
f 2915/3105 3543/1171 3603/1170
f 2925/3893 3590/1770 3542/2826
f 308/185 1940/1787 431/262
f 207/131 208/130 132/90
f 1879/1916 1876/1724 1881/1936
f 3763/3490 3818/1204 3539/1203
f 2477/2556 3072/3298 3580/3901
f 2478/3290 2477/2556 3537/3913
f 2225/2292 2478/3290 3535/3914
f 3534/1159 3570/1590 2805/3412
f 2038/3915 3587/2202 11/2191
f 1959/1999 1958/2101 450/272
f 2003/2065 3576/2128 3532/2127
f 9/2190 10/2192 334/328
f 2009/2072 2008/2071 3529/3916
f 2008/2071 2975/3182 3554/3911
f 3908/1202 672/3186 673/2296
f 3526/1789 3571/3898 2780/2957
f 2937/3917 3525/2120 3524/1695
f 111/3492 1149/2264 3597/3890
f 3520/3918 3525/2120 2937/3917
f 683/2797 3907/1939 3916/1392
f 3518/1624 3578/1507 2812/3882
f 736/2821 733/398 732/2883
f 1795/1629 1804/1638 1803/1708
f 3515/987 3520/3918 2940/3138
f 3517/958 3515/987 2941/3140
f 2952/3155 3523/1173 3514/3919
f 2942/3142 2951/3154 3514/3919
f 3832/3156 3822/1174 3523/1173
f 2870/3920 3519/993 3512/992
f 2871/3349 3512/992 3534/1159
f 1024/614 1034/605 1023/593
f 3510/949 3513/2193 2950/3153
f 551/1277 1939/3869 442/487
f 2974/3181 3508/3921 3594/3894
f 2032/2097 3550/1930 3508/3921
f 216/138 93/70 1924/1781
f 203/236 202/135 201/137
f 1828/1677 1848/1676 1847/1694
f 1958/2101 1957/2870 449/273
f 272/350 271/1003 178/2199
f 2873/3762 3565/1579 3504/1439
f 3649/3907 3699/3906 3589/2811
f 2803/2982 2770/2951 3673/3101
f 2005/2213 3788/1776 3684/1775
f 960/3494 886/485 899/2835
f 3687/3655 3685/3512 3642/3514
f 3810/3922 3819/3427 3676/3424
f 3153/3426 3676/3424 3623/2650
f 2195/2250 3634/3421 3653/2937
f 3637/3409 3633/3410 3147/3411
f 3633/3410 3679/2936 2763/2933
f 3622/3350 3637/3409 3146/3923
f 2928/3126 3688/3127 3664/3351
f 3664/3351 3622/3350 3106/3352
f 3785/3310 3784/812 3776/3924
f 566/1320 567/1319 3788/1776
f 3497/3863 3686/3605 1864/950
f 1602/1399 1586/1389 2080/2005
f 2870/3920 3688/3127 3641/3125
f 2924/3293 3641/3125 3640/3124
f 2925/3893 3640/3124 3648/3116
f 3700/3117 3643/3113 2920/3114
f 3649/3907 3700/3117 3644/3115
f 2923/3892 3648/3116 3700/3117
f 2922/3905 3644/3115 3616/2308
f 3643/3113 3672/3110 2917/3108
f 2919/3121 2768/2946 3652/2947
f 2918/3123 2919/3121 3671/3111
f 2241/3886 3617/2310 3682/3106
f 2913/3925 3670/3100 3682/3106
f 3673/3101 3670/3100 2913/3925
f 2799/2980 2803/2982 3692/3883
f 2799/2980 3621/2977 3628/2927
f 3652/2947 3658/2943 2765/2941
f 3638/2929 3658/2943 2766/3347
f 2196/3896 3653/2937 3678/2935
f 2223/2291 3678/2935 3679/2936
f 2758/2942 3638/2929 3639/2928
f 2752/2975 3628/2927 3639/2928
f 3699/3906 3552/3904 1817/2135
f 3793/2780 3800/1647 1691/3926
f 2517/2601 3651/2610 3620/2649
f 2550/2639 3620/2649 3623/2650
f 2515/2599 2491/2572 3662/2611
f 2515/2599 3646/2609 3651/2610
f 2511/2595 3663/2592 3650/2378
f 2512/2604 3662/2611 3663/2592
f 2291/2593 3650/2378 3669/2371
f 2285/2376 3669/2371 3647/2370
f 2242/3888 3616/2308 3617/2310
f 3689/3609 3687/3655 3654/3664
f 716/377 2122/2089 3918/2086
f 727/375 1999/1869 3791/2110
f 2167/3515 2173/2108 2172/2107
f 3690/807 3689/3609 3656/3591
f 3773/2042 3611/3583 3608/1774
f 2177/3580 2174/2106 769/419
f 2101/630 500/304 2096/2007
f 3788/1776 567/1319 3787/2040
f 640/1452 3584/1736 3595/3927
f 1653/1644 3606/3930 3574/1460
f 1895/2270 3553/3942 3546/3928
f 746/1283 3546/3928 3555/3929
f 1653/1644 1810/1169 3543/1171
f 3792/1609 1603/3139 1604/1398
f 2094/1754 2076/1753 2074/1977
f 959/517 996/516 995/1751
f 962/491 899/2835 919/527
f 1400/749 1401/2337 1398/747
f 1000/1750 817/444 1127/551
f 956/3185 959/517 884/462
f 1662/1674 3569/2881 3571/3898
f 2034/1915 3579/3941 3567/3931
f 3957/2955 1689/3952 3558/3902
f 3552/3904 3601/3887 766/2136
f 3601/3887 3603/1170 765/2091
f 334/328 3598/3939 3599/3933
f 1868/1766 3548/1765 3559/1492
f 1684/3934 1651/1459 1652/1508
f 1682/1806 1683/1805 775/423
f 1585/1001 1603/3139 3792/1609
f 3793/2780 3792/1609 1672/1478
f 2175/853 2176/1900 490/1457
f 1658/825 3564/827 3568/1640
f 3577/3129 3563/819 1650/2184
f 1571/813 3784/812 2010/2801
f 1587/1388 3694/2256 3701/2258
f 2100/2011 2096/2007 2078/1982
f 787/1780 3791/2110 1999/1869
f 2000/1868 3724/3622 786/1499
f 3157/3935 339/512 3727/2678
f 3743/3439 3157/3935 3713/3448
f 2182/2218 2181/2217 3715/3936
f 3505/1664 2182/2218 3714/3434
f 1684/3934 3877/1017 3871/1019
f 1760/2207 464/1311 3504/1439
f 2609/2705 3719/2706 3723/2686
f 2583/2673 3706/2679 3719/2706
f 2373/2458 2504/2693 3730/2585
f 2373/2458 3725/2687 3723/2686
f 2589/3314 3706/2679 3705/2680
f 2588/3313 3705/2680 3727/2678
f 2499/3172 3721/2579 3717/2586
f 2504/2693 2505/2692 3717/2586
f 2496/2576 3721/2579 3720/2578
f 3720/2578 3718/2555 2474/2552
f 3718/2555 3731/2548 2470/2549
f 3731/2548 3733/2547 2471/3937
f 726/397 3939/2028 3923/2049
f 581/383 3592/1120 3530/3938
f 10/2192 3521/5093 3598/3939
f 1837/2119 3525/2120 3520/3918
f 741/1282 3555/3929 3536/3940
f 1299/636 3538/1208 3579/3941
f 1851/959 3517/958 3514/3919
f 3542/2826 3590/1770 1820/1772
f 580/343 3530/3938 3553/3942
f 1758/3871 1685/1160 3534/1159
f 1693/1016 3578/1507 3518/1624
f 3514/3919 3523/1173 1867/1709
f 1894/1733 1826/2773 3595/3927
f 2127/2259 1418/780 3844/782
f 3937/2260 2127/2259 3872/2114
f 2114/2039 3942/2043 3898/2045
f 2181/2217 3743/3439 3820/3447
f 624/360 3934/2050 3935/2062
f 2194/2248 3634/3421 3819/3427
f 2179/2216 3561/1663 3818/1204
f 1364/2125 3855/690 3864/681
f 3889/923 3886/910 1470/3943
f 3137/3389 1753/1803 3805/3387
f 2070/2055 3843/3465 3866/3867
f 1351/879 3892/670 3884/671
f 2109/3944 3913/1762 3932/1764
f 2090/2145 2093/2144 3766/3442
f 3859/684 3865/680 1358/683
f 2001/2064 3779/3483 3813/3485
f 2189/2244 3813/3485 3749/3436
f 2131/2276 3786/3478 3782/3482
f 2004/2066 3782/3482 3779/3483
f 2014/2074 3754/3473 3809/3477
f 2203/2262 3809/3477 3786/3478
f 3169/3470 3750/3474 3789/3177
f 3170/3472 3754/3473 3750/3474
f 3161/3454 3739/3453 3794/3456
f 3162/3457 3794/3456 3795/3321
f 3760/3455 3737/3452 3160/3945
f 3160/3945 3737/3452 3739/3453
f 2202/2254 3071/3294 3760/3455
f 3715/3936 3820/3447 3772/3417
f 3752/3445 3804/3444 2199/2255
f 3821/3443 3766/3442 2093/2144
f 3804/3444 3821/3443 3751/3437
f 3156/3446 3736/3441 3821/3443
f 3157/3935 3743/3439 3736/3441
f 2092/3489 3749/3436 3751/3437
f 2198/2252 3150/3432 3780/3416
f 2195/2250 2198/2252 3806/3431
f 3634/3421 2195/2250 3811/3430
f 2087/3946 2194/2248 3810/3922
f 2088/2141 2087/3946 3808/3425
f 2206/3435 3772/3417 3781/3415
f 2207/2268 3781/3415 3780/3416
f 3940/2181 3917/2165 574/391
f 2125/2173 2088/2141 3807/3422
f 2210/2272 2125/2173 3790/3403
f 3741/3390 3815/3398 3142/3399
f 3815/3398 3775/3397 3140/3395
f 3775/3397 3774/3396 3141/3878
f 3801/3394 3742/3391 3138/3393
f 3742/3391 3741/3390 3139/3392
f 3805/3387 3797/3384 3133/3385
f 3797/3384 3812/3383 3134/3400
f 1813/3880 3870/1650 3869/1653
f 1293/661 3885/1793 3887/666
f 2186/2220 2323/3355 3778/2405
f 2183/2221 2186/2220 3762/3324
f 3795/3321 3798/3318 3081/3319
f 3798/3318 3764/3317 3082/3323
f 709/1338 3904/2167 3906/2129
f 2776/2954 2963/3166 3767/3165
f 3817/3292 3799/3291 2135/2179
f 3840/413 3839/412 766/2136
f 2970/3174 3814/3179 3796/3164
f 2971/3176 3789/3177 3814/3179
f 2960/3168 3777/3162 3767/3165
f 2133/3433 3777/3162 3796/3164
f 2323/3355 2187/2223 3801/3394
f 3891/849 3879/850 1449/2113
f 3936/2157 3905/2153 582/1461
f 3917/2165 3920/2164 577/3099
f 3878/1659 3857/1658 1818/1771
f 705/2159 3933/2084 3918/2086
f 3847/3662 3943/2067 3938/2069
f 2112/2124 3914/2123 3942/2043
f 3841/781 3860/691 1366/2126
f 1812/1654 3870/1650 3853/1652
f 675/1662 3882/2093 3883/2094
f 3505/1664 3735/3119 3882/2093
f 2111/2038 3898/2045 3899/2033
f 2105/2026 3927/2029 3932/1764
f 2110/2031 3899/2033 3930/1394
f 3873/1427 3862/877 703/390
f 1680/1844 3842/1488 3877/1017
f 1639/1435 1627/1409 3850/1411
f 623/361 3935/2062 3937/2260
f 2140/2130 2141/2013 3897/2015
f 1808/1645 1640/1642 3875/2092
f 3851/1669 3852/1668 1819/2825
f 3903/2087 3945/631 3931/633
f 1646/1434 3863/1443 3861/1445
f 3920/2164 3921/2158 633/2170
f 2140/2130 3896/2122 3906/2129
f 2158/2152 2157/2151 3902/2166
f 674/3187 3883/2094 3944/2104
f 2118/887 3848/886 3843/3465
f 1815/1661 3853/1652 3878/1659
f 3886/910 3880/909 1444/846
f 697/1233 3937/2260 3943/2067
f 866/682 842/1433 3867/603
f 3895/2180 3900/2134 2137/2131
f 3615/3654 3761/3651 3756/3650
f 3613/3581 3770/3663 3761/3651
f 3783/2041 3776/3924 3768/3656
f 3770/3663 3613/3581 3611/3583
f 1088/1379 3768/3656 3776/3924
f 3769/3666 3770/3663 3773/2042
f 2793/2972 3501/3884 3502/3948
f 3501/3884 2810/3885 2809/2984
f 2794/2970 3502/3948 3503/3949
f 3502/3948 2809/2984 2808/3903
f 3518/1624 2911/3881 3503/3949
f 3527/3950 3503/3949 2808/3903
f 2950/3153 3513/2193 3822/1174
f 2106/2046 3939/2028 3927/2029
f 3557/1577 3833/3932 3835/2983
f 680/1417 3909/1937 3907/1939
f 1891/2175 1890/1740 3941/1730
f 2907/3096 3830/3098 3832/3156
f 2902/3089 3828/3090 3830/3098
f 2903/3092 3828/3090 3838/3091
f 2736/2907 2880/3065 3837/3067
f 2879/3093 3838/3091 3837/3067
f 2822/3002 3831/3951 3825/3060
f 2820/3054 3827/2999 3823/3012
f 2825/3008 3824/3004 3823/3012
f 2824/3017 3824/3004 3829/3001
f 2821/3005 2737/3007 3831/3951
f 2819/3874 3827/2999 3826/2998
f 2811/2993 3836/2986 3826/2998
f 2810/3885 3836/2986 3834/2985
f 2807/2992 3835/2983 3834/2985
f 1702/1513 3952/1509 3954/1511
f 3953/1627 3951/1632 1797/1636
f 3946/1788 3947/1512 1706/1514
f 3949/1520 3958/1519 1692/1505
f 1657/1917 3929/2757 3911/1728
f 1890/1740 1877/1723 3926/1617
f 3802/1648 3800/1647 1674/1483
f 1689/3952 1690/1646 3802/1648
f 3957/2955 3833/3932 3557/1577
f 3527/3950 3558/3902 1689/3952
f 3948/1606 3954/1511 1703/1510
f 1598/1396 3948/1606 3959/1602
f 3911/1728 3915/1618 1876/1724
f 1691/3926 1690/1646 3956/2956
f 3956/2956 3957/2955 1688/3953
f 3965/3959 3964/3965 3968/3960
f 3965/3959 3969/3961 3970/3962
f 3963/3964 3967/4074 3968/3960
f 3969/3961 3973/3969 3974/3966
f 3968/3960 3967/4074 3971/3967
f 3968/3960 3972/3968 3973/3969
f 3973/3969 3977/3973 3978/3970
f 3972/3968 3971/3967 3975/3971
f 3973/3969 3972/3968 3976/3972
f 3978/3970 3977/3973 3981/3974
f 3975/3971 3979/4075 3980/3976
f 3976/3972 3980/3976 3981/3974
f 3981/3974 3985/3980 3986/3977
f 3980/3976 3979/4075 3983/3978
f 3981/3974 3980/3976 3984/3979
f 3986/3977 3985/3980 3989/3981
f 3984/3979 3983/3978 3987/3983
f 3984/3979 3988/3984 3989/3981
f 3990/3982 3989/3981 3993/3985
f 3988/3984 3987/3983 3991/3987
f 3989/3981 3988/3984 3992/3988
f 3993/3985 3997/3991 3998/3989
f 3991/3987 3995/4076 3996/3990
f 3992/3988 3996/3990 3997/3991
f 3997/3991 4001/3995 4002/3992
f 3996/3990 3995/4076 3999/3993
f 3997/3991 3996/3990 4000/3994
f 4001/3995 4005/3998 4006/3996
f 3999/3993 4003/4077 4004/3997
f 4000/3994 4004/3997 4005/3998
f 4005/3998 4009/4002 4010/3999
f 4004/3997 4003/4077 4007/4000
f 4005/3998 4004/3997 4008/4001
f 4010/3999 4009/4002 4013/4003
f 4007/4000 4011/4078 4012/4005
f 4008/4001 4012/4005 4013/4003
f 4013/4003 4017/4009 4018/4006
f 4012/4005 4011/4078 4015/4007
f 4013/4003 4012/4005 4016/4008
f 4018/4006 4017/4009 4021/4010
f 4015/4007 4019/4079 4020/4012
f 4016/4008 4020/4012 4021/4010
f 4022/4011 4021/4010 4025/4013
f 4020/4012 4019/4079 4023/4015
f 4021/4010 4020/4012 4024/4016
f 4026/4014 4025/4013 4029/4017
f 4023/4015 4027/4080 4028/4019
f 4024/4016 4028/4019 4029/4017
f 4029/4017 4033/4023 4034/4020
f 4028/4019 4027/4080 4031/4021
f 4029/4017 4028/4019 4032/4022
f 4033/4023 4037/4026 4038/4024
f 4031/4021 4035/4081 4036/4025
f 4032/4022 4036/4025 4037/4026
f 4037/4026 4041/4030 4042/4027
f 4036/4025 4035/4081 4039/4028
f 4037/4026 4036/4025 4040/4029
f 4042/4027 4041/4030 4045/4031
f 4039/4028 4043/4082 4044/4033
f 4040/4029 4044/4033 4045/4031
f 4045/4031 4049/4037 4050/4034
f 4044/4033 4043/4082 4047/4035
f 4045/4031 4044/4033 4048/4036
f 4050/4034 4049/4037 4053/4038
f 4047/4035 4051/4083 4052/4040
f 4048/4036 4052/4040 4053/4038
f 4054/4039 4053/4038 4057/4041
f 4052/4040 4051/4083 4055/4043
f 4053/4038 4052/4040 4056/4044
f 4058/4042 4057/4041 4061/4045
f 4055/4043 4059/4084 4060/4047
f 4056/4044 4060/4047 4061/4045
f 4062/4046 4061/4045 4065/4048
f 4060/4047 4059/4084 4063/4050
f 4061/4045 4060/4047 4064/4051
f 4065/4048 4069/4054 4070/4052
f 4063/4050 4067/4085 4068/4053
f 4064/4051 4068/4053 4069/4054
f 4069/4054 4073/4058 4074/4055
f 4068/4053 4067/4085 4071/4056
f 4069/4054 4068/4053 4072/4057
f 4074/4055 4073/4058 4077/4059
f 4071/4056 4075/4086 4076/4061
f 4072/4057 4076/4061 4077/4059
f 4077/4059 4081/4065 4082/4062
f 4076/4061 4075/4086 4079/4063
f 4077/4059 4076/4061 4080/4064
f 4082/4062 4081/4065 4086/4066
f 4079/4063 4084/4071 4085/4068
f 4080/4064 4085/4068 4086/4066
f 4087/4067 4086/4066 4090/4069
f 4084/4071 4088/4087 4089/4072
f 4086/4066 4085/4068 4089/4072
f 4091/4070 4090/4069 3965/3959
f 4089/4072 4088/4087 3963/3964
f 4089/4072 3964/3965 3965/3959
f 4101/4088 4100/4105 4114/4089
f 4098/4091 4111/4122 4113/4092
f 4096/4094 4095/4108 4109/4095
f 4094/4097 4093/4110 4107/4098
f 4103/4100 4117/4113 4118/4101
f 4101/4088 4115/4090 4116/4103
f 4099/4093 4113/4092 4114/4089
f 4097/4106 4096/4094 4110/4096
f 4094/4097 4108/4099 4109/4095
f 4092/4109 4106/4115 4107/4098
f 4104/4102 4118/4101 4119/4111
f 4103/4100 4102/4104 4116/4103
f 4108/4099 4122/4125 4123/4114
f 4106/4115 4120/4525 4121/4116
f 4119/4111 4118/4101 4132/4117
f 4116/4103 4130/4126 4131/4119
f 4115/4090 4114/4089 4128/4120
f 4111/4122 4126/4135 4127/4123
f 4110/4096 4109/4095 4123/4114
f 4108/4099 4107/4098 4121/4116
f 4118/4101 4117/4113 4131/4119
f 4115/4090 4129/4121 4130/4126
f 4113/4092 4127/4123 4128/4120
f 4112/4107 4110/4096 4124/4124
f 4122/4125 4136/4138 4137/4128
f 4121/4116 4120/4525 4134/4129
f 4132/4117 4146/4139 4147/4131
f 4130/4126 4144/4140 4145/4132
f 4129/4121 4128/4120 4142/4133
f 4126/4135 4140/4150 4141/4136
f 4123/4114 4137/4128 4138/4137
f 4122/4125 4121/4116 4135/4130
f 4131/4119 4145/4132 4146/4139
f 4129/4121 4143/4134 4144/4140
f 4128/4120 4127/4123 4141/4136
f 4125/4127 4124/4124 4138/4137
f 4137/4128 4136/4138 4150/4142
f 4134/4129 4148/5097 4149/4144
f 4147/4131 4146/4139 4160/4145
f 4145/4132 4144/4140 4158/4147
f 4142/4133 4156/4153 4157/4149
f 4140/4150 4154/5098 4155/4151
f 4137/4128 4151/4143 4152/4152
f 4135/4130 4149/4144 4150/4142
f 4145/4132 4159/4148 4160/4145
f 4144/4140 4143/4134 4157/4149
f 4142/4133 4141/4136 4155/4151
f 4139/4141 4138/4137 4152/4152
f 4150/4142 4164/4165 4165/4155
f 4149/4144 4148/5097 4162/4156
f 4160/4145 4174/4166 4175/4158
f 4159/4148 4158/4147 4172/4159
f 4156/4153 4170/4167 4171/4161
f 4155/4151 4154/5098 4168/4162
f 4152/4152 4151/4143 4165/4155
f 4149/4144 4163/4157 4164/4165
f 4160/4145 4159/4148 4173/4160
f 4158/4147 4157/4149 4171/4161
f 4155/4151 4169/4163 4170/4167
f 4152/4152 4166/4164 4167/4168
f 4165/4155 4164/4165 4178/4169
f 4162/4156 4176/4524 4177/4171
f 4175/4158 4174/4166 4188/4172
f 4173/4160 4172/4159 4186/4174
f 4170/4167 4184/4179 4185/4176
f 4168/4162 4182/4189 4183/4177
f 4166/4164 4165/4155 4179/4170
f 4163/4157 4177/4171 4178/4169
f 4174/4166 4173/4160 4187/4175
f 4172/4159 4171/4161 4185/4176
f 4169/4163 4183/4177 4184/4179
f 4167/4168 4166/4164 4180/4178
f 4179/4170 4178/4169 4192/4181
f 4177/4171 4176/4524 4190/4183
f 4188/4172 4202/4192 4203/4185
f 4187/4175 4186/4174 4200/4186
f 4184/4179 4198/4193 4199/4188
f 4182/4189 4195/5099 4197/4190
f 4179/4170 4193/4182 4194/4191
f 4177/4171 4191/4184 4192/4181
f 4187/4175 4201/4187 4202/4192
f 4186/4174 4185/4176 4199/4188
f 4184/4179 4183/4177 4197/4190
f 4181/4180 4180/4178 4194/4191
f 4193/4182 4192/4181 4206/4195
f 4191/4184 4190/4183 4204/4197
f 4202/4192 4216/4205 4217/4199
f 4200/4186 4214/4206 4215/4200
f 4198/4193 4212/4207 4213/4201
f 4197/4190 4195/5099 4210/4202
f 4193/4182 4207/4196 4208/4204
f 4191/4184 4205/4198 4206/4195
f 4202/4192 4201/4187 4215/4200
f 4200/4186 4199/4188 4213/4201
f 4198/4193 4197/4190 4211/4203
f 4194/4191 4208/4204 4209/4208
f 4206/4195 4220/4218 4221/4209
f 4204/4197 4218/4222 4219/4210
f 4216/4205 4230/4219 4231/4211
f 4215/4200 4214/4206 4228/4212
f 4213/4201 4212/4207 4226/4214
f 4210/4202 4224/4229 4225/4216
f 4208/4204 4207/4196 4221/4209
f 4206/4195 4205/4198 4219/4210
f 4215/4200 4229/4213 4230/4219
f 4213/4201 4227/4215 4228/4212
f 4211/4203 4225/4216 4226/4214
f 4209/4208 4208/4204 4222/4217
f 4220/4218 4234/4232 4235/4221
f 4218/4222 4232/4523 4233/4223
f 4231/4211 4230/4219 4244/4224
f 4228/4212 4242/4233 4243/4226
f 4227/4215 4226/4214 4240/4227
f 4224/4229 4237/4242 4239/4230
f 4222/4217 4221/4209 4235/4221
f 4220/4218 4219/4210 4233/4223
f 4230/4219 4229/4213 4243/4226
f 4227/4215 4241/4228 4242/4233
f 4225/4216 4239/4230 4240/4227
f 4223/4220 4222/4217 4236/4231
f 4234/4232 4248/4245 4249/4235
f 4233/4223 4232/4523 4246/4236
f 4244/4224 4258/4246 4259/4238
f 4242/4233 4256/4247 4257/4239
f 4241/4228 4240/4227 4254/4240
f 4237/4242 4251/4256 4253/4243
f 4235/4221 4249/4235 4250/4244
f 4234/4232 4233/4223 4247/4237
f 4243/4226 4257/4239 4258/4246
f 4241/4228 4255/4241 4256/4247
f 4240/4227 4239/4230 4253/4243
f 4238/4234 4236/4231 4250/4244
f 4249/4235 4248/4245 4262/4249
f 4246/4236 4260/5100 4261/4251
f 4259/4238 4258/4246 4272/4252
f 4256/4247 4270/4259 4271/4254
f 4254/4240 4268/4260 4269/4255
f 4251/4256 4265/5101 4267/4257
f 4249/4235 4263/4250 4264/4258
f 4247/4237 4261/4251 4262/4249
f 4257/4239 4271/4254 4272/4252
f 4256/4247 4255/4241 4269/4255
f 4254/4240 4253/4243 4267/4257
f 4252/4248 4250/4244 4264/4258
f 4262/4249 4276/4272 4277/4262
f 4261/4251 4260/5100 4274/4263
f 4272/4252 4286/4273 4287/4265
f 4270/4259 4284/4274 4285/4266
f 4269/4255 4268/4260 4282/4267
f 4267/4257 4265/5101 4280/4269
f 4264/4258 4263/4250 4277/4262
f 4261/4251 4275/4264 4276/4272
f 4272/4252 4271/4254 4285/4266
f 4270/4259 4269/4255 4283/4268
f 4267/4257 4281/4270 4282/4267
f 4264/4258 4278/4271 4279/4275
f 4277/4262 4276/4272 4290/4276
f 4274/4263 4288/4522 4289/4278
f 4287/4265 4286/4273 4300/4279
f 4285/4266 4284/4274 4298/4281
f 4282/4267 4296/4286 4297/4283
f 4280/4269 4293/4296 4295/4284
f 4278/4271 4277/4262 4291/4277
f 4275/4264 4289/4278 4290/4276
f 4286/4273 4285/4266 4299/4282
f 4284/4274 4283/4268 4297/4283
f 4281/4270 4295/4284 4296/4286
f 4279/4275 4278/4271 4292/4285
f 4291/4277 4290/4276 4304/4288
f 4289/4278 4288/4522 4302/4290
f 4300/4279 4314/4299 4315/4292
f 4299/4282 4298/4281 4312/4293
f 4296/4286 4310/4300 4311/4295
f 4293/4296 4308/5102 4309/4297
f 4291/4277 4305/4289 4306/4298
f 4289/4278 4303/4291 4304/4288
f 4299/4282 4313/4294 4314/4299
f 4298/4281 4297/4283 4311/4295
f 4296/4286 4295/4284 4309/4297
f 4294/4287 4292/4285 4306/4298
f 4305/4289 4304/4288 4318/4302
f 4303/4291 4302/4290 4316/4304
f 4314/4299 4328/4312 4329/4306
f 4312/4293 4326/4313 4327/4307
f 4310/4300 4324/4314 4325/4308
f 4309/4297 4308/5102 4322/4309
f 4305/4289 4319/4303 4320/4311
f 4303/4291 4317/4305 4318/4302
f 4313/4294 4327/4307 4328/4312
f 4312/4293 4311/4295 4325/4308
f 4310/4300 4309/4297 4323/4310
f 4306/4298 4320/4311 4321/4315
f 4318/4302 4332/4326 4333/4316
f 4316/4304 4330/4329 4331/4317
f 4329/4306 4328/4312 4342/4318
f 4327/4307 4326/4313 4340/4320
f 4325/4308 4324/4314 4338/4322
f 4322/4309 4335/4336 4337/4324
f 4320/4311 4319/4303 4333/4316
f 4318/4302 4317/4305 4331/4317
f 4328/4312 4327/4307 4341/4321
f 4325/4308 4339/4323 4340/4320
f 4323/4310 4337/4324 4338/4322
f 4321/4315 4320/4311 4334/4325
f 4332/4326 4346/4339 4347/4328
f 4330/4329 4344/4521 4345/4330
f 4343/4319 4342/4318 4356/4331
f 4340/4320 4354/4340 4355/4333
f 4339/4323 4338/4322 4352/4334
f 4335/4336 4350/4349 4351/4337
f 4334/4325 4333/4316 4347/4328
f 4332/4326 4331/4317 4345/4330
f 4342/4318 4341/4321 4355/4333
f 4339/4323 4353/4335 4354/4340
f 4337/4324 4351/4337 4352/4334
f 4336/4327 4334/4325 4348/4338
f 4346/4339 4360/4352 4361/4342
f 4345/4330 4344/4521 4358/4343
f 4356/4331 4370/4353 4371/4345
f 4354/4340 4368/4354 4369/4346
f 4353/4335 4352/4334 4366/4347
f 4350/4349 4363/4364 4365/4350
f 4347/4328 4361/4342 4362/4351
f 4346/4339 4345/4330 4359/4344
f 4355/4333 4369/4346 4370/4353
f 4354/4340 4353/4335 4367/4348
f 4352/4334 4351/4337 4365/4350
f 4349/4341 4348/4338 4362/4351
f 4360/4352 4374/4367 4375/4356
f 4358/4343 4372/5103 4373/4357
f 4371/4345 4370/4353 4384/4358
f 4369/4346 4368/4354 4382/4360
f 4367/4348 4366/4347 4380/4362
f 4363/4364 4377/5104 4379/4365
f 4361/4342 4375/4356 4376/4366
f 4360/4352 4359/4344 4373/4357
f 4369/4346 4383/4361 4384/4358
f 4367/4348 4381/4363 4382/4360
f 4366/4347 4365/4350 4379/4365
f 4362/4351 4376/4366 4378/4368
f 4374/4367 4388/4379 4389/4369
f 4373/4357 4372/5103 4386/4370
f 4384/4358 4398/4380 4399/4372
f 4382/4360 4396/4381 4397/4373
f 4381/4363 4380/4362 4394/4374
f 4379/4365 4377/5104 4392/4376
f 4376/4366 4375/4356 4389/4369
f 4373/4357 4387/4371 4388/4379
f 4384/4358 4383/4361 4397/4373
f 4382/4360 4381/4363 4395/4375
f 4379/4365 4393/4377 4394/4374
f 4376/4366 4390/4378 4391/4382
f 4389/4369 4388/4379 4403/4383
f 4386/4370 4401/4520 4402/4385
f 4399/4372 4398/4380 4413/4386
f 4397/4373 4396/4381 4411/4388
f 4394/4374 4409/4394 4410/4390
f 4393/4377 4392/4376 4407/4391
f 4390/4378 4389/4369 4404/4384
f 4387/4371 4402/4385 4403/4383
f 4398/4380 4397/4373 4412/4389
f 4396/4381 4395/4375 4410/4390
f 4393/4377 4408/4392 4409/4394
f 4390/4378 4405/4393 4406/4395
f 4404/4384 4403/4383 4417/4396
f 4402/4385 4401/4520 4415/4398
f 4413/4386 4427/4407 4428/4400
f 4412/4389 4411/4388 4425/4401
f 4409/4394 4423/4408 4424/4403
f 4408/4392 4407/4391 4420/4404
f 4404/4384 4418/4397 4419/4406
f 4402/4385 4416/4399 4417/4396
f 4412/4389 4426/4402 4427/4407
f 4411/4388 4410/4390 4424/4403
f 4409/4394 4408/4392 4422/4405
f 4405/4393 4419/4406 4421/4409
f 4418/4397 4417/4396 4431/4410
f 4416/4399 4415/4398 4429/4412
f 4428/4400 4427/4407 4441/4414
f 4425/4401 4439/4421 4440/4416
f 4423/4408 4437/4422 4438/4417
f 4422/4405 4420/4404 4434/4418
f 4418/4397 4432/4411 4433/4420
f 4416/4399 4430/4413 4431/4410
f 4427/4407 4426/4402 4440/4416
f 4425/4401 4424/4403 4438/4417
f 4423/4408 4422/4405 4436/4419
f 4419/4406 4433/4420 4435/4423
f 4431/4410 4445/4433 4446/4424
f 4429/4412 4443/4437 4444/4425
f 4441/4414 4455/4434 4456/4426
f 4440/4416 4439/4421 4453/4427
f 4438/4417 4437/4422 4451/4429
f 4434/4418 4449/5105 4450/4431
f 4433/4420 4432/4411 4446/4424
f 4431/4410 4430/4413 4444/4425
f 4440/4416 4454/4428 4455/4434
f 4438/4417 4452/4430 4453/4427
f 4436/4419 4450/4431 4451/4429
f 4435/4423 4433/4420 4447/4432
f 4445/4433 4459/4447 4460/4436
f 4443/4437 4457/4519 4458/4438
f 4456/4426 4455/4434 4469/4439
f 4453/4427 4467/4448 4468/4441
f 4452/4430 4451/4429 4465/4442
f 4450/4431 4449/5105 4463/4444
f 4447/4432 4446/4424 4460/4436
f 4445/4433 4444/4425 4458/4438
f 4455/4434 4454/4428 4468/4441
f 4452/4430 4466/4443 4467/4448
f 4450/4431 4464/4445 4465/4442
f 4447/4432 4461/4446 4462/4449
f 4459/4447 4473/4460 4474/4450
f 4458/4438 4457/4519 4471/4451
f 4469/4439 4483/4461 4484/4453
f 4467/4448 4481/4462 4482/4454
f 4466/4443 4465/4442 4479/4455
f 4464/4445 4463/4444 4476/4457
f 4460/4436 4474/4450 4475/4459
f 4459/4447 4458/4438 4472/4452
f 4468/4441 4482/4454 4483/4461
f 4466/4443 4480/4456 4481/4462
f 4465/4442 4464/4445 4478/4458
f 4461/4446 4475/4459 4477/4463
f 4474/4450 4473/4460 4487/4464
f 4471/4451 4485/4477 4486/4466
f 4484/4453 4483/4461 4497/4467
f 4482/4454 4481/4462 4495/4469
f 4480/4456 4479/4455 4493/4471
f 4476/4457 4491/5106 4492/4473
f 4474/4450 4488/4465 4489/4474
f 4473/4460 4472/4452 4486/4466
f 4482/4454 4496/4470 4497/4467
f 4480/4456 4494/4472 4495/4469
f 4479/4455 4478/4458 4492/4473
f 4477/4463 4475/4459 4489/4474
f 4487/4464 4501/4486 4502/4476
f 4485/4477 4499/4492 4500/4478
f 4497/4467 4511/4487 4512/4479
f 4495/4469 4509/4488 4510/4480
f 4494/4472 4493/4471 4507/4481
f 4492/4473 4491/5106 4505/4483
f 4489/4474 4488/4465 4502/4476
f 4486/4466 4500/4478 4501/4486
f 4497/4467 4496/4470 4510/4480
f 4495/4469 4494/4472 4508/4482
f 4492/4473 4506/4484 4507/4481
f 4489/4474 4503/4485 4504/4489
f 4502/4476 4501/4486 4515/4490
f 4499/4492 4513/4518 4514/4493
f 4512/4479 4511/4487 4525/4494
f 4510/4480 4509/4488 4523/4496
f 4507/4481 4521/4501 4522/4498
f 4505/4483 4518/4511 4520/4499
f 4503/4485 4502/4476 4516/4491
f 4500/4478 4514/4493 4515/4490
f 4511/4487 4510/4480 4524/4497
f 4508/4482 4522/4498 4523/4496
f 4506/4484 4520/4499 4521/4501
f 4504/4489 4503/4485 4517/4500
f 4516/4491 4515/4490 4529/4503
f 4514/4493 4513/4518 4527/4505
f 4525/4494 4539/4514 4540/4507
f 4524/4497 4523/4496 4537/4508
f 4521/4501 4535/4515 4536/4510
f 4518/4511 4532/5107 4534/4512
f 4516/4491 4530/4504 4531/4513
f 4514/4493 4528/4506 4529/4503
f 4524/4497 4538/4509 4539/4514
f 4523/4496 4522/4498 4536/4510
f 4521/4501 4520/4499 4534/4512
f 4519/4502 4517/4500 4531/4513
f 4530/4504 4529/4503 4094/4097
f 4528/4506 4527/4505 4092/4109
f 4540/4507 4539/4514 4104/4102
f 4537/4508 4102/4104 4103/4100
f 4535/4515 4100/4105 4101/4088
f 4534/4512 4532/5107 4098/4091
f 4530/4504 4095/4108 4096/4094
f 4528/4506 4093/4110 4094/4097
f 4539/4514 4538/4509 4103/4100
f 4537/4508 4536/4510 4101/4088
f 4535/4515 4534/4512 4099/4093
f 4531/4513 4096/4094 4097/4106
f 3966/3963 4092/4109 4527/4505
f 4527/4505 4513/4518 4087/4067
f 4513/4518 4499/4492 4082/4062
f 4499/4492 4485/4477 4078/4060
f 4078/4060 4485/4477 4471/4451
f 4074/4055 4471/4451 4457/4519
f 4070/4052 4457/4519 4443/4437
f 4443/4437 4429/4412 4062/4046
f 4062/4046 4429/4412 4415/4398
f 4415/4398 4401/4520 4054/4039
f 4401/4520 4386/4370 4050/4034
f 4386/4370 4372/5103 4046/4032
f 4046/4032 4372/5103 4358/4343
f 4042/4027 4358/4343 4344/4521
f 4038/4024 4344/4521 4330/4329
f 4330/4329 4316/4304 4030/4018
f 4030/4018 4316/4304 4302/4290
f 4302/4290 4288/4522 4022/4011
f 4288/4522 4274/4263 4018/4006
f 4274/4263 4260/5100 4014/4004
f 4014/4004 4260/5100 4246/4236
f 4010/3999 4246/4236 4232/4523
f 4006/3996 4232/4523 4218/4222
f 4218/4222 4204/4197 3998/3989
f 3998/3989 4204/4197 4190/4183
f 4190/4183 4176/4524 3990/3982
f 4176/4524 4162/4156 3986/3977
f 4162/4156 4148/5097 3982/3975
f 3982/3975 4148/5097 4134/4129
f 3978/3970 4134/4129 4120/4525
f 3974/3966 4120/4525 4106/4115
f 4106/4115 4092/4109 3966/3963
f 4543/4526 4542/4531 4546/4527
f 4543/4526 4547/4528 4548/4529
f 4542/4531 4541/4640 4545/4532
f 4547/4528 4551/4535 4552/4533
f 4545/4532 4549/4642 4550/4534
f 4546/4527 4550/4534 4551/4535
f 4551/4535 4555/4539 4556/4536
f 4550/4534 4549/4642 4553/4537
f 4551/4535 4550/4534 4554/4538
f 4556/4536 4555/4539 4559/4540
f 4553/4537 4557/4643 4558/4542
f 4554/4538 4558/4542 4559/4540
f 4559/4540 4563/4546 4564/4543
f 4558/4542 4557/4643 4561/4544
f 4559/4540 4558/4542 4562/4545
f 4564/4543 4563/4546 4567/4547
f 4561/4544 4565/4644 4566/4549
f 4562/4545 4566/4549 4567/4547
f 4568/4548 4567/4547 4571/4550
f 4566/4549 4565/4644 4569/4552
f 4567/4547 4566/4549 4570/4553
f 4572/4551 4571/4550 4575/4554
f 4569/4552 4573/4645 4574/4556
f 4570/4553 4574/4556 4575/4554
f 4576/4555 4575/4554 4579/4557
f 4574/4556 4573/4645 4577/4559
f 4575/4554 4574/4556 4578/4560
f 4579/4557 4583/4563 4584/4561
f 4577/4559 4581/4565 4582/4562
f 4578/4560 4582/4562 4583/4563
f 4583/4563 4587/4567 4588/4564
f 4581/4565 4585/4570 4586/4566
f 4583/4563 4582/4562 4586/4566
f 4588/4564 4587/4567 4591/4568
f 4585/4570 4589/4646 4590/4571
f 4586/4566 4590/4571 4591/4568
f 4591/4568 4595/4575 4596/4572
f 4590/4571 4589/4646 4593/4573
f 4591/4568 4590/4571 4594/4574
f 4596/4572 4595/4575 4599/4576
f 4593/4573 4597/4581 4598/4578
f 4594/4574 4598/4578 4599/4576
f 4600/4577 4599/4576 4603/4579
f 4597/4581 4601/4647 4602/4582
f 4599/4576 4598/4578 4602/4582
f 4604/4580 4603/4579 4607/4583
f 4602/4582 4601/4647 4605/4585
f 4602/4582 4606/4586 4607/4583
f 4607/4583 4611/4589 4612/4587
f 4605/4585 4609/4648 4610/4588
f 4607/4583 4606/4586 4610/4588
f 4611/4589 4615/4593 4616/4590
f 4610/4588 4609/4648 4613/4591
f 4610/4588 4614/4592 4615/4593
f 4615/4593 4619/4597 4620/4594
f 4614/4592 4613/4591 4617/4595
f 4615/4593 4614/4592 4618/4596
f 4620/4594 4619/4597 4623/4598
f 4617/4595 4621/4649 4622/4600
f 4618/4596 4622/4600 4623/4598
f 4623/4598 4627/4604 4628/4601
f 4622/4600 4621/4649 4625/4602
f 4623/4598 4622/4600 4626/4603
f 4628/4601 4627/4604 4631/4605
f 4625/4602 4629/4650 4630/4607
f 4626/4603 4630/4607 4631/4605
f 4632/4606 4631/4605 4635/4608
f 4630/4607 4629/4650 4633/4610
f 4631/4605 4630/4607 4634/4611
f 4635/4608 4639/4614 4640/4612
f 4633/4610 4637/4651 4638/4613
f 4634/4611 4638/4613 4639/4614
f 4639/4614 4643/4618 4644/4615
f 4638/4613 4637/4651 4641/4616
f 4639/4614 4638/4613 4642/4617
f 4643/4618 4647/4621 4648/4619
f 4641/4616 4645/4652 4646/4620
f 4642/4617 4646/4620 4647/4621
f 4647/4621 4651/4625 4652/4622
f 4646/4620 4645/4652 4649/4623
f 4647/4621 4646/4620 4650/4624
f 4652/4622 4651/4625 4655/4626
f 4649/4623 4653/4653 4654/4628
f 4650/4624 4654/4628 4655/4626
f 4655/4626 4659/4632 4660/4629
f 4654/4628 4653/4653 4657/4630
f 4655/4626 4654/4628 4658/4631
f 4660/4629 4659/4632 4664/4633
f 4657/4630 4662/4654 4663/4635
f 4658/4631 4663/4635 4664/4633
f 4665/4634 4664/4633 4668/4636
f 4663/4635 4662/4654 4666/4638
f 4664/4633 4663/4635 4667/4639
f 4669/4637 4668/4636 4543/4526
f 4666/4638 4541/4640 4542/4531
f 4667/4639 4542/4531 4543/4526
f 4679/4655 4678/4672 4692/4656
f 4675/4658 4689/5108 4691/4659
f 4674/4661 4673/4675 4687/4662
f 4672/4664 4671/4677 4685/4665
f 4682/4667 4681/4680 4695/4668
f 4679/4655 4693/4657 4694/4670
f 4677/4660 4691/4659 4692/4656
f 4676/4673 4674/4661 4688/4663
f 4672/4664 4686/4666 4687/4662
f 4670/4676 4684/4682 4685/4665
f 4683/4678 4682/4667 4696/4669
f 4681/4680 4680/4671 4694/4670
f 4686/4666 4700/4692 4701/4681
f 4684/4682 4698/5092 4699/4683
f 4697/4679 4696/4669 4710/4684
f 4694/4670 4708/4693 4709/4686
f 4693/4657 4692/4656 4706/4687
f 4691/4659 4689/5108 4703/4689
f 4688/4663 4687/4662 4701/4681
f 4686/4666 4685/4665 4699/4683
f 4696/4669 4695/4668 4709/4686
f 4693/4657 4707/4688 4708/4693
f 4691/4659 4705/4690 4706/4687
f 4688/4663 4702/4691 4704/4694
f 4700/4692 4714/4705 4715/4695
f 4699/4683 4698/5092 4712/4696
f 4710/4684 4724/4706 4725/4698
f 4708/4693 4722/4707 4723/4699
f 4707/4688 4706/4687 4720/4700
f 4705/4690 4703/4689 4718/4702
f 4701/4681 4715/4695 4716/4704
f 4700/4692 4699/4683 4713/4697
f 4709/4686 4723/4699 4724/4706
f 4708/4693 4707/4688 4721/4701
f 4706/4687 4705/4690 4719/4703
f 4702/4691 4716/4704 4717/4708
f 4714/4705 4728/4718 4729/4709
f 4712/4696 4726/5109 4727/4710
f 4725/4698 4724/4706 4738/4711
f 4723/4699 4722/4707 4736/4713
f 4720/4700 4734/4719 4735/4715
f 4718/4702 4732/5110 4733/4716
f 4715/4695 4729/4709 4730/4717
f 4714/4705 4713/4697 4727/4710
f 4723/4699 4737/4714 4738/4711
f 4721/4701 4735/4715 4736/4713
f 4720/4700 4719/4703 4733/4716
f 4717/4708 4716/4704 4730/4717
f 4728/4718 4742/4731 4743/4721
f 4727/4710 4726/5109 4740/4722
f 4738/4711 4752/4732 4753/4724
f 4736/4713 4750/4733 4751/4725
f 4735/4715 4734/4719 4748/4726
f 4733/4716 4732/5110 4745/4728
f 4730/4717 4729/4709 4743/4721
f 4728/4718 4727/4710 4741/4723
f 4738/4711 4737/4714 4751/4725
f 4735/4715 4749/4727 4750/4733
f 4733/4716 4747/4729 4748/4726
f 4730/4717 4744/4730 4746/4734
f 4743/4721 4742/4731 4756/4735
f 4740/4722 4754/5091 4755/4737
f 4753/4724 4752/4732 4766/4738
f 4751/4725 4750/4733 4764/4740
f 4748/4726 4762/4746 4763/4742
f 4747/4729 4745/4728 4759/4743
f 4744/4730 4743/4721 4757/4736
f 4741/4723 4755/4737 4756/4735
f 4752/4732 4751/4725 4765/4741
f 4750/4733 4749/4727 4763/4742
f 4747/4729 4761/4744 4762/4746
f 4744/4730 4758/4745 4760/4747
f 4757/4736 4756/4735 4770/4748
f 4755/4737 4754/5091 4768/4750
f 4766/4738 4780/4759 4781/4752
f 4765/4741 4764/4740 4778/4753
f 4762/4746 4776/4760 4777/4755
f 4761/4744 4759/4743 4774/4756
f 4757/4736 4771/4749 4772/4758
f 4755/4737 4769/4751 4770/4748
f 4765/4741 4779/4754 4780/4759
f 4764/4740 4763/4742 4777/4755
f 4762/4746 4761/4744 4775/4757
f 4758/4745 4772/4758 4773/4761
f 4771/4749 4770/4748 4784/4762
f 4769/4751 4768/4750 4782/4764
f 4781/4752 4780/4759 4794/4766
f 4778/4753 4792/4773 4793/4768
f 4776/4760 4790/4774 4791/4769
f 4775/4757 4774/4756 4787/4770
f 4771/4749 4785/4763 4786/4772
f 4769/4751 4783/4765 4784/4762
f 4780/4759 4779/4754 4793/4768
f 4778/4753 4777/4755 4791/4769
f 4776/4760 4775/4757 4789/4771
f 4772/4758 4786/4772 4788/4775
f 4784/4762 4798/4786 4799/4776
f 4782/4764 4796/4789 4797/4777
f 4795/4767 4794/4766 4808/4778
f 4793/4768 4792/4773 4806/4780
f 4791/4769 4790/4774 4804/4782
f 4787/4770 4801/5111 4803/4784
f 4786/4772 4785/4763 4799/4776
f 4784/4762 4783/4765 4797/4777
f 4793/4768 4807/4781 4808/4778
f 4791/4769 4805/4783 4806/4780
f 4789/4771 4803/4784 4804/4782
f 4788/4775 4786/4772 4800/4785
f 4798/4786 4812/4799 4813/4788
f 4796/4789 4810/5090 4811/4790
f 4809/4779 4808/4778 4822/4791
f 4806/4780 4820/4800 4821/4793
f 4805/4783 4804/4782 4818/4794
f 4803/4784 4801/5111 4816/4796
f 4800/4785 4799/4776 4813/4788
f 4798/4786 4797/4777 4811/4790
f 4808/4778 4807/4781 4821/4793
f 4805/4783 4819/4795 4820/4800
f 4803/4784 4817/4797 4818/4794
f 4800/4785 4814/4798 4815/4801
f 4812/4799 4826/4812 4827/4802
f 4811/4790 4810/5090 4824/4803
f 4822/4791 4836/4813 4837/4805
f 4820/4800 4834/4814 4835/4806
f 4819/4795 4818/4794 4832/4807
f 4817/4797 4816/4796 4829/4809
f 4813/4788 4827/4802 4828/4811
f 4812/4799 4811/4790 4825/4804
f 4821/4793 4835/4806 4836/4813
f 4819/4795 4833/4808 4834/4814
f 4818/4794 4817/4797 4831/4810
f 4814/4798 4828/4811 4830/4815
f 4827/4802 4826/4812 4840/4816
f 4824/4803 4838/5112 4839/4818
f 4837/4805 4836/4813 4850/4819
f 4834/4814 4848/4826 4849/4821
f 4833/4808 4832/4807 4846/4822
f 4829/4809 4843/5113 4845/4824
f 4827/4802 4841/4817 4842/4825
f 4826/4812 4825/4804 4839/4818
f 4835/4806 4849/4821 4850/4819
f 4833/4808 4847/4823 4848/4826
f 4832/4807 4831/4810 4845/4824
f 4830/4815 4828/4811 4842/4825
f 4840/4816 4854/4838 4855/4828
f 4839/4818 4838/5112 4852/4829
f 4850/4819 4864/4839 4865/4831
f 4848/4826 4862/4840 4863/4832
f 4847/4823 4846/4822 4860/4833
f 4845/4824 4843/5113 4857/4835
f 4842/4825 4841/4817 4855/4828
f 4840/4816 4839/4818 4853/4830
f 4850/4819 4849/4821 4863/4832
f 4847/4823 4861/4834 4862/4840
f 4845/4824 4859/4836 4860/4833
f 4842/4825 4856/4837 4858/4841
f 4855/4828 4854/4838 4868/4842
f 4852/4829 4866/5089 4867/4844
f 4865/4831 4864/4839 4878/4845
f 4863/4832 4862/4840 4876/4847
f 4860/4833 4874/4853 4875/4849
f 4859/4836 4857/4835 4871/4850
f 4856/4837 4855/4828 4869/4843
f 4853/4830 4867/4844 4868/4842
f 4864/4839 4863/4832 4877/4848
f 4862/4840 4861/4834 4875/4849
f 4859/4836 4873/4851 4874/4853
f 4856/4837 4870/4852 4872/4854
f 4869/4843 4868/4842 4882/4855
f 4867/4844 4866/5089 4880/4857
f 4878/4845 4892/4866 4893/4859
f 4877/4848 4876/4847 4890/4860
f 4874/4853 4888/4867 4889/4862
f 4873/4851 4871/4850 4885/4863
f 4869/4843 4883/4856 4884/4865
f 4867/4844 4881/4858 4882/4855
f 4877/4848 4891/4861 4892/4866
f 4876/4847 4875/4849 4889/4862
f 4874/4853 4873/4851 4887/4864
f 4870/4852 4884/4865 4886/4868
f 4883/4856 4882/4855 4896/4869
f 4881/4858 4880/4857 4894/4871
f 4893/4859 4892/4866 4906/4873
f 4890/4860 4904/4880 4905/4875
f 4888/4867 4902/4881 4903/4876
f 4887/4864 4885/4863 4899/4877
f 4883/4856 4897/4870 4898/4879
f 4881/4858 4895/4872 4896/4869
f 4892/4866 4891/4861 4905/4875
f 4890/4860 4889/4862 4903/4876
f 4888/4867 4887/4864 4901/4878
f 4884/4865 4898/4879 4900/4882
f 4896/4869 4910/4892 4911/4883
f 4894/4871 4908/4896 4909/4884
f 4906/4873 4920/4893 4921/4885
f 4905/4875 4904/4880 4918/4886
f 4903/4876 4902/4881 4916/4888
f 4899/4877 4913/5114 4915/4890
f 4898/4879 4897/4870 4911/4883
f 4896/4869 4895/4872 4909/4884
f 4905/4875 4919/4887 4920/4893
f 4903/4876 4917/4889 4918/4886
f 4901/4878 4915/4890 4916/4888
f 4900/4882 4898/4879 4912/4891
f 4910/4892 4924/4906 4925/4895
f 4908/4896 4922/5088 4923/4897
f 4921/4885 4920/4893 4934/4898
f 4918/4886 4932/4907 4933/4900
f 4917/4889 4916/4888 4930/4901
f 4915/4890 4913/5114 4928/4903
f 4912/4891 4911/4883 4925/4895
f 4910/4892 4909/4884 4923/4897
f 4920/4893 4919/4887 4933/4900
f 4917/4889 4931/4902 4932/4907
f 4915/4890 4929/4904 4930/4901
f 4912/4891 4926/4905 4927/4908
f 4924/4906 4938/4919 4939/4909
f 4923/4897 4922/5088 4936/4910
f 4934/4898 4948/4920 4949/4912
f 4932/4907 4946/4921 4947/4913
f 4931/4902 4930/4901 4944/4914
f 4929/4904 4928/4903 4942/4916
f 4925/4895 4939/4909 4940/4918
f 4924/4906 4923/4897 4937/4911
f 4933/4900 4947/4913 4948/4920
f 4931/4902 4945/4915 4946/4921
f 4930/4901 4929/4904 4943/4917
f 4926/4905 4940/4918 4941/4922
f 4939/4909 4938/4919 4952/4923
f 4937/4911 4936/4910 4950/4925
f 4949/4912 4948/4920 4962/4927
f 4947/4913 4946/4921 4960/4929
f 4945/4915 4944/4914 4958/4931
f 4942/4916 4955/5115 4957/4933
f 4939/4909 4953/4924 4954/4934
f 4938/4919 4937/4911 4951/4926
f 4947/4913 4961/4930 4962/4927
f 4945/4915 4959/4932 4960/4929
f 4944/4914 4943/4917 4957/4933
f 4941/4922 4940/4918 4954/4934
f 4952/4923 4966/4946 4967/4936
f 4951/4926 4950/4925 4964/4937
f 4962/4927 4976/4947 4977/4939
f 4961/4930 4960/4929 4974/4940
f 4958/4931 4972/4948 4973/4942
f 4957/4933 4955/5115 4970/4943
f 4954/4934 4953/4924 4967/4936
f 4951/4926 4965/4938 4966/4946
f 4962/4927 4961/4930 4975/4941
f 4960/4929 4959/4932 4973/4942
f 4957/4933 4971/4944 4972/4948
f 4954/4934 4968/4945 4969/4949
f 4967/4936 4966/4946 4981/4950
f 4964/4937 4979/5087 4980/4952
f 4977/4939 4976/4947 4991/4953
f 4975/4941 4974/4940 4989/4955
f 4972/4948 4987/4960 4988/4957
f 4970/4943 4985/4970 4986/4958
f 4968/4945 4967/4936 4982/4951
f 4965/4938 4980/4952 4981/4950
f 4976/4947 4975/4941 4990/4956
f 4974/4940 4973/4942 4988/4957
f 4971/4944 4986/4958 4987/4960
f 4969/4949 4968/4945 4983/4959
f 4982/4951 4981/4950 4995/4962
f 4980/4952 4979/5087 4993/4964
f 4991/4953 5005/4973 5006/4966
f 4990/4956 4989/4955 5003/4967
f 4987/4960 5001/4974 5002/4969
f 4985/4970 4999/5116 5000/4971
f 4982/4951 4996/4963 4997/4972
f 4980/4952 4994/4965 4995/4962
f 4990/4956 5004/4968 5005/4973
f 4989/4955 4988/4957 5002/4969
f 4987/4960 4986/4958 5000/4971
f 4984/4961 4983/4959 4997/4972
f 4996/4963 4995/4962 5009/4976
f 4994/4965 4993/4964 5007/4978
f 5006/4966 5005/4973 5019/4980
f 5003/4967 5017/4987 5018/4982
f 5001/4974 5015/4988 5016/4983
f 5000/4971 4999/5116 5013/4984
f 4996/4963 5010/4977 5011/4986
f 4994/4965 5008/4979 5009/4976
f 5005/4973 5004/4968 5018/4982
f 5003/4967 5002/4969 5016/4983
f 5001/4974 5000/4971 5014/4985
f 4997/4972 5011/4986 5012/4989
f 5009/4976 5023/4999 5024/4990
f 5007/4978 5021/5003 5022/4991
f 5019/4980 5033/5000 5034/4992
f 5018/4982 5017/4987 5031/4993
f 5016/4983 5015/4988 5029/4995
f 5013/4984 5026/5010 5028/4997
f 5011/4986 5010/4977 5024/4990
f 5009/4976 5008/4979 5022/4991
f 5018/4982 5032/4994 5033/5000
f 5016/4983 5030/4996 5031/4993
f 5014/4985 5028/4997 5029/4995
f 5012/4989 5011/4986 5025/4998
f 5023/4999 5037/5013 5038/5002
f 5021/5003 5035/5086 5036/5004
f 5034/4992 5033/5000 5047/5005
f 5031/4993 5045/5014 5046/5007
f 5030/4996 5029/4995 5043/5008
f 5026/5010 5041/5023 5042/5011
f 5025/4998 5024/4990 5038/5002
f 5023/4999 5022/4991 5036/5004
f 5033/5000 5032/4994 5046/5007
f 5030/4996 5044/5009 5045/5014
f 5028/4997 5042/5011 5043/5008
f 5027/5001 5025/4998 5039/5012
f 5037/5013 5051/5026 5052/5016
f 5036/5004 5035/5086 5049/5017
f 5047/5005 5061/5027 5062/5019
f 5045/5014 5059/5028 5060/5020
f 5044/5009 5043/5008 5057/5021
f 5041/5023 5054/5037 5056/5024
f 5038/5002 5052/5016 5053/5025
f 5037/5013 5036/5004 5050/5018
f 5046/5007 5060/5020 5061/5027
f 5044/5009 5058/5022 5059/5028
f 5043/5008 5042/5011 5056/5024
f 5040/5015 5039/5012 5053/5025
f 5052/5016 5051/5026 5065/5030
f 5049/5017 5063/5117 5064/5032
f 5062/5019 5061/5027 5075/5033
f 5059/5028 5073/5040 5074/5035
f 5057/5021 5071/5041 5072/5036
f 5054/5037 5069/5118 5070/5038
f 5052/5016 5066/5031 5067/5039
f 5050/5018 5064/5032 5065/5030
f 5060/5020 5074/5035 5075/5033
f 5058/5022 5072/5036 5073/5040
f 5057/5021 5056/5024 5070/5038
f 5055/5029 5053/5025 5067/5039
f 5066/5031 5065/5030 5079/5043
f 5064/5032 5063/5117 5077/5045
f 5075/5033 5089/5053 5090/5047
f 5073/5040 5087/5054 5088/5048
f 5071/5041 5085/5055 5086/5049
f 5070/5038 5069/5118 5082/5050
f 5067/5039 5066/5031 5080/5044
f 5064/5032 5078/5046 5079/5043
f 5075/5033 5074/5035 5088/5048
f 5073/5040 5072/5036 5086/5049
f 5070/5038 5084/5051 5085/5055
f 5067/5039 5081/5052 5083/5056
f 5080/5044 5079/5043 5093/5057
f 5077/5045 5091/5085 5092/5059
f 5090/5047 5089/5053 5103/5060
f 5088/5048 5087/5054 5101/5062
f 5085/5055 5099/5068 5100/5064
f 5084/5051 5082/5050 5097/5065
f 5081/5052 5080/5044 5094/5058
f 5078/5046 5092/5059 5093/5057
f 5089/5053 5088/5048 5102/5063
f 5087/5054 5086/5049 5100/5064
f 5084/5051 5098/5066 5099/5068
f 5081/5052 5095/5067 5096/5069
f 5094/5058 5093/5057 5107/5070
f 5092/5059 5091/5085 5105/5072
f 5103/5060 5117/5081 5118/5074
f 5102/5063 5101/5062 5115/5075
f 5099/5068 5113/5082 5114/5077
f 5098/5066 5097/5065 5111/5078
f 5094/5058 5108/5071 5109/5080
f 5092/5059 5106/5073 5107/5070
f 5102/5063 5116/5076 5117/5081
f 5101/5062 5100/5064 5114/5077
f 5099/5068 5098/5066 5112/5079
f 5095/5067 5109/5080 5110/5083
f 5108/5071 5107/5070 4672/4664
f 5106/5073 5105/5072 4670/4676
f 5117/5081 4682/4667 4683/4678
f 5115/5075 4680/4671 4681/4680
f 5113/5082 4678/4672 4679/4655
f 5112/5079 5111/5078 4675/4658
f 5108/5071 4673/4675 4674/4661
f 5106/5073 4671/4677 4672/4664
f 5116/5076 4681/4680 4682/4667
f 5115/5075 5114/5077 4679/4655
f 5113/5082 5112/5079 4677/4660
f 5109/5080 4674/4661 4676/4673
f 4544/4530 4670/4676 5105/5072
f 5105/5072 5091/5085 4665/4634
f 5091/5085 5077/5045 4660/4629
f 5077/5045 5063/5117 4656/4627
f 4656/4627 5063/5117 5049/5017
f 4652/4622 5049/5017 5035/5086
f 4648/4619 5035/5086 5021/5003
f 5021/5003 5007/4978 4640/4612
f 4640/4612 5007/4978 4993/4964
f 4993/4964 4979/5087 4632/4606
f 4979/5087 4964/4937 4628/4601
f 4964/4937 4950/4925 4624/4599
f 4624/4599 4950/4925 4936/4910
f 4620/4594 4936/4910 4922/5088
f 4616/4590 4922/5088 4908/4896
f 4908/4896 4894/4871 4608/4584
f 4608/4584 4894/4871 4880/4857
f 4880/4857 4866/5089 4600/4577
f 4866/5089 4852/4829 4596/4572
f 4852/4829 4838/5112 4592/4569
f 4592/4569 4838/5112 4824/4803
f 4588/4564 4824/4803 4810/5090
f 4584/4561 4810/5090 4796/4789
f 4796/4789 4782/4764 4576/4555
f 4576/4555 4782/4764 4768/4750
f 4768/4750 4754/5091 4568/4548
f 4754/5091 4740/4722 4564/4543
f 4740/4722 4726/5109 4560/4541
f 4560/4541 4726/5109 4712/4696
f 4556/4536 4712/4696 4698/5092
f 4552/4533 4698/5092 4684/4682
f 4684/4682 4670/4676 4544/4530
